
Команды: b (фон), s (скан с нажатиями), c N (канал), r N (0=1M,1=2M,2=250k),
a N (адрес 0..3), f (фильтр), x (XN297 декод вкл/выкл), p (сниффинг старт/стоп), # метка, ? справка
Сейчас: канал 50, скорость 2, адрес 3, фильтр выкл, XN297 выкл, сниффинг выкл

Команды: b (фон), s (скан с нажатиями), c N (канал), r N (0=1M,1=2M,2=250k),
a N (адрес 0..3), f (фильтр), x (XN297 декод вкл/выкл), p (сниффинг старт/стоп), # метка, ? справка
Сейчас: канал 50, скорость 2, адрес 3, фильтр выкл, XN297 выкл, сниффинг выкл

Команды: b (фон), s (скан с нажатиями), c N (канал), r N (0=1M,1=2M,2=250k),
a N (адрес 0..3), f (фильтр), x (XN297 декод вкл/выкл), p (сниффинг старт/стоп), # метка, ? справка
Сейчас: канал 50, скорость 2, адрес 0, фильтр выкл, XN297 выкл, сниффинг выкл
------------------------------
# BUTTONS

Команды: b (фон), s (скан с нажатиями), c N (канал), r N (0=1M,1=2M,2=250k),
a N (адрес 0..3), f (фильтр), x (XN297 декод вкл/выкл), p (сниффинг старт/стоп), # метка, ? справка
Сейчас: канал 50, скорость 2, адрес 0, фильтр выкл, XN297 выкл, сниффинг вкл
[  482984] ch50 r2 a0: AA DD 6F B7 BD AD FF BA DD 51 5A F5 A6 D5 4A AB 47 5A 68 A2 AA A0 9A 2A CF DA 55 AA 8A BF FF FE 
[  483123] ch50 r2 a0: 53 96 D0 AA 11 95 55 68 A5 55 20 B0 AB 04 94 A9 4D 55 69 56 4D 5B 2D 42 54 99 92 B5 D5 AD 55 A4 
[  483179] ch50 r2 a0: 54 B0 90 50 00 29 2A 22 94 52 58 25 2D 49 2C 52 D4 99 96 92 53 B5 A9 6D AE C5 49 9A F5 94 95 4B 
[  483268] ch50 r2 a0: AD 2A C6 9B BE AA B5 5D BA B1 AB DD 7F 44 EF BA FD 35 E5 5B 35 DD E6 EA 6D AE AB DB 7E B7 AD 55 
[  483485] ch50 r2 a0: 6F AB BA DB BB BA F3 6E F5 AF BB ED B9 5B BB DA E5 24 55 51 66 DD AB 5D 39 52 B6 D5 52 5B 5B 9B 
[  483505] ch50 r2 a0: A7 30 50 AA 4A 80 08 94 51 44 29 32 AA 0A 94 A4 16 D5 10 0A 29 16 A2 B4 AA 5C 55 45 08 88 CB 2B 
[  484226] ch50 r2 a0: 20 28 14 8A A5 D5 AB A1 6D 4B 45 5A C5 19 8B 52 DA F3 73 2C 8A 62 76 4B 6A B6 AA 98 D3 51 56 8B 
[  484278] ch50 r2 a0: BA 5A D5 0E EA 49 41 9C A8 99 12 AA B6 A4 B7 6E E5 2E EE E7 5D 63 EE D6 DB 56 F5 A9 56 35 7D 4B 
[  484466] ch50 r2 a0: 2A AA BA 5A DA D5 26 AA B5 B2 C2 AE 5A 56 42 AA AC 7A D3 4A AD 2A C6 54 27 3B 5C AD 2D 4B 55 96 
[  484667] ch50 r2 a0: 92 52 50 A4 06 2A AA AA BD 35 64 51 5F 6B 49 34 AF 0D 6D 46 CA B5 5A A2 55 96 92 2D 64 96 93 59 
[  484800] ch50 r2 a0: 22 20 A4 81 24 00 A5 53 53 4A 85 53 49 4A A9 66 AA 9A 48 AA 95 28 54 C1 6E AD CE A2 94 55 2B 3A 
[  484970] ch50 r2 a0: 4B 65 15 02 36 A5 54 BE 41 33 5D 52 49 98 A4 49 26 56 4B 2A E3 04 94 28 55 6D 15 22 47 4A 8A E6 
[  485001] ch50 r2 a0: 91 6A 48 A5 1B 15 2C B1 01 B6 69 0D B4 95 55 73 68 AB 52 49 59 5E CC CD 56 AD 6A 42 0C B4 E9 52 
[  485212] ch50 r2 a0: 10 20 00 2A 90 A4 8B AA 35 69 55 54 54 17 65 56 A9 A5 6A 89 21 4D 67 08 04 92 A8 29 28 AC 92 19 
[  485474] ch50 r2 a0: 49 D5 57 B6 50 59 5F B3 45 25 29 4B 17 31 54 90 9A A4 A8 55 44 C8 95 EA F6 EF 75 6F B6 EE 95 DD 
[  485723] ch50 r2 a0: 82 D5 56 E6 ED 95 5D 92 B4 2A B4 48 B5 94 A6 AD D0 6A AD 68 00 CB 1D 68 8A AE 83 AB 5D 54 B6 5A 
[  485939] ch50 r2 a0: 57 2D AD 02 0A A5 1A 54 F6 94 A2 6F 98 57 56 B2 91 B5 56 A5 A9 54 AD 3C AA AB AA A6 AA DF B4 C5 
[  485942] ch50 r2 a0: AB 42 55 6D 44 95 29 0B 55 52 5D 62 51 55 58 8B 95 DC D9 5B 5B 53 6A 57 29 66 BA D4 B6 B2 5B 15 
[  486014] ch50 r2 a0: 11 69 51 22 AA 4C 8C 56 59 65 46 92 B4 83 15 85 09 02 A0 C8 8C 84 40 42 12 0C 12 A5 4D 24 CB 4C 
[  486242] ch50 r2 a0: 95 16 96 89 1C 53 45 2A A4 65 2B 55 61 40 FE AD AE 15 A2 A6 69 3A AA EA AD AC CB 95 96 DA B2 A6 
[  486308] ch50 r2 a0: A8 A5 02 AA 40 F8 59 08 09 20 B4 85 04 8A 22 6A AC A6 50 90 1A 12 10 82 59 45 53 6A 8A 42 A2 52 
[  486615] ch50 r2 a0: 22 69 65 15 5A F5 55 55 4A 6B 36 EB A2 05 0A AA A9 72 A6 56 94 A1 55 6D 5F 47 B5 56 5A AD FF D4 
[  486639] ch50 r2 a0: 08 B5 96 F7 3D AE EA BD C9 6B F3 7D 4B AB 5D DF DE D6 BB D5 2B 55 54 86 C5 5B B2 A2 BA B4 4A 4C 
[  486705] ch50 r2 a0: 98 16 6D 51 41 69 8B BA 56 A4 93 95 85 41 A2 8A 20 95 4A A1 21 AC AA 85 48 2E 6A F5 05 9B 55 3D 
[  487426] ch50 r2 a0: 4A 2A 82 28 2A 55 49 92 41 50 8A A8 A9 05 2A C6 A4 55 54 A2 8A 48 D0 22 92 2A 2A AA A6 BA 53 CD 
[  487526] ch50 r2 a0: 50 8C 50 89 10 4A 2C 54 91 84 50 95 04 40 88 42 2A AB 5A B5 BD EB 56 3D 6D 2E F6 F5 36 AF 7D CA 
[  487532] ch50 r2 a0: 31 24 55 6C AA 2A D6 52 6A BE 7E CA B6 AA B2 7A AA B5 42 24 DA 9B 3E DA 4B C5 59 84 A9 AF 65 AB 
[  487860] ch50 r2 a0: 64 52 08 14 C9 40 42 EA 25 4A 54 81 4A 2A A5 52 22 A2 44 19 1A B8 44 8A 08 28 E5 53 20 04 0A 49 
[  487936] ch50 r2 a0: D6 E6 94 9B 56 00 AB 90 72 E4 85 6A EA 5D 35 59 2A D5 35 2A 51 A9 8A BE 95 33 50 A2 68 AA D5 6D 
[  487951] ch50 r2 a0: 92 AD 55 4A A3 4E AB 13 58 DA BD 6F 75 AD 6E DA A8 F6 D5 68 C8 6C 57 FD AB 96 AD 2A FA 48 D8 89 
[  488001] ch50 r2 a0: AA 4C AD 55 36 B5 53 66 A2 93 05 48 C8 A4 92 93 4A 6A EA 2F 75 15 D6 B4 F5 AB 54 E6 AA 53 61 73 
[  488185] ch50 r2 a0: 95 23 EA 54 54 4A 89 9A 96 4C A1 0A 96 FA B5 AC A5 6E EE 8A D7 24 A8 D4 AB 6E A5 67 54 AE ED 6A 
[  488330] ch50 r2 a0: A5 98 A6 48 8A BC AB BA AD 46 8E A9 29 66 A4 CD 29 AD 92 53 53 2A 59 96 95 75 B2 AB 64 C9 AA CA 
[  488571] ch50 r2 a0: 45 12 64 8B B4 93 B5 5E D2 D2 96 D7 55 56 29 6A A9 22 E5 0D 95 55 53 AA 65 D2 4B A5 4A 98 B6 BD 
[  488751] ch50 r2 a0: 55 25 50 A8 4A A5 32 4D 55 69 4B 4A 49 12 4B 82 D2 10 A9 51 15 4A A5 57 6D 76 6A C9 CD 72 F9 55 
[  489185] ch50 r2 a0: 14 5A 8B 0A 81 08 CA CA C5 BC 0A AA 15 42 34 A6 AA 68 83 4B 65 D1 CF 55 8A B7 29 B5 B4 FA 64 94 
[  489205] ch50 r2 a0: C9 AD 6A BA A9 29 AD 0A 2B 2E C2 AD 64 A4 53 2A 55 16 AA 93 65 76 D5 B5 55 55 75 6D 6A 8A 64 80 
[  489611] ch50 r2 a0: 29 27 51 75 12 58 6A 8D 0A 96 99 53 45 54 2D 6A AB 15 6A 9A 64 B8 B5 5A 6A AD 55 D6 DA B5 15 5D 
[  489696] ch50 r2 a0: 88 25 09 44 D4 AC F6 6A AC A2 16 49 A9 14 87 A6 B0 89 3C 95 14 54 26 44 34 51 0C 46 8A 90 A4 D2 
[  489725] ch50 r2 a0: 5A 55 A9 75 65 6A D6 AB 24 5D 57 AA 0B 2C 55 DE 95 FD FF 4F FE BF 4F BB 7D FB FF 7F 20 50 08 50 
[  489986] ch50 r2 a0: 25 65 D4 A0 8D 36 25 2A AE 81 69 04 9A 43 4D B4 05 68 82 A1 5E 36 98 55 59 D4 81 6A B2 50 49 1B 
[  490060] ch50 r2 a0: 0A 58 D5 5A 55 BA A6 AD 53 AD 7C 4E B5 4B 67 57 BA BD 75 AA ED 2D 5D 5E DB 76 ED BA B4 89 74 F5 
[  491476] ch50 r2 a0: A4 54 AA 21 4A 29 04 15 2C AC D5 0A 8A 29 4A 29 06 8B 5A A1 54 89 2A 18 D2 64 56 D3 80 2A 52 07 
[  491497] ch50 r2 a0: 95 54 60 6A 36 51 95 05 AA 93 4A B5 4B 0B 25 6A BA D2 14 D4 AE 85 DA 95 55 72 AB E5 5A 9D 5E B5 
[  491876] ch50 r2 a0: 55 20 52 21 20 04 84 15 54 04 29 28 34 D8 55 B0 92 55 30 12 4A 15 47 2E 85 4A 55 55 14 A8 B5 29 
[  491909] ch50 r2 a0: AA 92 82 6E 54 AB 2D 52 91 55 A6 AA AA 94 2A 7D B5 D4 6A D7 42 AD C9 6B AB 76 D6 EA AE AB B9 57 
[  491961] ch50 r2 a0: 68 25 58 ED BD FA AB 1D EB 5D 28 46 91 03 0B 65 95 22 AB A4 55 5D 53 AA C9 1A 82 AA B9 06 92 96 
[  492015] ch50 r2 a0: 55 2D 51 73 45 4A 3F 56 92 E6 05 45 65 4B EA 99 2C B5 9E F4 53 AB 95 52 AA 4A E1 42 89 2B 45 28 
[  492034] ch50 r2 a0: B3 55 56 A5 49 6A A9 AB 6A D9 5D DF 55 48 D5 26 BB AB 97 75 68 42 B6 CA AC 97 56 D5 72 AB B3 AD 
[  492208] ch50 r2 a0: 4A 49 D2 21 89 C2 50 D5 42 2A D4 DF B7 F6 AA A9 2F 6C 5F D7 D5 BB 6D AD 57 7E AE D5 DA DD D2 EE 
[  492811] ch50 r2 a0: AA AA 89 16 99 35 5A AB 1D 6A B4 95 35 AB 57 53 05 2D AB 55 55 31 56 51 55 54 BB 46 05 4A 54 92 
[  492914] ch50 r2 a0: 00 00 00 00 0A 09 55 28 10 96 A6 35 4D AA AB 5D B5 AB A5 36 A5 F7 B7 72 BC AE 2D 77 55 5E 92 AA 
[  493044] ch50 r2 a0: 90 89 94 36 A3 89 02 03 10 4A C2 55 4D 04 29 48 D5 55 22 9A 49 32 2D 55 12 C2 C5 6B 51 65 DB 75 
[  493049] ch50 r2 a0: 04 5A 82 42 28 4D 95 B7 BA BB AB AA 57 F3 5F 25 68 15 6A B6 59 55 AD 75 6A 76 DA 5B 6D 35 D5 57 
[  493054] ch50 r2 a0: 16 18 C2 12 95 15 55 CB FB AE 59 55 ED 23 56 A6 95 2D 55 16 AA 54 AB 56 52 4A 22 95 55 16 A5 DA 
[  493186] ch50 r2 a0: 8A A4 A1 10 50 B0 15 91 29 41 4A A9 4B 29 4C 70 9A 55 46 54 B9 A9 AB 7D 6D 74 DD BB 5D BA EB 74 
[  493258] ch50 r2 a0: 92 31 52 A9 92 AA C9 54 BD 74 A5 97 32 35 E5 18 AD 2B C8 BA CD 51 35 3B 4D 37 2B EB 51 B7 55 B6 
[  493349] ch50 r2 a0: AF EB 59 28 95 AC 55 2A 10 B9 92 34 AA 14 AA A9 52 F1 55 4A D6 43 4A 4A 28 91 08 37 44 A4 A5 21 
[  493370] ch50 r2 a0: C6 68 52 AA 29 24 85 48 A9 2D 19 48 52 A9 24 91 2A 15 A2 72 12 B1 94 AD 08 8A AB 4A BA 7A 55 5A 
[  493490] ch50 r2 a0: AB B8 9A B6 F3 53 77 EA EB DB F7 CD AE F5 71 52 5B 6A B6 B5 32 AB 23 2B 66 45 EA CD AA 35 46 AA 
[  493572] ch50 r2 a0: 6A BB 6D DC 5A D2 AA CA C9 D4 B5 2A A5 10 B1 3B 2A 22 A9 94 E2 6C F4 EB 55 AD EB 35 AA D9 55 B5 
[  493651] ch50 r2 a0: 53 2D 5A A4 AA B2 94 D9 57 6D 59 28 9E B3 50 35 5A 53 45 55 7B AA 5A BB 5C BD 75 5D 5D 4A 56 AB 
[  493749] ch50 r2 a0: 24 AA 92 4D 15 60 DA 8C C9 95 2A D1 41 6A 41 30 A9 55 12 52 64 41 DA A0 89 15 36 52 22 6A D5 A1 
[  493874] ch50 r2 a0: 69 C0 A2 AE 99 52 91 5A B9 35 54 CA 2A ED 72 AE B5 D6 D6 63 6B DB 33 B9 52 49 B6 D6 A2 3A 6A 9B 
[  493901] ch50 r2 a0: 89 52 2D 5A 8B 2B 3A FA A7 B6 B4 88 0A 49 00 2A 72 A2 45 0A 12 DC 75 8A 4A 4A 92 55 5A ED AC A3 
[  493919] ch50 r2 a0: 11 4A 12 92 00 00 00 01 2B 2A 95 45 62 98 A5 55 A7 14 2A 6D 50 81 64 C3 54 18 AA CE 96 23 28 8C 
[  493985] ch50 r2 a0: 42 21 4B 26 43 AA 5A A3 EE AA D5 19 52 43 D0 25 91 49 47 39 AA AA B3 A8 92 49 10 A2 29 52 94 AA 
[  494195] ch50 r2 a0: DA 1D 52 49 09 88 A6 A6 AB 35 45 CC 52 B5 56 AB 55 6D 64 26 CA 59 4C E5 68 59 62 CA A5 46 49 5A 
[  495144] ch50 r2 a0: 0A 29 CA 0A A5 54 4B 0A AA 29 50 8B 6A 95 15 EA A5 A4 D6 DB 2B 9E CB 55 A5 4A AB 53 59 55 4E A0 
[  495277] ch50 r2 a0: 12 9A B9 02 9A 24 A8 25 A6 AB AC 95 40 88 18 AA AD 57 56 52 2D 66 AF 0B 6D D6 BF 74 AD 99 48 AB 
[  495684] ch50 r2 a0: 91 29 2C A2 39 51 1B 6A B6 1A E9 CA 6B 2A D5 D3 9F 4A 89 54 6B 32 36 AD B0 D6 8C AC 88 92 BC 93 
[  495920] ch50 r2 a0: 35 2A A8 A9 48 94 A8 BD 5C B5 22 4A E5 F5 5A D3 34 54 A2 92 B5 D8 AA ED 4E DE CA C1 BA B2 EF 7B 
[  496121] ch50 r2 a0: A5 55 02 92 2D DA AE DC B7 AB 92 6A AA AB D4 72 55 A4 FB DB 4A 9D 5D 55 2D EC FD E0 CA 36 D6 FF 
[  496240] ch50 r2 a0: 53 F2 A5 59 90 80 21 34 1A 2B 8A 5A 4E A6 E8 4A A9 11 55 8B 57 55 B6 DD 63 B2 BB 4B 25 5D DB 6D 
[  496310] ch50 r2 a0: 4A B2 0A 9A D0 09 11 2D 16 AB 4A 25 44 EA AA AE 95 AA 55 35 13 1C A8 B4 AA 4E D1 55 F9 EF DE 9B 
[  496385] ch50 r2 a0: 4D 21 25 54 A3 01 20 50 A2 89 6A 94 A2 28 12 6A 4D 75 14 A9 55 59 4C 54 37 32 4D D7 69 D6 5A 15 
[  496546] ch50 r2 a0: AA AB AA 45 2D 52 32 4A D9 49 62 6A 93 54 03 56 AA AA AE 41 B6 B3 3B 4D 4A 4D 95 5A AA 96 2F 2B 
[  496575] ch50 r2 a0: AA B2 C5 24 A5 4D 58 B9 95 40 54 AA D3 DD 76 DE B7 D5 AA BA EE BA DB B6 BA F5 2B 7A DB E8 EA D4 
[  496672] ch50 r2 a0: DB 5D 32 93 4B 95 DE B5 B6 ED AA 94 9E F6 9D DA B5 28 AB 5A ED CA D4 B5 6D B3 A5 5E EF C5 23 59 
[  496784] ch50 r2 a0: 48 A2 B1 90 4A 6A A0 14 10 C1 47 75 8A D4 ED 55 D9 55 3D DE A5 AB 4A 55 B5 7E 9A AA B4 BA A9 56 
[  496896] ch50 r2 a0: CA 95 C4 A4 0A AC BD AB 6B 57 5F B6 EA 9A 96 DE B7 6D DA D3 BF F5 EB 7F AD 2D AF 4C 5D 5B 75 5C 
[  497180] ch50 r2 a0: 55 52 51 2A 28 52 8A 82 92 8A AA 89 0A 61 44 81 52 88 21 80 1A A0 8A 55 2A AB CB 6D 7E 9E DA 5A 
[  497360] ch50 r2 a0: B5 56 A5 2D 5D 2D 15 49 8D 4A 52 D6 F5 78 A5 AA D2 DD EA 72 BF AF 54 9B 75 CB 3A 96 44 DC 8D 7D 
[  497581] ch50 r2 a0: 91 03 30 30 88 12 91 4A AD AD 2E 6B 73 85 AB B6 8A AB 6D AA D5 75 5D DF CF 6D 52 D8 AD FD 74 A3 
[  497732] ch50 r2 a0: AC FE 56 FB A5 5F 51 56 48 4A 49 50 EA B5 57 41 0A A9 7A B6 8B 25 51 69 56 D7 94 B4 55 AD 82 9A 
[  497926] ch50 r2 a0: 55 AA D5 7D 56 A5 26 CA AA 5A BC 91 33 0C 15 4A 99 AA 6D 5A 13 24 B8 02 05 62 A5 19 2A 50 A8 AA 
[  498091] ch50 r2 a0: AA 99 69 5F 6B 5B 56 55 55 A9 3B 15 AB 35 50 A8 4A 8E D7 A9 6A D5 D2 E2 93 55 56 EA 55 4E 7B 5F 
[  498136] ch50 r2 a0: A8 82 21 1A AA 12 52 A0 AA 22 22 10 9B 54 51 65 12 AA 92 49 48 56 A9 5A AB 36 57 6D 52 B2 CA B2 
[  498309] ch50 r2 a0: 6A 42 D5 88 11 B9 0A 5B 2A B4 5E 89 2A 8A DA D5 45 40 D4 AA A9 91 61 57 B5 64 D4 D1 94 A6 CA B3 
[  498464] ch50 r2 a0: A5 55 41 4D 94 53 5A AA AD 48 B9 BF 59 CA D7 A8 54 AA 0A A8 54 52 AA 52 A8 22 CA AB 62 0A 5A AC 
[  498663] ch50 r2 a0: 2D 55 08 AA B4 0D 31 0A 8C 88 23 65 AA A4 96 91 D2 92 98 4A D5 4A 97 4A AB 14 41 48 58 22 55 54 
[  498711] ch50 r2 a0: D4 94 8B 6B 7F 20 A9 96 54 2B 05 5A 92 6B B4 1B 5E E6 CD 6E A6 2C AA 6D 8D EB 76 B4 AA DC BA F6 
[  498748] ch50 r2 a0: 62 6A 55 51 5A D4 A6 91 34 20 50 25 AA 66 E6 CE BD 2B 1D 18 5A CB DA A9 54 BD CA 51 0A 99 55 34 
[  498909] ch50 r2 a0: 96 CB 2A 4A 56 AA 92 D5 2C 47 45 4A A9 35 A2 A4 9B 6C 5A 94 A5 AA 25 A1 AA 55 29 21 4A AC E6 71 
[  499006] ch50 r2 a0: AA 5D D4 2B 55 2A E1 B3 26 AA 5D AD 0A D2 AB 5B B2 B4 AA 84 EA DA 4F 6E B6 D8 B6 57 AA 8A AA 16 
[  499080] ch50 r2 a0: B4 90 E0 C8 CA 77 5C A9 96 1A A9 AD 4A A9 5A B5 4E B3 55 2B 56 AB 22 5A F7 D3 0D 94 AB 21 14 D5 
[  499195] ch50 r2 a0: 55 71 00 5A 54 5A 13 94 22 10 C9 05 28 18 04 54 91 49 35 6C 1D EC A1 55 42 48 95 4A 10 15 36 25 
[  499199] ch50 r2 a0: BC 9E AB 52 A0 94 4A 85 7D E6 CB 5A CF 6D B5 AD 35 AB A7 69 9D 44 55 AD 24 CA AD 55 52 D5 25 58 
[  499507] ch50 r2 a0: AA 51 4A 54 12 2D 51 29 2A 08 68 8B 4D 2A 52 6A 93 95 90 A2 A9 4A 6C D9 55 03 9A 10 C9 5A A9 54 
[  499524] ch50 r2 a0: C1 52 D2 29 59 0A 89 1A 91 D9 89 2A 5C D5 58 D2 45 2A A5 26 54 D5 18 45 25 24 D2 8A 56 EA 6A 69 
[  499913] ch50 r2 a0: 9A A8 14 14 28 80 A9 11 10 20 4B 41 04 82 65 09 03 23 41 22 92 42 CA 88 53 26 12 50 B2 52 85 09 
[  500009] ch50 r2 a0: B4 59 49 5D A2 49 44 4A 24 CC A5 52 D3 AD 54 AA D5 53 54 CA A5 51 25 44 4E 5A 9A AE AC D6 CA BB 
[  500061] ch50 r2 a0: 8A A8 90 25 51 05 4A 19 51 4A 18 A5 11 52 80 AA 00 A5 12 22 14 28 45 52 A9 40 1D 57 FA D4 7D 96 
[  500164] ch50 r2 a0: 1E A2 82 A8 97 50 34 AA 28 95 54 A6 AB 56 A6 B6 97 B6 5D D5 29 4E F3 6B 2A 65 45 D5 31 5A B5 75 
[  500266] ch50 r2 a0: 44 11 30 21 59 29 25 F7 7E EE 97 56 DF 5D 94 6D B5 DA BA C7 7B E9 7A 9A FD 6A AA 56 AD 6B 72 F6 
[  500517] ch50 r2 a0: CC 44 AC A2 15 15 16 AB E4 A5 22 92 D4 A6 D2 B3 20 A6 44 15 28 8A B4 89 46 CA 96 89 36 AC AD 91 
[  500585] ch50 r2 a0: C1 55 4A 85 5A 96 93 85 5B D2 95 B5 15 55 54 B6 22 CA 8D 4D 55 4A 84 23 9B A8 9A 0D 28 8A B5 64 
[  500679] ch50 r2 a0: B4 A5 53 56 9A 95 87 0A A5 A2 D9 0A A2 12 A5 55 68 EA AA D6 8C 33 29 75 C8 59 81 53 0C 91 52 4A 
[  500823] ch50 r2 a0: 83 54 E5 42 A5 DA 93 32 22 51 A6 95 55 AA AA 50 D4 95 4C 2A AA 9E 45 29 4C B2 94 D2 85 6A A9 55 
[  500844] ch50 r2 a0: 95 51 E6 B2 9B 42 AD B9 75 B2 89 40 B4 31 56 AA CB 75 B5 DB 45 1D BB 6B 6A F9 74 BA AE E3 56 B9 
[  500892] ch50 r2 a0: 55 2B 76 0F 54 89 51 5D 09 25 85 29 84 40 49 54 4A A9 51 44 22 AA 9A A8 95 54 15 6A AA 96 AC 96 
[  500938] ch50 r2 a0: A4 20 A5 69 26 52 88 62 8B 54 C9 52 A6 B4 16 0A AA 40 43 6A 14 A8 94 A0 D5 64 A1 76 A4 B2 4B 33 
[  500960] ch50 r2 a0: 80 11 51 1A 82 8A 82 4E 88 C4 C3 C8 24 21 07 55 49 20 B5 0A 42 D1 45 20 B2 20 24 94 A0 A4 21 40 
[  501053] ch50 r2 a0: 82 10 02 08 04 40 05 AA C6 00 A4 44 A2 2D 81 40 C0 C2 08 B6 00 83 02 14 45 6A 15 14 96 A0 01 48 
[  501359] ch50 r2 a0: 13 15 55 44 82 8D 16 49 52 2C 59 42 D5 24 AB 35 4A 48 25 4D A6 12 94 28 AB BA 77 2D AE F3 5A 6B 
[  501399] ch50 r2 a0: 51 43 5A AA 51 52 04 A8 40 45 5B DA A5 AE 92 AE BB 6F 59 55 5D 45 ED B5 6A E5 0A FD 4A BE D5 6B 
[  501491] ch50 r2 a0: B3 DD 66 5E B6 D5 AA B9 EE BA 9A B8 B9 6A BB 7D 2D 5A A4 DA BA F5 5E DA A9 2B 95 BF 7D DA 57 6B 
[  501603] ch50 r2 a0: B2 49 44 95 14 AA 91 55 59 AA 2A 89 7A B2 A9 59 AD 41 29 55 2A A5 0A AA D5 1B 89 42 B2 84 52 B6 
[  501820] ch50 r2 a0: A1 55 31 92 89 A4 AC 60 55 1B 71 D2 6D 2B 26 73 59 B2 88 2D 58 B5 65 66 A9 55 5A A5 4B AB 55 62 
[  502172] ch50 r2 a0: 8D DB 5D 6D AB 55 75 6D 3A AA B7 53 56 D5 B5 72 53 55 BA AA E6 ED 5A B3 A6 28 D9 57 D7 D6 AC 89 
[  502275] ch50 r2 a0: A1 AA AA 54 A9 0A AA A4 AA 55 24 D5 A0 55 2B 50 48 2A AB 8A 85 32 52 ED 20 A8 48 22 57 AB 55 5A 
[  502289] ch50 r2 a0: 2D 8A 4B 56 B2 A9 35 40 A9 2D AA 26 44 73 A4 A8 11 94 42 2A A5 4D 44 90 E8 69 AB 34 B3 55 4D 95 
[  502375] ch50 r2 a0: DA A8 A5 54 B5 65 26 66 D6 B6 D5 B5 27 EC 95 BE BB A6 94 59 6B BA A5 54 A2 31 4A 95 A9 6A 94 D5 
[  502813] ch50 r2 a0: 4D 5D 75 5D D1 75 DA AA CB CD F7 9C 7A B6 AA DB 75 AD FE 8D D3 D7 BB B5 AE B5 C5 BE 7A DD 3B FF 
[  502881] ch50 r2 a0: AE 43 14 E5 60 AB 15 29 28 90 14 D4 85 6A 64 E0 AC 11 11 4C 65 0B 12 6A 22 9D 43 E8 C4 6A AB 14 
[  503404] ch50 r2 a0: 00 A2 80 88 48 00 10 D0 82 32 59 6A 54 95 4A 52 2A D5 56 AA D4 09 34 42 E9 B5 74 A1 54 90 D5 62 
[  503455] ch50 r2 a0: 55 DA D4 2D 9D AA D5 D6 C9 5A BB 2D BB AE A3 69 DA AD BF 9E AB DD F5 28 B5 E5 B5 A8 65 BB EA D5 
[  503636] ch50 r2 a0: 58 AA 27 59 2A 55 6A 54 9A 8A A3 19 15 64 50 94 A9 15 36 A2 53 25 F1 2E 4B 34 90 D6 95 5A A9 AA 
[  503947] ch50 r2 a0: 95 8C AA 45 5A D2 5A 50 65 56 55 6B 58 AA B3 59 A6 AA AB AC F6 AE C5 95 5A E0 AD AA D5 55 6B 6D 
[  504164] ch50 r2 a0: 10 04 A9 00 A4 C4 16 A9 28 A5 79 55 01 A5 4A E6 A7 B6 FB E4 96 AC 69 6A 32 D4 28 94 97 10 A9 11 
[  504265] ch50 r2 a0: 23 42 49 20 69 68 81 14 29 25 89 45 29 00 A2 A2 91 51 09 22 23 42 55 92 5A A5 05 02 48 AA 15 A4 
[  504878] ch50 r2 a0: 50 B6 50 DC AA A4 D6 AA D0 A5 10 A2 42 42 4A 98 09 22 40 A2 A5 0B 46 EA 8A B4 C0 6C 60 00 10 00 
[  505233] ch50 r2 a0: 51 5A 52 52 4A 15 55 28 65 55 56 AB E9 B7 7B 6C AE 97 3B 53 EB 5B 5D 9A AB F4 D5 5D 76 FD 0F DF 
[  505401] ch50 r2 a0: 54 A8 10 04 A9 20 90 84 2A AA 12 0A 54 B2 09 A8 22 92 50 0A AA 40 55 A4 00 A5 54 8A 55 44 93 42 
[  505435] ch50 r2 a0: 55 2A 84 49 2A C8 A4 AB 23 45 4F F9 62 55 43 C1 92 A9 0A 44 8A 53 45 36 49 28 B0 6B 5B D1 92 F5 
[  505457] ch50 r2 a0: 51 48 88 35 09 59 4B 40 A2 AA 80 52 92 AA A5 12 55 2E CD 2D 6B 55 4A 20 90 D5 14 71 45 20 CA 89 
[  505693] ch50 r2 a0: A4 42 D0 69 4A 55 55 11 45 A6 94 08 45 1C 91 52 24 71 55 05 40 95 77 45 B4 BE A9 55 C9 9F 40 02 
[  505805] ch50 r2 a0: AA AC AD A2 AD 56 A9 14 AA D6 D0 5A A8 AD AA 5A BA 65 A9 4D 31 6A AC 90 B5 0A 95 5A AA AD 15 56 
[  506184] ch50 r2 a0: 23 AA A9 71 5A 9C AA A6 5E C6 32 49 AD 6A 35 B5 EA AD AD 0D E1 4A 8A D7 50 AD 25 66 D2 7A 6B 50 
[  506242] ch50 r2 a0: 96 13 14 CA 61 4E C6 92 8A 28 2C 65 65 5A 27 49 25 8A 95 5B 56 5E ED 4A AD 5B 97 D4 CA B4 55 A5 
[  506818] ch50 r2 a0: D3 B5 B5 56 CB 6B CA B2 B6 3A 9A B5 6D 6A AE B6 AA 8A BB B3 B6 DD 6E 93 6D 4D 4E B2 DB BD 72 DB 
[  506958] ch50 r2 a0: 51 00 AE 53 2A A7 29 2D 5A 59 1C EB D2 D7 55 5D B5 A7 0A 5B 2E D5 52 B5 5A BA 5D B5 6B 6D 3A 34 
[  506963] ch50 r2 a0: 99 5A AA 0A AB 6B B4 AA C9 72 85 D6 A8 A3 A6 51 66 FB 6E D3 7B B5 B6 A5 AA 51 34 55 10 08 8A 82 
[  507075] ch50 r2 a0: D4 44 DA 96 55 14 5E D6 B5 D6 32 ED A5 2A EB 4A BF B4 A9 AE D3 26 B5 A9 65 D6 D7 5A B5 65 F5 B4 
[  507742] ch50 r2 a0: 85 B6 AE 89 25 6A CA 82 DB 5A B7 55 56 8E E2 AD 6D 5B 4A AD E2 B5 6B 4A 75 D5 ED A9 56 B4 F5 0E 
[  507784] ch50 r2 a0: AD 4B 42 A9 AA D2 EE 65 5B AB BE 56 B6 BD 4A 55 24 05 EA 74 D5 55 AB 5A 8A 01 50 A8 90 9D 67 B7 
[  507848] ch50 r2 a0: 9A 25 55 25 29 0A B7 26 99 42 4A D0 02 52 23 51 14 4A AA D0 A4 94 CA AB 92 52 65 64 A5 49 29 34 
[  507873] ch50 r2 a0: 8B 51 60 86 AB 51 AD 45 A8 69 A9 A9 55 AB 6C 96 D5 4B 62 9E A2 97 25 85 37 2B 55 55 AA D2 AA 55 
[  507908] ch50 r2 a0: B0 96 B3 26 8A 66 B6 A5 22 2A 59 88 9A 95 32 73 25 55 AA 52 52 52 2C DA AB 2A 45 8A A6 83 15 75 
[  507974] ch50 r2 a0: 52 52 D5 CA 55 15 68 1B 29 A6 69 4A AD 86 55 36 96 94 2A A2 2A A9 4B 65 35 55 55 6A AC 5D 55 A1 
[  508001] ch50 r2 a0: D5 54 79 69 0D D5 52 29 B5 24 93 EB A2 62 D5 4A 2C AF 5C 9C 85 3B 62 DD 15 55 54 AA EC 89 AA 92 
[  508420] ch50 r2 a0: 8B 05 24 B2 11 0A 92 A9 49 62 E6 A2 0B 41 2A A4 A5 14 24 93 4A AA 49 12 6A A8 AA 4A 96 2A AD 36 
[  508483] ch50 r2 a0: EA 75 E1 12 D5 B6 96 B9 F5 AB 52 77 31 9C AC DA A9 59 92 DB EA 75 24 84 A5 5F 16 A8 AA 55 47 92 
[  508511] ch50 r2 a0: 77 5B 26 91 EE 5A A2 50 99 48 96 C9 6A 95 02 62 93 55 41 AA AB AE C6 90 45 26 23 0C 98 68 84 20 
[  508694] ch50 r2 a0: B5 11 54 18 62 46 99 A8 95 9E 2D CA 6A 67 46 86 71 25 64 51 35 4A 2A 22 A2 1D 45 33 54 6A 44 12 
[  509080] ch50 r2 a0: 55 A9 95 A4 A5 AB A4 82 B5 54 B5 2C 34 AA AB AA 52 A2 C2 12 AA 44 86 52 89 2A 8A 85 CA 54 AA AA 
[  509354] ch50 r2 a0: 88 AA A8 A9 12 84 81 40 5A 86 AA 62 40 90 A8 87 54 11 12 2A 50 91 51 4D 41 04 A4 96 A4 50 A9 57 
[  509560] ch50 r2 a0: 15 AA 42 2A 15 61 52 A0 22 A0 90 26 26 A8 2E 05 15 91 65 8D 2D 14 15 46 21 8D 74 49 2A 1B 69 BA 
[  510030] ch50 r2 a0: A4 50 A8 AA 49 48 4D 01 50 4A 0A 40 08 14 90 F1 24 90 96 02 06 20 80 80 62 96 88 45 48 01 2A D0 
[  510068] ch50 r2 a0: A5 74 D7 C7 37 12 EA 95 15 4A B5 55 2A 3E 55 D7 4A 9A 97 32 41 96 AC E4 09 45 32 AC 54 E2 A9 48 
[  510156] ch50 r2 a0: A9 08 50 59 02 A4 8A 6A 02 D6 92 AA 92 B0 40 84 4A AA 91 2A 5A D8 54 24 18 8A CA 0A 55 59 28 9C 
[  510259] ch50 r2 a0: 8A 94 50 19 D2 94 95 4D 91 28 26 04 2B 28 96 D8 29 12 04 A4 94 20 6A 08 05 DD 5B AF D5 C9 DD DD 
[  510280] ch50 r2 a0: 51 3A 8A AA AE 36 74 4B CD AA AB 5E CD B4 AA 6B 51 7E 9D 6D 1B AA AE D2 B5 55 AA B6 ED 2F 54 D6 
[  510415] ch50 r2 a0: 95 CA A9 F6 D5 D2 B5 19 7A A7 BD 55 5D 37 95 AB 74 6D F6 7B ED 52 A0 55 12 DA A5 55 57 2B 95 5E 
[  510427] ch50 r2 a0: A5 AD D5 2E 9D D8 26 A4 35 96 2D 5A 2F 08 15 14 8D A9 4D 85 7A E8 CD 6A 68 A2 EA AA D6 9A AA AD 
[  510543] ch50 r2 a0: AA 0A AA 65 CA 90 AB 52 B5 4A 94 95 13 55 56 A8 D2 BA A5 A6 72 D3 39 59 B6 76 D3 5A B5 4E 91 2D 
[  510617] ch50 r2 a0: 2C 08 82 12 4A 14 80 01 40 02 0A 40 A0 EA 02 02 05 42 52 A9 25 10 AB 54 41 52 84 40 01 41 15 4A 
[  510696] ch50 r2 a0: CA 62 91 55 AD 97 4D 65 AA 5B BE B5 ED AD 4A EB 34 D4 FB 47 A3 1A 34 1A 18 DA 55 1B 52 CA A5 4F 
[  511008] ch50 r2 a0: BB 22 BE 5B 57 F7 FA AC DD AE FF F7 6D 6B 52 D5 DD 56 AA EC BD D7 6A D7 4D 1D 19 2E AA B4 95 94 
[  511066] ch50 r2 a0: 2D 24 81 11 2A 42 00 A0 28 48 C6 09 40 04 A2 80 AC 52 00 0C 95 92 58 11 80 12 11 51 09 85 28 AA 
[  511218] ch50 r2 a0: B3 62 32 5A 9A D3 69 46 D6 81 2A DA 35 55 53 AD B3 2D 55 52 D2 EF 55 4A BF A5 35 95 F2 DA 36 CF 
[  511223] ch50 r2 a0: 29 25 AA 95 46 01 58 14 A8 55 B2 E7 AB 6F 58 ED 95 AD 52 AB 55 54 B5 DD FB CB F4 D6 95 8E 9A DB 
[  511552] ch50 r2 a0: 10 04 6A B9 35 B5 61 D6 79 43 5C E5 D7 54 FB CD F9 A6 AC C3 1D 36 93 0D 54 AD 43 AD 7A EB 1E 71 
[  512028] ch50 r2 a0: AA AA A9 AB B5 AA 5A AA 49 BA 85 68 55 94 C1 3B 6D 5D D2 4A A5 24 D4 D5 74 A8 29 55 12 41 2E A5 
[  512049] ch50 r2 a0: E9 49 15 31 45 29 50 A3 23 46 59 29 49 65 03 2C EB 15 50 55 04 D1 44 21 51 88 AA AB 65 40 5D B0 
[  512063] ch50 r2 a0: A4 90 34 6C AB 6A AE A7 56 AF D7 5A D7 6B 45 55 A8 BB 56 B7 56 EF AF BA B6 EB 5D 92 B6 B5 6E AA 
[  512090] ch50 r2 a0: 95 A9 56 A4 49 56 50 25 22 12 36 D4 A9 6A 45 12 12 8A 94 15 25 6A A4 D9 6D D7 32 DB 0A 76 AA D2 
[  512647] ch50 r2 a0: D5 55 2B 56 CD 4B A2 A3 A9 65 64 2B 3D 59 BA D6 CD ED 5D B2 E4 F2 DD 33 22 54 8B 4B C9 49 D3 12 
[  513211] ch50 r2 a0: 65 29 94 BA 50 64 49 26 8B 22 94 28 AA D8 A9 74 45 4A A5 55 51 98 51 45 14 45 52 20 A4 09 55 CA 
[  513385] ch50 r2 a0: 35 21 A4 40 92 A2 5D 32 A5 B5 62 14 B3 58 A5 B5 51 53 1A ED 6B B5 AD 55 4A EC AA 92 FF 97 5B D5 
[  513464] ch50 r2 a0: 33 F6 AA DF B5 B2 EA FF 71 8B 55 55 A7 9D 32 33 29 5E 3A AB AA CA D5 BA 9A AD D7 6A A7 7A D4 A9 
[  513712] ch50 r2 a0: 20 A0 A4 65 22 44 4E 94 44 14 12 25 89 AB 44 51 4B B6 52 0A 59 56 AD 5F 6A 8F 6E DB 5B 5F 55 4D 
[  513803] ch50 r2 a0: AD 4C A0 80 50 12 48 A1 A2 43 24 11 59 21 4C D4 26 18 23 22 49 24 14 04 82 28 22 89 08 A8 02 02 
[  513990] ch50 r2 a0: CA A7 24 94 8C 09 05 2A 2A A9 6A 89 21 40 55 42 60 45 65 4A C9 55 AA A7 6F A2 97 34 AD 69 43 4A 
[  514135] ch50 r2 a0: 20 15 51 71 28 49 6A AA D7 B4 D5 6B EA C8 A1 05 8A A5 48 50 42 88 29 45 12 91 87 10 92 AA 5D 86 
[  514313] ch50 r2 a0: 15 63 14 65 93 AA 55 6B 9A B5 6A E9 6D 3A EE B9 D7 A1 72 B2 6A 75 3D 45 2B 36 55 7A 5D 6D AA 5E 
[  514390] ch50 r2 a0: A6 E6 EA 94 AA 72 AC B6 A5 25 6A A5 AB EA 51 4C E6 49 2C 65 17 14 A2 56 A6 67 5A A5 EB 63 4A BA 
[  514494] ch50 r2 a0: 55 52 D0 B4 95 23 57 2D 9B E5 E6 35 5B 9D 55 4F DD DB 55 4D 54 4A EB BD B5 5A 5D 4D AB 75 52 CD 
[  514609] ch50 r2 a0: A5 5B 2D 4B 8B D2 89 5B 3B BD 4A A5 2A A5 4A A6 D5 15 54 F3 BB 6D 75 AD 6F FD B7 77 EF BB ED 56 
[  514755] ch50 r2 a0: F2 5B 07 1C F5 D6 5B B4 A5 31 2C D4 A4 85 A8 A8 55 40 2C A9 E2 ED EA 4E DA AA 5A 74 DA D2 89 AA 
[  514793] ch50 r2 a0: A4 D5 2B 52 2D 12 54 A5 5A 25 B6 92 A9 2D 5D 15 49 8A 89 25 59 24 A2 B4 4A B5 09 48 56 90 54 16 
[  514917] ch50 r2 a0: 9E 4D 6A 98 AF AB B4 C5 42 FD D6 5E 93 35 4A AB 55 54 22 D9 2B 4E D2 96 4D A6 5A AB 4A 66 5B B6 
[  515168] ch50 r2 a0: 5A D4 4F 67 6C CA A3 9A 15 5A AA 72 60 2B 28 88 A4 9A 45 4A 55 94 A5 72 55 48 95 D5 04 91 23 D0 
[  515200] ch50 r2 a0: 50 A5 53 B5 AE 55 1C 5E 2A BD 52 D5 6E 7A 55 54 BB AE 4E 5A 99 54 36 49 AE AF 13 BE D4 B5 EB 3A 
[  515220] ch50 r2 a0: 49 88 23 05 AB 7F F9 28 0A 03 44 AA 42 82 05 56 92 A1 6F 56 D3 64 4B A4 B2 A4 55 8A A9 65 4A 95 
[  515309] ch50 r2 a0: C5 22 88 8A A5 54 2D 29 4A A5 15 10 22 A5 22 44 04 54 48 44 12 A9 8C 89 14 28 44 29 0A 89 92 94 
[  515378] ch50 r2 a0: A1 A1 09 45 2A 15 6A 6A A4 0A 4B 5A 15 6A 62 D8 8B 69 9A AA A9 26 76 EE 8C AA AB 49 A2 D4 D4 51 
[  515465] ch50 r2 a0: 3C A5 5C D2 52 80 8A 24 A0 95 A0 A5 8A A5 D8 85 25 D5 14 54 D1 95 49 74 35 A9 4A 0C 15 51 A0 25 
[  515617] ch50 r2 a0: 2A A2 89 00 10 00 00 15 45 52 C2 2F 6A D5 4D 74 A5 2E 49 EA BA A6 AE A9 AA 57 BB A5 72 F9 5E 56 
[  515789] ch50 r2 a0: 55 4D 05 21 25 32 D4 10 95 15 94 48 A4 84 55 4B 15 2A 4C 89 91 0E A5 29 01 28 94 55 25 21 29 25 
[  515854] ch50 r2 a0: 95 A9 76 E9 F6 DD 5A 59 75 57 AF 6D 55 6B D5 36 BE EB 56 75 5B D6 55 7E B6 D7 75 B7 DD D5 BD 76 
[  516174] ch50 r2 a0: A0 09 45 28 08 32 2A 76 A8 48 84 49 AA 50 98 A9 4A 29 49 B9 54 56 E6 0E BB 75 36 B6 AE B9 59 A2 
[  516209] ch50 r2 a0: E6 D5 55 A6 88 55 EC AA AA BB 2B 59 AC AE 4A 52 52 BA 6A 25 6B 54 85 49 50 0A 44 9B 14 36 A8 C4 
[  516278] ch50 r2 a0: 91 50 11 8A 2A 83 48 D0 94 A5 B5 44 2A 28 86 D9 29 63 7C 77 4A 22 AA B7 45 69 C9 32 EE 35 9D 55 
[  516493] ch50 r2 a0: C5 12 69 AB 6A AB 59 B6 B5 55 DB 55 5A A2 47 7A 53 8A A5 79 6B 75 2A DF D9 95 0F 56 97 56 D6 BB 
[  516506] ch50 r2 a0: 91 57 65 5D 3A 2D A9 D4 D5 15 E3 4A AB 59 A7 9F 56 D2 56 02 52 A9 55 A5 2B B2 11 2A 42 6A 90 D1 
[  516525] ch50 r2 a0: AB 35 2B 50 12 17 5A A2 9D 11 4A A8 AD 4D 55 4B 2A 54 A9 99 AA B7 2A CA 15 35 35 A4 E9 25 46 AA 
[  516530] ch50 r2 a0: 11 08 52 5A A5 A4 80 AA A4 D8 6B 22 45 45 51 55 52 CA 4D 14 AA 5A 52 29 23 28 0A 65 6D 59 44 8C 
[  516556] ch50 r2 a0: 2A AD 50 BA C4 A5 CA A2 A8 12 98 CD B6 89 55 BB DD 6E BA 12 AC AD 0D 7F 2B 52 4E A9 35 4A EB 77 
[  516592] ch50 r2 a0: 0A 08 92 40 00 0B 40 05 52 11 08 42 42 89 16 C8 92 94 2A 52 12 69 1D 55 29 08 D5 02 A4 45 81 54 
[  516764] ch50 r2 a0: FA 9E BC D2 6F ED EB 6D DD DB 7B AA F6 C8 A8 97 15 4C 9D 95 DD 38 CA 5B 26 4B 65 42 54 D3 53 42 
[  516882] ch50 r2 a0: 1A 92 A8 94 A8 B4 52 4A 89 52 BB 4B 76 DB 62 B5 89 51 0E A2 B3 41 4A DA 3A E4 8D 96 92 AF 4B 52 
[  516899] ch50 r2 a0: 2A B2 0A 25 A8 16 55 AA 34 A5 22 C9 56 2A 42 29 29 45 AB 68 53 AC 44 C5 29 2C 95 A3 10 75 30 41 
[  516940] ch50 r2 a0: B5 45 21 54 55 94 A5 51 08 4A ED 26 FD 55 64 BD D9 2E AB 4A 3F 29 0D 76 25 B4 E4 B0 B9 C3 2C 91 
[  517009] ch50 r2 a0: A8 8A C9 14 94 AC 4C 91 44 A4 A1 C4 82 0D A4 A9 A8 55 B7 4B A0 C4 54 A5 C8 49 75 0D 44 AA 14 8A 
[  517059] ch50 r2 a0: BB 5C AD 55 35 A3 D5 2D 5B 5B 5D 2A B5 37 55 BB 32 03 6B 58 6E 2A DA C6 DF EA BA A2 6E D9 4D 62 
[  517162] ch50 r2 a0: 09 45 08 84 2A C1 44 95 12 00 A5 01 42 A9 18 51 02 06 20 62 61 09 14 A2 82 04 14 55 42 9B D0 2A 
[  517235] ch50 r2 a0: CA 13 6A 90 4C 84 42 64 AC 53 58 49 44 A0 19 99 4A 52 30 A4 16 91 00 AA A2 88 02 C2 58 91 4B AA 
[  517469] ch50 r2 a0: 5A 55 A9 75 52 01 53 5A 99 D1 B2 B2 5C 94 08 D4 48 95 5E AA D3 55 54 56 ED A2 52 75 4A CE 93 A7 
[  517757] ch50 r2 a0: 52 A4 A8 14 48 20 D6 D5 5D F7 75 13 DD 55 4A EA A8 A5 DE 96 2B 75 28 EA DA AF 44 BB 58 BE D5 69 
[  517971] ch50 r2 a0: 2A A8 04 94 5F 74 32 A5 52 DA 15 09 52 52 9A C5 B0 83 1A 0A D4 9A 61 5A 5A BE E8 CE CF 52 EA 8D 
[  518133] ch50 r2 a0: 25 49 49 0A 95 12 12 14 AA A8 D7 A2 55 B1 C5 30 CA E8 09 53 05 1C AC 8B 46 29 3A 81 54 8D B5 57 
[  518214] ch50 r2 a0: 42 B3 8E BF 3D D7 6D EF 6D B7 AA 9B 35 14 95 DA CA A8 D2 A9 02 9C 6B 12 56 48 C9 4E 2F 2A AB AA 
[  518351] ch50 r2 a0: 4A B0 AA 58 A1 4A 92 AA 34 12 55 2D A5 AD BA FA 77 77 DD 2D DF 6E D3 15 FD E5 8A 55 95 52 A8 D6 
[  518600] ch50 r2 a0: 54 A9 25 AB 92 AA AD 55 A9 2D 6B 6A 9A DA 98 A5 76 51 58 AB 4C 54 4A DD 55 56 EA 7D AA 6A A5 42 
[  518610] ch50 r2 a0: 9D BD FD BB BE D7 53 2A 52 95 52 51 D2 C5 26 A2 A9 6D 2D A6 E9 5A 4B 6D 5E BB 6A AB 55 BE FA EE 
[  518893] ch50 r2 a0: 9A AB 8D AE F1 53 A5 AE 2F AD 35 6E FC AB A2 ED AB 6F 1D AA AE 9E D6 D3 EB B5 27 6D 93 5D FA 75 
[  518908] ch50 r2 a0: D5 AD B4 28 52 48 8E AE 48 55 2E 86 2A 1A 2B 42 85 40 52 B9 61 5A 8B 42 60 45 B1 6A B6 25 D6 AC 
[  519085] ch50 r2 a0: BD 49 69 3F 56 A5 AF 4B B7 51 5B CD 6A BD 74 B5 9D 2B 52 A4 4C AB 55 21 08 B6 DD 6D DD 52 6A B2 
[  519093] ch50 r2 a0: 09 28 90 55 10 A0 C5 3D 56 F7 5E AF 56 5E AC AA AA 8F 6A DF AF EE DA DE B5 2D ED 96 B2 CD CC AA 
[  519180] ch50 r2 a0: 8A FB 52 B5 21 55 C3 52 55 4C 8E AB 6B 55 A7 55 5D 55 52 B5 4E 4B E9 A5 55 A8 C9 56 C5 C9 5E 2F 
[  519226] ch50 r2 a0: A2 22 54 95 19 56 DA CF 75 AA B4 B1 30 DA 56 96 C9 55 0A A2 6D 4A AC 35 09 6A 9F 4B 46 36 26 51 
[  519284] ch50 r2 a0: 91 28 00 72 EA 68 A5 11 55 15 56 B4 66 DB 4E D4 D5 EE D5 AA 54 BA 3B B5 9A FB 5B AB D4 2A 8A EF 
[  519316] ch50 r2 a0: AB A1 85 42 E7 5C 54 9A 16 0D 0F 5A 97 DB 14 91 22 2A A8 AC 2A E2 55 55 AB A2 AA 6D 15 AA 5D 29 
[  519390] ch50 r2 a0: 96 D5 5A 5D 59 5A B5 AA C9 17 55 EA 8D 48 86 A3 02 5A AA 92 95 26 02 96 A9 55 54 40 00 00 00 0C 
[  519499] ch50 r2 a0: 50 A5 45 01 22 A6 B2 9B 6E AC A2 DA AA A2 54 9D 4B 46 B5 99 8A BB AB 89 AB 2B 3A AA DA D6 65 AA 
[  519637] ch50 r2 a0: B4 CA D2 5C AB 6A 69 2B 44 AD 24 58 83 55 AD A3 66 34 A4 AD D5 4A 4B AE A9 54 AD AB 4A B7 28 A9 
[  519749] ch50 r2 a0: 41 94 91 45 20 2C CB 29 18 AA D4 23 17 85 8A 9D 82 A4 4A 48 A4 5A 12 91 5B 56 15 96 32 0C 11 A6 
[  519788] ch50 r2 a0: 9C A3 18 A2 95 BA 81 56 4D 54 96 4D 54 AD 97 29 5A 4E B4 9A 5A 94 54 D5 4C DA A2 1D 35 32 54 55 
[  519860] ch50 r2 a0: A6 95 7A DB 58 AD 5A F5 2A 91 5A 2A CA 52 AA 1A C0 15 49 8C 05 42 4B 52 0B 41 A5 92 8D 40 4E A5 
[  519939] ch50 r2 a0: 15 49 52 40 AA 69 05 54 A9 22 2A 5A 28 AA 65 4D 4C 8D 8E 43 2D A2 D2 A2 15 28 80 15 14 91 95 DA 
[  520470] ch50 r2 a0: 44 88 2A 88 94 A4 8E 42 52 A1 10 13 41 29 92 08 4A 20 47 6A C5 9C A9 2A EA 05 02 AC 80 18 C0 A0 
[  520780] ch50 r2 a0: A9 4A CA AA 9A 0B 6D A9 36 A9 AA BD 52 79 55 6C DE 8A 4A 2C 99 56 A8 6A D4 4A 92 AB 21 2A 92 00 
[  520961] ch50 r2 a0: 0A 51 CA 0A A5 54 4B 0A AA 29 50 8B 6A 95 15 EA 32 AE B6 CE A6 A6 EF 55 A5 4A AB 2B 48 C5 4E A0 
[  521184] ch50 r2 a0: 94 92 B5 21 C4 89 D4 02 51 64 12 A5 29 54 B2 0C A4 A3 1B 68 56 A2 71 49 38 54 C1 A7 55 4A AA EB 
[  521564] ch50 r2 a0: AA D6 A6 D5 A9 15 A4 B6 AA 64 FA 5A AB 55 5A F6 EB 57 93 95 56 FB DA B4 F9 4D 5B BD 75 5D 5B 77 
[  521584] ch50 r2 a0: D6 7B 1A AA A5 BA BA AA 95 55 2E AB 73 55 AA AE B7 AC AD 44 BE D5 76 AA AA AA F5 7D B5 D6 5A D0 
[  521631] ch50 r2 a0: B5 54 D6 B9 BD 45 69 BD 35 CE A4 4B AC A4 69 6B 56 6D B0 AA CA 95 D3 9A 6B DA AE 25 65 67 55 AE 
[  521873] ch50 r2 a0: 54 4D 0D 94 89 12 D2 94 56 48 86 59 54 42 A5 45 49 25 8A 4A A5 86 74 B8 91 D5 5A AA 56 44 B5 42 
[  522255] ch50 r2 a0: 93 55 66 15 52 AA 9E 56 EA 46 69 AA E2 96 B5 54 9A DA 9B 96 5A AD D1 16 96 54 54 D5 D6 6A A2 A9 
[  522658] ch50 r2 a0: B5 62 49 0A E3 16 15 24 91 0B 6C B5 D3 25 EA A5 52 AB 94 A2 AA 52 2A E6 D5 B3 51 E5 55 BC E6 76 
[  522924] ch50 r2 a0: A5 84 A0 A9 A8 92 92 CB 5A BB 2A AA B4 AB 4A 8D 24 B4 95 29 A5 2D 82 AA 96 8A 42 78 A2 28 4A 14 
[  522935] ch50 r2 a0: 9A F5 A4 A5 A9 6C 69 2A 4A D4 F2 AC D2 28 95 68 A5 1A 44 4D 50 86 54 2B AA 91 6D 31 92 2B 29 7D 
[  523050] ch50 r2 a0: 4C 94 40 88 08 04 9B 4B 45 6A 5B 57 29 B5 A9 44 86 2A 28 21 45 08 28 15 46 55 45 51 2B AA 29 29 
[  523113] ch50 r2 a0: 48 9A A5 42 48 95 AB 29 22 89 4A D0 82 AA 56 A4 92 48 62 84 9A CD 23 20 08 94 50 BB 52 45 09 82 
[  523272] ch50 r2 a0: AA AE 6F 65 AE DA BE 8B 7A CD 57 5B FF 52 F6 FD DA D5 2B 5F A5 75 DD 6D 5D 33 25 B1 D5 3A A7 D6 
[  523308] ch50 r2 a0: 5F BD 6D AF 5D DD 6B DF 6F 7B FB 77 B7 BB EB AA ED DF AE DD B5 7E E3 AA 55 15 54 57 A8 11 55 52 
[  523385] ch50 r2 a0: A8 4A D5 34 9A 90 62 AA AB A2 D6 E5 DB 9D 67 ED DA 56 5F 4E E7 62 B7 6A 9A 26 DA A5 B1 D2 D1 52 
[  523409] ch50 r2 a0: 88 60 44 28 60 84 84 50 A2 40 88 A9 5A 6F 51 24 3D 12 D7 36 AB 6E CD 45 5A B5 AA 55 1A 46 A2 A0 
[  523453] ch50 r2 a0: 40 72 8E 8A 0A A4 89 01 A8 B8 A6 52 70 2C 40 7A 54 64 2A 52 59 28 6A AE 49 16 45 A8 CA 41 AC 49 
[  523488] ch50 r2 a0: 83 45 A3 25 49 54 78 A5 32 80 8A 85 89 85 32 AA 95 55 5A D5 B2 6F 6A 97 97 61 56 8A 55 0A A4 46 
[  523593] ch50 r2 a0: 9D 40 AE 84 21 01 D5 08 C8 44 48 28 03 15 55 26 B4 A9 61 55 B7 9B A6 AD D9 AF 76 92 9D 53 4D EA 
[  523921] ch50 r2 a0: 08 2A 12 A1 60 0D 2A A8 04 92 1D 26 A9 B4 2A 94 C4 29 21 52 A4 C2 5A D4 A9 6A A9 AC AA 69 B5 4F 
[  523930] ch50 r2 a0: 6C BD 6B A7 56 4A F5 BD 6A B7 56 A5 BD 55 AA AB 56 75 5A C9 DA F4 AE 75 4E A3 6D 6D 6A B1 55 51 
[  523936] ch50 r2 a0: A8 2B 52 55 14 8A AD 17 56 FD 7B 76 B5 D3 AA AD AE D5 99 AC EB 2B DA 52 AF A9 69 56 A9 75 55 D5 
[  523973] ch50 r2 a0: 13 4A 4E A9 6D FD F6 D2 BA 5B 77 D9 D6 B5 F4 D7 55 75 8F D7 6B F2 CD 65 35 5A 6A AF 5A A5 AA BC 
[  524040] ch50 r2 a0: 63 60 75 22 54 6D B2 94 BE FA AB 4A 9A 53 33 5E 7D 6B 55 2D 54 93 1B 91 5A 5C D3 69 CE E8 9F DA 
[  524138] ch50 r2 a0: 65 56 AE 45 95 EB 28 AD 49 56 85 7A 54 0D 9A 29 14 32 8A 48 22 22 D4 AD 2A 0A A6 DA 94 69 55 27 
[  524239] ch50 r2 a0: 58 82 15 28 B2 A2 54 4A 10 A8 42 A0 8A 20 A5 52 A6 01 29 0B 42 08 B4 8B 02 41 28 85 02 8A 0B 15 
[  524398] ch50 r2 a0: 12 41 28 A5 4A AA 49 2A A4 AA AA DD 72 7B 4D 4B A5 DA BA 15 75 5D 0A A5 5B 39 D9 15 56 A8 BA AB 
[  524478] ch50 r2 a0: 08 24 44 11 10 04 05 A4 9D 50 08 A0 22 B1 61 20 5C 82 A5 14 AD 35 2A AF 24 95 B5 AA D5 4A AA D8 
[  524547] ch50 r2 a0: 9C 5B 76 95 6C CB 73 55 2B B5 2D 2F 95 55 6A AD 5A D5 55 15 59 5B 01 D7 55 4F 52 9A A8 A5 AD 52 
[  524599] ch50 r2 a0: AD A4 8D B6 AC 0A A8 EB 57 69 55 EB 35 2B 55 25 2B 56 82 AA 5C 94 5C 76 55 11 56 84 5B 52 64 AB 
[  524889] ch50 r2 a0: 55 68 42 10 1C 2A 62 40 08 48 89 A2 02 A2 54 AA 13 C6 A5 55 62 A6 A1 09 51 92 51 55 6E 58 DC AA 
[  525148] ch50 r2 a0: 75 65 28 55 25 95 96 88 40 D4 A5 54 D4 B6 80 99 11 4C AA 15 56 0E 8A AF 55 BE EB 3A F5 AB 6F 75 
[  525452] ch50 r2 a0: 92 88 26 24 91 C6 4B 01 19 02 2D 54 96 20 A8 48 A4 44 55 21 2A AC A5 6B FA B5 F7 5D B7 AD F5 6A 
[  525473] ch50 r2 a0: A8 42 02 20 08 D5 65 56 49 55 32 22 A6 A2 AA 4A 5A 91 52 62 65 8A 95 AC 44 96 84 8D 44 75 64 85 
[  525484] ch50 r2 a0: 52 24 91 43 92 8E AA AB 4A 6A 53 12 AA 85 04 A5 59 22 52 48 11 AD 49 4A 4C B5 14 A0 22 B6 15 0B 
[  525517] ch50 r2 a0: 91 51 55 30 1A 54 A5 2D 12 4C A2 17 17 54 55 44 AA 8B 55 35 2A 95 15 51 1A 6D 58 36 15 E4 57 65 
[  525846] ch50 r2 a0: 90 A2 85 32 95 45 28 10 D4 20 94 21 22 12 A0 55 2A 29 20 AB 0D 93 AA 99 47 29 2A EC 55 17 57 A1 
[  525869] ch50 r2 a0: 16 AE AA A8 A5 32 AA 59 F6 12 C9 AE CA 7A A5 5D 4D 89 49 69 4C C4 62 94 66 AB 6B 2A 98 A4 2E AA 
[  525893] ch50 r2 a0: C1 4A B1 6A A1 4B 54 3A 65 0A A9 2D 2A 55 4B 4C B4 81 64 4D 14 B1 54 18 8B 29 49 CA 52 86 2A A5 
[  526113] ch50 r2 a0: 84 14 A1 30 B0 42 52 48 90 02 49 51 16 21 98 D2 48 48 22 41 4A 52 A5 32 82 18 54 89 25 52 A9 15 
[  526163] ch50 r2 a0: BB 4C 2D 9A D8 5D 3C FA 8A AA AD 75 C9 04 1D 4A A2 50 25 4A 28 94 09 18 4D 49 45 04 00 13 4A 8A 
[  526175] ch50 r2 a0: 52 40 40 A2 A9 49 15 4C 54 14 84 40 92 4A 08 81 01 12 4A 81 88 E4 CA 92 A1 0C AA 48 40 15 09 40 
[  526292] ch50 r2 a0: F6 94 AB 7E 95 40 95 FB E7 FA DB F5 F5 9D 6B 3B 75 75 28 B4 D5 B5 2B 56 54 EA 94 2A B0 DF 2B 99 
[  526338] ch50 r2 a0: 68 2A 89 52 54 62 95 2A AA 8C 2D 44 89 AA 68 94 8A 2A D5 55 50 92 A1 73 2D 55 8A A6 A4 32 84 EA 
[  526495] ch50 r2 a0: A5 28 CA 92 A5 41 A8 80 2A 45 24 1A 14 9E 2A 1A 15 08 56 DF 6D 98 80 44 14 94 85 4D 44 5B 08 12 
[  526718] ch50 r2 a0: B0 CA 95 2A 2A 4B 5A 82 2D 42 AE AA 52 C8 28 59 4A 00 C6 A4 95 42 97 41 96 74 A9 44 A6 56 6A D5 
[  526789] ch50 r2 a0: 00 6A 81 B6 C1 10 10 28 45 50 01 0A 43 21 31 30 85 13 13 B7 99 D5 2A AA 33 6D BB 52 C7 4A 2D B5 
[  526853] ch50 r2 a0: B4 A2 A2 A6 64 A4 E9 5B A5 95 4A 49 A9 56 55 09 5A A8 A4 AA AD 69 19 35 2D DB 55 A8 AD 5F 4C 69 
[  526862] ch50 r2 a0: AA 45 8E 36 50 A2 82 95 68 55 45 B8 80 9D 41 50 A0 03 04 02 2A 2A 2C AC 89 25 09 0A D0 60 8A 0A 
[  527029] ch50 r2 a0: 56 A3 5A 62 40 A5 B4 F3 D9 DD 97 53 29 9A 6A 72 CE AA F6 B7 6F 2D 59 6B 7B DF EA 5B B6 D5 B6 95 
[  527148] ch50 r2 a0: 92 50 85 45 95 04 15 2A 34 BD 6A 9E 2B 5A A9 1D 62 B7 BB AD 69 AC 55 AD 74 F2 A0 D7 48 85 B7 55 
[  527275] ch50 r2 a0: 22 52 A8 54 A9 08 90 00 14 66 1B 42 5A 92 52 24 84 86 8B 49 29 11 45 0A 19 02 64 82 53 00 65 8A 
[  527320] ch50 r2 a0: 85 50 4A 2B 44 E4 95 10 94 28 4A 04 92 4A 42 90 44 52 30 41 04 A2 88 50 59 04 82 20 51 61 84 A3 
[  527410] ch50 r2 a0: 4D 95 49 D0 2A 97 29 A5 80 8C C9 5A AB CA F0 AE 35 97 6A 6D D3 AF BA 5D AB 7B 6A DF 6A 8B 56 65 
[  527480] ch50 r2 a0: AA A2 9B 2A A8 DA 4D 62 D6 59 55 15 56 D7 4F 48 45 94 A4 2D 67 29 74 BB 5E 5C A5 6A B4 9B 55 55 
[  527590] ch50 r2 a0: 24 95 4C 88 45 B4 AB 5B 03 49 A6 24 A4 89 48 A2 42 95 52 D3 79 A2 2F 32 6B 5B 5B 5B A9 A5 A5 D4 
[  527728] ch50 r2 a0: A8 48 A9 40 A1 39 30 09 02 94 A9 54 09 1A 44 85 0A D8 A2 51 5A AA A9 1A 49 41 54 AA 84 19 10 91 
[  527836] ch50 r2 a0: 4A CF F6 FA AE FF 7F B7 B7 FD FF 7F DF FE DD 7C FE FB FB B7 3A BB 6F BA 4F BD 5D BC DF EF FE AE 
[  527968] ch50 r2 a0: 92 B0 B2 A2 A5 B0 9A E4 01 63 D0 B5 2A 88 95 45 6D 48 AD 64 89 54 2C 82 59 1D 4B 2A D4 5A 57 54 
[  528462] ch50 r2 a0: 48 2B AA 2D 02 8B 50 95 2D D9 3A B5 B6 1A DC 96 12 20 10 2E 92 52 EA F6 AA 35 D9 49 58 2B 6A A9 
[  528553] ch50 r2 a0: 28 52 91 2B B7 0A E2 C1 14 95 B7 54 32 E4 EB 2E 25 25 2A 89 42 AB 96 49 0D AF 4A 82 1D 70 91 5B 
[  528655] ch50 r2 a0: CA 9A 54 58 D2 AA 94 99 12 56 51 49 A9 54 49 44 24 94 C5 35 13 92 B5 69 13 41 A2 4D 20 42 2C 4B 
[  528775] ch50 r2 a0: 51 48 A9 47 ED 56 EB 55 12 55 45 12 69 29 54 12 99 45 54 02 42 4E 4A 52 94 25 52 22 93 0A 34 B0 
[  528884] ch50 r2 a0: 55 2B EF B4 EE B2 AD 55 6A D2 3D 9B AA 94 95 AA 5A B5 86 0D 48 AA B3 75 13 93 69 2A D3 5A AE 6A 
[  529199] ch50 r2 a0: 2A 44 2B 95 11 55 15 24 C6 49 52 4C A6 94 B2 20 50 95 58 B2 D5 D2 6B B6 FF 57 DA D6 AD 4B C2 4E 
[  529250] ch50 r2 a0: 24 02 14 0A 62 51 61 24 A4 15 2A 00 04 82 24 80 25 00 20 20 25 B5 54 DB 15 24 95 92 28 AA 55 29 
[  529277] ch50 r2 a0: 6A 4A 56 AD 14 44 69 45 48 89 24 C4 E5 06 05 57 77 6A A9 37 56 AA 5D 56 D6 52 D5 54 A6 4C 8F 65 
[  529477] ch50 r2 a0: 4A A6 AB 53 65 0B 60 D2 52 B2 8B 13 2A D4 9A 6A 50 18 F0 D5 A4 61 00 01 25 25 26 51 3B 68 66 88 
[  529641] ch50 r2 a0: 42 2A B5 5D 52 C2 62 72 D5 39 52 5A E5 84 AC D2 95 D3 AA 11 34 ED 60 B2 B8 CA B7 36 D5 25 2B 79 
[  529692] ch50 r2 a0: 29 AB 48 AA 50 68 38 C2 46 92 12 48 52 13 5B 54 12 2C FB F6 52 D9 AE 72 A4 95 EF 51 AB AA 89 16 
[  529821] ch50 r2 a0: A9 43 48 D4 65 51 52 B4 41 21 9E B4 FB DD EB D6 FA 58 F5 3A BB B5 34 EB 4C FE BD 7E FF 5B 35 76 
[  529849] ch50 r2 a0: A8 22 52 12 A6 B4 8B 52 12 52 42 15 46 55 16 AA C9 CA 2D 49 A5 9B 77 94 A5 76 56 95 88 CB A8 6D 
[  529861] ch50 r2 a0: 41 48 12 85 28 D6 91 94 ED 21 09 4A 85 35 AA 93 A9 52 2A EF 25 51 52 D2 AD 41 A9 45 85 51 D1 8C 
[  529879] ch50 r2 a0: 42 44 2A 85 13 04 25 A4 B5 FD B2 B6 DB 2D 53 75 78 D7 0A 9F D6 94 95 6B 5A AD 59 76 D6 AA CA 97 
[  529898] ch50 r2 a0: 24 51 45 50 64 52 11 14 C4 21 25 42 92 50 AB EE EA E1 AA 6B 5D 9D 5D 7A AA 5D 2F FD FD 4A 5A DD 
[  529957] ch50 r2 a0: C4 02 A3 44 2A 9A 40 AA 4A 54 AA B6 96 A7 3B AD 9D D1 5D 55 12 88 B3 72 E1 6D 6E 05 40 A4 52 52 
[  530280] ch50 r2 a0: F2 A9 75 29 40 4D 25 A2 D2 6A A9 D1 46 85 35 29 AA AA 1C B4 EA AA A4 DB 54 28 82 65 34 A5 0B 6A 
[  530385] ch50 r2 a0: A9 59 55 72 09 65 B2 55 4A AB CA 5A 9D 54 AB 55 99 43 5D 54 DA A9 6B 75 48 AA 59 24 9D 35 31 65 
[  530498] ch50 r2 a0: 32 94 4A A5 99 49 31 29 56 82 56 11 25 35 36 2A D5 4A ED 5A 49 36 B2 72 AE AA AD 42 D3 4D B5 3A 
[  530640] ch50 r2 a0: 9A A6 12 A9 DC 94 D5 51 56 61 55 65 35 75 2B EB 65 4B 1B B5 7D 15 D5 52 5B 4A 4E 2E B2 75 65 B6 
[  530662] ch50 r2 a0: 61 94 65 56 55 44 99 24 45 9A C8 89 AA 35 65 49 4B 92 55 44 AA AC 52 A4 56 FB AC AD 16 F5 DB AD 
[  530786] ch50 r2 a0: 91 B4 AA D0 E5 2D 29 14 9D 8C A5 4A DA 45 51 2A CA D4 8D 54 5A 89 54 AE 16 D4 A6 9B 78 D2 95 2C 
[  530880] ch50 r2 a0: 55 69 57 AF 56 95 25 6A F5 BE AD 6D EF 75 D6 DD DD 6D 69 DA 95 74 B0 AE 16 2B 74 45 55 DC AB 4A 
[  531028] ch50 r2 a0: 14 4D 22 59 49 25 64 69 22 52 86 55 49 11 42 AA 55 04 6B 14 A2 A8 A8 B7 56 44 8C DA B4 62 B4 28 
[  531185] ch50 r2 a0: 14 98 0D 43 6A 76 ED 6E 65 57 49 55 5A 9A 53 6D 55 5D 7B EA B7 D5 AA B4 6F 91 66 8B 6B D3 5B 6F 
[  531236] ch50 r2 a0: 90 46 A1 3A 29 1A D4 A1 B7 B5 75 5D DB CA B5 7A B7 95 B3 73 C7 A7 EC 97 75 9E CE 6B 6B AA A6 AD 
[  531335] ch50 r2 a0: 25 25 09 0A 15 44 82 68 D5 49 AB 54 4C EB A9 52 A5 8E AC 6B 2D 55 D7 BB 45 7A AA D2 57 3B 4D 2A 
[  531340] ch50 r2 a0: 55 6A 42 31 2D 6A 62 44 28 88 89 B2 0A E2 53 03 12 D2 95 94 A9 54 AB 56 38 AA CA AA EB 75 F6 AB 
[  531473] ch50 r2 a0: 42 54 D5 11 41 57 10 AA 99 02 AA 99 25 46 94 95 00 AC EA D0 A2 AA C9 57 D5 6F D7 4F F5 57 AA DF 
[  531720] ch50 r2 a0: AB BA C6 62 AA EB 61 76 C7 5A 12 D6 CC CA CD 2A DB 79 56 1A 9D 53 DA D5 72 12 D4 A8 9D 65 55 E2 
[  531967] ch50 r2 a0: 82 15 27 54 A7 55 2A B9 2D AD 55 28 D2 54 96 8C 54 95 AD D6 A5 2C A5 A9 2A 34 93 AD 5A BA 6A 92 
[  532260] ch50 r2 a0: 55 45 06 D4 DA 9B 55 58 DD D4 D5 55 55 72 AD 57 75 AB D5 AB E5 49 6D 75 B7 7B 4C D6 A9 56 B5 76 
[  532336] ch50 r2 a0: D2 6A BE 21 6B 1F EB 55 A7 2A 71 B5 3B 76 96 8B 62 75 65 EA A9 6D 55 E5 7E A7 DA F5 7B 51 FF EA 
[  532361] ch50 r2 a0: 65 2B 19 6A 98 B3 54 95 2D 6A 94 50 C3 66 2A 59 94 8B 72 D6 48 BC 18 C6 89 D2 29 29 99 96 AA 5A 
[  532441] ch50 r2 a0: 82 A5 02 00 88 51 11 20 92 48 45 4D 48 50 05 11 51 11 44 A8 44 54 90 96 5A 25 10 48 4A 40 88 52 
[  532538] ch50 r2 a0: E6 FD DB 6B 77 DD 76 B7 D5 2A B0 A1 52 16 45 4A C2 24 54 93 24 B8 24 A4 55 12 65 BA AA A6 54 50 
[  532578] ch50 r2 a0: CD 52 56 04 34 9A 4D 26 A9 5F 54 92 A6 54 A7 5C 7E DC 6A D7 7B D7 D2 69 54 D4 9A BF 68 BF 7D 74 
[  532582] ch50 r2 a0: 20 2A 91 05 82 46 12 50 24 50 48 82 A1 11 0A 40 52 50 B1 49 52 52 25 68 44 A5 11 22 C9 50 80 AD 
[  532764] ch50 r2 a0: 5A 8A 19 03 4E 89 6D A4 D4 A2 04 24 A6 49 12 44 11 4A 1C 12 82 58 16 94 81 12 80 09 13 60 A9 18 
[  532875] ch50 r2 a0: A1 11 09 48 8D 2A 45 6D 55 6A 4A 2C 82 82 AD 52 45 A0 81 B1 54 54 CA 25 54 A8 D0 80 A0 95 95 A9 
[  533137] ch50 r2 a0: A9 10 42 B6 BC BF 75 75 52 FF 3B 74 DB DD 97 2E 6B 7D 93 4F 5A D5 BE A9 55 DE AB 7E ED 25 7A DA 
[  533590] ch50 r2 a0: D4 43 22 8A 0A EA A9 19 55 54 35 2A 12 54 43 2A 85 C9 92 8A B1 5A DA 16 E2 A8 0D CA 72 56 A4 9B 
[  533637] ch50 r2 a0: B2 94 61 54 82 11 80 9A 95 0A 54 51 57 57 2F B3 3C AD 45 B5 9A 8A BA AB 5B B5 B5 6D 16 BB 6A B5 
[  533939] ch50 r2 a0: 53 4D 6A AA 52 96 56 AA E9 52 B3 54 2B 0D 52 AA 93 4C 26 32 AA 55 A1 9A A6 A9 61 20 D6 D5 D5 39 
[  533945] ch50 r2 a0: 69 11 50 90 D1 04 A2 A1 28 0E 28 E2 88 49 29 12 91 2A 82 12 49 4E 50 25 52 A4 32 86 84 95 54 AB 
[  533969] ch50 r2 a0: A2 B9 A4 AA A9 2A 24 A6 B3 55 6C 25 56 A4 D1 62 4C EA 95 49 4B 44 C5 A0 E6 4E B9 53 75 4A 96 F2 
[  534065] ch50 r2 a0: 6D 56 C9 55 AE 6C 5D 68 AF 54 96 D5 24 BA 22 92 52 4A 59 AA AB 4A 4E 29 EA 49 52 AD 55 45 32 4E 
[  534605] ch50 r2 a0: B5 6A D3 4A B5 6A B7 D2 65 AB DA D6 D5 5F 6D AE EB AB B5 94 EE AA B9 69 65 5E AF 2B 69 AE A4 D7 
[  534624] ch50 r2 a0: 51 45 89 8A 84 95 55 56 A9 72 F9 15 DB 14 D5 26 55 6A D7 54 B6 9A A2 4B 69 EA D2 55 F5 39 4B 4A 
[  534686] ch50 r2 a0: A1 55 4A AD 12 48 9A 48 40 52 22 A6 4B 45 2A 95 29 51 4B 59 B8 BD 68 EB A5 4A 95 29 5E B9 52 D2 
[  534692] ch50 r2 a0: 42 8C 96 53 12 85 CC 41 45 65 19 0C 99 16 42 AB 11 4B 6B B9 75 2A AC 75 0E B4 5B D0 15 2A 28 BA 
[  534693] ch50 r2 a0: D9 15 88 34 29 4A EC B0 28 95 22 35 5A D2 9C BA 92 A1 88 46 6D 53 A4 15 C0 84 A1 45 1B 2C 95 52 
[  534781] ch50 r2 a0: 20 14 D1 D2 61 6A 0C 5A 62 0A 75 41 4A 64 8A 22 55 24 82 A1 03 02 12 0D 0A A5 58 95 AB 14 DB 4D 
[  535338] ch50 r2 a0: 55 49 55 5D 56 DB 5B D5 6F BA 4E BD B6 AF DF 3E D5 39 D2 AB 51 AD 29 6C 1A 9B 5D 9A 6D 0D 55 6A 
[  535381] ch50 r2 a0: AB BD 5A D5 6A B9 6E B6 FD 5A EA DB 6D EA B2 AB 3B BD D6 B2 4D 5B 6D EB 5B 5B 6D 55 7E A8 EB AA 
[  535440] ch50 r2 a0: 48 44 6A 8A 98 49 34 52 A5 08 28 51 64 88 D6 A4 2D 05 AD 0A 48 89 AA 29 04 42 52 58 AC 22 2D 0A 
[  535441] ch50 r2 a0: A9 32 D3 AC D5 AA 59 51 96 4A 75 51 6C 5A AA 9A F4 A9 97 25 A6 AB 2B 57 8D A6 D5 0E C6 A9 2E D5 
[  535913] ch50 r2 a0: DD 55 B2 BC 2D AC 2D 57 57 54 E9 7A AF EB BB 95 A4 B3 AD 07 28 8D 20 81 15 34 64 D0 92 6A 2A CC 
[  536199] ch50 r2 a0: A8 21 A8 3A 33 A0 90 24 14 2D 41 58 89 14 0A 48 90 D5 11 AA 4B 2A 50 4C C8 51 20 0A 74 AB 58 82 
[  536278] ch50 r2 a0: AC 04 20 1A 2D 61 49 2B A9 51 6B 6E A4 A8 55 12 AA AA CA 9A D5 6A 92 5A CF A8 4A EA D1 6A AB 3D 
[  536350] ch50 r2 a0: 91 1A 40 58 89 52 12 88 45 15 22 45 22 35 25 44 A5 4A 84 A4 08 52 4B 85 4A E9 08 41 4D 7F 6F FF 
[  536424] ch50 r2 a0: AD AA F6 BD 7F DA F7 DD EA AF 77 7F 7A AC AA 94 35 2A CD 81 AD 05 7D 42 55 83 51 75 7B 57 3B 52 
[  536540] ch50 r2 a0: 00 95 58 AC B4 60 83 22 1A 94 B6 D5 51 19 64 A3 14 A9 51 29 44 1A 8A 30 A1 2D D1 01 04 96 AA 92 
[  536583] ch50 r2 a0: BD BB 94 AD 56 97 75 25 46 AA 3A D5 FA DD 5B 57 52 23 B0 92 DA AA 44 A2 95 2A 95 1C DA A9 A4 55 
[  536619] ch50 r2 a0: 24 A8 08 41 76 2A 5F 15 29 40 52 EC EB 6F 76 7D DB 4B 7E DE A3 53 52 AA AA A9 74 15 12 D5 5D 5A 
[  537131] ch50 r2 a0: 04 0A A5 6A 54 A1 4A 45 82 8B 8A 24 4A AD 12 D0 92 B4 94 8D AA 74 B2 15 95 54 8D 15 B2 5B 29 75 
[  537181] ch50 r2 a0: CB 15 36 94 A6 51 6D 2B 4C 87 25 15 42 95 58 49 52 A6 AC A8 54 92 4D 44 92 AB D4 CA 5A 56 55 4A 
[  537478] ch50 r2 a0: 1A 95 FC B3 4B 75 50 B5 54 F7 6A B5 DC D6 51 55 29 5A AA EA 88 AD 1B 2D B6 66 76 D9 55 0A 4A AC 
[  537542] ch50 r2 a0: A1 A5 53 56 B9 12 89 55 37 69 5B 7E FA D5 56 BC B2 54 75 56 AB 1A 89 75 25 D7 2B 2A 4E 5D 96 00 
[  537717] ch50 r2 a0: C5 25 AC 54 4A A4 92 2B C4 A2 89 25 55 18 4A A8 95 65 65 A5 25 29 22 94 45 24 AA AB E6 32 DA 4C 
[  537933] ch50 r2 a0: 04 CA A2 A8 59 4C 51 4C C4 52 12 55 52 AA 91 4A 53 54 96 94 52 A4 94 A9 54 45 51 2A 52 AA 95 5B 
[  538017] ch50 r2 a0: A1 20 A0 91 22 86 25 19 05 02 50 42 32 28 54 2A C8 95 0C 25 08 A2 51 52 9B 04 12 14 DA 52 05 4D 
[  538074] ch50 r2 a0: 55 64 89 15 55 48 51 56 50 89 95 22 44 B0 09 14 55 A0 D9 85 29 64 20 1A 2A 59 59 4C 92 35 55 22 
[  538153] ch50 r2 a0: AA AC AD A2 90 AA FA A4 54 99 34 65 2D 0A AE 74 29 54 D5 4D 45 B8 62 4D 40 03 25 62 5F EB 55 29 
[  538326] ch50 r2 a0: 55 24 54 4D 57 A9 AA AB 37 55 AD 77 7D D7 DD DE 97 53 55 75 5A E6 B8 AA 51 62 94 AA D5 44 69 20 
[  538509] ch50 r2 a0: C1 11 2A 49 24 82 11 44 86 42 8F 56 9E AB 55 F7 E7 AB B2 53 24 99 92 55 84 B5 56 EA A2 95 14 D4 
[  538577] ch50 r2 a0: B7 68 8A B5 4D 6A BF FF FE AC A6 18 AD 50 D5 35 49 5E 2C 65 14 4A 4A C9 65 40 A9 54 B7 5E AB DD 
[  538585] ch50 r2 a0: 26 B4 2B EA 8A 4B 56 75 54 6E DC AD 5E 77 CE DD 7C BC D1 52 4A A4 29 ED D5 E5 DA DA DB 59 6F 23 
[  538652] ch50 r2 a0: 53 22 89 51 57 2A 52 10 95 1A 86 A6 A4 54 D1 54 B6 A8 AD 51 9A 95 5A A4 AB AA 94 A6 AD 55 8D 79 
[  538707] ch50 r2 a0: D5 81 56 9A 89 24 8F FF FE AB 4D 2A 51 48 B2 92 45 59 2B 5A AA A2 86 D2 34 B2 94 55 0E E2 CA 66 
[  539081] ch50 r2 a0: 09 52 C2 A2 6E AA 49 48 29 20 AA 00 A1 69 55 21 2A 92 4A B2 83 50 AB E9 D6 AE 6B C4 E7 74 A0 F4 
[  539180] ch50 r2 a0: 92 92 94 CE 18 6A AD 45 55 52 B3 56 BB 95 2B CB 5D 7A 4B A8 A6 AD B9 49 7B 55 B4 56 BA 4B B5 7A 
[  539364] ch50 r2 a0: 00 41 36 DA B3 52 84 69 54 5B 52 AA 66 A8 A2 D2 BD 55 51 55 49 93 4D 6A DB 54 2B 55 CB 65 B0 8C 
[  539485] ch50 r2 a0: 42 69 32 B5 E5 5A DB 14 10 82 15 52 4A AA D5 39 59 5A 55 82 A9 28 29 4A 21 69 25 2D 29 10 9C 32 
[  539511] ch50 r2 a0: AE 31 44 27 68 55 AC 59 55 C6 42 AD 4C 5B 0A B2 20 54 9A 28 24 CA 30 45 A4 4D B2 A6 4C AA 85 0D 
[  539667] ch50 r2 a0: EA 2E B2 EB B4 6A D7 FF FE CA B6 A9 4A 9B 15 8A AA 8A 53 5D 55 1A A9 D5 37 DB 52 B6 72 FA DE ED 
[  539690] ch50 r2 a0: DD B5 53 55 6E AA CA B4 92 AF B3 14 13 58 C5 95 D3 43 14 D4 2B AA A8 A9 32 D6 88 5C 1A AE F1 45 
[  539895] ch50 r2 a0: 4E EA B9 35 D5 6F 2A AC 58 D5 08 42 4A 49 73 41 08 1C 92 AE B4 6A FE B7 AF 6A EE 67 56 52 A6 10 
[  539998] ch50 r2 a0: CA B7 57 4A 5A F1 55 A9 AE DA 97 F9 BE FF 2B 5B 34 CD BB B5 66 AF B6 EB 4B 3D CF F4 99 1A EB 55 
[  540041] ch50 r2 a0: 02 25 20 93 25 4A 2A 8A C8 11 61 08 83 25 60 81 28 B6 DA 92 D5 6E B1 AF F1 AA AD 55 75 CD DB DA 
[  540077] ch50 r2 a0: FF FF F6 E9 AD 14 55 9C 63 61 C9 58 2A A5 77 2D 35 2A C9 2D 56 AB 75 32 B5 F3 5D 65 2D DB DD A7 
[  540202] ch50 r2 a0: DD 35 53 75 6E AA CA F4 90 AF B2 94 33 54 D5 96 D6 43 14 D4 2B AA AC 49 3A D6 88 5C 1A BA F1 45 
[  540374] ch50 r2 a0: 6F 71 D7 AA 9D AA D6 B7 A6 B2 CD B5 76 9C FF AA F7 75 56 C5 6E BD AA 85 34 AA A6 D6 A6 DA 2B 5E 
[  540387] ch50 r2 a0: 05 74 28 D2 92 5B 48 19 FF FF E3 92 52 8A C2 92 50 A5 16 A5 05 49 51 59 0A 28 CA A8 36 89 53 3A 
[  540866] ch50 r2 a0: 15 AB 45 16 A8 4A 55 48 A5 52 A5 AA AA 4A AA 8E AA A5 D2 B5 4C AC 95 32 65 E8 85 DB 44 4A 15 54 
[  540878] ch50 r2 a0: 04 42 21 04 12 44 40 22 41 50 21 52 48 88 10 A4 13 48 A0 44 00 04 22 42 02 44 80 B2 96 C9 4A 59 
[  540957] ch50 r2 a0: AF C4 AD EB 55 DF 57 95 35 6B CA 5D A4 04 08 B7 2A D5 75 DC BB 15 DA 50 B7 D6 EB 5F A5 63 34 2B 
[  541037] ch50 r2 a0: 55 2E 52 A8 52 44 00 44 16 6C 8A A9 09 1B 55 8B 69 75 55 57 57 A9 6F 95 94 B1 82 66 55 CD 4A B5 
[  541155] ch50 r2 a0: 59 28 2C 55 0C 2A 0A 46 40 AA 92 29 25 16 4A 33 2D 97 24 89 09 12 D5 55 9A 91 40 25 51 6D 5B 6A 
[  541243] ch50 r2 a0: A5 46 86 A8 AF 7B 97 9D 5A D6 DA EF BA ED F5 AC D5 5E 6A F9 2D 6A D5 C5 55 AD 7D DD B5 55 52 D6 
[  541262] ch50 r2 a0: 2D 35 72 B0 42 95 45 21 B6 D4 79 29 6A A5 20 8A AD 52 8A AA 48 4B A5 56 15 36 AA D2 EA 4A 90 AA 
[  541311] ch50 r2 a0: 81 49 14 59 11 AC CB AB 5B 2C B6 AB 33 B2 73 EA BD 77 59 6A EB BD BB FE E9 A9 69 9A CE 55 BE E9 
[  541372] ch50 r2 a0: C5 36 BD 54 81 9E D4 CD 4A A8 53 29 0E A9 99 62 14 B5 22 78 92 D2 2A 91 9B 72 6C BD AB 28 CA 8C 
[  541405] ch50 r2 a0: 24 26 95 A5 5B 4A EA 3C 50 55 2C 2A A8 D5 63 A2 89 8A 4C 55 4A A0 B3 6B 54 D5 49 AB 55 15 40 57 
[  541486] ch50 r2 a0: 0A D2 15 50 58 94 89 45 25 28 94 B6 4D 42 D4 C9 B2 62 66 A1 59 2A A2 52 D5 4A 92 21 46 4A A5 56 
[  541549] ch50 r2 a0: 22 21 62 49 62 A5 5F 95 FA FE B7 DF B5 BA BD DA DB 36 B5 12 6A B6 4F 4D 35 AB 6B AE A9 B7 6E 6E 
[  541567] ch50 r2 a0: 42 51 45 A0 49 14 2A 82 90 D1 10 30 A8 91 AA 4D 89 65 49 D5 2A C5 A8 A9 5B 26 AB BD 5D 44 AD AE 
[  541597] ch50 r2 a0: 23 55 56 92 DB 47 90 24 82 9A AD BD 35 5B 55 BB 35 6A 49 67 F0 A2 A5 89 D5 CA 4A 5A A2 DA 4C 84 
[  541607] ch50 r2 a0: BA 8C B4 EB 40 00 00 12 D5 9A 9B 6A E2 69 00 02 0A 8C 88 A2 AA AE 73 6B 55 BA 93 6D 57 BA D3 BF 
[  541668] ch50 r2 a0: 9B 51 2A 5D 12 93 55 56 81 1A 04 24 2D 09 A9 4D 64 56 AA A6 55 B4 AB 51 66 12 AA E2 AB 54 E2 0A 
[  541876] ch50 r2 a0: AB 16 32 AA B1 25 11 25 D5 8A EC AE D6 5A 95 F4 44 D3 12 AC A6 95 74 82 EA B0 A6 1A A4 66 B6 95 
[  541927] ch50 r2 a0: D5 08 94 56 55 49 A2 29 6B 25 09 8B 51 A4 D5 5A 84 92 A9 15 59 2C 88 A4 95 6D A1 4A 8A 91 62 DA 
[  541946] ch50 r2 a0: 19 2A 8B 55 54 2A 95 35 52 8A 49 45 50 5A A2 24 09 5D 2A 5A 23 50 8D CA 85 0A 30 92 8A 89 01 54 
[  541947] ch50 r2 a0: 61 47 2A AA AE D4 75 31 50 65 33 48 86 86 25 00 A8 8C 52 90 2A 75 73 3D E4 52 D1 62 5A AC AC D2 
[  542052] ch50 r2 a0: 89 08 02 94 4A 12 51 20 51 54 4E 95 AC 56 4B 35 CB 55 4B 4A 5B 22 9A 4A A4 AA A5 65 5E 6A AA 96 
[  542077] ch50 r2 a0: C5 6A 8D 44 B4 95 05 44 5A 99 2C 16 18 AB 20 E9 2A 26 65 54 A2 2C 51 10 94 10 15 32 51 20 59 21 
[  542086] ch50 r2 a0: D5 B9 AA 0A 6A 4A A0 86 AC B2 AA 37 15 52 36 04 A9 E4 A9 16 F2 51 BE A5 E2 B9 53 52 B3 FD EF 7D 
[  542137] ch50 r2 a0: 8E A2 92 D1 99 44 8A A0 24 B2 D4 12 A9 14 A4 15 C4 45 60 A2 0A AA B5 A9 62 D3 6A 5A 45 45 51 22 
[  542268] ch50 r2 a0: AA 12 52 2B 24 5B 4D 93 71 65 75 29 55 B6 8B 15 2A AB 23 53 52 8A BD 76 94 4A 52 6A 24 A9 09 49 
[  542347] ch50 r2 a0: D4 A8 97 3D 28 F4 80 95 17 45 AB 2A 96 DF AB 2D 6D D4 59 09 1B 2D 56 5A 46 D2 89 37 D2 AD 65 ED 
[  542377] ch50 r2 a0: B5 14 AD 75 6F B2 01 02 2B 53 34 DA 25 51 2C AD F5 9C 9D 15 AB 8A E8 C5 6E 4F 98 8A 6B 1A E8 EA 
[  542397] ch50 r2 a0: BA A6 95 6A 89 10 80 81 15 B5 DA A9 48 AA AA 5D 4A 99 E2 75 85 2A B9 5D C0 B5 98 86 89 35 5A B6 
[  542417] ch50 r2 a0: AF 83 5A A2 D5 69 4D 79 55 CE A3 5D C4 DD 1B 33 69 B3 76 95 5A AE A3 55 AA 4B AB 89 CA D6 95 24 
[  542699] ch50 r2 a0: 10 42 84 42 08 4A 00 85 02 94 50 82 41 24 2A 90 20 94 10 42 54 60 00 02 40 14 00 41 00 AA 15 32 
[  542784] ch50 r2 a0: E5 2A 55 66 D4 D3 58 55 50 A5 15 6D 45 49 29 51 CC A5 5A BA 96 D6 94 55 55 69 D6 23 CC 48 D3 4D 
[  542855] ch50 r2 a0: 54 BD 7A FC A5 21 98 AC 57 72 62 43 31 2A 9A ED B4 BA CC 96 AC D6 A3 FA A5 54 45 AD B2 FF 4C A2 
[  542966] ch50 r2 a0: AB 52 D3 55 1D EE A5 14 B6 AD A5 D9 59 B6 BD 2A EC DA AA AA BE C5 A9 05 2A E0 00 00 44 AD B7 5B 
[  543566] ch50 r2 a0: AD 4B 42 A9 2A D2 CE 6D 59 AB 69 AA 55 56 2C 49 02 F4 45 64 4B D1 54 41 2A 4A A4 02 85 64 8C 25 
[  543655] ch50 r2 a0: B7 EC F2 CD 4D 3F 5E F3 37 5D 5F 54 75 57 31 55 3A 7D 54 BD AB 79 AA D3 72 AD A4 92 D9 55 F5 7A 
[  543660] ch50 r2 a0: AD 5A 9A 6B 97 1A 2A 6D 4C 55 9A 52 B9 2A CC 2D 54 4F 53 A5 54 AA 3B 4B 22 B4 59 56 B4 8A 94 A8 
[  543788] ch50 r2 a0: 50 58 54 44 81 10 52 09 A2 A5 AA 44 28 88 C4 82 42 05 20 A0 DA 55 19 24 6C B5 02 52 88 4C 87 61 
[  543887] ch50 r2 a0: 8E 8F 79 AD A5 6D 5A A9 4D 2A AE 7B A2 AB 60 B9 4B 5C BD 55 A9 69 56 A9 AE 4A 6D 2D A9 A5 4A A5 
[  544125] ch50 r2 a0: 95 52 29 0D 50 14 D0 95 26 CA 90 11 B2 9C 8A 29 21 11 44 49 04 24 C3 55 0D 54 05 25 29 26 D4 24 
[  544136] ch50 r2 a0: 5A 03 14 6E C6 62 AB 06 A5 F2 53 4E 56 CB 53 25 67 9B 0B 34 C2 B5 85 59 A5 4C 8A 6A A1 AA A9 45 
[  544317] ch50 r2 a0: 42 11 61 59 28 A9 6D 81 41 AA 4A 4A 4C 25 20 00 42 05 42 9A 60 1A 94 8A 20 A9 11 29 02 0A 10 51 
[  544486] ch50 r2 a0: 92 98 11 05 2B 7E EB 52 0A 8A 54 2A 24 28 14 95 29 35 DB 8E FA AD 95 DB 5B 62 AD 5B FB 6D 11 29 
[  544606] ch50 r2 a0: 91 09 24 04 A0 12 48 08 B1 41 4A 45 54 45 22 11 00 02 4A 28 81 08 81 48 52 04 8A D5 05 92 12 8A 
[  544630] ch50 r2 a0: 05 AA D1 54 85 64 A5 B4 4A BB DA 9C 54 AA 6A 96 9A 91 9C D6 BA 6A B2 69 AD 6A D6 D3 64 B5 59 2C 
[  544774] ch50 r2 a0: 82 04 15 44 A5 11 A0 48 21 12 B2 96 12 B0 55 54 10 54 43 88 6A A9 64 45 13 94 99 2C 2C 98 87 25 
[  544829] ch50 r2 a0: B4 22 A8 0B 51 21 0A 32 8A AD 16 2A A4 BB D9 AE C5 5E 6B BA E8 4A E2 0A BD 1B 76 B9 2A 8E F7 56 
[  545290] ch50 r2 a0: 51 2D B4 AB BA FE EB 95 FB F3 57 DD D7 6B 59 34 53 42 4B 06 22 AA 0A 54 90 96 18 52 92 8B 95 9C 
[  545485] ch50 r2 a0: 80 52 A5 2A 28 C6 08 15 49 45 4A 2D 1A 95 0A A7 52 D4 6E 8C 02 A8 B4 AD 56 48 D1 62 B5 DA DD AD 
[  545759] ch50 r2 a0: 90 56 DD F4 95 6A 12 AD AB 54 50 00 82 92 91 20 A0 00 49 50 D3 05 09 47 55 5F 4D B1 B5 5A 4A 49 
[  545952] ch50 r2 a0: 95 48 49 C4 15 44 04 92 CD 4A 78 B2 D8 55 B5 54 B2 4C 6C D5 EB 25 52 20 EA C8 28 D2 AB 0A 25 92 
[  545987] ch50 r2 a0: C2 55 51 50 00 05 00 04 D2 19 2A AA ED 2D 29 22 11 19 51 EC 3A 5A 3A DA A5 66 2A A9 52 26 50 4A 
[  546010] ch50 r2 a0: D2 2B 0A DE 92 90 2D B1 92 C5 54 85 D1 AA 20 42 0C 02 A9 50 1A 95 7A DA AC 44 29 28 DA 63 51 5A 
[  546360] ch50 r2 a0: 25 24 66 4B 4A 2A B0 D6 10 22 15 51 55 10 AA 5A C2 88 AE 57 49 5A AB AA DD 6F 5B 59 5B 25 2A BA 
[  546587] ch50 r2 a0: 89 54 AB 75 DB 7A AD 96 99 BD AA E9 BB A5 4A DA AD 69 56 5B 72 D5 C5 4A B6 A5 B2 35 AD 34 B9 51 
[  546748] ch50 r2 a0: A9 29 64 B3 41 45 2D 21 52 A7 25 25 54 75 55 15 AC 45 2A AB E5 2D 5A 6C C1 1D AA BD D9 6A 54 56 
[  546852] ch50 r2 a0: AA 02 74 68 E9 65 5B B2 99 39 58 9F 7B B7 DE A4 9A 6E 91 B4 EA 52 D2 9B 55 A4 AA EA 9D 32 5D 6A 
[  547472] ch50 r2 a0: B5 55 BE A9 B4 AA A5 56 AD B3 5A AE 6A DA 8B 52 B7 31 55 59 49 AD 55 65 B6 AA B5 53 56 AD 5B 73 
[  547961] ch50 r2 a0: 41 52 05 88 42 25 11 6D 0A A5 45 16 02 02 92 29 20 50 3A 6A AA B9 D6 BD BA 76 D6 B6 B5 B8 8D 55 
[  548139] ch50 r2 a0: 56 A5 06 CA B3 52 B3 2A A4 25 33 1D 23 2A 51 25 50 A9 75 6A D2 14 AC AA 52 DA BA 9D 57 56 C9 29 
[  548143] ch50 r2 a0: A1 4B 2A 59 55 57 53 15 22 4A D9 52 DA B4 8C 55 51 53 6D 4A AB 55 2B 3F D9 AB B5 DD D7 DB 3A F5 
[  548187] ch50 r2 a0: 30 64 24 23 EB B6 AA B5 5B 35 A5 59 7D D5 55 3D 57 56 DE DA 5A AF 1B 6D 4D 56 B5 3B EA B2 EE 96 
[  548199] ch50 r2 a0: CD 58 AD 00 50 2A CB AE 14 A3 52 76 55 79 C0 41 54 68 AA B1 0A 16 75 05 2B E6 66 15 C8 2D E4 66 
[  548222] ch50 r2 a0: 08 50 00 00 04 40 00 40 9A DA D2 52 1A 21 5A B5 CD 3B 94 AB 97 59 FB AA AD 75 35 DA 75 BB 7B 53 
[  548429] ch50 r2 a0: 52 44 A9 56 80 16 2A 45 51 45 16 1C 90 08 95 19 43 22 2B 50 8C A8 15 11 14 A0 54 56 89 8D 82 A8 
[  548699] ch50 r2 a0: A1 40 50 04 94 22 92 A1 52 06 48 82 A1 50 25 42 AA 6A 44 80 0B 59 53 4A C6 1A A4 95 94 4B 89 F5 
[  548872] ch50 r2 a0: 95 06 A6 96 F6 B3 36 B9 6A E9 72 6E 6A BA AD 94 AB 5C AE 55 D5 2A 86 B7 6C AE D6 2F 45 4A BA AA 
[  548898] ch50 r2 a0: 31 52 42 B0 52 D1 62 75 D7 69 97 7A D4 DA C7 AE 56 5D AB 72 54 D5 6D DE B1 64 97 7B A9 DA A9 55 
[  549061] ch50 r2 a0: 4A 05 94 42 AB 6A AD 7A A3 79 7D 27 5A EE AD B5 D5 55 4B BE B9 57 9F 2D DE D3 6D DB AD 7E F7 DD 
[  549178] ch50 r2 a0: 00 08 2A 02 54 05 04 1A 54 11 01 28 51 4C D4 92 32 AA A0 31 53 48 91 20 82 8A 49 00 42 05 21 61 
[  549215] ch50 r2 a0: 42 00 11 AA 69 2C 6B 52 E2 AD 2A 92 4A AA 5A 52 AB 2C D1 5C AD 10 B5 B6 B0 94 48 A4 90 96 72 51 
[  549227] ch50 r2 a0: F3 49 4D 46 9A 54 AA 65 D4 16 94 D2 5C B5 55 75 54 AD 6D 5B 6B 8D 68 DA 95 56 55 C9 A8 A5 6A AD 
[  549479] ch50 r2 a0: A4 10 44 42 45 26 A9 B2 8A 04 8B 65 53 49 35 01 69 55 0A 42 49 6B 2E 18 80 88 12 A8 64 92 2D 58 
[  549716] ch50 r2 a0: C1 32 1A A1 D7 65 60 55 B1 83 2C F0 C6 A7 55 6B 8E B2 B5 35 65 29 B6 E4 B5 0A A6 AA B1 D0 CE BA 
[  549745] ch50 r2 a0: 9A 9A F9 49 58 A5 56 D2 AA 8F 2E 49 65 2B AF D2 63 AA 09 72 DE D9 56 AD AC 5D 53 3C BC 4A AC EA 
[  549964] ch50 r2 a0: A3 5C 88 4F 38 9B 54 AC 96 45 26 AF 14 AA B2 6A 55 5A 4D 2B 14 48 75 41 6C 5A 59 02 A7 52 DA 54 
[  550022] ch50 r2 a0: 22 53 05 10 83 4A A9 C2 47 92 95 0D 4A FA 8C A2 2D 0D 56 2A 55 5C 22 AA 12 AA 4B 57 55 D4 B5 54 
[  550191] ch50 r2 a0: 95 51 24 40 A0 90 0A A0 58 41 42 42 0D 15 55 6A 9A D7 D7 54 B5 67 6D 6E EA DB 6F 6E AD 6D 93 2D 
[  550567] ch50 r2 a0: 01 29 42 B6 CA 48 95 11 10 14 08 00 0C 20 0A 20 A5 38 22 02 AA B2 28 14 40 28 08 05 05 08 84 50 
[  550690] ch50 r2 a0: 56 D5 59 2D 95 58 A6 AB 55 40 AA A5 52 AB 22 D8 A5 50 91 25 50 85 46 52 AB 3A AD D9 6D 2E 53 75 
[  550781] ch50 r2 a0: BB 16 BF 56 BC A5 92 4A D5 43 6D A8 88 3D 49 8A 25 53 BA 35 64 5D 6D 12 E0 4A 94 91 0A 54 4A A4 
[  550878] ch50 r2 a0: 49 5C 87 34 44 A4 AA D4 21 71 95 29 23 49 55 23 D0 A2 A8 EC 82 51 8A D6 25 75 C9 90 D5 1B 3D 6D 
[  550908] ch50 r2 a0: 95 5B 24 A5 12 94 94 D5 69 28 C5 96 4D 0A 40 AC A2 94 94 55 4D 4A AD A3 7C B2 D4 52 91 56 95 59 
[  551051] ch50 r2 a0: 75 55 22 92 D5 E5 B5 68 AD D5 11 11 92 A9 26 56 9A 91 6B 69 AA A3 36 8B 22 92 56 A8 52 AA 65 4A 
[  551127] ch50 r2 a0: 91 A2 A4 AB A9 5B 68 AD AC E5 DF AD 44 E3 D9 92 F5 3D 57 2A D7 74 92 D3 6D 4A A9 9B 2A 25 5A 97 
[  551263] ch50 r2 a0: CD 68 C5 C7 DD AB 6A AB E7 14 56 B5 72 AE EF 62 52 AD 6F B0 B2 44 46 91 9E 8A 02 A4 8A 49 5A 84 
[  551553] ch50 r2 a0: 02 12 57 AF 55 94 B4 53 45 15 AB 4A AD BB 51 55 4B 30 8B 4A 4D 4A 96 AB 4D 2D 54 94 59 0A BA AF 
[  551614] ch50 r2 a0: 28 52 05 25 14 48 60 2A 6C 14 94 50 10 64 4C 42 8C 88 54 4A A2 D2 61 01 19 A9 4A 2A B2 53 52 61 
[  551628] ch50 r2 a0: 92 03 44 55 22 8A 55 D6 99 64 B5 55 69 52 15 AA BA AD 26 4A D5 4A 5A 9B 8A DA AD 54 5B 6E 85 A9 
[  551779] ch50 r2 a0: 96 95 6A 5D 59 4A B5 AA C9 27 56 AA 85 05 04 A1 0C 92 A2 4D 55 99 50 A8 B2 CA 8B 25 69 11 32 11 
[  551780] ch50 r2 a0: 94 CE B5 23 69 90 A2 63 DA 52 6A 62 DA 55 6D 69 51 25 2D 35 5D 59 45 46 56 C5 1A AD 16 A5 C5 8F 
[  551923] ch50 r2 a0: 04 05 4A D4 83 01 65 5B 49 21 28 03 68 A0 B4 35 54 40 03 A4 89 42 44 A0 54 A8 A8 5A 15 15 36 34 
[  552093] ch50 r2 a0: 82 A0 02 00 88 20 06 BA 77 5A 69 55 D4 A5 B6 D5 A5 75 73 2B B5 32 D6 2E 4C AA 49 54 5E A4 AA 3D 
[  552195] ch50 r2 a0: 2E 92 31 4A 48 89 52 2A B1 44 11 4C 25 04 99 52 88 B6 01 5B 55 29 14 42 88 04 44 0A 8E 25 49 0B 
[  552328] ch50 r2 a0: 14 8A 90 2A 28 2A 26 AB 12 48 A8 90 05 42 40 4B 40 14 52 48 04 6D 43 42 D4 4A D5 28 94 50 88 40 
[  552442] ch50 r2 a0: 5A A5 4A 5D 52 8A 29 51 44 4A AA 0A 94 A3 4C 68 42 84 B1 86 65 09 16 22 90 84 52 A6 09 25 94 21 
[  552561] ch50 r2 a0: A4 AA 21 8A 8D 28 9C AD 84 29 2A 44 8A A3 28 A2 88 6C 8A 2A 4A 95 12 64 25 05 61 4A 48 01 00 2A 
[  552926] ch50 r2 a0: 11 25 8A A5 41 84 45 40 15 25 16 16 55 4F 31 58 55 42 E4 5B 73 3B 56 DB AF EC AD 2F 7E 7F F3 95 
[  553011] ch50 r2 a0: EA BD 2A AD 52 D2 2E E9 DF F4 9A EF 95 DB 76 F2 76 EB 6F 5F 5A ED AE CE 7F 55 55 6B F7 D6 D7 AF 
[  553016] ch50 r2 a0: 47 50 82 53 54 45 4A 2C A0 92 B4 A5 5D 0D EA 45 4A A4 4B 69 28 8D 16 A5 15 54 6A 55 A1 9A B6 69 
[  553153] ch50 r2 a0: 56 CE B4 D2 89 4A 96 55 45 14 89 92 45 15 59 6A B7 75 A1 5A 49 DC 46 AD D8 B2 C2 A4 92 90 B0 92 
[  553429] ch50 r2 a0: A2 A5 55 CC 83 1E 88 52 39 09 95 E0 EA A9 62 D9 49 11 45 F4 97 90 96 4B 5B 5C 62 54 30 A3 26 CB 
[  553660] ch50 r2 a0: D3 B6 D2 EE A5 55 ED 4E AE DB B3 77 F8 55 4A A5 7C B5 5B 5D 2D 5D F3 CD 5D D4 6B 5D 1A 2A 9B D7 
[  553869] ch50 r2 a0: B2 CA 54 A2 95 42 2B 15 28 86 96 AF AB 54 EA AA A9 B1 53 35 5A A7 6B 4A A6 D3 BA EB B9 69 B5 54 
[  553931] ch50 r2 a0: A8 A9 6D 52 F1 28 A1 A2 A1 4A 55 43 68 54 AA 65 4E A9 5A 95 6A AB 2E AA 53 2A A9 2D BB 45 56 B5 
[  554641] ch50 r2 a0: DD B5 53 75 6A AA CA F4 92 AF AA 94 33 54 C5 94 D4 43 14 D4 2B B4 D2 ED 7A DA C9 54 9B 2E D2 E5 
[  554692] ch50 r2 a0: 28 55 4A A0 89 55 7B AB AA 3D 3C F6 BD 97 5D 0A 9A B7 E9 57 2E B6 95 6E CB B5 96 EE A9 1B 9B 64 
[  554725] ch50 r2 a0: 52 40 75 6B 5D 5F 69 AC 56 E7 DD 6E 9B 55 2A A4 B6 BC BE AB AE D7 54 98 94 52 B1 52 A2 B2 59 4A 
[  554752] ch50 r2 a0: 54 B5 2C A5 42 AC AA 16 DB 4D 65 57 D6 A5 AA A5 55 A6 B5 1A F6 DC 6B 76 BC F5 5D 54 AE AA DD 4A 
[  554957] ch50 r2 a0: 35 6D 35 EA A2 90 20 48 A1 4F 2E 82 C9 B2 A9 55 6B 94 A3 AD 6D 45 6A 55 6B 52 56 96 85 15 4A 74 
[  554981] ch50 r2 a0: 66 D2 C6 62 AE FF F8 2A 88 54 29 0C CA AA EA 42 A9 95 2B 29 51 88 61 55 5C 56 A2 A8 AA 72 11 50 
[  555010] ch50 r2 a0: 49 22 45 54 AD 2A A9 35 22 17 7F F9 10 25 14 4B BF D7 F7 BF BA 76 45 A9 52 92 62 0B CA 0A 92 A2 
[  555151] ch50 r2 a0: 5D CF 45 6B 55 D9 55 DA AE DC 71 AA 28 B1 AB AE E5 BF EC CF 59 2E A6 ED B5 2D D6 FD 56 45 50 00 
[  555186] ch50 r2 a0: 6C A2 C5 96 5A A5 A1 11 25 14 A3 12 68 86 A2 52 52 22 AC D7 36 9C DB 6A DA 0A 32 B5 15 4A 95 13 
[  555481] ch50 r2 a0: 8A 4B 44 28 8B 5A 55 50 A2 24 D5 94 51 5B 12 58 A8 51 AA D5 22 8A DA 35 AA 35 31 54 ED 7C 55 4A 
[  555653] ch50 r2 a0: C4 F5 49 A5 6C E3 4A AD B2 6A B5 35 CA CF 4A 2D 2D 4D 25 2D CA 89 B7 65 51 9D 4A 6D 5A A4 96 A6 
[  555799] ch50 r2 a0: DA CF 55 6B 5D 59 75 DA AE DD 55 AA 28 B1 A9 AE E5 BF EC CF 59 2E A6 ED B5 2D D6 FD 56 45 55 3A 
[  555811] ch50 r2 a0: AD 35 45 65 68 55 AE D9 55 D6 42 AD 4D 5B 4A B1 10 2A 5E 14 16 65 18 22 D2 26 9D 52 A7 55 4A 96 
[  555830] ch50 r2 a0: A0 13 14 4B 64 52 38 42 62 18 44 54 9A 10 A9 11 4A 06 44 93 5A 54 94 21 51 11 14 8A A1 55 AC A7 
[  556142] ch50 r2 a0: 44 15 22 AA AB 68 A9 6E D2 95 52 DD 5F 55 5B 2A 45 9A CA 7E DA B4 02 D5 45 E4 E3 5A 52 94 40 2D 
[  556366] ch50 r2 a0: 55 44 A1 54 41 34 82 D1 16 91 5D A4 D5 52 35 66 29 41 A0 B2 A5 53 25 06 C8 80 95 51 2C 6A B5 5E 
[  556613] ch50 r2 a0: A0 90 8D 76 88 8A 5A A8 8A A2 94 90 4D D3 52 C9 09 29 55 E2 A9 39 15 56 95 51 58 88 A0 88 14 25 
[  557040] ch50 r2 a0: 93 51 1C D2 90 90 32 55 A9 45 55 D2 DF 2D BA BD 96 D9 B6 D5 ED DD AF F5 7D B5 5E ED ED 6D FD E9 
[  557053] ch50 r2 a0: C3 94 4B 92 0A 6B 68 AE F5 C7 4A 2D 6F 29 B2 A9 55 A8 B5 56 ED E6 A9 37 75 CD DB 9D E5 4A D5 58 
[  557303] ch50 r2 a0: DD B5 53 55 6E AA CA B4 92 AF BB AA D5 1D 55 B5 43 49 19 5A BB AE AC 49 32 D6 88 5C 1A AE F1 45 
[  557421] ch50 r2 a0: 69 55 2A 12 D5 53 A1 69 29 52 76 44 83 95 85 A4 1B B1 BA CA 73 54 AD 59 B5 A5 DA AD 5B 59 4B 6B 
[  557535] ch50 r2 a0: 94 96 58 B0 49 23 52 F5 B6 6A D5 BB 2B 67 AD 51 5B AA AA FE BB B5 6B EA A9 4A 9A 8B 64 BF AF 96 
[  557557] ch50 r2 a0: 14 DD AE D5 52 48 EE 56 9B A7 DD 5A BA 93 2B AC 5A 41 BD 96 96 15 45 35 93 5B 11 52 8A E4 55 34 
[  557812] ch50 r2 a0: 66 56 AA A9 2D 24 55 29 52 AB 2F 1F AD C9 17 AA DF 75 9D 7A D5 D7 BA F5 BA EA EE AE DE F5 5E F5 
[  557815] ch50 r2 a0: AA C9 55 2A 82 54 50 28 2A 76 EE CB D7 7B FD 77 76 DF 6B BD DB BF ED 7E BE AB 73 AE 7F F7 5A AD 
[  558387] ch50 r2 a0: 00 40 14 29 09 28 22 05 12 05 00 40 A8 02 50 94 82 10 40 82 2A 05 10 84 04 90 22 85 0D 10 50 90 
[  558430] ch50 r2 a0: ED 42 9C 40 00 00 00 08 95 6A 55 4D AD B4 AB 75 77 D8 2A DB 22 A7 D7 6D 55 6B 75 D7 6A B6 B5 5A 
[  558518] ch50 r2 a0: DD BA B3 6D 4D 5C D5 B5 DB 7B BE 76 AE 56 57 EB 77 5C B6 55 9A AA A5 AD A5 26 EA AB 53 29 4D CA 
[  558617] ch50 r2 a0: B4 A3 75 4A D5 DD 56 A9 6B 54 B6 FA AB DB B5 76 D5 59 DA 72 B4 9A AB 6D 6D A4 B1 27 67 69 93 65 
[  558944] ch50 r2 a0: 56 16 04 00 08 C5 09 74 12 B0 90 82 48 58 03 B9 B6 A5 55 5A A5 29 AD 59 5A 94 AA CF 4B B6 6E D3 
[  559213] ch50 r2 a0: 92 59 CD EC 95 6D 5A AD 4D 28 1A C2 17 26 B6 2E C4 74 D3 45 56 91 BD 2D B3 D7 49 28 4C BD AA 05 
[  559317] ch50 r2 a0: 90 05 2A AE AC 97 56 8B 48 54 95 6B AE DA B6 53 4D 97 54 95 52 CC D2 AB A4 A2 BA E5 13 75 48 D4 
[  559370] ch50 r2 a0: 20 00 40 82 54 82 A9 2A BA D9 72 D5 F5 2A A5 56 6B B1 4C A3 59 E2 B7 34 A8 B2 C4 96 5E 14 4F 3E 
[  559913] ch50 r2 a0: 94 C9 64 BA E4 2B 52 AB AD 25 AC 2A C5 50 5D 2A 4A AA 55 56 92 A3 52 EA 86 D5 B5 66 A6 98 93 2D 
[  560299] ch50 r2 a0: 53 A4 85 A4 0A A9 49 25 19 40 AB 2A A5 6C 95 91 45 B2 5B 51 2B 55 55 55 55 AB 6A AA 4D 29 A5 76 
[  560426] ch50 r2 a0: 52 93 4D 42 31 20 22 DB 69 E2 4E 96 54 4D 45 50 AA D6 29 2A 8C A2 2A 92 AA 95 D6 B9 D1 56 D5 E6 
[  560500] ch50 r2 a0: 55 55 2A D5 B5 4E C4 AD BB 4A 6A 6D 2D 5E B3 BA 8A 76 5A CF 4A EE 5D 53 6F 55 ED 91 5B 12 A6 84 
[  560520] ch50 r2 a0: 68 B8 2C A1 4B 54 AE 95 54 13 25 00 84 32 91 2D 14 6B 5A 12 00 62 AE D5 B5 2F D2 AE EF AC B7 6E 
[  560648] ch50 r2 a0: 08 10 94 24 41 04 08 A0 A2 54 4C A4 AA 22 51 40 88 25 50 0C AB 6A DD 52 65 DA A3 C3 4A AA 97 B5 
[  560745] ch50 r2 a0: B5 92 B5 7F 5A B6 5F 55 7D 5D BA BD FB BB E9 55 A5 2D 5C 92 AD 49 35 5E 96 B2 14 B5 6A B3 98 2A 
[  560750] ch50 r2 a0: A6 B5 72 D2 C9 2A C8 43 53 84 51 23 EA 68 AA A8 49 64 54 04 A8 AB 2D 28 AE 95 AA AD 62 FA 54 AA 
[  560786] ch50 r2 a0: 84 A1 00 C0 00 50 29 44 08 BA 81 25 0A 55 33 21 48 5A A8 72 A4 A1 4A 1E 14 14 51 01 42 34 90 20 
[  560900] ch50 r2 a0: A2 95 4C 88 22 C8 55 20 80 83 25 22 51 2A 51 72 24 13 46 62 85 16 2A 0A 52 11 55 88 AA AA 8A 9A 
[  560931] ch50 r2 a0: 29 7A AA 52 88 2A 92 AA D6 AA F5 36 4A D7 5A 92 44 C4 16 A2 A8 A5 55 11 51 44 23 45 45 55 23 94 
[  560973] ch50 r2 a0: 95 00 17 CD AC 75 A6 DB 29 B7 AD 7D 7D A9 D3 5E CB 6E AA FC A7 D5 6F 4A BA DC 76 D5 6D 55 52 AA 
[  561431] ch50 r2 a0: 59 25 55 49 22 40 36 B2 D5 28 A4 AA 94 2A 4A 54 C9 25 1A 96 AA 2A 52 92 A4 52 A5 26 8A 2A 8A 3A 
[  561528] ch50 r2 a0: E4 ED AB 28 5A AA 56 9E 5C AB 56 15 54 92 EC 8A CA A5 56 AB 59 36 AA CC 3A A5 D5 B5 AA E5 75 CA 
[  561708] ch50 r2 a0: CD 54 40 CA C2 84 9A 54 28 A7 2A 24 D3 55 C5 35 46 AA EE B1 24 A3 72 D4 AD 46 94 A9 4A 95 69 56 
[  561717] ch50 r2 a0: A9 0D 08 96 54 95 49 A8 3A 52 91 96 42 80 CA AD 4B 3A 4A 5D 4A D2 A4 AC 85 25 E1 55 A7 5A 55 A3 
[  561855] ch50 r2 a0: CA 55 DD DD 2E 2A B5 B7 73 6C 9D BB B5 16 ED 68 6A AA FA D6 67 37 52 B7 6D 54 96 97 3C A1 BE EC 
[  562195] ch50 r2 a0: 00 2A 4A 4A A5 20 4A AC 42 D5 14 52 93 44 89 44 9B 0B A4 24 B4 4A A1 54 40 D2 15 88 31 59 50 05 
[  562263] ch50 r2 a0: A4 AA 94 A2 23 50 84 D9 2A 49 22 41 24 A4 A5 08 80 1C DD FA ED 36 D7 7F 77 A6 4A BD 57 B7 57 37 
[  562266] ch50 r2 a0: 68 A6 28 02 40 22 44 55 16 55 32 AA A9 25 2A EA AA AA B4 52 B5 62 AA DD 6E A2 AA 95 4D A9 55 AD 
[  562274] ch50 r2 a0: 84 8A 8A A6 2A 8A AA 12 A2 D5 2A A9 0A 35 09 75 4B 21 14 98 D6 85 49 A2 19 2C 12 94 D2 A9 54 CA 
[  562279] ch50 r2 a0: 31 0A 54 81 50 14 A4 4A 05 21 49 09 4C A2 A4 95 90 05 44 2A FB 54 AD 2D B5 AE 69 44 35 AA D9 A6 
[  562993] ch50 r2 a0: 45 24 96 A8 52 96 B5 29 28 8D 29 1A 42 50 6A A1 25 49 4A 2A 54 D5 57 45 2D 5A 66 A7 35 B5 12 DA 
[  563596] ch50 r2 a0: DE E6 A8 8A B6 2A 2B 55 2A DC AA 95 4A 95 55 A5 29 41 8C D6 57 55 B5 56 5A B0 A6 9D 55 5A F6 97 
[  563612] ch50 r2 a0: DA B3 6D DA 96 5B 44 DA AB 54 9B B6 89 69 D9 BB ED 6A F6 FC 9B 31 3B 2A F5 51 7A EB 4B AA DE B5 
[  563864] ch50 r2 a0: 9A 35 55 13 28 C5 1B 59 AD 29 4D 51 BA A0 8B 49 49 3A 54 AA AD 23 12 11 2A 54 29 D6 16 A8 56 11 
[  564131] ch50 r2 a0: DA 6A B5 55 22 1A 53 75 49 2C BB 4D 76 EA A7 B5 D5 BB 3C AE BD 1A AB 2B 6A B6 55 6B 2E A5 6E AA 
[  564268] ch50 r2 a0: 80 40 02 01 04 50 00 88 24 C5 28 48 40 00 25 20 A0 20 08 50 00 93 C2 00 29 08 48 28 88 24 14 44 
[  564666] ch50 r2 a0: D1 A6 A2 95 2C 2A 95 B7 77 AA F5 DE B6 DB 55 7A A8 CD 4F 6B B5 B5 B5 4D 6A A6 C9 2A 9A 6D AA D5 
[  564681] ch50 r2 a0: C8 81 20 49 44 21 01 30 31 55 FB 29 4A A5 31 55 54 B4 94 6A BA 6A 9B 55 75 62 35 7A BA BC 2C A1 
[  564699] ch50 r2 a0: 52 A9 2B 9A EA 50 A5 56 D4 CA AA 52 AA 4D 70 CA 4A D5 75 55 59 C9 06 8A B5 A7 6B 2A D2 54 82 1B 
[  564798] ch50 r2 a0: 44 AA AA 6C A9 5A 44 6C 95 C8 26 4D B0 D5 B5 14 AA 24 E2 48 A4 A8 96 93 61 22 AA 58 55 5A 54 5E 
[  564825] ch50 r2 a0: 19 44 52 AC B1 29 15 52 4B 45 29 02 AE B5 BD F7 EF BD 56 B5 15 95 93 D2 9B 90 52 57 64 94 94 0C 
[  564885] ch50 r2 a0: 28 A8 52 AA 26 83 14 A2 42 D2 0A 29 AB A4 AB 3E AD 76 B7 A8 AA AB 76 36 A9 4C 5B 6A 27 6A 52 EA 
[  564960] ch50 r2 a0: 12 94 00 52 4A 98 78 50 A2 B5 5D 52 8B 96 42 B9 AA EA B2 49 2A 85 51 43 21 95 08 D0 1A 85 51 2A 
[  565037] ch50 r2 a0: A9 14 29 47 A4 54 A8 69 2B AD C5 29 4D 49 34 29 57 2B 5A 92 29 54 0F B2 B1 FC F5 BE 4D E5 5E AA 
[  565077] ch50 r2 a0: AA A4 51 0C A0 B5 05 4A 50 A5 25 29 24 5D 09 51 25 56 9A 90 A5 16 A4 56 54 A3 52 A0 89 12 F6 BF 
[  565415] ch50 r2 a0: 28 44 0A 22 B5 91 94 EA 53 5D 24 CD 9D 27 53 F5 0A 54 A5 65 CB 99 5C AC A5 CA B5 31 56 AE EA A5 
[  565693] ch50 r2 a0: EB 7A AA 57 A7 3E AD D6 AA 53 5B ED EA D5 4D 65 EC 3A 5D D6 A9 E6 D5 6F A9 A2 53 AA BA B5 5A BD 
[  565788] ch50 r2 a0: B6 4A D4 6A F6 FC AB BD 8A A8 AE B6 EF A9 55 5A A8 D5 9B 55 5A BD 55 6A C6 AC EB 6B 74 D4 95 54 
[  566222] ch50 r2 a0: CD 52 61 8A 42 9E A1 A3 49 0B 29 1A 30 21 50 28 26 AD 23 45 62 44 15 20 88 05 48 8A F6 89 10 28 
[  566342] ch50 r2 a0: B2 9A 56 CB 6A AA A4 95 74 CC A2 29 1B CB 0B AB C5 50 7C A8 B5 A4 B5 37 52 4A 47 3E 25 B2 D4 AC 
[  566393] ch50 r2 a0: 88 AB 56 92 A5 D5 45 4A 24 90 2A 85 58 AF 95 6A 64 15 53 52 DA 1A EC 53 66 6B D6 C4 94 C6 BA D5 
[  566426] ch50 r2 a0: 96 23 94 D2 9B 20 73 85 43 4A A5 94 A6 14 82 72 88 85 92 14 D4 42 A9 5A 8B 75 72 53 AA BD 1A D1 
[  566512] ch50 r2 a0: 8A AD 21 51 49 48 15 2A 84 8A 08 51 51 46 93 08 B4 90 52 4A 29 26 91 91 55 12 CA 26 AA CD 6B 55 
[  566828] ch50 r2 a0: 20 A9 0B B0 88 21 A2 2A 0A AA 94 94 29 25 56 5D 4D 29 3B 75 6B 85 5E 6A AE 6F 56 9B 55 AB FE CD 
[  566855] ch50 r2 a0: 0A B5 40 94 46 9D 58 46 A4 9D AA 9F 55 77 66 58 C2 2B 6B 0A 8B 56 8A EE 6D BC 65 B5 10 B0 C5 51 
[  567186] ch50 r2 a0: 44 25 4A 8A 8C D2 33 5D 54 CC 9C B6 AE EC AE AB D6 D3 45 5A F5 7D D5 5D E5 7F 97 EF BF 73 F5 F7 
[  567253] ch50 r2 a0: AC 54 D8 28 D2 94 64 10 45 2A 02 09 42 12 90 A5 12 89 02 14 A8 12 A9 51 61 A5 29 08 A1 51 25 42 
[  567402] ch50 r2 a0: 62 52 85 AF 69 28 B2 BF 34 DA BA 9A 56 A7 25 64 52 AA 6C 71 25 CA B2 B5 95 75 92 B4 CA 4A AA AD 
[  567498] ch50 r2 a0: A6 17 68 3A 93 31 34 74 D0 A3 D2 6A 5A 2A 31 68 AB 27 2A 25 61 6A 2A A8 2A D6 D2 92 54 89 4C B3 
[  567746] ch50 r2 a0: 52 B4 AD 35 49 BA DE B5 F8 A6 51 FA AC 66 56 59 68 59 56 98 CA 95 52 85 B9 B2 8E A8 D1 6D 3A 69 
[  567760] ch50 r2 a0: 45 4A 6A 54 AC 9B AA BA 4B 2E 95 4C AB 07 57 FF FA 95 DB 0A CB FF F7 F5 AD 91 0C 8A AA A8 25 A5 
[  567907] ch50 r2 a0: AE 56 50 0A 44 92 25 05 44 A4 B2 55 0A 50 91 9A 96 83 0C 00 A1 2C A4 B1 52 CB 29 28 96 94 48 2A 
[  568022] ch50 r2 a0: 64 D5 08 89 05 5D 9A 95 67 2A D5 70 E5 2A 2A D1 A5 5A B5 2D 92 4A 15 59 12 95 DB 5D 39 12 DA C9 
[  568143] ch50 r2 a0: AA B1 30 29 55 6D E6 09 53 3C 8D 28 55 A9 6D 3B D5 95 54 9A 89 4C D4 AB 4C 63 AD 20 A6 A1 74 6A 
[  568158] ch50 r2 a0: C0 D1 4B 48 26 9E 54 A5 14 C7 55 55 6B 29 DA 35 AA 42 AA AB 55 56 B5 51 A0 3E AB 62 29 52 AE B2 
[  568233] ch50 r2 a0: A9 2B 54 92 92 48 A1 28 65 19 E9 54 54 96 92 18 AA 89 DD 64 D2 25 6A C5 3B 1A 56 EB AD 55 25 57 
[  568243] ch50 r2 a0: 89 09 49 4B 77 7E 0A 52 11 60 D4 49 29 14 89 13 57 AD EA B5 6A DE D7 5F 77 6B DB D2 B6 59 27 B2 
[  568252] ch50 r2 a0: 3B 72 B6 4F CB 55 B2 59 1B A8 55 2B 5A 4A 44 D8 2D 2A 92 C9 9A 85 4A D4 2A 85 B3 24 A0 A0 98 A1 
[  568437] ch50 r2 a0: 84 11 29 53 2D 42 40 04 2A 45 22 A5 A0 46 A5 12 97 52 90 51 54 BA 54 45 45 31 08 A0 88 E0 28 92 
[  568530] ch50 r2 a0: 24 D5 A5 21 46 CD 0A 92 51 26 A8 B2 A4 2D A0 85 01 B8 A2 A9 6B 89 49 45 8A 46 5A 95 12 B0 2A F8 
[  568535] ch50 r2 a0: 94 84 54 42 94 98 95 40 89 1A 95 24 31 45 92 B6 AD F5 EB 55 52 66 D5 9C 96 53 55 55 28 AA DB 86 
[  568564] ch50 r2 a0: B0 90 A0 95 42 8F D5 AD 6B 36 AA B5 2E D2 A9 55 5A B9 DE 95 73 5A D6 46 8D 59 D1 B2 97 5A 5E 75 
[  568569] ch50 r2 a0: 05 44 E0 14 20 82 91 20 A2 8A 95 25 25 95 14 A4 A2 A4 A2 A8 D2 40 0A 88 89 10 A8 29 88 2A 54 12 
[  568570] ch50 r2 a0: 52 A0 12 1A A2 4A 84 92 CD 12 94 AC A5 53 08 28 04 4A 11 44 A4 2A A2 55 41 34 13 45 25 4A A2 A3 
[  568596] ch50 r2 a0: 55 68 29 4A 57 AA 8A AD 5B 6C 4B 7B B4 A9 2A B2 AB AE FD 45 45 95 26 51 88 45 4A 1B 4A AA 10 94 
[  568806] ch50 r2 a0: D3 56 A8 6C 95 35 5C 56 55 52 A4 54 95 29 21 25 4D 49 56 B5 6B C5 95 6A 6C 92 4B C8 4A D6 B2 69 
[  568818] ch50 r2 a0: C8 15 8A 89 5A 09 51 13 55 CA AA E7 A9 56 D0 AA AA 95 55 49 B5 A9 D4 3C AD 51 F9 85 6A 4A 56 B5 
[  568855] ch50 r2 a0: 34 97 48 95 52 AA DD 5A 96 D6 2C A4 74 A5 51 44 AB 64 55 95 05 31 B5 55 53 2D 64 AB 23 5D 4A 2D 
[  568924] ch50 r2 a0: 6D AA C9 15 1A DA BA A9 AA 95 3A 96 B5 4D 9A B3 66 C5 6C BA A4 D4 22 95 AA AE A9 A5 AD 6D 69 7A 
[  569308] ch50 r2 a0: 10 A8 09 5B 78 C9 AB 65 73 11 EA 71 D2 09 69 4B 89 01 51 37 A9 0B E8 AA B5 28 94 AA AA 64 A0 91 
[  569332] ch50 r2 a0: 50 91 33 6A 29 43 A5 AB 0D 25 3A 4C CF 2C 66 B5 28 D7 6B 53 59 44 28 B4 AA 60 2D 82 16 A9 4A 0C 
[  569425] ch50 r2 a0: A9 55 44 35 24 15 35 2A 51 55 25 09 09 25 09 B2 09 29 50 2A 22 09 0A DB 68 15 52 F5 EA AE B3 25 
[  569796] ch50 r2 a0: DD B5 53 75 6E AA A6 BC 0A AA AA 94 33 54 C5 94 D2 43 14 D4 29 ED A5 DA F5 B5 92 B9 36 5C A5 41 
[  569834] ch50 r2 a0: 91 2A B2 52 AD 4D 96 CD 59 67 59 6F AE A4 D9 6F 3A 6A EB AD 66 6B 54 AB 55 7B AD BB 55 75 4D DB 
[  570014] ch50 r2 a0: D1 50 28 01 11 05 2A 55 42 12 A9 0E 75 24 10 92 08 94 16 A2 C9 28 B1 00 A8 89 68 28 86 92 13 AE 
[  570159] ch50 r2 a0: 88 D5 75 2B 9F 65 D5 6A 54 93 DB 55 54 17 55 66 AD E1 92 59 22 C2 D4 55 23 55 15 5B 77 9A D4 BA 
[  570162] ch50 r2 a0: AC 25 34 AE 14 B4 A9 56 B5 B5 65 D5 95 B2 EF 5B B7 56 B1 69 52 D5 46 5F A3 99 F5 EA 49 B5 BF F7 
[  570512] ch50 r2 a0: D6 CF 55 6B 59 54 74 CA 2E D9 B5 AA 2A B1 AB AE A5 B7 EC CB 59 2E A6 ED B5 2D D6 DD 56 45 55 6B 
[  570681] ch50 r2 a0: 44 2C AA 95 21 32 95 65 2E 8C CD 52 B5 68 65 28 58 C8 95 D7 38 D6 2B 5A 6C 23 22 8A A7 0B 42 CF 
[  570718] ch50 r2 a0: AA AC AD A2 A8 AA FA A4 54 99 34 65 2D 0A AE 74 29 54 ED 6D 1A D2 35 A9 A4 AD F5 71 2D 4A 5A 42 
[  570778] ch50 r2 a0: 25 54 8A B4 54 5A A5 6A D5 55 B5 54 99 AB 36 F5 4A D7 8A D5 6B 75 55 5A BA A4 AD F4 95 D9 4D 6E 
[  570858] ch50 r2 a0: 41 25 55 1B 89 0C 52 4A 56 29 26 A1 55 6C 20 C1 D7 59 4A 95 24 12 65 32 D9 6A FB AE 9D 66 D7 6F 
[  571021] ch50 r2 a0: 85 A2 14 24 94 12 05 42 A2 45 42 49 25 06 A4 94 A0 89 62 05 1B 47 95 4A A9 13 AB 55 52 ED 6E B3 
[  571143] ch50 r2 a0: AA 53 51 14 AA 52 86 B5 28 AB 2A BB 9F 76 26 DB 6A F5 65 6A AB 2D CA B5 55 51 4A 85 48 42 8D 72 
[  571242] ch50 r2 a0: 48 A8 AE D4 DD CD DF 56 FB 75 4A 9B 6A B1 5A BB 93 55 56 93 69 85 6A 51 D9 AB 5A 75 4D A7 54 D1 
[  571299] ch50 r2 a0: D5 AF 4D B5 A5 52 BB 53 D3 AA 4A F7 7B D4 97 59 4A AA 75 19 5C AD A6 A1 92 CB 54 D5 55 5A 49 74 
[  571304] ch50 r2 a0: AD 6D 77 55 6D 75 4D 6D 2A 8A 6D 8B 52 FC D5 60 D6 AA 52 9B D9 CB 19 52 6A BA 95 75 57 ED AF 55 
[  571342] ch50 r2 a0: AA A5 1A C8 AD 54 AB 5C CA 26 00 15 45 15 D2 AB 84 AA 5F 7B B5 54 DC B6 CB 37 55 56 D6 D1 CB D2 
[  571614] ch50 r2 a0: B4 09 42 D4 A2 0A 2A 85 24 AA D4 28 A6 24 21 A8 C2 A8 55 35 82 2B 5B 42 28 15 54 51 55 BA AA 85 
[  571721] ch50 r2 a0: AB 16 A2 A9 44 49 3E 8A 01 2D 4C 2C 59 AA B6 DC A2 BD 35 BB 56 B9 29 A6 B5 52 6B 74 7A B4 95 58 
[  571858] ch50 r2 a0: A5 AA 35 59 6A 85 2B C6 A5 29 B5 55 BE B5 6F 2E E4 B6 B6 B4 AA F6 D7 55 72 B3 57 D2 A5 ED 7A FB 
[  572526] ch50 r2 a0: 64 28 99 49 06 52 E2 34 22 A1 44 C4 8A A1 6A 89 54 AA 20 45 5B 17 55 4B AB 0C 12 10 A8 4A 24 C1 
[  572575] ch50 r2 a0: 8E AC 89 0D 50 55 25 22 84 49 52 A4 A2 A8 34 28 14 46 00 AC 52 90 42 AC 5A B4 92 8D 96 48 AB D8 
[  572597] ch50 r2 a0: 20 D1 43 22 C8 A5 4A 62 15 44 68 4A A2 8C 21 21 55 44 24 32 28 0D 02 01 11 48 42 28 44 30 A4 01 
[  572612] ch50 r2 a0: 15 44 A2 01 08 92 28 89 47 4B D5 89 2B C4 51 15 56 AB 96 A2 76 93 59 0A E4 DD 2C CD BE 9D A4 AB 
[  572697] ch50 r2 a0: B1 97 A4 A4 AA 45 5E A5 2D 62 D5 6A 4A A9 A9 25 25 9A AD A9 5B 6A 4D 52 EA 6A AD 51 48 A5 B3 94 
[  572862] ch50 r2 a0: 5D 2E AD 3C D6 FD 55 7B BF DD D2 44 EA D7 5D 7C D5 7E E9 D7 B9 F7 71 BB 5B 55 AC ED AB B6 F6 AB 
[  573018] ch50 r2 a0: 1A D1 42 99 C3 14 D0 D5 5A 5A 02 8A 21 54 26 56 AB 16 97 57 6E AA B5 6D 96 A9 4B A5 D6 95 D2 AA 
[  573172] ch50 r2 a0: AA CA D6 2B 6C D4 AF 9D 2A 2A B5 49 0D 56 52 53 25 95 53 7D 22 D4 AA EA 56 E5 46 AA D1 E8 A7 79 
[  573517] ch50 r2 a0: 08 C6 A9 09 29 23 34 BB AA 8A B5 42 61 5A 8D 77 55 DE 35 AA 8A 55 5A 85 24 A1 3A 66 6A DB 21 B4 
[  573689] ch50 r2 a0: 22 45 45 20 14 89 52 52 D4 8A A9 1A 28 D0 22 51 90 A9 54 A6 54 88 8A A9 6B 49 6B 8A 6E 91 AD 65 
[  573758] ch50 r2 a0: AD 45 AA 99 48 E9 76 95 64 A9 2B 4A 50 AB 26 90 C9 C7 92 4B 12 24 22 A9 53 28 ED 92 5B 55 50 AC 
[  573796] ch50 r2 a0: DE B6 92 5B DC D5 DB 59 2B A5 A7 75 A8 AD 55 75 AD 75 9A BE EA 69 6A B2 BB 55 6D D6 A9 52 75 45 
[  573859] ch50 r2 a0: 46 54 A9 12 03 28 D1 57 1E BB 2D 5F 56 97 5B 37 53 55 7F 77 B4 92 EC D5 5E AC D5 A5 9A D5 6A A3 
[  573903] ch50 r2 a0: 8A 86 61 1A 90 B9 58 CB 12 A4 95 49 93 AC 58 4C 99 58 A9 38 A9 95 51 55 81 25 45 61 48 BA 62 90 
[  574000] ch50 r2 a0: 90 2A 52 56 D0 02 34 54 12 88 22 41 60 5A 04 24 AA 3B 44 88 B5 11 91 24 86 6A 18 4C 0D 32 A5 24 
[  574049] ch50 r2 a0: AA 45 15 52 E2 8B 64 84 59 76 69 89 4D 55 2A AF 56 51 0B 4C 2C 52 6A 2A 52 B5 25 28 25 A4 AD 45 
[  574228] ch50 r2 a0: B5 4A 54 55 72 D6 DE EB BD 4B A5 AD 5B AA D7 F6 AB AC A9 BC 9A D6 F2 CA 95 31 49 A2 50 68 4E 55 
[  574251] ch50 r2 a0: AD 02 29 44 45 69 12 53 F5 2A AE B6 FB AA FF 5F FA 95 53 7A 26 49 32 AB DE DB 6F B7 AD AB CD 6D 
[  574353] ch50 r2 a0: 71 AE AF 3D 49 AA F7 14 A6 B2 A2 95 12 E6 AA AD 45 51 4A AA 9A AC DB 64 6A AB 7D 54 A5 92 B5 5A 
[  575133] ch50 r2 a0: 6A 96 B2 1B 00 52 2A A9 56 AA AA AB 52 AB EE DA A5 45 AB AD 52 EE D9 56 B5 2B 95 55 55 4B 2B 6A 
[  575171] ch50 r2 a0: B5 A9 2A EA 75 DA 3B F5 D6 D7 15 CF 6B BA EA B2 9B 54 8D 12 52 28 48 AA 1A C5 55 22 52 2A 5D A1 
[  575209] ch50 r2 a0: 09 4C 52 95 0D 29 35 85 55 5C 6D 75 24 48 92 A6 AA AA 85 4D 95 A5 66 BD 95 69 D2 AD F4 39 B5 FB 
[  575220] ch50 r2 a0: 99 41 20 80 3B 02 2D 44 5B 42 68 5A 42 CA AD 29 54 0A 59 02 92 DE A9 59 52 50 EB 56 5A A9 56 CA 
[  575352] ch50 r2 a0: 90 E2 45 09 90 64 95 A9 55 4B 51 30 14 A2 82 84 AA B5 44 AA 88 A1 36 A8 AA 94 EB AD 5B 4B 57 AD 
[  575357] ch50 r2 a0: A7 D4 A8 C5 56 84 AA 09 A8 B4 40 A5 50 A6 39 6A C9 03 24 C8 A2 34 50 A0 2D 0C 55 3A 8A 03 55 6A 
[  575385] ch50 r2 a0: C4 5B 64 6A 95 4B 2C 74 2C 57 A2 B2 A4 95 A6 AA 88 F7 4F 5A CB 5B 74 F6 B4 95 72 53 14 DD D7 FF 
[  575766] ch50 r2 a0: 96 CE ED B5 55 AA D6 AE F3 6E 4A B3 5D 54 AA 54 D5 A5 1A 2D 75 54 51 5B 7A D5 4A AA 54 48 A5 55 
[  575789] ch50 r2 a0: AC 50 80 B6 10 D1 50 A4 45 50 2A 8A AA AA 92 A2 D2 99 DC DA D4 54 B3 5A 8B 6A 95 10 F2 C5 49 48 
[  575811] ch50 r2 a0: 36 2D 25 46 09 55 4C 50 45 21 22 2A DD 73 A4 A5 5B 77 12 5A D5 5A A5 E9 76 99 54 D5 8E 52 05 8A 
[  575834] ch50 r2 a0: AB 56 DF 2F 74 BF D5 EB 4B 59 7D 9A D1 2A CD 4B 31 36 A4 C7 69 55 B7 6E EF EF EE AC EA E2 B7 46 
[  575988] ch50 r2 a0: 22 F2 D5 6B 85 4C 34 85 45 34 C9 24 CA 85 13 AA A5 48 59 14 A9 4B 28 4A 2B 56 82 B4 AA AD 51 A6 
[  576183] ch50 r2 a0: 26 B4 7A 91 5B 22 C2 52 95 35 52 10 50 D3 32 35 35 58 AC 56 AB A5 55 32 55 43 90 85 69 56 D6 CB 
[  576315] ch50 r2 a0: AD 4B 42 A9 2A D2 CE 6D 59 AB 6D AA 4A C8 00 3A 80 42 17 54 AC A9 29 76 DA 95 B5 54 35 B5 93 24 
[  576349] ch50 r2 a0: 4A A6 AA 09 45 6D 25 5D 92 A9 AF C1 A6 95 6C AB A5 D4 AC AA 45 95 5A 15 55 07 76 FD FF 42 BE AF 
[  576454] ch50 r2 a0: 99 10 90 AA D5 14 D5 F5 A8 B6 97 5A 9D 4C 85 54 A3 AA 4B 6B 5A 8B 63 73 55 4C 32 95 5A 23 20 55 
[  576456] ch50 r2 a0: 88 54 CA 12 50 48 42 22 54 6D 54 C6 C8 5B 15 2E EB 55 8A AA 28 A2 AA D1 9E AE A5 25 44 BB 4B 94 
[  576467] ch50 r2 a0: 95 E5 28 21 8A D3 29 23 06 90 50 89 52 49 25 20 29 21 12 42 2B 32 05 00 22 21 29 A3 56 CA B1 AD 
[  576512] ch50 r2 a0: 4A 97 1E 19 A4 09 75 B7 AA A4 D5 54 1A AA 79 BB 52 8A 4A 96 DE 81 29 15 D6 2D 1F AC 9A 17 09 56 
[  576613] ch50 r2 a0: 6A A2 B4 D6 B5 A2 6D 5B 6D 65 56 CA 96 A4 44 ED 65 23 75 52 49 5A D5 9D A5 70 CA 92 99 62 AB E5 
[  576731] ch50 r2 a0: 2A 91 48 05 05 52 45 28 01 01 10 54 85 10 52 A1 21 24 0A A2 20 29 54 46 81 34 00 14 0D 20 8C 94 
[  577267] ch50 r2 a0: DE D6 CC D6 B9 D2 96 AA 54 04 96 89 95 87 52 A2 2D 68 A9 A6 0A 92 AA 45 15 65 D4 A5 69 2A D6 AA 
[  577386] ch50 r2 a0: AA 95 AA A8 94 8D 82 95 55 20 54 93 3C 48 54 A5 2D A1 45 68 B4 51 8C 97 4A 60 1C 24 90 90 45 83 
[  577563] ch50 r2 a0: B2 D2 95 54 D2 F3 A9 D2 AD 9E 96 98 1A 35 DB 2A D9 65 22 52 85 54 45 62 8E 16 91 A9 18 B4 AA 09 
[  578051] ch50 r2 a0: EE AB 75 57 4F 59 57 DA B7 AD FA 5A 2E D4 97 AD 4D 6A AB 59 4B 4B AA 95 52 AB 53 6B B3 46 97 6E 
[  578698] ch50 r2 a0: 5B 2D 51 55 28 4A C4 E5 1B 20 AA 8B 2A CB B8 5E 49 66 36 D1 7D 66 AA 14 52 51 A9 58 6D 69 65 0B 
[  579014] ch50 r2 a0: 45 44 49 10 A2 8D 44 44 14 72 7B 12 48 ED 25 50 B4 54 96 81 25 29 20 04 21 42 54 51 15 50 65 2A 
[  579016] ch50 r2 a0: 60 48 01 58 AC B5 5E EE B2 B7 07 EA 59 1A A1 77 BB 2A EA BA D7 D2 55 B6 FD 9A 2D 51 55 22 24 2A 
[  579071] ch50 r2 a0: A1 4A 84 7A 70 A4 6A 40 56 2A 28 11 A5 B4 D1 3D 6B 4A A9 D2 92 A2 CA 55 18 A2 A8 89 3D 4E 2B 2A 
[  579125] ch50 r2 a0: 81 94 95 10 10 4A 93 22 93 20 02 0B 10 92 95 0A 08 9A 89 09 52 40 C5 06 95 21 6E 29 46 4A 49 40 
[  579219] ch50 r2 a0: 45 45 50 04 00 AA 1A 01 49 23 08 1A 40 AB 2C 80 08 88 08 90 20 54 21 20 81 01 06 A8 92 55 6C 45 
[  579304] ch50 r2 a0: 9C A5 52 A5 4C 56 95 35 15 25 4A 5B 14 09 25 42 D2 92 A8 89 4B 46 A5 AB 46 A8 4D 2A 92 94 B2 C6 
[  579600] ch50 r2 a0: 6A 20 BA 5A 9B 9E D6 65 D1 49 AA AA A6 95 5A 11 32 B2 A8 FA 65 AD A2 B6 48 8B 41 52 A9 99 60 B5 
[  579718] ch50 r2 a0: A6 4B 49 34 AD 11 59 6A 55 DB 5F 13 52 29 76 9B 8A BB 6A A2 A1 5B 77 3D DA AB DD 1A B5 F4 9B BD 
[  579928] ch50 r2 a0: 18 42 48 84 94 25 41 05 50 95 22 04 12 02 26 22 21 11 02 40 08 40 02 86 04 D5 5A 36 0B 21 12 A9 
[  580031] ch50 r2 a0: A9 84 61 09 44 25 AA 19 00 D4 C0 00 00 08 29 40 68 25 2A 02 42 A8 94 4A 69 6A 45 A1 12 50 2B 52 
[  580097] ch50 r2 a0: A5 4D 48 82 06 25 91 5D A4 B5 4D D5 49 32 D3 34 AA D5 6B AD CD 3E D5 55 AA A6 A5 4A 4B A2 A9 35 
[  580135] ch50 r2 a0: 8A 54 B3 35 1D A5 69 AA 55 B2 4A AB 05 44 A5 2B 2A A9 6A 54 A2 96 6B 59 0A 52 D9 4A 52 5B 71 55 
[  580168] ch50 r2 a0: A6 89 A4 49 D5 96 8D 57 5A 29 9D 6B 7A E4 8A 92 D9 F5 65 CB FA F5 37 29 6E FA 46 A5 F9 71 ED 44 
[  580214] ch50 r2 a0: A9 2A AA C5 B2 52 D5 58 4A 46 A3 05 2A 8B 4D A7 2A 8A B2 28 A9 68 8A 93 15 6D 15 16 35 5B 49 B4 
[  580310] ch50 r2 a0: 56 A3 69 4D 2A 4D B5 92 D4 45 52 BA 48 DB 38 B2 A5 EB 53 6D 12 AE AA 15 56 AD 1A 83 55 28 A2 52 
[  580678] ch50 r2 a0: 64 4B 49 37 96 6A EE B5 8D 26 55 A2 8A 51 99 84 AA 85 AB DE 26 BA A2 64 48 8C 20 B6 CB 56 68 69 
[  580775] ch50 r2 a0: 95 6C 30 DA 92 52 A1 52 A5 AA 4C A4 8A 8A 28 A8 00 A4 92 4A AA A4 91 20 A5 2A 69 28 56 20 44 10 
[  580849] ch50 r2 a0: 45 2C AA A4 CC 29 42 AC A5 A9 8D 6A 65 2B A6 25 DE AD 75 EA 2B B4 42 DA DA 5A 2A 99 3A 52 E6 6B 
[  580888] ch50 r2 a0: AD 6A 55 B6 89 94 B5 4A EA B6 F7 45 5B 6D EB 59 16 A4 B9 5B B6 F6 95 5D 57 6E FD BD AC 94 B5 2A 
[  580998] ch50 r2 a0: AA 4A A1 00 18 02 4A 0A 95 80 52 A2 40 40 04 30 28 0A 02 AE 95 25 55 57 76 54 54 29 0B 36 55 56 
[  581014] ch50 r2 a0: AB 5A B2 D7 56 87 51 64 A5 69 F0 B2 53 73 AB 5D 6A 4A B2 33 54 3A D2 AA EB CA D1 31 93 C8 59 6C 
[  581117] ch50 r2 a0: 60 12 10 52 96 DA 96 5D 68 73 56 92 A8 E4 28 C0 95 4D 5A D3 69 5A 54 91 53 24 92 55 98 A2 C0 4A 
[  581189] ch50 r2 a0: E7 D5 EA CA 4D CE EA F4 57 18 0B 49 B1 32 96 CD CC 96 43 A7 25 EA CD 2A B2 65 34 05 A4 5E 95 AA 
[  581337] ch50 r2 a0: 29 CC 5D 29 45 25 54 95 95 6A 42 56 AB 3A DC 9F FA EE 59 57 7F 6A AB 7A EB 66 BA BB 97 DD CE D5 
[  581392] ch50 r2 a0: 76 A4 6A 90 55 34 B5 E6 F5 50 B6 A1 B5 DA 89 2A AA 75 56 AA 2D 34 D4 CC 1F 57 51 7E BE D5 EB 76 
[  581488] ch50 r2 a0: 86 92 A5 4D B4 A4 96 0A 45 5A 55 57 35 BA BB C3 9F 4D 5B 5D 2C D5 57 B9 DD DB 7F 69 F5 AD 76 86 
[  581678] ch50 r2 a0: 47 39 25 11 2C CA 94 89 0D 52 41 AC 95 25 2A 14 94 A5 56 AC 24 44 AC 52 AB 81 35 4A 50 B9 62 A4 
[  581821] ch50 r2 a0: 22 42 D8 4A 42 89 81 41 56 AA 12 2D 2D 94 5A B2 2B 54 5E F4 7B 75 5B D5 3A DD 5F 56 AD 96 D7 6A 
[  581881] ch50 r2 a0: D4 01 00 94 B2 80 52 24 25 2B 75 4A 9A BA 56 AB 5B 47 EA DB A5 AD AA B7 55 35 9F 62 FB B5 48 BD 
[  581937] ch50 r2 a0: DF 7D AD 54 15 B2 A4 1B 42 96 56 75 22 49 52 28 AA B5 82 86 A4 72 D5 2A A0 A9 05 23 48 6C BB 35 
[  581942] ch50 r2 a0: C3 52 A6 AA B5 56 66 AB 17 EE D7 50 AD 5D 4D AD 33 76 93 95 56 53 32 69 6D AA AB B3 55 35 6A B5 
[  582097] ch50 r2 a0: 92 6F 4A A2 92 B7 0A 75 D4 45 15 98 EB 65 59 DC B6 85 5B 6A B1 6E CA 5B A5 8A 34 D2 66 45 1A 4A 
[  582291] ch50 r2 a0: C4 28 90 2C 93 04 A9 04 C4 25 40 50 82 88 18 22 52 40 92 A0 05 02 86 42 25 96 D1 56 36 6F 25 4B 
[  582401] ch50 r2 a0: 4B 49 25 32 45 53 05 61 A8 C6 54 9B 29 03 44 0A A9 55 2A AD 48 09 04 04 25 AA 68 95 55 45 AA 4A 
[  582515] ch50 r2 a0: 41 50 01 06 22 68 04 A8 49 2A 89 4A 25 20 88 91 08 15 14 D5 26 A9 E6 93 59 B6 FB B4 D5 FF 5A AB 
[  582558] ch50 r2 a0: 69 A9 53 95 35 44 A2 98 AA 09 55 24 CA 40 FD 38 14 2B C2 94 B2 67 12 54 4A 83 48 9A 55 11 2A 2D 
[  582597] ch50 r2 a0: 52 74 3F FF 7F 7F DF FF BF FB 7F FF 7B EE F7 B7 FE FD 76 FF FF FA F7 BD 6A FE FD EB 77 FE BA FF 
[  582803] ch50 r2 a0: AD 55 56 E5 55 C5 AC B4 A3 AA B4 D4 D5 41 4D 65 A2 9E D9 D6 A6 AA CB 52 2F 5D E9 7D B5 A5 8D AA 
[  582812] ch50 r2 a0: 84 81 44 21 A4 AB 5A A8 90 A5 65 6A A5 2D 95 09 95 5B 51 70 B4 27 B6 9D D8 CA BA A5 2B 59 29 DA 
[  583156] ch50 r2 a0: 13 55 32 80 00 53 E7 4D 55 6A D4 A8 B2 DB 75 5B FA B5 69 5D 4A 06 D4 AA AE D6 EE 75 5A BA AD 8F 
[  583283] ch50 r2 a0: C4 31 86 92 92 54 6C 6C 2B 49 34 54 41 4A 55 05 54 90 35 94 29 92 96 E9 91 42 49 21 31 B2 89 25 
[  583333] ch50 r2 a0: 92 52 54 94 D3 72 01 56 69 4E 95 95 22 DD 5B 26 BA 95 68 D5 64 94 B2 AA 55 95 AD 52 D4 0B 52 A1 
[  583376] ch50 r2 a0: 25 25 28 8A A6 B5 4B 37 5C 62 D5 74 6E 6D 5D 2A D5 6A EA C2 B5 57 D5 BA B2 D4 F1 3E BB 5B BA DB 
[  583447] ch50 r2 a0: E4 56 A5 16 9D 34 85 41 AB 5A 62 A9 08 D7 15 6B 2B D6 AB 52 55 5B CA 55 32 A3 AA D2 9A 33 2A EB 
[  583838] ch50 r2 a0: AA 91 6A A8 AD BD AA F5 D6 CA FB 76 D5 19 B5 75 56 EB 4A EA FE B6 BE DB A9 29 2B 75 BC BA FD AF 
[  583981] ch50 r2 a0: 94 95 A1 4E A5 4D 58 A9 33 52 AC EC D5 65 52 26 48 95 34 AA CC D5 56 CE 4A B5 52 A4 E4 FF FC 52 
[  583997] ch50 r2 a0: A1 8C 95 92 AB 6F 54 B3 6B 31 6D CB B6 D2 AB 54 BF 36 96 D9 A7 F3 6F 75 7D 9B B9 94 D3 6E 6B 76 
[  584299] ch50 r2 a0: B2 AA EA 44 14 A0 AA AD 2A D3 55 35 AB AA 15 A1 25 2C 54 21 45 54 94 4A AA AA B3 A5 AA 95 A8 25 
[  584702] ch50 r2 a0: 29 31 29 12 85 F8 92 D0 84 A6 49 15 69 05 4B 84 CA 08 55 52 88 49 24 32 C6 29 21 A4 80 18 4B 6A 
[  585372] ch50 r2 a0: 91 42 53 10 28 82 32 95 48 55 40 B5 09 22 55 4A 14 56 95 6D 24 2A 55 2B 44 52 2B 55 11 01 2D 42 
[  585686] ch50 r2 a0: 35 2A 93 94 96 97 5A AD AD B2 92 95 25 35 4A 4A B9 22 AD 6D 3B 4A A5 55 0B 56 55 05 59 13 4A AA 
[  585690] ch50 r2 a0: 53 3A 9B D9 5F DB 5D 76 AD 35 2A 5A AD F9 EA 4A FF AD 2B 17 6D 6E AF 96 DD 56 AE 66 AD 56 AA BD 
[  586105] ch50 r2 a0: 44 0A A1 01 25 25 52 85 55 CE A9 54 55 4A 14 4A 4A 4B 49 49 4A 82 12 2B 52 0A A5 41 25 41 01 22 
[  586114] ch50 r2 a0: B6 9D 24 14 A8 AA 6B 57 32 E4 D5 25 C5 74 CA 8A AC 26 A1 AC D5 A1 25 A6 AB 2A A2 56 C5 59 45 2D 
[  586260] ch50 r2 a0: 84 92 8C 4C 9A CD F5 AA F4 DA D7 FD 6D 95 EA DB B5 75 DA AA BA A9 DD BA B7 F7 C5 59 AD 55 40 B7 
[  586515] ch50 r2 a0: C2 40 26 91 28 84 44 29 10 21 54 05 14 25 42 0A A9 22 85 25 8A 60 22 15 12 82 26 AA 82 8A 29 48 
[  586584] ch50 r2 a0: A8 84 EA D0 52 8A 2A 49 55 05 09 A2 D2 6A B4 AA AA A9 B5 CB 95 63 2A E8 57 7E 8E 94 D6 F6 96 44 
[  586614] ch50 r2 a0: 94 28 2C 34 22 D4 45 C2 0A 54 55 75 52 D4 F4 AA A6 5F 15 DC AA 5B C4 AC A5 55 56 75 6F DD 45 A5 
[  586636] ch50 r2 a0: 2A BC 98 A1 28 B2 AA A9 4A B4 9A D5 48 84 49 5A 92 AA B4 B1 5A 9E 89 AF 43 29 47 E9 55 35 6D 55 
[  586874] ch50 r2 a0: 2B 6A A9 12 95 4C AA 8A CA A2 79 AA 12 94 34 F7 22 DA A5 B9 DA AF 5D 5D AD 6A EF 5E EF 52 BB 8A 
[  587142] ch50 r2 a0: 69 95 05 22 12 D9 24 D4 0A 6A 50 68 68 DA 4A B6 77 AB 8B B9 77 BA 71 D5 77 ED D7 2B FF DE DF 7B 
[  587281] ch50 r2 a0: 47 2B 49 28 92 41 48 40 AA CD 4A A5 0A 45 44 90 55 51 A4 94 CA 69 2A A4 A9 63 95 68 DE A5 52 CA 
[  587286] ch50 r2 a0: AA 09 35 10 00 24 AA 29 49 41 08 42 92 55 34 29 4A B5 CB 45 5D AD DA B5 5D 65 D5 CA 56 9A 75 1D 
[  587300] ch50 r2 a0: 25 3A AA 2A 89 35 34 9B B4 A1 6B 82 A5 34 A3 B7 54 B3 A9 14 A4 25 48 A2 56 95 C8 AA 5D A9 11 75 
[  587352] ch50 r2 a0: AD AA 29 7B CB 71 69 AA A5 7E 9B 55 AB B5 AF 6B 2C AD 8B AA 55 1B 4A 65 6B 67 AE AD 35 6B BF 13 
[  587404] ch50 r2 a0: 48 4C 54 D5 65 41 CB 6D 49 6A EE B5 75 52 AD 51 86 53 D9 62 79 77 5A A9 46 AB C9 D2 94 52 DB E3 
[  587517] ch50 r2 a0: 92 94 B5 59 1A E9 6B 78 92 D5 34 EE ED 77 5A BD D4 D5 75 29 5A AF 55 A5 6C F5 5B 6E DB 55 AD 7B 
[  587525] ch50 r2 a0: 52 0E C2 AC C9 40 21 59 4A 88 72 92 CB D2 42 91 43 9A 54 24 29 44 83 28 41 29 42 90 02 02 A0 41 
[  587669] ch50 r2 a0: 92 AD 28 5C 45 55 0A 25 35 65 54 9B 49 55 A9 DA AE BD C4 AB 34 B1 B4 B6 B5 55 55 4A 5B 72 D2 B4 
[  587907] ch50 r2 a0: 95 D0 2B C4 04 09 10 22 F9 39 53 49 5A F7 A5 6A D2 3D 14 39 7A AA 9A 95 55 F4 DB 51 26 B7 D5 DA 
[  588041] ch50 r2 a0: 82 AD 15 75 6E 55 6D 05 52 CB DF B6 EA 9A B5 FC 59 74 AA 5C A9 B4 5A AA 95 9A A6 B3 5D 55 A9 56 
[  588104] ch50 r2 a0: 75 26 A8 5A 59 6D B9 A9 A6 45 35 D9 A1 B7 BD 68 92 AD 75 AE BE B2 DE 5B 3A BA EA AA 17 AF 7A 6F 
[  588135] ch50 r2 a0: 55 28 A5 23 54 29 11 01 A2 05 68 08 C9 28 04 44 B4 04 21 AA 24 96 43 11 02 54 B0 65 80 14 48 A9 
[  588140] ch50 r2 a0: CA AB 5A BC D5 B0 6A AA 54 D4 AA 6D FE AA AB 21 2A AA D2 9B B7 99 2A AB 52 80 29 4A AA CA A5 96 
[  588185] ch50 r2 a0: 55 09 88 52 35 66 94 A4 82 95 2A 24 AD 4A B0 15 2A 22 9C AA 56 AE 29 4A 10 29 A2 B2 AD 52 94 95 
[  588824] ch50 r2 a0: 50 89 41 2A 4A 94 21 11 68 48 90 88 B2 F5 24 B3 2B 4B 56 CB 65 42 CB 54 A3 52 D5 62 8A A8 BB 0D 
[  588911] ch50 r2 a0: 84 12 C5 10 83 55 AA CD 94 30 59 0D 54 86 AC 92 22 44 95 12 2C D1 07 5B 12 45 44 55 E6 14 2E A9 
[  588934] ch50 r2 a0: 5A A2 A3 3B 52 34 55 66 AE 94 B2 95 57 66 A2 45 6D 2B 29 55 32 69 58 92 D2 91 2A A9 4A CE 2A 49 
[  588963] ch50 r2 a0: D6 AA 9C 63 2D 5A 09 29 2D 68 14 22 94 D5 18 80 15 02 88 09 47 00 A2 55 08 A5 2A 6A 2A 4C 24 6E 
[  589028] ch50 r2 a0: 94 A9 29 54 D1 72 B0 82 2F 16 C9 7F FD AB F5 EA B7 AE D6 F6 AD ED BA BA A6 5D 79 55 D7 4B 59 D6 
[  589133] ch50 r2 a0: 0D 2D 20 0A 35 56 C9 52 5A 5B 54 55 2B 19 53 96 FE B5 5F 56 B6 BA 9C AD DB 6B BF D6 CB CA 25 44 
[  589228] ch50 r2 a0: 18 29 53 D6 AB 66 B5 5B DB BB 5A 6F AE F5 BE B6 F9 9E CA 6A 58 1D 85 5A ED 4A CA 8A B6 59 33 5C 
[  589286] ch50 r2 a0: 42 A4 29 52 54 32 4A 41 11 41 42 9A 4A 42 84 95 88 AA 9D 65 54 95 5A A5 2A 49 20 25 6A 85 52 28 
[  589358] ch50 r2 a0: AA 2B A1 D0 29 F4 B2 96 6D 54 B6 36 AA ED 56 B5 F6 7A BA 23 59 4D 4F F9 55 AA 41 56 AD AB 58 F5 
[  589467] ch50 r2 a0: 11 52 16 D4 9B A6 AA AD 6C AA AB 2A BD 6B 5D 91 76 AA AA 45 5B 5B BA A6 ED CD 57 AE 95 55 DA AB 
[  590115] ch50 r2 a0: 23 2A 5A B6 68 26 B4 DA B2 52 95 57 82 B5 AA 91 5A D7 6A DF 51 51 CC 6E B1 58 FA 81 F6 EB E7 64 
[  590157] ch50 r2 a0: D4 8C CA 96 40 91 45 54 B5 56 AA B3 6A EB 8D 5D BD 76 A2 DA E9 5A D5 AD B6 DA 96 D2 A5 4E 3B 37 
[  590560] ch50 r2 a0: 55 8F 32 4D 7D BB 77 CE 66 DB 9A 3E D2 D2 AB 29 BB 7A 4E 36 7F EA AA 65 02 A7 5A 7A A9 D7 6B 6D 
[  590592] ch50 r2 a0: 85 20 32 9A 89 01 8A 85 25 15 A8 AD A9 6A AD 55 55 5A EF EE 65 EA A5 5B D8 AD 52 46 DA 97 19 46 
[  591125] ch50 r2 a0: 7C C4 B5 AD 54 9B C5 9D AC AA B5 EE D4 8E B6 24 52 5D 6A EF 54 EA D6 8A ED 55 69 69 16 A6 DC 53 
[  591357] ch50 r2 a0: B7 ED BE F7 BD 70 63 0D 2A 92 81 30 89 2A A3 22 55 4A 90 8A 65 54 B6 45 10 AA 55 19 22 AA A8 54 
[  591395] ch50 r2 a0: 4A 82 04 01 10 89 04 62 18 84 25 40 81 0D 20 02 22 B2 54 BB 22 BD AA AD B3 37 47 ED 35 C2 B5 A8 
[  591406] ch50 r2 a0: 10 52 44 56 91 4A 8B 16 20 12 41 11 06 A4 4A 35 08 68 12 8A 83 0C 0C 90 11 6B 55 4A D5 B5 25 4A 
[  591508] ch50 r2 a0: 23 14 9C 4C 49 54 D2 89 61 50 C8 9C 48 20 24 B4 A5 A5 19 FC 2A AD 45 4C 44 35 40 04 90 8A 4A E9 
[  591578] ch50 r2 a0: 54 CC AA 32 84 24 C5 80 A8 8B 3C BB 2A 5A B9 94 CD DB 8C 2D 76 A8 A4 25 2A 41 15 92 CA 45 65 8E 
[  591658] ch50 r2 a0: 9A 52 AA CA 84 29 84 95 44 28 2D 48 A4 B4 92 A2 45 45 40 81 5A 29 12 25 57 4A EB 5A 77 55 55 16 
[  591699] ch50 r2 a0: 32 C2 28 D1 A8 94 4B 31 25 2A 5C 37 6D 4C 25 2C 55 58 51 91 59 92 2C 6A 29 20 89 28 84 92 A9 2D 
[  591992] ch50 r2 a0: D5 0C AA 4A AC A6 95 52 D1 27 B9 5A B6 9D 49 5A 6C 88 AA 86 AD 26 A9 5C BD ED 55 EE 55 92 56 55 
[  592381] ch50 r2 a0: 54 A8 AB 55 45 4A FC 5B 68 95 4A 6A AD 85 26 AA 94 02 A8 92 4A 24 B0 CA D4 64 8C A5 55 29 4C 25 
[  592567] ch50 r2 a0: C6 45 74 92 80 56 C5 2A C3 DF 2B 50 45 A5 DD F6 DB AB BB BB 75 71 8B D4 54 55 49 62 AB 75 5A 95 
[  592731] ch50 r2 a0: AA 44 28 D2 AA 52 48 56 A5 40 94 C0 AC 2A 8D A5 54 62 4A 9E B3 A2 CA 95 57 AC AA BB A9 95 2A 94 
[  592795] ch50 r2 a0: 14 4B A6 D5 51 5D AA 52 B0 94 BA D3 D1 AD A6 B6 AA B3 C9 B3 AB 0A B5 57 5A B6 13 49 AF 67 56 BA 
[  592917] ch50 r2 a0: 52 91 5A 42 D7 A7 4D 5B A4 08 06 5A 78 F7 F6 DD EF BA B4 BD BE 37 D6 F5 FB EF 9F DF 5F 3F 76 AF 
[  593056] ch50 r2 a0: 50 92 A5 48 12 D5 49 01 CA AA F7 77 FA ED 57 7D AD DF 6E 36 CD 5B AA FE B6 FA B5 4B AF AA B7 96 
[  593143] ch50 r2 a0: 41 11 40 05 02 04 02 53 52 04 D4 55 24 05 44 A0 28 45 28 0A 02 A0 44 94 25 0C 11 04 0A 06 54 28 
[  593146] ch50 r2 a0: A3 14 8A 89 49 22 33 25 44 4D 30 06 A6 12 50 49 80 2A A9 2D 56 D3 70 EA AB F5 58 D5 2A CD 5A EA 
[  593202] ch50 r2 a0: D4 24 55 62 AD A5 75 25 5D 3D 48 C6 28 92 12 B1 46 D6 52 4A 55 55 98 6B A1 38 52 2A AD 25 52 6D 
[  593378] ch50 r2 a0: 2D 32 94 AA A7 72 4D 49 05 55 31 14 49 A9 58 30 AB 04 09 24 90 A9 5A AB 51 29 2B AA 94 93 55 5A 
[  593503] ch50 r2 a0: A5 30 54 AA 00 14 19 35 72 B3 AC A6 D2 D1 5E B5 69 9E A7 4A 2A AB EB A9 0D 92 96 BF 8A B9 8E A5 
[  593669] ch50 r2 a0: A5 33 AD 48 CA 64 28 9C F6 84 9A 98 F6 85 5A 9A 54 49 4B 4D 57 56 11 51 95 B1 46 AB 45 A9 71 63 
[  593702] ch50 r2 a0: A5 72 43 0A A9 55 DD 5E 76 54 90 E6 E7 54 F4 AB 95 BB 54 8B F7 AA E3 56 CB 45 AB D5 EB 3B 57 D3 
[  594019] ch50 r2 a0: 20 10 A1 02 54 10 94 22 85 24 08 10 44 00 00 04 01 00 20 A0 10 90 2A 0A 54 8A 02 12 08 15 48 8D 
[  594289] ch50 r2 a0: AB 57 76 D7 55 8B 77 3D 22 E8 AB 2A 91 65 B5 85 5C A8 4A AB 5A B6 B6 AA AD 55 D5 65 FF BF DD AF 
[  594378] ch50 r2 a0: C4 56 A8 0B 15 12 10 68 D2 25 41 2D 93 14 89 0A 6A 14 08 04 A8 22 80 11 48 44 09 65 2C 21 28 A9 
[  594458] ch50 r2 a0: B4 49 18 A6 EF A6 11 D2 57 32 AB 51 0A D5 A9 5C 54 45 7A 76 A7 B6 3A EA B5 B0 93 5E 55 19 D3 78 
[  594574] ch50 r2 a0: 14 94 8A B5 6D 56 5D BA AA F6 BA 62 AE 5D 5E 6D 35 76 EC B6 BA 99 CA AB AA 9B DD 60 D5 75 58 6D 
[  594579] ch50 r2 a0: 01 24 59 4C B4 40 56 60 A5 45 88 30 08 A0 19 54 54 44 D2 91 51 49 0A 51 0A 28 C9 8B 2D AB AD FD 
[  594661] ch50 r2 a0: 4B 2D 37 AC CE 9A AE 95 92 B6 4D AB C5 B5 2A 3A 9A AC 66 5C AB D2 43 AB B5 E5 5B 62 F2 5A AA AA 
[  594700] ch50 r2 a0: AA AD AD B0 A9 4A 2B 35 2A 29 2A 15 59 49 31 46 D6 8D 54 F2 9A AA 55 65 77 57 AE FD B7 8F 6B 8A 
[  594876] ch50 r2 a0: 42 36 F6 ED 55 75 BD B5 AB CA A8 2D 95 52 A5 52 D5 67 54 86 B2 54 45 6A CD 35 4A 52 5C F4 69 0A 
[  595048] ch50 r2 a0: AE B2 6D 5F BB BF BA BD EE 96 AA 55 6D 29 29 2A AA 9A A5 55 8A A4 A7 AB 96 D5 2D 24 AA D3 9D 26 
[  595152] ch50 r2 a0: 28 A5 2A 88 A7 38 96 C6 F6 BA A9 55 6A 21 BD AA DA 51 42 52 69 59 0E AA 9A 5C B3 CD 65 52 65 2B 
[  595237] ch50 r2 a0: 56 09 01 09 4A 14 B6 59 AA F4 AB DA 6E FA 6B 6A B5 65 2F 48 CE 93 8D EB 54 95 6C BA 38 BB 9D 98 
[  595247] ch50 r2 a0: 6A 2B 39 ED 67 A3 76 EB 5E A6 CA 9B B5 D4 B7 BB B2 D2 AA BD DF 25 EF 4A EA AE DD ED C5 6D 5B D6 
[  595343] ch50 r2 a0: 5A D5 A9 75 65 2A D6 AB 24 9D 5B AA 15 04 A4 28 98 29 EA A5 8C 25 4E 9B 54 82 B5 45 53 B2 9A 29 
[  595397] ch50 r2 a0: 15 14 4C 58 B2 55 5C 1A A8 B4 97 DF 6B E5 AE DE CB 35 73 77 DB B1 75 73 BD 7A EF 72 D5 56 97 45 
[  595561] ch50 r2 a0: DA B5 2A 0A 56 AA B4 BE 57 AD 53 50 A4 47 57 66 52 90 CA 96 6A B6 AC B1 15 55 AA A9 CA B4 B5 48 
[  595643] ch50 r2 a0: 9C 68 6A 85 35 54 8B 58 35 22 AD 29 76 34 B6 8B 5D 36 DC D5 76 C3 49 9A AB 29 14 CA A0 8A 91 4A 
[  595836] ch50 r2 a0: 52 12 B0 AA 85 59 69 AC A1 99 26 08 55 75 6B 76 ED D5 AD 2B 5E AB DC D5 5F BF 69 1D AC E9 DF 38 
[  595884] ch50 r2 a0: AA AE AA A7 46 25 73 52 5A 50 A8 A0 AB 2A A5 92 AB 4C 69 6A 61 50 42 96 8A 5D 55 6D 5B 35 5B AF 
[  595959] ch50 r2 a0: 48 4E 66 28 48 92 8B 15 7B 22 D6 85 AE 6A 95 DB 4A AA B2 F6 CD 56 15 6B 2F 41 A9 19 5E C6 29 E6 
[  596139] ch50 r2 a0: 6B 29 0A 96 5E 5A 35 69 52 55 35 C6 92 14 24 5B 51 15 AA B5 4D 4A 29 2E AA AC B4 D4 10 A5 54 EA 
[  596243] ch50 r2 a0: 82 A4 A2 4A 54 B6 A5 AA 56 55 A2 D2 CE 94 B3 52 47 99 9A 28 54 D7 15 6A D2 23 55 B4 B2 55 13 AB 
[  596279] ch50 r2 a0: 11 08 54 A2 31 21 42 4B 10 20 00 20 A1 04 8C 05 2A 52 50 82 A4 54 2A 2A A5 51 4D D2 96 AA 55 8C 
[  596428] ch50 r2 a0: A5 B9 A9 55 69 35 B3 D4 55 54 B5 9A 8B AE 17 71 45 2D A4 A4 5A CD 6A AA A5 5D AA 34 AA BD 2C 1A 
[  596432] ch50 r2 a0: CA 89 28 4A A4 B5 10 53 15 28 52 01 54 69 A2 04 40 A1 55 57 2A A9 6A AA 72 2A 93 25 4A 95 57 6A 
[  596489] ch50 r2 a0: 2A A5 66 A5 8D 24 11 40 22 AA D3 45 05 E9 24 B5 4D 68 88 54 AB 5B 59 6A DA F4 B0 84 A8 A5 AA 56 
[  596727] ch50 r2 a0: A9 49 4B 4D B6 D0 AB AC B2 BE D1 2A 89 8A 9E 27 4D 77 65 61 4D 54 A4 19 53 42 8D 8A 85 50 55 15 
[  596782] ch50 r2 a0: 4A 24 42 62 95 49 9D 4A AB 08 62 86 0A 49 51 62 D6 4A A1 66 49 91 49 57 B6 B5 FA 22 66 2A D6 F6 
[  596809] ch50 r2 a0: 02 49 04 B6 4A AB AD 77 32 2A 52 12 AD 91 12 56 A1 11 0C 6A A5 A8 A9 52 B5 92 51 5A CA 4C 1A 53 
[  596914] ch50 r2 a0: 52 00 94 03 08 69 48 4A C0 88 0A DD D5 BD AD F7 5B DB 6B DF AF BB 6A 6A B7 4D BA EB 35 55 4A D6 
[  597038] ch50 r2 a0: 74 55 52 A5 4B 4A DB 50 97 33 A9 32 AB 29 7D 34 58 AA 95 B6 56 9A A8 C3 D4 5C B8 A8 C0 AB CC 14 
[  597125] ch50 r2 a0: 61 08 22 00 00 00 00 00 92 25 20 2E BE AA 7B 68 55 54 95 EA AA 95 C9 29 2B F2 35 2A 72 DB 75 26 
[  597134] ch50 r2 a0: 4A A9 A1 4A A9 29 01 49 09 CA 51 4A 56 A2 A5 69 2A 92 AA 2C 15 54 49 60 C8 82 D0 09 48 90 12 B2 
[  597145] ch50 r2 a0: 21 CA 14 A6 92 B0 68 4A 91 51 24 B4 A6 C4 12 C1 29 1A 5A 55 30 57 11 92 12 9A EA 55 94 48 A4 A8 
[  597451] ch50 r2 a0: B4 2C 8F 55 16 26 AE A4 9D 15 2A 86 9A 8E 90 02 A5 36 13 56 64 A6 A6 B2 D0 92 4A D1 0C 65 15 6A 
[  597502] ch50 r2 a0: 26 C1 44 45 B9 A0 91 06 8D 6A 2B 40 AF 14 A6 83 54 AC C4 5A 29 58 A4 4B A9 4A D0 AA C5 52 A4 4A 
[  597675] ch50 r2 a0: 50 19 4B 22 88 4D 25 4A 92 C5 55 6A CA D0 C4 D5 A4 9E 39 15 AD 34 F1 7A A2 81 9A 9D 26 F8 94 A9 
[  597882] ch50 r2 a0: 2A 42 92 B5 29 05 44 25 52 41 45 44 2C A8 42 AA A2 85 44 42 29 56 AA CC 04 AB B4 AA AA F3 5A 2B 
[  598229] ch50 r2 a0: 2E AA A5 68 A5 52 00 02 09 4A 8A D1 55 51 51 D5 31 B6 93 51 5A 5A CD 51 A2 AE CA 99 25 4A 55 50 
[  598239] ch50 r2 a0: A9 52 A5 D5 6A 4A 24 A2 15 A8 AA 45 2A B1 A2 C2 D3 5D 5F 5A A4 5B 2A 75 7F 6A EB ED 5C AA D2 6A 
[  598290] ch50 r2 a0: 94 A4 D0 C4 55 15 36 DD F9 D7 D5 52 AF 75 75 CE 57 6E DE 7E CD AD EF F6 6A 85 55 14 2A A1 A9 A5 
[  598317] ch50 r2 a0: AE D5 AB 22 D5 95 DD 46 5D 4C A7 CA 95 96 B9 6A 55 44 25 A5 6B E5 AD 04 56 B9 59 29 26 0A AA 42 
[  598399] ch50 r2 a0: A0 A2 97 42 9A 81 00 00 80 39 10 24 A4 B1 64 8A 92 98 A9 32 85 51 54 C2 4D 26 64 B5 EE DD 06 AE 
[  598474] ch50 r2 a0: 94 66 49 0A AA A9 14 08 16 9A 8C 29 7A A4 A4 0A AA A5 6B 53 52 92 E5 54 5C 64 D5 1A AA 4A 54 52 
[  598584] ch50 r2 a0: A9 39 EB 9A A4 AD D5 BD 56 D5 71 65 55 6A B1 75 55 A8 55 2B 75 5B AE D6 DA E8 9D 34 95 48 55 AB 
[  598769] ch50 r2 a0: CC BE D5 49 6D 56 08 95 0A AA 99 6F B6 79 AB DB 4B 4F 4A B2 94 E5 5A D7 22 75 2D D5 10 C8 B4 92 
[  598837] ch50 r2 a0: E4 2B 4A 65 22 88 11 55 99 23 4A A9 AA 52 D2 55 22 42 96 A3 2B 75 24 25 08 A1 12 22 52 91 92 13 
[  598937] ch50 r2 a0: EA 4D 5C 7B 2F 64 D2 4B 2A B5 64 9D 2B 34 5F FA BE B7 57 6D 55 56 95 EA 76 D5 42 DB 6B 5D 6B F6 
[  599037] ch50 r2 a0: 6C 49 14 02 94 50 A8 41 45 EF 65 4A 55 2A AB 12 AA 01 24 02 82 90 A0 24 29 2A 2D 45 14 AC A5 54 
[  599258] ch50 r2 a0: 55 D5 6B 49 15 0B 56 09 50 A2 EC 9A A9 9A F5 D2 52 ED 73 BA B0 E0 0B BA AC 7D 23 47 35 A9 68 CA 
[  599268] ch50 r2 a0: C2 24 B2 9A A9 15 56 D4 55 28 AA B4 B5 4A 56 B5 BF 9B ED 6A AA 95 4C AC AA BD D4 A5 00 02 01 55 
[  599411] ch50 r2 a0: 88 05 6A 08 A8 4A 40 D5 5A 96 AB 5D 6F FB 5A DF 55 BF B7 7E 97 5F BA AC CD ED 5B 5D 6F BA ED BE 
[  599570] ch50 r2 a0: 5A AD 29 B4 95 2C 92 5A 95 D2 AB 5A A9 57 52 AA 8C 75 52 AB 4A EE 7A 6A D4 35 6A 29 68 5B 0D 83 
[  599628] ch50 r2 a0: 3B 6B DA EC EA D5 55 4B 89 AF 55 54 E9 56 9B 5A AA AD 35 25 2A 54 AD 2A 5A 94 75 D5 55 4B 6E 62 
[  599700] ch50 r2 a0: 0A 69 CA 0A A5 00 00 84 AA 29 50 8B 6A 95 15 6A A2 AE D6 CF A6 AA EB 55 A5 5A AB 5B 59 55 4E A0 
[  599798] ch50 r2 a0: 2A A2 D7 45 85 AA CA C2 1B A9 57 4E AA AA AB 55 4D 57 B6 A5 D5 A9 76 68 D7 55 32 B4 5C AB D5 4A 
[  599852] ch50 r2 a0: 45 45 54 2A 57 FF DB 97 EB 6A B6 FB 6F FE 75 6F C7 8D DE 97 57 F3 79 F7 7F 6B FF DD 2D 6E D6 7D 
[  600052] ch50 r2 a0: EF 74 DA D6 6B BB AA AF CB 7F 5D DD AF 69 55 A5 56 EA AB 76 EA AD D5 EA AE DD BF AD DB AA 55 5A 
[  600387] ch50 r2 a0: 4B 14 A9 35 DB BD 3A C6 AA D3 1A DE 52 DA A5 1A 59 75 B5 7D AC 5D FB BB D3 4F AB 73 2B D2 AE AB 
[  600403] ch50 r2 a0: A4 48 80 10 52 12 30 55 20 48 95 50 34 A0 45 11 05 05 28 55 01 52 51 08 A4 24 0B 20 8C A4 B1 2A 
[  600528] ch50 r2 a0: 29 A5 43 D5 29 98 A1 A6 A9 54 AD AA F5 29 26 A7 6B 6A 9B AF 75 D5 66 BA A5 53 DE DB 55 7B 55 7D 
[  600598] ch50 r2 a0: AA B6 89 99 56 1B 11 55 A9 54 54 49 2A CA A5 73 A4 D5 84 D5 6B EA D6 AA 34 CD 5E B1 09 12 2E 3A 
[  600700] ch50 r2 a0: 44 54 49 40 98 4A AA 94 D5 65 54 DC D6 A6 DD AA D6 9D 75 50 D1 A5 AB 53 0D 4A AB 4D 51 55 2D 53 
[  601004] ch50 r2 a0: 6A C5 44 15 89 B4 49 92 A5 4A 01 65 B4 41 55 29 6A 61 12 95 5A 33 4C 95 57 7D 5C 5B 6A EB 5A DB 
[  601030] ch50 r2 a0: 15 14 6C 58 B2 55 4C 1A A8 B8 92 8B 69 25 CA CC CB 35 93 52 CA B9 75 52 89 32 CD 52 D4 57 B7 45 
[  601199] ch50 r2 a0: D6 44 2D 6A 2D 27 47 55 DD 6A ED A3 6B D5 29 97 75 CA A8 72 CC 21 25 37 55 92 D1 42 AA 56 A2 D5 
[  601361] ch50 r2 a0: 5C 63 4B 2B 56 6C AB 2B 77 92 85 48 D1 DF 2D 22 5E 49 D5 6A 54 42 ED B4 84 B1 39 2C 25 45 55 32 
[  601443] ch50 r2 a0: CD 69 6A 9A CF 4D 55 CE AE 57 53 F7 CB 27 C6 E9 5A 8A 8B 50 0A 0D 59 34 B5 53 2B 4A AA A8 CA D7 
[  601552] ch50 r2 a0: 89 46 8C 9A A5 55 C0 91 48 97 D5 22 61 28 55 23 02 92 A5 15 2F AA AD 2C EA D2 A5 4F 56 CA F5 D5 
[  601646] ch50 r2 a0: 59 15 B6 B5 6A 01 53 5A 99 D1 AA B3 C8 B5 59 54 8D 55 5D 2A D3 55 54 56 EA C8 2C 9C 14 D1 26 AA 
[  602054] ch50 r2 a0: D9 51 EC 29 90 AA A5 2F 4B 2C 00 5A 36 1A A8 01 A7 8B 10 2C B1 68 4A 59 49 2B C2 8A CA D8 A5 3E 
[  602179] ch50 r2 a0: 12 C0 84 48 50 95 7F FF F4 CA 96 A9 4D 44 B4 A9 2E 99 6B 0C 9A CA 2A A7 54 A7 7A E5 55 57 2A 09 
[  602357] ch50 r2 a0: D1 5A 10 56 EB 4A A1 95 B6 AE 36 A4 6D AE FE AE B6 77 58 B9 12 54 D5 7B 75 A6 E7 9D 1B 55 A3 29 
[  602518] ch50 r2 a0: E5 67 AD 54 26 AE AA 9A A9 0D 57 36 69 54 B2 F4 B6 B0 9C 96 8C 45 65 69 29 1B A5 6B 15 29 15 14 
[  602671] ch50 r2 a0: 50 D4 51 04 AA 82 11 08 25 28 94 04 80 51 04 09 0B 24 05 52 05 4A A5 2C DB 4D A9 96 A2 2D 14 E5 
[  602821] ch50 r2 a0: 52 D6 4C 0A CA BA 94 40 97 2A 59 49 55 0A 47 25 4A 96 B5 16 A5 54 4A 1B AD 4D 25 79 12 BB 53 35 
[  602977] ch50 r2 a0: 29 32 C2 0A 94 02 A2 96 D0 4A 81 10 00 20 64 22 22 95 76 D5 0A B4 8A 6A B3 AA 92 A9 26 B7 A9 29 
[  602989] ch50 r2 a0: AC A8 A1 29 5A DA 79 2B 51 E6 31 D4 96 A5 69 A5 5B 15 7A AE 9D 56 32 AD AA A9 65 B4 9A 55 77 06 
[  603028] ch50 r2 a0: 55 A7 A6 55 CE 99 ED B2 D9 57 5A B5 D7 75 5D 6B EA 33 0B 6B CD 52 AA 90 A7 55 B5 6C 97 55 74 09 
[  603138] ch50 r2 a0: 88 6A 59 49 0A 49 05 49 5E D8 A5 CF BB BA 5B 36 9B 35 59 FC C9 51 27 AA DA CA D5 16 AC B3 55 6E 
[  603175] ch50 r2 a0: 92 04 AA AA 9A A9 52 A8 26 69 2B 16 55 14 8A 34 AA 85 6B 49 54 50 85 A8 D5 51 4A C9 2A DB 77 3E 
[  603183] ch50 r2 a0: 55 40 A2 43 29 74 12 93 28 85 01 03 32 A1 58 B4 A7 4C 42 00 94 01 2A 02 A1 28 84 40 C0 4A 8A A2 
[  603421] ch50 r2 a0: 91 54 96 A6 22 AB 55 6A A8 54 A9 4D 6D BE 56 A5 37 75 C2 2D DC BA B5 9B B3 7D 2B 29 66 BF AE B7 
[  603692] ch50 r2 a0: DD B5 53 75 6E AA CA B4 90 AF B2 94 33 54 C5 94 D6 43 14 DC 2B AA AC 49 3A D6 88 5C 1A AA F1 45 
[  603971] ch50 r2 a0: 22 4B 52 AA AA D4 4A A0 95 2D 23 46 08 EB 28 0A AE A7 54 54 61 08 54 AA 56 AA A2 8B 1A EE 0A 89 
[  604144] ch50 r2 a0: 51 00 91 2A A4 A4 DC 14 B5 4A CA 62 02 50 01 75 D1 F6 DA EB EA 5A F9 F5 7F 59 B5 DE 76 1B 72 EC 
[  604218] ch50 r2 a0: 54 AF 52 55 52 B3 52 4E D1 4A 8E 56 A8 95 64 92 A9 8D 45 B5 36 AD 5A 4A CE F4 CC AE 9E 26 1D CA 
[  605157] ch50 r2 a0: 1C 7D F7 52 D5 2E AB 74 94 AA 25 1D 13 69 E9 4A 92 C9 CA 9E 82 C4 CD A4 50 AD 4A 22 69 35 14 CA 
[  605240] ch50 r2 a0: 20 81 D5 53 4F 4F 62 AE D6 AE B6 EC E2 9D BE 5D D5 6B 2A AA A5 51 4B 54 CC 0A 0B 55 55 30 92 91 
[  605303] ch50 r2 a0: 90 82 92 45 19 2A A8 A4 C4 4A 51 51 52 A6 56 AD 20 89 14 95 15 03 53 27 94 B4 2A CA 56 9D 69 4E 
[  605331] ch50 r2 a0: 5A 55 69 75 6A 11 52 9A 99 B1 2A B2 88 B5 59 54 89 55 55 2A B2 D6 94 56 CA A2 0A D1 65 D1 14 A2 
[  605390] ch50 r2 a0: 25 85 7D 64 BD 4E A2 D2 B5 AA 50 95 65 5A 67 68 86 6D 64 9A D6 A6 46 AA DA 9A C8 54 D1 53 2C AA 
[  605401] ch50 r2 a0: 99 B7 D4 8B 6C A4 A5 AA AD 4B 52 34 4A 92 B5 6B 2B 1A 76 D2 93 2B 2D 5A EB 3A AB 54 51 16 11 55 
[  605414] ch50 r2 a0: A1 22 F2 32 54 9A A2 B6 B2 AA 48 5A 02 9E AE AD D6 ED 2E 96 FA DF 54 D9 05 5A AE 69 2E 5D 9D A8 
[  606032] ch50 r2 a0: 24 B2 91 02 29 14 24 A6 11 9A A2 94 84 A9 12 AB 96 24 C4 49 34 A4 5D 4A 10 A9 0C A1 24 44 34 32 
[  606327] ch50 r2 a0: B0 94 B1 2C B4 CA 1D 69 84 E3 0B 01 84 00 A8 C5 58 83 14 81 2A 98 12 99 58 8D 02 B7 56 31 6D 6C 
[  606381] ch50 r2 a0: 2A AF D2 AD 48 55 69 9C FA 21 A2 84 BE A4 9A 80 D5 4C 59 62 5D 63 52 6A C3 43 11 64 5A 57 31 C3 
[  606583] ch50 r2 a0: 92 A2 18 95 55 51 16 58 08 22 AA 91 55 2A 15 28 5D 52 E8 55 79 05 29 1A 4A 25 44 A8 89 AA 4A A9 
[  606657] ch50 r2 a0: 95 CB 59 66 AD 24 8C 94 AB 5C 5A AD 19 D3 15 24 27 75 4B 72 AA AB 32 CE 95 DE AA B2 E5 54 15 09 
[  606822] ch50 r2 a0: 28 96 AF 51 4A 40 6B 22 DA 28 B1 21 2B 49 24 90 01 6D 79 26 84 6A 00 48 33 15 5D D6 FB E6 A6 BA 
[  606875] ch50 r2 a0: 06 2C D6 43 8A A0 A0 5B 1A 51 4A A0 91 AA 68 4C 55 62 25 4A A0 A0 20 08 AA AE A9 58 91 14 AD BA 
[  607498] ch50 r2 a0: E8 AD 6A A5 55 55 5A 3A AA 9A 95 52 D5 D0 51 2B 54 D5 71 A0 92 DF 5B 55 40 9B 14 02 89 75 02 00 
[  607499] ch50 r2 a0: 2C 8A AA 5A 71 4A 43 57 02 8A 96 29 2C AA B5 25 52 2D 25 0D 56 A4 C8 92 CA A9 30 A6 5C 54 62 A8 
[  607818] ch50 r2 a0: D5 B0 42 AD AA 63 2D 30 B4 F6 50 4A 9D 2A 2A 34 AA 84 D1 29 24 CE 91 4A 93 42 A4 AC CA AA 35 9C 
[  607836] ch50 r2 a0: 4A 04 95 1A 58 A2 91 15 52 AA 85 B4 D0 A4 31 DA BC 6A 9E 8A AB 94 1A 45 95 34 A0 BE A4 DA B4 58 
[  607902] ch50 r2 a0: 04 C2 BB 13 9D 56 94 D5 4C 2B 24 2A B4 AD 88 0A 2A B0 1D C3 0A B1 A2 64 0C 68 24 03 75 A5 F7 F7 
[  608049] ch50 r2 a0: A4 10 0A A8 55 4A 49 89 24 A2 AD 4A AA 51 A2 AA 80 25 57 56 F5 55 49 2D 6C C5 7A 6D 6E B3 75 D6 
[  608275] ch50 r2 a0: 25 50 02 0B 5A C8 D1 94 AA 53 49 45 72 04 86 3C 13 C9 5A 8E BA A5 54 92 C5 1D AA 84 52 84 AD 91 
[  608286] ch50 r2 a0: AA C9 5B 6D 79 5A B4 CF 42 B5 B4 AB 59 94 B1 B5 52 B6 AA 97 DF 7A AD D3 49 55 15 29 3A 5A 54 A8 
[  608302] ch50 r2 a0: AC 8B 22 95 45 2A B5 64 CA 58 24 B8 96 12 53 28 B1 92 EE 64 9D 25 2A B5 53 95 16 A1 B5 42 59 58 
[  609239] ch50 r2 a0: 02 00 85 02 96 4A 95 29 48 20 24 24 90 01 37 55 6A DC CA CB 37 F9 89 B4 D1 DF FD DC CA D2 BB 59 
[  609276] ch50 r2 a0: 41 D5 7A AB 7E D5 EE D6 BA AB 52 DB 5A F6 F9 D4 FE B6 BD 6B 37 67 BE 9A 9F 57 EA F5 B4 BB BB 9B 
[  610031] ch50 r2 a0: A5 0A 25 92 45 54 13 5D 96 2A A7 52 95 BA 55 DB 5A 52 D2 6B F3 7F DA EB FF A5 EA 95 BC D0 CF 88 
[  610484] ch50 r2 a0: AB 56 B5 5B 56 B5 5B 35 2A AA A9 66 CA B2 93 41 15 D5 AA D3 54 CA B2 68 B9 D5 45 5A 95 5A 1D 72 
[  610827] ch50 r2 a0: 90 9C 2D 13 4A A0 53 42 02 46 52 94 26 54 88 AB B5 54 B1 2E 56 AA 09 42 59 2B 25 55 5A 9C 92 2A 
[  610833] ch50 r2 a0: 52 22 52 65 EA A8 95 51 52 D5 8E 95 55 34 12 4D 52 D5 2B 43 59 00 AA 8A 03 AC EA 94 AA 94 69 52 
[  611066] ch50 r2 a0: 5A 95 52 E9 93 D9 82 4A AE EE B7 F5 93 5D 5D E9 59 BD 5A AB 4A 6B 7C 8A C8 15 24 AE AA A9 AD 99 
[  611076] ch50 r2 a0: D2 C4 94 9A 42 53 2A 54 88 69 30 62 2B 0A 8A 97 5D 25 A9 55 11 2A 4C AA CA B9 36 B5 37 53 56 8F 
[  611088] ch50 r2 a0: AD 24 43 14 49 44 6D D7 AA DD 0F 5A B4 53 AC C5 2B 6B 5B F7 65 75 69 59 5F 4B DA 75 75 A9 B1 74 
[  611141] ch50 r2 a0: 52 91 48 AA B1 02 A4 D4 21 01 A5 4A 94 8A 50 4B 22 AB 59 45 B6 A9 2B 22 DB 6C AA C9 67 59 51 93 
[  611645] ch50 r2 a0: 82 41 54 84 55 0A 2A 93 7A 95 D7 53 5B D5 89 AB 43 52 56 C4 AB DA 7B 2D DA 56 92 52 AD 54 A3 55 
[  611726] ch50 r2 a0: 51 41 2A 55 54 AB 26 11 09 B5 6B 02 55 0D 56 A4 56 A9 21 2E D4 4B 55 2A CA 40 B5 AA B1 76 AA 24 
[  612092] ch50 r2 a0: 42 C2 95 59 16 AA 54 45 44 14 14 AB 55 6C B4 5A 54 52 35 14 24 42 19 93 01 14 A9 22 93 21 5A 21 
[  612373] ch50 r2 a0: 4A B9 24 A9 5A 6A 92 A8 2A EC E5 BA 4B AA AD D5 AE 95 57 6E 82 C1 AA AB 20 6A AA A3 61 42 11 51 
[  612420] ch50 r2 a0: 31 51 AA 4A 65 39 AE 93 9F 5A AD 27 76 E9 5D 13 A4 DB EB EA AA 0B B3 77 76 B5 7A A4 A9 96 B5 35 
[  612464] ch50 r2 a0: A4 39 54 AE 23 10 42 65 21 09 4B 72 85 4A A6 51 49 26 90 88 B5 55 4A 92 AA C2 A2 94 B5 0A A5 52 
[  612569] ch50 r2 a0: 84 1B 5A 0A 95 62 CB 00 94 53 32 AA D2 AF CD 2D 66 69 4A DD 6A A2 6A 65 29 5B 5D 4A 28 A8 C2 A9 
[  612608] ch50 r2 a0: 00 54 AC 5A 8D 08 82 93 FE 9D DA 8D 55 DD 55 65 22 34 AD F5 39 AB AA A9 90 E9 5A AA 94 B5 49 D5 
[  612786] ch50 r2 a0: 48 21 24 10 08 50 20 82 AC 01 04 21 24 08 00 82 01 05 40 82 24 44 7B BA FF DA 5A D5 DD 5E ED FE 
[  612882] ch50 r2 a0: 22 49 48 A4 00 84 82 02 A0 92 B0 22 B5 2A 8B 1A A4 2D B0 55 27 55 21 95 24 AC A1 8A 15 5D 45 63 
[  613033] ch50 r2 a0: 96 5A D6 A5 56 56 AB 55 56 93 5B 56 69 B6 A8 B6 95 AB 55 3A D6 E5 55 AE FA AD 4B 52 52 AB 52 C2 
[  613113] ch50 r2 a0: 2A 29 C9 0A A1 54 4B 0A AA 29 D8 8B 6A 94 16 EA A2 A6 D6 CF A7 B6 EB 55 A5 4A AB 2B 48 C5 4E A0 
[  613155] ch50 r2 a0: B4 75 6B 04 54 AA B0 80 35 2A 8A 11 94 B9 14 12 52 A1 4A AB 55 14 35 B6 E8 A2 D9 65 45 D4 B5 13 
[  613171] ch50 r2 a0: 42 A8 10 A9 34 84 05 48 93 2A A9 6B 79 57 6A B5 50 AD 54 D4 AE 5A 29 5B 65 65 16 92 99 5A 9A 55 
[  613333] ch50 r2 a0: B4 8A B6 A5 A5 51 2D 52 94 AB A5 95 54 AD 9B 0E 95 2D 9A 69 41 54 4A 24 44 69 66 ED AB AA D3 63 
[  613408] ch50 r2 a0: 22 B2 8C 49 8E 09 15 45 D0 AB 71 95 D0 72 DE 0A CC CA D5 37 5D 20 6E DE D2 4F D2 56 51 64 BD 4B 
[  613453] ch50 r2 a0: CB 2A 45 1A 32 D2 2A BD 4D E9 AB 69 54 35 0A A2 95 56 92 EB C9 14 E5 68 BB BA B6 8B 85 55 56 E5 
[  613604] ch50 r2 a0: D0 4B AD 7A B2 DA 0F 5A AA 6A 8B D2 DA A5 55 2A 4C 85 D9 D5 D2 B5 AA 8B 53 2A A2 86 90 AA 6E 15 
[  613688] ch50 r2 a0: 04 48 58 22 92 E9 F7 35 8B 3D 3B 75 4D 12 7A 6D 8A AD 1D 4D 6B AD 42 72 AA DD BA 8B 5A EC CD 7A 
[  613730] ch50 r2 a0: 52 2C 44 C0 20 45 01 48 14 8A 52 6A 92 55 22 8B 55 CD A6 5A BE AE 8E D4 AF D9 AD 3E AD DE 1C 46 
[  613926] ch50 r2 a0: AA CB A5 2D 28 AA EA AD AD A5 B4 B7 D4 ED 55 29 56 56 57 6D 59 BC 93 2D 73 6C AA E9 25 55 CE EF 
[  614244] ch50 r2 a0: DA BA 91 AB B5 AC 68 4A D9 41 95 D8 AA 92 B6 B4 CF 51 35 3B ED 5A B5 94 AA 4A A6 AE B5 99 96 B2 
[  614267] ch50 r2 a0: 84 04 08 A1 04 00 50 80 46 20 AA 08 A4 09 65 00 94 AF 75 5E 7F 56 D5 66 A4 AC 96 9C B4 55 1A CB 
[  614269] ch50 r2 a0: 05 08 55 49 D5 36 F4 9A B3 36 59 A5 7B 73 6B BA BD 9B B9 AE CD E4 E6 7F FC A9 6C 6B 6B BD 5A AE 
[  614338] ch50 r2 a0: 22 1A 6A CB 53 51 16 BC A9 58 A5 55 79 27 5F BB 94 AA BB FF 72 B9 72 6A D2 2F EF 9E EB F7 FE DE 
[  614764] ch50 r2 a0: A2 39 A6 A8 34 8D 55 AD 75 A1 56 A5 3C D9 56 95 19 63 74 EA 75 59 2E D3 6B 62 BD 22 29 D9 2F 93 
[  614922] ch50 r2 a0: 36 C4 AD 05 29 5A A5 2D 56 CB 4A 8E DC E5 95 48 CE 54 C4 A5 D7 B6 2B 56 D3 64 22 56 DA D2 54 CB 
[  614964] ch50 r2 a0: 26 95 14 9D AA 5E A5 2A D7 D4 DD 4C 9A EB 3E D5 26 D7 A4 9F CB 53 5B 2A 32 2A A0 6A DA 94 9A 95 
[  615076] ch50 r2 a0: 89 88 21 4A 11 29 6A 61 5B 5D CD 59 6B 2F B6 96 AB AE EB 29 77 AB 55 55 3C DB 4D 6A BA 66 01 4D 
[  615587] ch50 r2 a0: D4 E4 E9 5B 55 35 09 4A 2A 15 4B 20 45 EA 96 BA 51 BA AB 2A D5 6A AE AD AA AB 65 5A 8A 25 5E 93 
[  615781] ch50 r2 a0: 88 A1 24 4A 32 96 04 D1 95 20 32 2A B4 09 22 32 44 EA 2A 51 88 AA 93 64 12 91 80 82 D0 42 54 04 
[  615938] ch50 r2 a0: EA A8 AA 45 34 94 97 11 54 45 64 A5 09 F6 CA 4F 55 42 8B 55 52 AA CE AB 55 6E 22 A9 52 D4 9B 92 
[  615953] ch50 r2 a0: AA 9A AC E5 8A B5 68 BA 0B D5 7B 74 F7 74 54 91 73 76 B2 BD 8A A5 6A AB 55 65 6A E2 2E BD 70 A0 
[  615982] ch50 r2 a0: AA 73 55 AF 5A CF 6D AF D6 5D AD F4 F4 B5 5D 32 DA 1C B1 0D 54 99 73 2A AA A0 A9 94 D4 CA 45 5A 
[  616081] ch50 r2 a0: D6 CF 55 6B 55 59 54 CA AE DA F5 AA 58 A9 AB AE D5 AB 44 CD 59 2E A6 ED B5 2D D6 BA AC 8A AA D6 
[  616119] ch50 r2 a0: E9 AA B0 AB 99 A8 D1 19 AE 58 AD 3B 45 AE AC CA A6 BA B6 ED 49 BA AA AB 6B CA CA 9E C5 DD 77 6E 
[  616266] ch50 r2 a0: 40 95 00 01 48 72 0D 4A 4C 95 59 FB 67 D4 EA E5 CA 75 5A EE 2D D4 AB 26 CA EE BB 39 55 75 6A AC 
[  616295] ch50 r2 a0: 96 52 48 0A 0C 2A 48 45 A0 96 8A 02 10 8A 90 08 10 49 46 01 08 29 29 24 A1 1B 22 A2 02 11 2C 92 
[  616321] ch50 r2 a0: 57 88 6A 9B BA 9A DF 32 F4 EA 94 C8 AA 55 52 A9 56 D5 D5 52 BB 4A 94 D2 AA 96 D4 A9 34 95 51 14 
[  616459] ch50 r2 a0: A5 46 45 11 00 44 19 10 A8 AA E9 5E EB 75 2B 2D 6D AD 5D BA 6E FF AA AB EA B9 5A F2 DA A9 BF D4 
[  616929] ch50 r2 a0: 22 5E 2A A9 11 8A 8A A2 8D 45 4E D7 6C AA 3A BA CB BB AA A4 AB 55 06 6B 18 1A AA 55 D0 D5 59 55 
[  617411] ch50 r2 a0: 8A 68 32 D1 18 85 15 24 45 15 02 A0 A9 55 B5 42 A2 AB FA AD 67 49 D7 AD 5D 6A AE DB AE AF 69 DD 
[  617782] ch50 r2 a0: A7 54 A1 25 52 6D 6C 4A 54 D1 23 14 56 B4 4B 54 8A 95 55 48 50 95 14 88 52 32 29 64 8A 96 B5 2D 
[  617793] ch50 r2 a0: AC 6F 52 7B 2B 54 BD 5E AA B5 54 AA D5 50 D6 2B 66 91 54 94 5A AD 45 35 55 9D 6E D4 B5 47 AA F2 
[  617870] ch50 r2 a0: A1 8A B9 4A 91 9A 6A 42 4D 4B 52 07 54 52 92 AB 54 9B 54 97 9A D7 4E F6 9A AF 75 5A 6D 9D 5B 5B 
[  617876] ch50 r2 a0: 86 32 4A 35 24 A5 4A 15 0A 93 29 15 6E 28 21 90 4E 21 42 84 81 45 45 5A 14 4A 43 29 65 42 08 51 
[  618133] ch50 r2 a0: D3 32 34 B2 60 A9 65 4A AC 49 48 01 08 08 10 0A 40 42 00 4A B5 17 22 92 45 45 52 83 15 12 91 42 
[  618467] ch50 r2 a0: 05 25 54 A8 A1 24 8A B6 75 59 55 6B 52 CD 6A EE 79 55 6B 6B 4D C6 A4 D5 3F A0 28 30 84 1E A4 52 
[  618603] ch50 r2 a0: 98 CA 59 B4 B5 54 D1 24 AA A5 52 A9 8D A0 91 52 A4 22 EA 97 CA 51 68 AA AA C8 AA 9C D5 A1 43 06 
[  618654] ch50 r2 a0: 15 62 6A A9 49 10 62 25 1A 89 09 21 B0 00 52 08 17 6A AB BA AF 5D BE B5 6D 35 BD BD 5B 5B 12 BA 
[  618665] ch50 r2 a0: 59 12 D6 A8 8E E6 2F 51 68 B5 39 31 89 EA 86 14 0E B2 72 DF 4A 8C 8A CB 95 5B 56 E5 2A A8 B5 A9 
[  618848] ch50 r2 a0: 0A 29 CA 0A A1 54 4B 0A AA 29 50 8B 6A 95 16 EA A2 A4 D6 CF A7 9A EB 55 AD 5A AB 5B DA D5 4E A0 
[  618999] ch50 r2 a0: 41 0B 04 2A 4A D2 24 50 11 12 04 20 2A 80 24 A0 05 28 60 05 50 48 06 20 84 28 82 A1 AC 14 02 15 
[  619035] ch50 r2 a0: 4A 61 10 2A 86 94 94 A2 5A A8 A8 0A 8A 46 0A AB 14 80 94 28 22 55 24 54 28 55 8A B3 21 99 A5 15 
[  619260] ch50 r2 a0: A9 4A 50 89 2D A9 56 D4 25 B5 32 A8 D2 74 CE AD AB B7 A5 1A 2A 55 B5 53 AB 64 DA EE F1 A9 65 4A 
[  619340] ch50 r2 a0: 50 00 21 52 D6 65 75 6A B6 DA 4B 55 92 A2 A9 48 4A 51 28 02 45 2A 56 92 8A 69 55 2A 54 AA 12 C2 
[  619408] ch50 r2 a0: 93 15 A5 4A 11 2A 42 82 24 45 4A 15 2A A1 DB 4D 14 B1 EA CA 96 B6 9A F9 57 2B BB 2D 2A DD 93 29 
[  619762] ch50 r2 a0: C6 75 0A 8C 46 E3 98 4A 66 AC A4 D6 54 AD C4 53 A1 94 62 CC B9 32 55 2A A9 6B 4A B5 B5 EC 82 26 
[  620076] ch50 r2 a0: DD B5 53 55 6E AA CA B4 92 AF B3 14 13 58 D5 94 D3 43 14 D4 2B AA AC A9 3A D6 88 5C 1A AA F1 45 
[  620153] ch50 r2 a0: A9 88 D3 97 4C D2 40 95 1D AA F5 5C DB 6E D9 76 EA FA B5 6F D2 EA DD B5 6B 5C B6 DB 9A D6 B5 BC 
[  620666] ch50 r2 a0: 10 81 2C 49 50 0A 10 95 01 50 A5 5B B5 2A C5 13 52 85 AA A5 61 4D 95 0A AA A5 16 82 BA 94 D5 B4 
[  620744] ch50 r2 a0: 49 40 88 12 52 AA 95 52 AA 64 94 8D 24 22 48 BA 4A 94 41 09 2A EB 77 54 D2 9D D5 2D AA AA D1 33 
[  620765] ch50 r2 a0: B6 74 55 65 69 BD B5 5C AC 4B D2 EB 55 A3 72 9B DE AE CA AF B2 AA 5C E9 AF 4B AB D9 26 5D 35 D4 
[  621287] ch50 r2 a0: A5 76 E6 D0 22 EC DD 71 2A 1B B1 4C BA A5 D5 6A DF 54 F4 A9 56 55 55 45 56 54 9B AA 5B 57 7B 2E 
[  621562] ch50 r2 a0: 54 97 42 93 54 A4 D3 82 95 85 61 1A 5F 50 B1 4D 6B 2D 55 4A 55 35 87 6A 9A A8 AD 6B AB 55 52 94 
[  621646] ch50 r2 a0: D4 4A 69 2A 48 92 92 90 1E 92 B4 A2 A2 B4 47 A4 B0 B4 AE A8 A4 97 48 75 12 74 B1 0A A5 00 4A B8 
[  621867] ch50 r2 a0: D5 51 96 AA BA 96 65 BB D9 6C 22 B5 2E 52 AD A6 97 72 35 92 BD BA 69 B4 96 8A AD 3F 39 53 D7 66 
[  621888] ch50 r2 a0: 55 0A F4 AA B6 A4 95 52 A4 92 A4 4B 92 E5 B4 AA 5C B6 95 5D D5 F6 EB F4 95 31 D9 56 B3 AA C5 B3 
[  621972] ch50 r2 a0: 93 2B 55 27 A9 30 BE D6 AA AA 52 57 0C E6 C8 A4 92 89 59 0B 51 15 CA 7D 2E B2 D0 5F 4A BA 8C AB 
[  621982] ch50 r2 a0: AB 26 B3 52 24 8E A8 E8 EA 91 45 25 6A DA D6 50 99 4A 06 A5 88 35 1D 57 BA AB 58 B5 2B A6 96 AF 
[  622196] ch50 r2 a0: 16 2A C6 8E 8D 53 45 4A 65 4B 55 5A 8A 5B 12 95 2A 6A 4A B6 53 29 58 AA C4 AB 14 CD D6 94 AA DA 
[  622433] ch50 r2 a0: 15 31 20 15 63 69 4D 69 4A 08 8B 4B 4D 51 4D 36 A9 75 8B 8D 0D A1 45 E5 44 52 29 64 D2 A5 62 AB 
[  622609] ch50 r2 a0: 49 32 95 D0 53 01 AB 01 45 AA 15 32 92 52 43 A8 D1 AA A9 56 6C 89 5A 85 57 12 F5 43 4A 56 49 49 
[  623167] ch50 r2 a0: 4C 0A 95 A5 4A 8D 2A A5 56 6A B5 56 15 D4 20 49 29 25 28 48 B3 55 34 99 5A A5 28 A5 24 45 68 6C 
[  623197] ch50 r2 a0: 46 64 14 05 4A 49 2A 14 80 A8 52 04 44 94 48 12 52 80 8B 0B 92 71 6C D4 DE B2 E9 6C 52 B2 29 B9 
[  623465] ch50 r2 a0: 92 D2 4B 48 AA 28 96 48 92 A8 92 65 49 71 51 68 52 90 25 50 C0 C9 AD 52 88 A8 55 16 D2 82 22 6B 
[  623676] ch50 r2 a0: 1C 4A 44 D4 95 D5 5A BD 38 32 BA 5D 44 05 E8 09 4A 29 49 41 60 54 A2 B1 8B 69 4D 95 99 B4 DE 6A 
[  623696] ch50 r2 a0: 95 02 06 35 0A 88 24 42 49 54 84 89 84 AA 93 28 02 00 A6 09 16 08 85 94 20 48 B4 06 16 9C 5A 50 
[  623811] ch50 r2 a0: 78 40 82 20 10 20 90 16 2A 84 C3 2B D5 24 44 52 D0 02 2A 55 6D 6B FA EF D6 6D 69 AB 68 D5 D5 9E 
[  624008] ch50 r2 a0: 64 35 51 91 6C 89 75 FD 3F 6D 4B 6B 77 66 BD BB 4F 4B B6 E5 21 D5 79 61 41 92 90 C9 4B 44 91 4C 
[  624059] ch50 r2 a0: 95 9F A8 BA 00 84 00 10 55 09 52 AE 6A 34 C5 16 2D 04 B6 49 2D 4A A8 8D AB B2 D1 39 34 DF 56 8D 
[  624067] ch50 r2 a0: 00 00 02 D4 E3 99 15 6F 5B 65 9D 52 2C 68 55 65 4A D1 4D 3B 8D 55 49 E2 AD B7 6B B5 AB 97 28 55 
[  624365] ch50 r2 a0: AA A9 A2 68 D9 75 4A 89 58 DB A9 6D B4 A0 41 4A 2A A4 A9 15 52 CA 0D 4A 2C 24 92 8D 51 61 41 54 
[  624421] ch50 r2 a0: 6C 69 2A AA 95 56 13 4B B1 DB AA B5 2D 4A BB AB BE EA 7E D5 2D 7B B5 6A BA B7 B9 6F D6 F5 DE AA 
[  624448] ch50 r2 a0: 96 08 55 6B 54 5A D6 AB A6 4E EB 5B 2C 68 A5 6B 7A 19 52 EC DB 5D 52 26 8A 55 B3 55 52 55 B1 56 
[  624482] ch50 r2 a0: 4C 20 42 1B 02 C1 14 4A 12 C2 22 82 22 2D 80 58 6A 91 55 22 A0 01 34 C2 42 B2 05 54 48 26 44 15 
[  624752] ch50 r2 a0: 22 56 D5 4B 7E 96 A8 D5 B4 AD 6A 54 93 3C AD E9 6D 34 91 35 2E 56 96 A8 54 A4 CB 5B EA C5 49 25 
[  624786] ch50 r2 a0: B5 56 83 B6 51 92 55 AD 75 5A AA AA C9 55 2A D6 C8 EB 51 72 72 C6 CA 97 69 F5 75 56 9D 6B 3D DB 
[  625119] ch50 r2 a0: 4A 92 4C 59 A5 8A CF 14 AA 21 5B BD CF 2B 55 55 ED AA AC A8 B7 44 A3 55 27 AA D6 46 AD D5 6A BB 
[  625213] ch50 r2 a0: B5 57 2F 4A AA D6 5B 2D 29 D4 AB 6F 52 36 AC 8D 3B 22 57 5A BD A4 F5 69 2B 54 F5 36 D1 55 52 6A 
[  625241] ch50 r2 a0: 63 69 82 A4 22 29 23 52 52 89 12 42 A9 0A 91 62 A8 15 4A A0 52 95 49 50 61 A6 45 29 29 D9 69 58 
[  625469] ch50 r2 a0: AA A3 45 6B 34 4A B1 A3 56 52 8A 94 90 AB 49 52 4A A2 88 A8 91 55 B4 26 CA E8 AD 5D 2A D5 4A BA 
[  626012] ch50 r2 a0: DB 55 4A DB 2D 58 B2 6A 94 AC C5 8D 50 CA 93 AA BE D2 AA C6 DD 4A A9 3A EE DC AB 52 51 4B 95 15 
[  626235] ch50 r2 a0: D4 BA 6B 58 8A 8E A5 6A CC 45 35 A9 B6 97 ED C2 45 AF BB 57 9B AB 6D B5 B5 6D DD 59 AB 9B 2E 44 
[  626287] ch50 r2 a0: A9 6B 6A AD 2C 79 59 A6 AD B6 A4 45 35 41 A2 55 49 52 D1 31 64 95 15 52 CB 2A 92 96 4B 48 A2 55 
[  626323] ch50 r2 a0: 5A 55 69 75 6A 10 13 1A 99 D1 2A B2 88 B5 59 54 8D 55 5D 2A DB A2 D6 56 EB A9 04 22 A9 55 94 45 
[  626419] ch50 r2 a0: 4A 95 29 0A 21 32 92 A4 A5 24 95 AA 8C 96 35 25 B6 56 2F 55 56 24 A2 BD 6D A9 B5 95 34 57 9B 36 
[  626742] ch50 r2 a0: 40 02 83 50 CC 41 02 F2 4B 00 42 51 01 35 55 90 8A 0A AA 1A AA D1 59 14 95 95 14 A5 AE D2 9A ED 
[  627073] ch50 r2 a0: A9 54 AD 6A A9 AA 5D 6A 2F 23 AB 7D FF 6E B5 4D 74 BE B1 B5 A7 2B 57 EA D5 6D 9A DE DB 5D 94 6A 
[  627125] ch50 r2 a0: AD 4B 42 A9 2A D2 CF 6D 59 AB 6D AA 4E CD 22 04 68 57 82 68 52 52 2C 22 A5 57 6C AA E3 FA CA DA 
[  627278] ch50 r2 a0: 49 2A A5 6B 0A 96 C9 6A B2 50 8A 22 26 B2 CB 94 12 8A EB 5A 56 AD 22 CA 85 E1 2E 49 1B 8E B1 AB 
[  627363] ch50 r2 a0: D4 DB A6 F2 59 02 AC 95 57 14 AA 95 51 25 4C 55 59 46 35 E9 23 14 09 9F A9 CA A4 91 61 3A A0 12 
[  627681] ch50 r2 a0: AB 4B 6A 09 16 0A 88 2C 5A 9A 0A F9 29 57 6A EA 72 A9 15 07 6A BA A9 14 8B 4A A5 71 D0 D4 65 24 
[  628026] ch50 r2 a0: A4 45 24 52 96 90 68 92 D6 54 65 38 A8 9D 48 95 4A 94 AA 09 55 45 A5 DA 65 35 6D 45 54 AB 69 1A 
[  628077] ch50 r2 a0: 6A 4B 7A 30 27 5B 6C AB 62 AA D2 E4 D6 BA 8B 96 88 D6 EA A2 98 25 50 DA BB 75 52 35 35 18 90 C8 
[  628185] ch50 r2 a0: DA 48 A6 90 45 41 0C 02 22 57 69 D6 01 11 15 72 7D F7 9F FF BF 6B FF F5 FF E7 6F 7A DF F7 BF AF 
[  628240] ch50 r2 a0: A9 12 AA 96 82 52 08 44 B6 7B 6A BA EA 5A CA CF 6D 7D CD 5A B2 22 CF 65 79 39 B9 1E 56 E8 A8 6D 
[  628496] ch50 r2 a0: 94 58 6A 95 44 12 90 54 90 45 2A 95 A0 40 69 2A 82 02 84 42 95 15 02 8A 55 49 2A 95 51 00 21 49 
[  628829] ch50 r2 a0: 11 51 40 AB 64 55 21 11 92 A4 AA 55 2D AB 65 59 55 DC 0C D7 57 22 48 F4 D5 56 9D A8 2B 0A BA AC 
[  628942] ch50 r2 a0: A0 B3 25 28 8A 95 43 AA A9 55 12 E9 56 85 55 14 CA AA 65 D4 C9 B0 AA 59 75 6A 4B 6B 95 D8 B3 19 
[  628987] ch50 r2 a0: 45 40 00 09 04 15 75 4D 25 44 8A 2A 92 49 A9 0D CA CE 54 AD 2D 95 4B F1 35 5A BA C4 DE 4B AB 5D 
[  629035] ch50 r2 a0: 5B A4 AA 42 90 AA E5 14 24 84 D9 86 AA A2 EA 08 AA 96 4A 59 29 4A 82 8A AA 42 2A 14 A9 69 A1 2D 
[  629107] ch50 r2 a0: 01 5B 8A 90 04 84 A8 C5 25 55 4A 22 0A 22 A4 86 21 25 5A 56 45 0A 96 B5 42 AB 12 D5 36 29 51 5A 
[  629135] ch50 r2 a0: F5 25 4C 75 53 57 61 55 66 E7 6A 69 53 26 69 6C B3 72 6A CA AE AA A4 AA 8B 0A 76 A6 94 94 5C A9 
[  629303] ch50 r2 a0: 12 96 D4 62 1A 8B 5C 4D 62 C4 D5 E7 65 D5 5A 55 DA 55 29 EE E7 54 72 AE EB 76 2A A3 94 93 37 6E 
[  629361] ch50 r2 a0: 96 89 69 1A A6 CA FD 5A D5 A8 AC A3 5B 75 2E 33 B8 AC D5 9B AA B3 59 52 9A AB B3 2E AF 6E 36 5B 
[  629641] ch50 r2 a0: 64 51 41 48 A9 92 42 35 32 4A 18 95 A9 24 20 49 80 D5 54 AA 95 A4 4A C5 A0 98 54 9A 59 2A 49 62 
[  629842] ch50 r2 a0: 65 14 B4 52 85 4A 04 48 44 AA 39 4A 52 82 E2 55 A2 D0 89 24 2B 64 AF 5E DB 73 2A 55 57 11 5D 59 
[  630353] ch50 r2 a0: 5A 55 A9 75 55 2A D6 AB 24 95 5A AA 42 D1 34 22 69 22 2A 82 2A 62 95 12 85 43 52 A8 45 4A 8B 05 
[  630405] ch50 r2 a0: D8 A0 DA 92 9D 4A DF 97 B5 DF 75 75 7B A9 D2 CD 74 DE B7 4D 2E FD F6 EA DD EA 76 D4 AB 2F AE B6 
[  630510] ch50 r2 a0: 02 2A 45 55 B4 93 0A 5A 21 99 68 CA 2A 5F 54 A5 D2 8A 08 55 50 AA EA 94 C4 3A 9B 94 D4 4B AC DA 
[  630888] ch50 r2 a0: D5 02 96 76 B5 B7 57 D4 A8 AA B6 54 D7 BE 96 F5 91 53 DA B9 ED 35 BA 2B FF 4F 77 D7 B3 9B DF 5B 
[  630982] ch50 r2 a0: AD 4B 42 A9 A6 D2 EE 65 5B AA B6 D5 26 60 83 20 67 00 94 84 81 22 01 00 28 21 15 05 80 81 10 93 
[  631007] ch50 r2 a0: 22 D1 24 4A 72 A5 4A AB 4A 5A 54 A2 D5 6A 91 05 54 A9 2B 28 A8 95 44 42 22 29 90 AA 16 74 80 52 
[  631123] ch50 r2 a0: 05 44 82 01 54 8A 2F B3 6A BB D5 5D 55 BD AA BD 8A 9A CB 55 AA B5 AA A9 B3 5B D6 AA CD AA CF AB 
[  631158] ch50 r2 a0: D5 4B 35 39 5A 47 29 CD B4 1A DA 5D 4B 96 B3 5D DD DD D6 9A F1 B5 4E AA B4 4A DD 7A D5 F4 BA AB 
[  631385] ch50 r2 a0: 02 29 40 30 06 B8 44 09 50 09 29 55 6A 55 71 A5 34 B3 5A 89 B3 33 AF 35 94 49 42 A2 4C 08 10 89 
[  631408] ch50 r2 a0: A6 22 8A 45 01 41 41 82 D4 AA 95 4A CC 42 29 2A 4C A5 15 44 AA 29 A2 09 2A A2 24 A8 59 29 53 50 
[  631562] ch50 r2 a0: 14 51 65 58 AD BD EE AF F5 A4 D3 2D 7A BA 57 B5 DC 49 26 6A 94 A5 56 F4 AB 19 BA 66 94 AA A9 E6 
[  631574] ch50 r2 a0: 54 4B F5 8A 35 6E D1 AA BA 9B CF 5D 6B 53 33 12 34 B5 CA 97 D4 6A A7 2B 09 CB 54 65 6D ED 6F 6D 
[  631604] ch50 r2 a0: 45 EF 3F E1 BD ED C6 CB 34 69 55 4C AB 1A 5B C9 2A F6 AA B4 57 CE D5 AF 6C B5 D5 EB A9 55 CA B9 
[  631658] ch50 r2 a0: A1 B9 25 2C A6 A9 6A 54 8A D2 04 19 6A 4B 26 AA 0C 0A 04 A8 26 92 12 05 50 A5 88 4A 52 2B 6A E2 
[  631743] ch50 r2 a0: A9 53 14 B5 DD AC B0 D5 65 95 55 64 AA 96 E6 53 0A 91 2A 6B 55 8D 2A AF AB D4 AA AF FF 5A 92 B7 
[  631819] ch50 r2 a0: 2A D5 24 92 D8 A8 82 4A 31 4C 48 9C A9 22 24 D3 53 28 92 2A A0 52 AA 55 21 9C 61 89 18 44 94 E9 
[  631864] ch50 r2 a0: CA CA B5 DA AB C5 49 52 AA CA 4C 89 5A AD 94 D5 95 AD 20 A5 49 4A 55 99 B4 DB 13 48 55 74 B5 8B 
[  631946] ch50 r2 a0: BA 52 46 D4 B3 D6 57 2A 69 42 2D 52 D6 B6 46 8B 8B 2A 62 AA 29 5F A3 AC B2 25 6A 25 2A CD BA 5B 
[  632047] ch50 r2 a0: AB 4A 52 AC B5 32 9A 54 96 52 C5 5A A7 2D 6C AB 26 95 57 5E BB AD 0A B5 35 6A EB 2A E9 57 53 55 
[  632079] ch50 r2 a0: 11 66 B5 9B 6D 52 95 6A C7 AB 5A 95 25 BD AD EE BD DD 75 93 7A AC CB 35 AA 86 96 76 D5 D4 AA B2 
[  632229] ch50 r2 a0: 98 B2 AE 89 4A 51 14 4E 81 69 62 86 8A B5 24 A8 AA C9 18 57 65 4C D4 A2 65 94 B2 24 95 48 42 15 
[  632378] ch50 r2 a0: 92 82 A1 AA 45 A2 4A CA 42 B5 42 20 D6 1D 40 D6 85 55 77 CB 69 5B A9 67 75 6B 26 93 D6 6B B8 4D 
[  632422] ch50 r2 a0: 54 4A 95 50 B5 31 8A 8C 15 B5 AA B4 A1 5A D2 AA B5 2D 22 B5 D5 E1 9A AE CD 29 9E 9C 2D 35 AE DB 
[  632843] ch50 r2 a0: BE 20 14 28 82 2C 25 25 0A A2 DA 4C 8A 64 A1 A4 53 25 69 69 23 44 4D 55 05 12 65 B5 9B D3 A2 58 
[  632880] ch50 r2 a0: A9 16 94 8A 81 2A 95 49 2A 42 A4 08 89 64 18 18 AA A9 85 51 EC C2 54 69 AE 95 A9 9B 65 9A 6B B2 
[  632992] ch50 r2 a0: 66 EB 42 D0 A9 91 A2 EA AA CB 56 AA A8 EB 95 1A 94 65 74 A9 5A 74 2A D2 AC B2 59 58 11 A4 4B 86 
[  633151] ch50 r2 a0: 2A A9 6A 54 A5 55 A3 45 54 8A 52 A5 5A 87 69 29 AD 2A 96 56 D2 C5 A5 4D 8B 16 96 52 DA 27 55 54 
[  633524] ch50 r2 a0: F5 08 98 B3 A2 A9 8C 2B 96 A6 A8 C4 28 48 95 91 11 02 92 89 06 42 81 04 54 52 32 32 BD A5 4D D9 
[  633528] ch50 r2 a0: 42 89 42 2A AA 31 57 5A 46 A5 4A 49 49 1B 57 4B 2A 4A 44 A9 94 CE A8 95 22 AC 22 A8 EA 53 AD AD 
[  633685] ch50 r2 a0: 53 1A 21 5B 52 95 64 69 A5 4E 94 92 34 5F FF FF FF FF 22 AC 94 A0 0D 6D 28 AB 0A AA AA 95 6A D4 
[  633689] ch50 r2 a0: 54 E6 8F DF 46 A5 7D 5D A9 6B B2 52 D7 5D 8A A4 8B 25 13 6D 52 ED 6D 36 A9 88 A9 64 8C C4 15 E8 
[  633906] ch50 r2 a0: 29 24 AC 92 54 8A 54 B2 8A 59 2A E8 A9 AB AC 55 31 35 50 AD 26 FD 55 24 D2 A6 52 A2 16 AA A9 89 
[  634024] ch50 r2 a0: 20 9A CD A5 AB D3 D4 AD DB AA 2B 4D 55 CC A4 42 35 55 2D 64 94 5A 76 76 8B A4 BB DE 93 D5 36 ED 
[  634154] ch50 r2 a0: 92 B4 8D 24 AA 66 54 2C 52 B2 2D D5 AB 2A 4B B4 AB 6C 66 AA 96 9B 59 5D 8C 6D 8B B5 5A B5 6F 55 
[  634432] ch50 r2 a0: D4 48 AD 24 8A 12 A8 41 79 45 85 2B 8A 51 21 23 56 2D B6 BA D4 AB 6E 51 E5 70 56 AB 7B 55 AA 96 
[  634463] ch50 r2 a0: 04 A6 21 08 82 42 28 A8 93 2D 11 12 A3 45 85 48 05 79 93 26 AA E9 22 91 65 2D D9 4A 4D AF 6A A3 
[  634519] ch50 r2 a0: 51 43 4A CD 56 B9 2A AA B5 66 DC 22 96 55 42 B6 A5 5A B2 89 6A 8B 55 56 A8 AD 43 5A 91 45 42 6A 
[  634522] ch50 r2 a0: F5 AD 51 6D A4 AF AD 97 67 51 58 A4 B6 C5 0A 54 AA 5E CF AC AB 6D A9 DA DE BB BD 51 DA B9 36 C3 
[  634574] ch50 r2 a0: B1 7D 9A DE E5 16 F9 55 AD D3 6B D5 AB 4D DE E6 AF F5 6E CD B1 A7 77 55 45 4B 2D 50 37 54 69 A8 
[  634609] ch50 r2 a0: 40 CA 5A 54 41 61 A8 03 75 B5 FA CD AA AE 9B 77 7D 55 57 3A 5A 9A 55 55 28 54 92 2A 81 52 2A 65 
[  635085] ch50 r2 a0: 51 4A A4 4D 54 0A 81 2A 14 D0 59 1B 11 29 10 54 41 4A 14 2A 41 54 88 A8 CB 6C 46 8F 58 88 C8 52 
[  635133] ch50 r2 a0: 80 12 10 49 A8 02 4A 2E D2 88 05 55 14 8E 12 A2 DB 65 7A D2 8E A6 89 5B 5A DB 70 55 1B 44 6A 37 
[  635135] ch50 r2 a0: B2 ED 14 00 CD 44 A5 4C 12 AD 23 24 CE 34 0A 53 24 51 A8 BA 6B 9D DF 7B 76 DA 7A D9 55 CA B7 CC 
[  635205] ch50 r2 a0: 8A 40 81 40 24 84 08 00 A1 94 52 89 10 A2 51 15 45 44 4A 8A A4 A4 21 4A AC 02 8A A5 44 13 61 28 
[  635625] ch50 r2 a0: 24 90 01 22 89 42 55 21 4C 44 A0 82 24 00 28 95 A6 15 25 A9 DA DE AA 2A B9 7D A1 73 8D 76 B2 AD 
[  635646] ch50 r2 a0: 99 AB 4D 92 AA 28 93 4C 59 79 32 95 45 6A B6 A5 54 D1 64 42 12 44 A8 A5 4A B9 34 4A 51 AB 57 9E 
[  635846] ch50 r2 a0: 2A 29 C8 0A A1 54 4B 0A AA 29 D0 8B 6A B7 57 EA A2 AE D6 CF A6 AA EB 55 A5 5A AB 53 58 D5 4E A0 
[  636217] ch50 r2 a0: 05 55 64 94 59 2D 29 12 29 2C AB 2B 36 8A B1 52 A2 AA 2A A8 16 52 15 8C 82 06 F6 C2 AD DA CD 6E 
[  636371] ch50 r2 a0: 91 41 51 52 50 A9 59 35 52 D2 B6 A9 3C 9A D2 35 54 95 DA 65 69 5D 54 24 AD 71 4A 95 42 AB AA 31 
[  636605] ch50 r2 a0: A4 4D 4C AA DD B5 6B D2 DB 24 ED 69 FD 2A A9 6A AE 94 57 AA E5 56 95 2E A5 B9 62 AA 87 4C DA 4E 
[  636870] ch50 r2 a0: D4 A9 55 65 1A 51 65 53 8E AB 56 15 6D 55 E6 B5 52 D6 BA 55 D5 96 AB B5 64 81 B5 6D 6F 45 AB A4 
[  637035] ch50 r2 a0: A6 5A DE B5 32 A5 62 A4 72 50 F5 8D 57 51 AE A1 55 57 22 AF 70 8A 42 B4 92 EC E2 59 74 D1 92 A1 
[  637055] ch50 r2 a0: 14 95 A6 C5 15 29 19 24 4A 52 A5 54 46 95 78 AD 56 AA B9 55 B2 9E 6A A9 AD 6D 52 A5 59 55 96 DA 
[  637211] ch50 r2 a0: D4 56 48 24 BA 95 94 62 8A C0 10 91 26 62 A0 AB 12 A4 2A CA 5A 94 C4 EA 84 8A 49 D2 80 D5 35 3D 
[  637771] ch50 r2 a0: 01 45 51 12 A8 44 C5 44 52 41 10 55 95 28 20 04 A9 24 23 A1 20 CA 10 25 11 52 A8 54 68 A9 15 01 
[  637800] ch50 r2 a0: 2A AB B9 B7 5A AD 73 3F 56 B3 A4 AD D7 AE D5 D5 6D 6E AE A5 A0 1B B2 56 B5 9B 55 7A FD 69 5E F4 
[  638010] ch50 r2 a0: A6 A9 36 9A AE B6 EA BF A4 94 16 B6 26 B5 AA DA 8A B6 45 32 6D 9A BD A2 6A 4A B2 95 6A 28 AA 2C 
[  638159] ch50 r2 a0: A5 43 8C 9B 99 76 25 E2 11 A4 A4 63 5E D3 93 35 2E B6 56 AD 21 33 C3 B2 BB AE C9 A3 AA C4 7A CB 
[  638177] ch50 r2 a0: 48 42 28 A2 08 56 AB 0B B5 53 FD 76 AA DC A5 2A D0 88 8A A4 B2 45 50 52 55 33 11 A5 51 90 46 95 
[  638188] ch50 r2 a0: 49 12 51 25 26 54 52 11 05 24 D2 A8 AA A2 2A 92 A2 A5 65 B6 C5 94 25 2A A4 E5 4A AD 4A 55 6A 94 
[  638194] ch50 r2 a0: DA B7 7D B5 EA CB BD B0 AD 75 EA BF AD D9 5D B6 DF 5E BB 6A 69 6A 56 B1 A5 55 55 97 61 4B BD 16 
[  638241] ch50 r2 a0: 9D 0C C9 D7 2D FB 5B 75 6E B5 1A 5A A5 6D AF EA D5 49 24 FD 56 D4 52 AB 5C D5 CC AA 6C D4 52 CA 
[  638379] ch50 r2 a0: D5 72 A9 51 59 4C 53 15 5A FB 56 AF 55 22 DE FD 55 7B 67 7B 6B 6F DD 5F 7B 75 38 AA 45 2A A6 56 
[  638393] ch50 r2 a0: AF 66 A6 DA 95 B5 94 D6 BE E9 55 4A 75 92 A5 8E 9B FE 9B 53 09 0A D6 5B 55 69 AA 92 6D 55 29 C6 
[  638407] ch50 r2 a0: 5B 55 B5 75 6A 11 D0 C0 39 55 2A B2 88 B5 59 54 89 55 5E AA D3 55 54 16 DA A5 30 BD 54 B1 84 A9 
[  638659] ch50 r2 a0: D2 54 D1 51 A9 19 4A AC 27 A7 5A 6A 85 A9 AD 56 CA A5 FC FE 95 55 67 3A 4E BD 7D B6 B5 53 66 A2 
[  639047] ch50 r2 a0: 34 44 2A 81 15 14 52 81 32 A9 4A AA 94 11 00 24 A1 15 34 44 84 09 44 B1 A5 15 2A A4 B4 85 02 2B 
[  639364] ch50 r2 a0: 6B A8 B0 B2 54 EC 51 15 B2 AA 9A A2 24 D4 AC 9B 75 4B 18 4A DD 72 94 3B 0A 6B 51 68 56 5D A4 54 
[  639391] ch50 r2 a0: 82 22 14 4D 49 28 42 17 25 4A C0 77 2D 42 84 AA 5A A9 48 E5 28 A2 B5 0A A4 4E 61 22 58 A1 07 2A 
[  639977] ch50 r2 a0: AD 2A 2A A6 C9 25 0E 29 52 A7 44 CA 54 94 92 D6 55 AE EA D3 D5 AA A4 99 E9 4B 55 B9 55 53 5D 88 
[  640001] ch50 r2 a0: 0B 24 CA 84 56 57 6B 29 C5 68 AA 54 DB AD 55 D2 C9 F5 E9 B1 34 A8 40 A9 6B 56 B5 AA 52 AA BB CA 
[  640030] ch50 r2 a0: 10 04 A2 54 D4 2A 85 4A 4A FA AA BB C9 5A F2 BF 6E D2 8C 5A AD 63 D6 6F 31 DD 96 5D 75 EA EA 75 
[  640200] ch50 r2 a0: AA 4A E3 25 92 D6 28 84 94 0A 0D 64 2A 0C 69 33 29 0A B0 29 14 A9 50 99 95 A4 54 10 22 81 7A 95 
[  640392] ch50 r2 a0: 26 10 9A AB 9D DB 54 A5 F5 59 62 4A AE 12 5E B2 8A AF 57 6D 77 97 2D 2A AB A5 2D AA 95 AE 44 AB 
[  640436] ch50 r2 a0: 82 D5 56 E5 52 D5 6A 15 BA B5 09 6E D7 67 D2 15 4A 22 15 0C A5 3A 54 34 9B 29 53 6B 75 29 5B 4A 
[  640584] ch50 r2 a0: 26 4A 09 24 64 48 20 A8 1A 91 08 84 22 52 5A BA A6 EA AE A5 57 6A AB 4C 5A A6 42 EA AA 9A DD 2B 
[  640676] ch50 r2 a0: 03 21 54 26 28 33 52 54 A4 55 55 60 AE 94 EB 15 26 2B 54 AA D2 C2 D5 14 11 49 3A 30 AA 65 16 A5 
[  640707] ch50 r2 a0: 29 15 48 14 51 08 A2 44 29 0A 51 A2 52 A9 49 F9 A2 B5 95 56 D3 50 AA A5 E8 4D 6B 1A BA B8 D7 F5 
[  640723] ch50 r2 a0: 97 2A 44 AB 6F 67 52 55 2B 56 55 B4 DB 2B 77 4A B5 76 A4 A8 D7 69 2B 6D 94 8E AF 62 CA 6D 4D 9A 
[  640892] ch50 r2 a0: B0 42 D1 38 90 D1 44 8A C3 54 8A 28 5A CA AD 29 38 54 49 12 AA 51 A1 1A A4 52 2B AA 91 5A 69 04 
[  641159] ch50 r2 a0: A4 D1 55 6A 93 2A 34 55 52 B5 A9 15 D1 67 65 26 B3 A4 55 A0 EB 4A A9 54 25 38 8B 22 29 F3 22 AB 
[  641186] ch50 r2 a0: 08 00 96 EA F5 62 ED 77 5D E7 CE 2A C3 6A A5 C4 BB AD 34 57 A6 D5 C5 29 AE CB EA BA 2B 56 A9 51 
[  641214] ch50 r2 a0: 52 6C 6B 57 5A AB 2D B1 2B AC 1B B4 9B AD 62 EA 09 31 F3 32 60 94 44 A1 55 44 AA F6 DC 7F 7A 6A 
[  641282] ch50 r2 a0: F9 5B 52 5A A9 3B 2B 2A 54 39 56 32 95 56 4A D7 53 35 8D 2E 56 44 54 94 C4 53 54 6A E6 AB 52 94 
[  641433] ch50 r2 a0: AA EE 4B 3E 76 AE 6A 4B 5B B6 AD 55 B4 5B 7D 66 B6 72 5B B2 C3 63 5A A8 94 A5 51 95 66 81 68 8A 
[  641541] ch50 r2 a0: ED 33 95 A4 76 CB 14 FA 47 59 F6 9D DE 9E F5 1D AF 7D B5 D7 F5 AA F2 97 DB 5C 4A B7 60 CC DF 34 
[  642235] ch50 r2 a0: BD 5C 92 4A CE D2 7A 9B 4D 5A CA CD 25 2A 6A 7E A8 6B 57 5D 4A B6 56 56 AA C4 E6 D3 4F A5 5A 6F 
[  642566] ch50 r2 a0: 96 D2 0A 51 2D 65 DD 29 5B 8A 55 75 29 2B DC 69 16 56 2A 4D D4 E7 A6 D2 35 59 BA 6C D4 B6 5A B6 
[  642819] ch50 r2 a0: 94 A2 9A D2 8B B7 73 6A 6F AF AA F3 9D 2F 6E 9A DD 4F 95 D9 DA 7A D5 CC E5 69 7F 73 6F FA EB 77 
[  642999] ch50 r2 a0: 96 DA 62 27 AA 56 42 5D DB BA A3 0B AB 69 5B B5 2E F5 94 95 2F F2 DC 8F FF 61 76 3A DD D4 AF CE 
[  643597] ch50 r2 a0: 80 22 25 6B 4A 77 55 12 A8 55 52 A4 4A 95 29 5B A2 86 DA B8 A6 68 2A 37 EF A0 AA 89 0B 56 AA 55 
[  643908] ch50 r2 a0: 20 C0 0A 91 44 51 12 8A C2 92 D4 49 0B 45 2B AA 99 55 58 B4 84 AB 76 C1 4D 69 21 17 87 2B 4C E4 
[  643934] ch50 r2 a0: B7 88 BC 6A 89 3E AD 67 49 5B B9 5A 73 A7 DB 6A AE D5 4C AB 2D 56 56 8D 54 9E 79 5A 54 14 E0 56 
[  643997] ch50 r2 a0: A5 16 C1 29 6B 48 8A 4D 51 2C 56 C4 94 C1 48 28 45 58 65 4A 55 42 AB 29 2F 7B 55 56 EE AE FD 4A 
[  644045] ch50 r2 a0: 56 4B 96 57 29 56 96 A9 44 90 4A 2C AA 95 2C 94 EA 55 A0 BB 49 56 A8 56 9A 6B 29 CD 9E 04 9B AA 
[  644258] ch50 r2 a0: AD 44 2A 95 52 50 82 55 AE A9 54 55 2B 55 6C B2 AD AD AB 1A B4 AC 76 5B DD BA C9 AB D5 42 5A DA 
[  644349] ch50 r2 a0: FA BD AD AD 6E 9F 56 FD D3 B5 A5 4A C6 CA AB 55 AD 44 B6 AA 5A 85 A2 46 AA 61 94 60 90 2A 53 40 
[  644534] ch50 r2 a0: 91 2D 58 91 04 A5 2A AC 74 6C C8 37 23 FF F9 25 5C AC 9B 44 85 2A 52 DF 25 69 D9 4E B8 88 AC 54 
[  644602] ch50 r2 a0: DC CA AB 35 75 C5 2A AA EE 51 0A ED A8 4B 24 08 67 14 38 A6 91 AA D9 55 DA EC F5 57 DF 96 B6 B3 
[  644813] ch50 r2 a0: 82 01 20 00 40 14 0A 31 00 49 41 66 56 A9 32 D5 54 8F 63 4D 2F 79 EE 55 4A 94 E9 54 DB 6A 8D 7F 
[  645027] ch50 r2 a0: 24 65 45 12 94 A4 B5 92 2B 05 43 50 88 56 A4 22 A4 A4 52 22 55 42 5A 89 30 32 0A 50 85 51 40 A5 
[  645043] ch50 r2 a0: 10 2A A0 81 25 16 1A 52 15 32 A0 A9 51 52 2A 12 52 8E D2 AA CA AC AA 55 AC 55 4E 55 D2 A5 59 74 
[  645179] ch50 r2 a0: 30 10 8A 24 4B 48 95 70 80 B2 42 92 49 64 69 D0 4A D5 55 84 AA CA D6 43 6A AF 57 79 69 CB 69 42 
[  645252] ch50 r2 a0: 9A 41 A5 AD 4A 96 20 52 6B 4C EA B5 2A CA 15 EA 82 A0 88 B5 DA A2 A3 52 87 52 8A A6 15 5B 56 A5 
[  645295] ch50 r2 a0: 21 AE D2 AF 5F 55 97 72 D2 EE F8 55 B2 DF AB 5F 53 B7 AA D9 CB 2D 4D 23 56 92 D6 AA BB DC ED DB 
[  645661] ch50 r2 a0: 81 48 8A 89 55 6A 1A 97 54 6A 16 9A 8D 97 56 56 A4 15 6A CE B2 A9 45 BB AD A4 A5 F5 5A D5 2A 75 
[  645967] ch50 r2 a0: 1A 2A 84 0B AA 2B 15 4D 51 2A 95 42 14 95 91 A8 88 69 9A A9 55 14 2B 0A AB 55 26 AA 10 0A D4 4A 
[  645993] ch50 r2 a0: AC B5 8C 25 15 B5 68 48 A1 47 B5 A6 A2 8A AA C8 B1 53 44 B8 52 2C 86 04 41 50 54 05 55 05 2B 98 
[  646954] ch50 r2 a0: 99 5A 92 A5 57 69 4E 5B 52 B3 0B 45 B3 B5 55 52 BA 26 E2 46 4B 58 4B 6A 69 15 41 F8 9F 23 6B C6 
[  647026] ch50 r2 a0: 55 11 52 45 11 08 90 14 A6 51 6C 42 44 6A 95 B0 B5 61 0A 55 28 D0 D1 55 E9 3E D4 DA B7 DB 53 5E 
[  647245] ch50 r2 a0: AB A1 55 55 94 E6 B6 6B 66 B2 A5 5D 77 36 CD 76 D5 B5 59 66 A9 52 B8 D6 29 5A 55 63 CA 35 B4 AD 
[  647335] ch50 r2 a0: DB 2D D5 41 25 29 4A AB 55 A7 6D 22 D5 65 54 A4 E3 D6 A4 4D 51 15 95 A9 65 54 DD 31 55 C8 DF DA 
[  647610] ch50 r2 a0: 3D 6D FE FF B5 EF 7F F6 7B DF E7 75 EF AB AB B3 E9 BF B3 7A DF DF 77 DE A9 52 9B 75 BE B7 AC A9 
[  647734] ch50 r2 a0: B5 80 92 22 91 B3 AC 03 BF 32 B7 F5 74 B3 4A 6B 25 D1 62 AB CD 55 15 7A E5 91 16 DF 67 20 6B 4A 
[  647818] ch50 r2 a0: 94 CA 0A A1 4A 52 52 A6 27 2D 0A 69 44 52 9A 57 A9 19 15 46 56 A1 34 95 52 24 E2 86 25 69 2A 28 
[  647829] ch50 r2 a0: 10 68 89 00 B4 25 49 04 A0 A6 92 15 08 CD 56 A1 61 54 13 26 92 5D 55 66 9A 49 C5 4E DA 61 52 A2 
[  648039] ch50 r2 a0: AD 21 54 94 84 A9 55 51 AA 0E 65 58 AB 94 26 6A CA 55 51 AA 93 91 58 AC F5 9E 15 B5 5D 7D AA 5B 
[  648147] ch50 r2 a0: CA 61 54 54 6A 96 AD 41 A5 68 92 14 92 AA 25 91 21 25 16 95 56 AA D6 A2 4A 96 C2 65 53 A2 AA A5 
[  648152] ch50 r2 a0: 15 61 9C 54 B2 BD 2B 74 AA 2A AA 57 29 1C BA BD DB 3A AD F7 59 D7 AE D6 B5 AF AB EA A8 B4 48 58 
[  648237] ch50 r2 a0: D9 CA A8 92 6D D5 4C 8A 9A AB 2A 5D 6B 51 57 25 E9 6E AB EA E7 B5 D4 DA 34 AD 7B 5D 5D B0 F2 5A 
[  648287] ch50 r2 a0: AA D1 84 CA 15 25 14 AA AA CD 1E 4A 4A 95 4A 8B F6 9B 34 A9 95 94 F2 BA 9E AB 52 85 A9 82 DA 9B 
[  648392] ch50 r2 a0: 10 55 65 2D 00 A9 41 05 09 5A 0B 0B 2A 31 08 D7 2C 09 04 D9 25 85 5D CD 7B 75 67 56 EF 5F D5 5A 
[  648707] ch50 r2 a0: 2A B5 4B 74 96 99 55 24 A5 4A 94 55 95 AA 95 D6 D4 0D 2A 91 2A A3 4D 48 1B 2B 58 92 DB 34 A9 22 
[  648832] ch50 r2 a0: 02 8A 64 89 51 55 A5 33 AD 4A AA 25 4A A5 A2 A8 4C 41 14 B4 B0 08 B4 B4 B4 22 8D 46 B2 45 68 58 
[  649378] ch50 r2 a0: 91 5C 16 28 A2 67 2C 28 08 44 A8 8A 0A 15 53 22 21 0A 84 94 A5 48 40 8A 49 A1 02 0A AA E9 52 52 
[  649693] ch50 r2 a0: A2 14 AA A8 91 60 44 48 A9 51 4A 44 42 8B 51 05 2B 52 24 C3 14 28 12 01 54 A0 34 A1 36 4D 14 A9 
[  649903] ch50 r2 a0: AA AA AA AE 02 55 55 55 55 55 55 55 55 55 55 55 55 55 54 38 87 AA 97 BE C3 DF 97 DE 27 99 51 D7 
[  649969] ch50 r2 a0: AA AA AA AA AA AA AA AA AA AA AA AA A8 51 0A 55 2F 7D 87 BF 2F BC 4F 32 A3 AE 2C 95 9F FE B5 51 
[  650025] ch50 r2 a0: D1 0D A5 2A EB 2A 59 24 89 A8 B0 42 A4 B5 54 18 6A D7 9D 19 A4 28 94 A0 15 A8 9A A7 5F 4A 9B 75 
[  650193] ch50 r2 a0: AA AA AA AA AA AA AA AA AA AA AA AA A9 2A 52 24 54 39 67 AB 2F D3 76 EE 5D 55 3A 96 B5 3A BF A3 
[  650490] ch50 r2 a0: AA AC AD A6 90 AA FA A4 54 98 09 29 2D 0A AE 74 29 54 AD 6D 1A D2 35 A9 A4 AD F5 71 2D 4A 5A 52 
[  650752] ch50 r2 a0: CD 9D 54 69 4A D5 EA ED 1B 85 3E AD 35 AD A9 4D 52 93 89 69 2A D5 6A A8 15 55 A4 9A B0 CA 55 B5 
[  651011] ch50 r2 a0: 95 24 53 02 49 63 5A A2 2A 12 E8 85 2B 68 4C 22 69 12 A1 65 02 AA 35 30 A6 14 A1 52 A4 8A A4 87 
[  651080] ch50 r2 a0: 5A 50 92 02 D2 50 91 15 22 81 4D 6D 7A 5D 1A 6B 2A AE 94 B6 AA AB 2D 27 CA 54 F2 A6 E8 A5 66 56 
[  651273] ch50 r2 a0: 24 89 3A A1 22 AC 29 A0 10 A8 A4 EA A5 2A 8C D1 55 A6 88 8A AA 82 92 95 11 41 AA AB AA A6 9A 99 
[  651310] ch50 r2 a0: 4D 20 52 BB 22 D5 54 CA 52 CC A1 55 56 7B 4A B9 65 F9 2A 85 62 C3 6D B5 AD 4C B8 EA 97 6D 55 57 
[  651405] ch50 r2 a0: A9 8D A8 26 30 96 12 DA 49 96 6A A9 56 AD 29 A2 99 22 2D 5A AA 99 95 4A 55 69 52 A1 7A D5 56 CA 
[  651440] ch50 r2 a0: D9 71 14 4A FF B7 77 2D 3B 77 54 51 39 5D 4D 55 2A AD 5A AB 3D 4D D2 A1 7F D6 D3 4D 5A B1 2B 49 
[  651728] ch50 r2 a0: B5 A9 8A A4 EA A9 54 11 4A 25 55 A2 64 85 50 A0 55 4A 2A 71 A1 02 54 25 65 A6 AA 23 54 10 D5 59 
[  651912] ch50 r2 a0: AF 50 AB 59 10 8F 12 84 53 58 89 69 54 D9 25 12 24 14 A5 4A 37 56 DE AA D5 D5 AB 0A AB 5E 64 4B 
[  651920] ch50 r2 a0: 53 3D 49 CA 95 4B 2B 52 A8 D6 A6 AA 52 28 AB 4D A5 2A EA 2D A4 65 4C 94 AE 94 2A D4 EA 5C 2E 58 
[  651926] ch50 r2 a0: B5 52 80 A0 24 8A 80 98 50 49 49 19 25 08 50 81 55 52 8A B2 10 B4 23 24 0A 94 B4 A5 44 29 28 12 
[  651960] ch50 r2 a0: B3 2B A8 92 5A E9 24 9B 2E 9E 22 D2 AE CA A2 EA 92 74 93 56 57 2D EA D5 1C AA A2 29 6C AA CB 98 
[  651975] ch50 r2 a0: 52 A8 AD 45 28 D7 55 43 36 D4 89 52 B4 D4 94 56 B4 11 96 54 85 14 4A B5 BA CD 51 B1 35 69 BA 15 
[  651985] ch50 r2 a0: 52 32 89 55 22 A2 D1 51 48 94 4A 95 92 54 D2 C5 5C 8A 6A CB 54 EA 24 B5 09 23 45 49 0A AD 22 34 
[  652066] ch50 r2 a0: AB 49 32 2A B1 41 12 84 8C 54 A5 32 54 2A AB 19 89 95 A4 AA CA 48 D3 53 29 6B 5F 95 AD 4D 2A 5B 
[  652072] ch50 r2 a0: 14 73 68 A1 1A A8 A9 51 52 B6 B6 D9 B3 07 15 4C 7F B6 92 CD 57 6B 6A EA DE 32 5C EA E5 AA B9 2A 
[  652105] ch50 r2 a0: 95 14 95 6B 10 4A 82 51 12 88 02 29 02 12 AA A9 22 50 85 40 59 19 50 A4 92 55 4A 84 59 44 31 89 
[  652200] ch50 r2 a0: 11 5A 88 B5 96 19 32 B0 D5 4E 6B BD DF 7D 77 77 A9 51 D9 AD D4 FD 77 37 AC 4D D5 AA DD 76 9D DA 
[  652233] ch50 r2 a0: 69 45 09 00 04 29 50 C0 2D 51 22 BA B3 52 E1 57 D2 B1 11 49 9A 95 44 95 29 4C B3 14 DB 45 92 A6 
[  652335] ch50 r2 a0: A5 AF 7B 33 53 6C 5D CD ED 52 B6 E9 6B 5A CB AB D6 84 34 13 A9 4A 4A 4D 40 54 20 94 19 00 64 AA 
[  652416] ch50 r2 a0: 4A EE BA B5 AB A9 5D AA 53 AF BA F5 5E C1 B1 B4 92 F2 9E CA 8E BB B5 37 6A 99 6E D3 0D 85 75 DA 
