ESP-ROM:esp32s3-20210327
Build:Mar 27 2021
rst:0x15 (USB_UART_CHIP_RESET),boot:0x8 (SPI_FAST_FLASH_BOOT)
Saved PC:0x40378a06
SPIWP:0xee
mode:DIO, clock div:1
load:0x3fce2820,len:0x10cc
load:0x403c8700,len:0xc2c
load:0x403cb700,len:0x30c0
entry 0x403c88b8
nRF24 найден.

Команды: b (фон), s (скан с нажатиями), c N (канал), r N (0=1M,1=2M,2=250k),
a N (адрес 0..3), f (фильтр), x (XN297 декод вкл/выкл), p (сниффинг старт/стоп), # метка, ? справка
Сейчас: канал 2, скорость 0, адрес 0, фильтр вкл, XN297 вкл, сниффинг выкл

Команды: b (фон), s (скан с нажатиями), c N (канал), r N (0=1M,1=2M,2=250k),
a N (адрес 0..3), f (фильтр), x (XN297 декод вкл/выкл), p (сниффинг старт/стоп), # метка, ? справка
Сейчас: канал 50, скорость 0, адрес 0, фильтр вкл, XN297 вкл, сниффинг выкл

Команды: b (фон), s (скан с нажатиями), c N (канал), r N (0=1M,1=2M,2=250k),
a N (адрес 0..3), f (фильтр), x (XN297 декод вкл/выкл), p (сниффинг старт/стоп), # метка, ? справка
Сейчас: канал 50, скорость 0, адрес 0, фильтр вкл, XN297 вкл, сниффинг выкл

Команды: b (фон), s (скан с нажатиями), c N (канал), r N (0=1M,1=2M,2=250k),
a N (адрес 0..3), f (фильтр), x (XN297 декод вкл/выкл), p (сниффинг старт/стоп), # метка, ? справка
Сейчас: канал 50, скорость 0, адрес 3, фильтр вкл, XN297 вкл, сниффинг выкл

Команды: b (фон), s (скан с нажатиями), c N (канал), r N (0=1M,1=2M,2=250k),
a N (адрес 0..3), f (фильтр), x (XN297 декод вкл/выкл), p (сниффинг старт/стоп), # метка, ? справка
Сейчас: канал 50, скорость 0, адрес 3, фильтр вкл, XN297 выкл, сниффинг выкл

Команды: b (фон), s (скан с нажатиями), c N (канал), r N (0=1M,1=2M,2=250k),
a N (адрес 0..3), f (фильтр), x (XN297 декод вкл/выкл), p (сниффинг старт/стоп), # метка, ? справка
Сейчас: канал 50, скорость 0, адрес 3, фильтр выкл, XN297 выкл, сниффинг выкл
------------------------------
# ON

Команды: b (фон), s (скан с нажатиями), c N (канал), r N (0=1M,1=2M,2=250k),
a N (адрес 0..3), f (фильтр), x (XN297 декод вкл/выкл), p (сниффинг старт/стоп), # метка, ? справка
Сейчас: канал 50, скорость 0, адрес 3, фильтр выкл, XN297 выкл, сниффинг вкл
[    6692] ch50 r0 a3: A2 35 54 BA 09 54 94 A5 50 B0 12 A6 A5 48 A3 6A AB DA 2B 2A C5 95 01 65 54 A4 89 AB B3 45 54 BA 
[    6705] ch50 r0 a3: 42 B0 4B A3 22 5A 6A 1A 95 6B 50 55 14 A9 4D 25 28 92 2A D8 E9 77 42 AD 55 2A 95 66 37 A4 45 57 
[    6836] ch50 r0 a3: A4 56 9A 14 00 88 85 50 A1 12 A1 52 6A 27 49 42 A1 29 52 A5 25 92 D1 2C 75 24 20 69 28 4A 91 19 
[    6860] ch50 r0 a3: 67 8B A9 CB 26 2A FA 57 D3 DC 0C AF A5 2B 4E 47 A9 82 85 03 74 9D 60 22 B3 BE 2E 57 BA 74 A2 62 
[    6881] ch50 r0 a3: 64 28 D4 2A B6 A5 52 AA AF 77 5A C2 B5 C5 B7 D5 2E C9 5B A5 6A B6 9D D6 AA AC C6 B1 AA AD 2B 52 
[    6888] ch50 r0 a3: 14 4A 52 29 55 86 62 83 11 5A 2D 04 CA C2 A4 B1 24 49 41 2D 56 A8 B0 B1 AD 36 C8 A4 E9 50 E2 A2 
[    6893] ch50 r0 a3: 8A 95 2A 90 D2 8A 54 2A B7 E8 24 AB 08 B6 AE F2 E8 B4 ED 45 5D 2C 37 51 B3 5D 4D 6A 9A ED BA CA 
[    6948] ch50 r0 a3: 94 88 E2 89 05 AD 03 65 29 44 0A 2A A4 45 34 85 D9 E4 01 22 14 0A 02 D4 09 29 48 A4 04 08 DE 95 
[    6948] ch50 r0 a3: 45 69 8F F9 4D A3 F4 C9 C9 06 A9 07 E4 2F 26 32 9E A8 73 53 91 32 97 57 BC 51 AC 99 FC BB DB 6B 
[    6952] ch50 r0 a3: 01 2C AC 40 0D C6 24 2A F2 32 81 15 29 29 64 2A 09 0D 5A 00 43 04 50 0D 95 50 00 5D 12 42 81 30 
[    6953] ch50 r0 a3: 39 42 BA B9 60 4A AA 94 B5 2C A5 34 4D 15 CE AD D6 FA 41 2B F3 55 AF A6 AE A0 CC B2 CE C9 5E 9A 
[    7082] ch50 r0 a3: 43 BE 28 92 4A 8C AE AA 6D 47 62 35 AD 66 C0 C4 62 56 D0 A8 18 44 44 42 9A 6D 55 52 9D 2A 51 22 
[    7147] ch50 r0 a3: 56 6F 33 62 AA EB AB 6D EA 57 8A 6A 4D 9A 57 4A D9 71 54 92 D2 D4 CA 55 56 C9 D9 52 B5 34 D5 5A 
[    7255] ch50 r0 a3: 04 B9 48 0A 68 48 0A AD C1 81 1B 40 AC 04 95 42 16 B7 64 A0 96 90 74 85 4A 52 90 AA E4 01 54 5D 
[    7339] ch50 r0 a3: B4 A8 B5 95 51 16 D0 4A 4D 28 AC 22 6A 54 BB DE DB DA B5 BD 4F 4A B5 7A EF F5 59 F0 DC A5 D2 4A 
[    7363] ch50 r0 a3: A8 5D 65 42 6A 74 15 20 A9 42 2D 50 54 A5 44 CE 47 17 5A 05 E2 46 AA 92 8B 35 28 9D B4 16 B2 9A 
[    7367] ch50 r0 a3: A4 AA 54 20 D6 AD A9 29 A9 29 42 A2 42 82 4D 54 AA 6A 35 2E A9 4A 92 EA 41 12 09 09 20 45 02 02 
[    7368] ch50 r0 a3: 89 21 57 2C 62 CD 4A 32 BD 6A 7D 5A 5C 95 8D ED 0B 49 40 50 CC 59 5A 49 22 2C 50 29 2A 92 24 0A 
[    7468] ch50 r0 a3: C8 91 B0 2B 08 0A 09 2C 14 80 69 11 81 0A 40 D0 85 08 85 6D 55 66 6A D5 1A B9 BA DE A9 77 25 7B 
[    7485] ch50 r0 a3: E2 81 8B 52 51 E8 19 54 D5 AF 0A 09 04 4A 2A 14 14 A4 58 AB 59 B4 60 AA 22 95 18 B6 69 84 7E AC 
[    7524] ch50 r0 a3: 84 6A 51 A2 C3 29 37 5E 59 CC B8 AD 28 92 F7 46 CD 4B 56 90 EC AD 4E 45 7B 56 D2 55 7B B6 1D AD 
[    7529] ch50 r0 a3: 41 60 4A 04 44 55 12 84 5D 51 0B 45 56 5A B4 96 A3 49 20 41 51 60 A2 82 90 5D 10 08 85 55 92 01 
[    7559] ch50 r0 a3: 24 2A 9A 88 44 A2 04 22 AA 80 2A A8 01 6A AB 4B 84 4A 92 B1 5A A2 AA A6 A7 54 AA 29 49 55 51 75 
[    7560] ch50 r0 a3: 93 56 4A 40 ED 55 6A EA A4 95 44 84 D3 90 DA 97 12 6A AD 45 62 AC AD F4 A5 59 2A 2D 29 A0 AC 24 
[    7604] ch50 r0 a3: 06 4A AA A2 29 2A AA D6 A1 48 81 93 55 AC 09 52 92 A8 92 92 D0 96 70 A8 B5 A8 02 52 B2 79 25 4D 
[    7662] ch50 r0 a3: EC B2 55 9F 48 95 88 52 AD 6A A2 CE 8A A6 AA 95 B5 2A BD 29 A9 53 4A 8D 63 2A 92 3D A5 43 54 E9 
[    7688] ch50 r0 a3: A3 24 86 B4 61 45 4B 50 B1 24 A1 A5 2A 23 51 63 55 0A A6 DE C5 D4 48 8B 45 28 29 94 81 52 43 24 
[    7736] ch50 r0 a3: 94 56 A4 1A 26 A6 9A D1 75 99 4A 4C DA AA 13 44 14 80 CE A0 59 4A B4 B4 AA 50 35 02 21 A6 14 29 
[    7739] ch50 r0 a3: E0 84 6A 5D 3C DD 23 DC 96 AA 54 68 2A A9 45 56 9A EA AB D5 59 8A 23 5B 25 A5 EA 9A D2 57 29 A1 
[    7752] ch50 r0 a3: 91 6A 56 54 88 0A 90 8B A8 25 A1 4D 4A A8 6B C1 9A 82 A3 4A AA A7 35 4E CA 9C AB 22 D6 95 C6 8A 
[    7773] ch50 r0 a3: 0A 82 AB 16 90 24 52 25 C0 64 88 49 4A D4 A4 0D 55 56 E9 2D A7 55 14 B4 60 A6 92 F5 53 5A A8 D6 
[    7778] ch50 r0 a3: 93 51 88 88 24 A9 15 33 51 76 AD E7 6D 52 D4 55 7A A8 E8 DA 54 6B 0B 56 96 AA 2A 8F 6E 91 46 A8 
[    7793] ch50 r0 a3: 56 66 A2 B6 0D 61 4D 74 9C AA 88 D5 DA 95 2C 1A 92 53 AA 95 54 8D 75 6A A9 E9 D9 72 AD 36 C5 C5 
[    7819] ch50 r0 a3: A1 03 31 A0 08 3D 24 D2 A1 0F 50 A9 81 88 8B 28 08 D4 95 11 04 22 EF 57 35 6E AD 6C AA 74 6A 57 
[    7837] ch50 r0 a3: 88 2C 82 D2 B2 96 2D 6A 15 6B 45 16 B1 F2 3A 5D D9 A5 57 6F F7 32 D6 BA 51 76 B6 7D 4B 4B 6E B3 
[    7841] ch50 r0 a3: 00 0A A8 92 94 08 14 25 50 AB 55 65 52 8B 62 A5 08 52 95 5A 8D 01 AA BC 13 64 55 56 14 08 A9 D4 
[    7895] ch50 r0 a3: 2A D0 45 62 0A 51 53 11 2A 2A 92 86 DB 10 DB 08 34 5A 31 50 28 35 35 05 6A 89 14 D4 68 AA 8A 54 
[    7964] ch50 r0 a3: 90 12 02 54 A8 59 09 89 D4 24 32 8A 21 49 16 50 04 22 21 A2 B4 89 1A 12 DA 28 A3 9A 5B 5C A9 0A 
[    7965] ch50 r0 a3: 6C B5 A4 AA 51 52 AD DD 4A A9 86 AA E2 1B 91 2B 56 29 6A 55 5B 56 19 AB EA 56 92 45 2D 25 2C BB 
[    7996] ch50 r0 a3: 14 AD 90 A9 49 1A 42 EA AC 90 31 52 70 55 40 52 10 D3 CD 58 29 AA 6D 4E 51 31 12 9F 24 DA 84 8A 
[    8009] ch50 r0 a3: 30 D5 44 88 2B 05 2A 64 92 46 A6 41 21 BE 6C CA EA AB DA DD 7E DD 2B 5D AD 2D 2A B3 55 A8 AD 4D 
[    8025] ch50 r0 a3: A2 8A E5 B7 55 A9 5A AA 7D 56 B6 D5 15 38 12 AD 6A 84 B4 62 AE 89 55 A5 51 24 55 0A 1D AC AB A9 
[    8041] ch50 r0 a3: 95 2D BA 8A B2 AB 6C 4C DB 5B 2A A6 41 C2 CD 09 D5 2C 31 5C 89 35 6D AA 45 64 D6 95 A2 AE 65 4C 
[    8075] ch50 r0 a3: 2A 85 27 55 6C 80 31 48 27 49 ED B2 AA AA 56 AA DE A5 33 58 D4 FB 55 75 AC 5B 54 B5 8B 55 6A B5 
[    8081] ch50 r0 a3: 50 05 09 2B 55 2A AD 2A 41 48 0A 04 25 45 A3 50 BA A9 51 3A A7 6B 54 A1 56 EB 59 0E 98 29 96 B9 
[    8082] ch50 r0 a3: 52 BA A5 12 B2 DB 2D 52 72 AA FB 4D 5A 7A AC 94 A2 31 EC D1 68 A7 99 E3 52 75 B9 49 7A B5 AA 7A 
[    8090] ch50 r0 a3: 95 6A 95 2C 92 A9 04 B5 AD 5A 82 49 49 51 6A 12 8C 55 C1 B4 67 2A 61 49 28 9A B5 55 2D 2C CC 25 
[    8149] ch50 r0 a3: 4D 6C 95 D2 EE CE 99 6B 55 C6 B4 BA 2B 14 DA 0B B5 14 50 87 69 42 86 B1 44 00 20 A5 42 25 4A 87 
[    8152] ch50 r0 a3: E8 AA 8E 5D 4C 28 D2 A1 29 54 28 92 28 29 A0 4E A5 4F 40 47 56 D2 52 D5 59 7D 6D F3 D7 41 5A 56 
[    8196] ch50 r0 a3: CD A4 84 A5 14 22 C0 78 BF 47 BB EE EA C9 BD 99 9D 68 D3 7D 7E 36 9C E9 D3 FD BD 15 6A B5 5D F9 
[    8226] ch50 r0 a3: 28 50 4C 2D 64 94 A4 B2 A2 56 A4 A8 64 99 32 2D 95 48 B4 A9 2A 54 95 0A A4 2D CD 12 26 A4 67 25 
[    8333] ch50 r0 a3: C0 A4 21 C4 56 0A 1D 2A 84 A9 46 50 14 21 89 10 10 88 24 24 C0 02 A5 2C DB 95 54 A5 B5 2B 85 51 
[    8380] ch50 r0 a3: 96 25 1A A6 29 4A 41 49 15 64 52 92 11 1B 52 84 69 4B 4D 42 04 34 A9 6A 91 66 25 64 85 4F AB 05 
[    8397] ch50 r0 a3: 4E A2 49 58 A2 0A 90 8A 68 38 51 15 93 53 8A 32 9F 53 77 6B C7 77 75 6B 75 70 9A 55 AE EF EA 7A 
[    8404] ch50 r0 a3: 93 AA 38 A9 40 51 62 93 B5 A6 D7 AA 6B 3D CA 95 55 5A DD FA BC DB 6E 5D 30 92 52 AB 68 25 26 45 
[    8407] ch50 r0 a3: 89 20 81 51 04 28 99 02 08 95 4A C8 8B 69 1B AD 55 5A 16 CE 95 33 4D 05 48 A8 63 2D 35 A6 AE 5D 
[    8416] ch50 r0 a3: 44 50 10 8D 55 19 4A 26 AB 45 30 81 25 D5 3F 3D 49 AB A8 DD 6D 16 92 D6 B5 54 B5 67 36 B5 57 52 
[    8452] ch50 r0 a3: 6A CA 0B 64 AD 4E A5 5B 6A B5 B9 54 AA 4B 14 55 8B 29 0C 19 41 62 51 A4 56 B1 0A 08 59 8E AC 61 
[    8456] ch50 r0 a3: 49 5A 90 92 AA 90 12 43 02 C1 A8 A0 2A C2 B2 5B 55 04 35 64 A1 22 91 64 58 C2 4D 12 91 BE 14 51 
[    8659] ch50 r0 a3: 48 5A D5 AA 45 32 AA 84 B1 34 22 28 BC 0A C5 1A 57 2A 92 8A 12 A5 55 36 92 34 2A B6 A4 D0 C7 51 
[    8691] ch50 r0 a3: E9 42 AA 03 14 A2 C4 5D 44 41 56 C1 96 98 D4 A5 54 92 2F 1B D2 9D AA 21 29 29 A9 83 14 54 8A 15 
[    8792] ch50 r0 a3: 8A 9A 8A 94 52 42 D3 69 65 2A AD 5A 95 0A 29 5D 05 51 52 99 74 54 A5 6A AA 95 72 14 DD B9 88 95 
[    8821] ch50 r0 a3: A5 B5 04 91 A5 9A 8A 59 22 B8 48 54 09 41 05 4A 58 AA 15 A5 55 28 A7 20 42 82 56 B4 A8 1A 92 A5 
[    8822] ch50 r0 a3: D6 A9 6B 16 89 28 94 54 AA B5 34 5A B9 A5 1D 41 25 69 B9 67 54 82 A9 0B 46 92 A9 97 B5 6A 6D 7C 
[    8876] ch50 r0 a3: 97 5A 93 48 40 49 12 31 2A 51 2A AB 52 A1 4A 91 2A 34 70 0A A0 2D 24 A3 52 4B 6A A2 94 4C 94 25 
[    8898] ch50 r0 a3: 92 53 53 45 2D F9 50 9A 48 61 9E 51 20 56 40 9A 04 4C 23 5B 32 F1 81 24 41 19 D0 CA 22 48 11 21 
[    8911] ch50 r0 a3: 68 52 69 41 61 6A 96 75 AA 12 78 43 57 11 55 3B 2B A8 42 54 A4 CA 9A 4D 51 4C 8A 48 2A 48 A9 57 
[    8913] ch50 r0 a3: B1 22 B6 55 52 EA AD 32 A5 B9 55 65 5A AE A6 F2 D6 97 B5 5C 56 6A 75 2B 7F 2E B5 BA 68 57 7D 65 
[    8925] ch50 r0 a3: A8 CA D2 DA 2A 15 AB 6B 54 35 5A 6A EA 94 A2 0A B2 BA DA 2C 8E D1 55 A3 94 A6 5C C5 54 C7 6B D1 
[    8974] ch50 r0 a3: B5 2A 90 B1 7A 11 02 E8 21 14 AA 82 52 0A 89 03 19 C5 44 02 D2 A1 3B 21 22 2A 55 02 EB 7E ED 75 
[    8980] ch50 r0 a3: 6A 5A D4 65 5C C9 24 B4 4C AA 58 D5 56 96 68 3B AE 4C AD 55 56 A9 55 95 74 D6 AA 96 B7 45 4A B6 
[    8982] ch50 r0 a3: 0C 3A D2 7E 04 55 21 3A 8A 46 50 42 B5 BB AB 19 6A BE 8D 5A 26 A7 F8 D5 76 2D 7D 55 55 50 1A 08 
[    9035] ch50 r0 a3: 80 A9 A9 9D 69 91 52 30 59 A3 88 B2 B7 29 55 B0 AB 34 84 11 1C A9 54 16 C2 2B 68 B2 A3 B4 0C A6 
[    9074] ch50 r0 a3: 59 1E 54 F8 CD 46 0E 28 95 04 46 8A 04 24 4D 42 A1 6A 96 A8 92 42 15 52 E9 4A 92 45 B3 C5 52 A0 
[    9078] ch50 r0 a3: 4B B1 41 6D 32 1F 6D CB 5A B7 D4 CD 8A 57 35 2A 97 E2 55 29 53 52 AA D7 D5 A5 54 AC 51 8D 07 D9 
[    9097] ch50 r0 a3: A2 49 44 49 D5 2D 12 54 EC 53 29 52 33 AE B3 64 EA 5A A8 55 54 4D 5D 11 B2 92 94 45 65 55 32 C2 
[    9171] ch50 r0 a3: 91 41 03 AA 60 8A 95 81 C2 55 A2 CD 42 88 22 50 05 2A A9 3D 56 57 6E B8 92 AA 16 B2 D5 A5 4A CA 
[    9238] ch50 r0 a3: 84 8A 94 94 A5 43 AA 0A 20 A8 55 2D 0A F9 5A AA AB 6A AE B6 9A AC D4 B6 B5 CD 5A 92 45 15 52 62 
[    9269] ch50 r0 a3: 0A 2D 6E E2 26 D5 A4 BA DD 99 49 A8 8B 0E AD 95 AA B8 AA 7B 4B B6 F1 B3 3B 49 47 DD 55 EA 3D 0E 
[    9291] ch50 r0 a3: AA B3 1A 68 E4 A9 AC 2A 85 54 94 BA 0B 65 8C 44 A4 81 65 88 92 AF 22 A9 92 AD D7 2D 42 55 0A 8A 
[    9388] ch50 r0 a3: 81 2C 81 45 15 D6 EA A2 89 46 ED DA D9 DF F4 35 25 EF EB 6A 3C A6 1A B3 20 34 55 D1 A9 B2 75 05 
[    9405] ch50 r0 a3: 9A 28 28 84 05 2D 49 52 3A D5 00 18 48 2A 4A A5 8B BB 13 21 26 94 09 42 51 65 55 24 A5 2A 94 94 
[    9482] ch50 r0 a3: 8A 61 36 CB 52 56 A2 4A AA D6 58 AB 46 DA AD 1F 77 BA AD A2 D6 C9 6A 15 D6 ED D3 5B 34 BA 6D 6A 
[    9550] ch50 r0 a3: 09 15 0B 11 14 19 4A 91 BB 6A BE 96 D7 51 6A AB 4D 6D 2B 2D 52 93 7C 94 AF B5 5E D6 AB B8 75 52 
[    9577] ch50 r0 a3: A7 14 52 54 9B 44 54 95 34 52 AA D4 2D 32 56 6A B0 4D D2 D5 52 CB B1 A5 AA 28 E6 EA 79 5D 34 5A 
[    9582] ch50 r0 a3: 92 6B 42 29 2A 84 C3 5B 4A 54 89 08 9A 52 95 51 24 A9 28 6A 22 D4 AD A8 E5 4B 0B 51 01 8C A6 24 
[    9628] ch50 r0 a3: 69 20 A8 4A 88 85 01 28 A4 AB 55 1A 88 02 59 54 25 04 65 50 95 02 D2 48 29 64 AC A4 A2 5A 6A C9 
[    9635] ch50 r0 a3: 84 40 A2 A4 0A 83 54 82 A4 65 02 88 89 34 13 32 14 42 21 22 95 80 2A A5 12 11 42 01 1A 94 09 A8 
[    9635] ch50 r0 a3: 2B AA F7 2F EB B2 9C BB 54 B3 55 CD 85 B5 9A AA DC AA D5 57 32 42 AA 09 0A AA AE 14 AF 15 C8 A0 
[    9688] ch50 r0 a3: 49 CA 20 6A 86 45 54 A2 2A 8B 31 AA 96 15 56 C6 8B 64 29 5D 2A A1 55 AA 52 93 5F AD 76 91 4A 32 
[    9691] ch50 r0 a3: 43 11 6A 1A 2A 42 AB 29 15 52 A3 A8 05 D5 12 A2 A2 9A A7 4C 50 9A AD A7 75 A8 65 2A 4A A5 CB 2D 
[    9708] ch50 r0 a3: 9A A9 46 24 57 12 AA 95 AA A2 AB 69 FA 14 EE 36 6D 56 96 A9 2F 62 29 73 4C DA 95 08 D2 53 66 B6 
[    9834] ch50 r0 a3: C5 A8 90 97 19 1A 30 D8 93 5A 84 19 81 4A A9 4A A0 D0 89 35 4B C0 2A 95 2A 51 12 84 92 AA AE D3 
[    9858] ch50 r0 a3: CA 17 5E D5 D9 EB A7 4B 15 5A D3 49 25 46 95 36 B2 B5 56 6B B5 73 89 1D 52 AC 95 55 5A 46 ED EA 
[    9861] ch50 r0 a3: AC 42 90 22 AC A4 8C 94 A2 98 2B 4D 34 C2 25 91 B5 4A A5 C9 4B 21 AA 42 AA 28 A1 52 92 32 AE AA 
[   10007] ch50 r0 a3: 99 39 20 48 CA 25 21 A9 0E 49 60 55 77 4D 75 2F 5A B5 DC DD 2D 2B 21 97 47 53 09 2A 64 1B CE 89 
[   10025] ch50 r0 a3: 94 55 01 25 15 69 5F 74 F0 26 AE 3D 61 15 C0 9C 47 E0 6A 28 92 22 60 AA 65 50 4D 60 8C 59 52 AF 
[   10031] ch50 r0 a3: 5B EA EA AD 45 95 A6 D7 6A AD A5 2A 9A DA 9C 42 B6 AF 5D AA 9B 6D 6B 4A B6 FA AA 74 DB 6B 5D 62 
[   10048] ch50 r0 a3: 04 51 54 8A 49 89 22 B6 8A 86 65 95 D4 2D 93 BB 95 55 8B DB 7A B6 5A D5 56 AC D7 6D AD B6 CB 2D 
[   10062] ch50 r0 a3: 55 55 55 B9 46 7A D8 25 93 00 34 80 85 3F BD 54 B2 CA D3 6B F3 4B 5F 5F ED 8D 2C D3 4A DB 6B F7 
[   10074] ch50 r0 a3: 98 41 5B AA 73 27 B6 DA AD 5D EB 4A C7 59 DC D5 38 D2 FB 42 8D 09 AD 24 28 80 80 A9 E4 40 8A 9A 
[   10076] ch50 r0 a3: 4A 55 29 55 02 04 20 AA 8A AA 15 42 88 90 CE B5 AA 96 A9 6D 65 A2 95 55 45 4A 9C CC AB 89 5A BA 
[   10094] ch50 r0 a3: 25 04 92 42 88 11 84 A4 55 DD 69 95 8A 3A 72 A4 9E A7 AB A1 B4 B6 5B AE E5 CD 26 54 DB 75 7A AB 
[   10117] ch50 r0 a3: 95 55 16 92 1A 85 44 92 72 A9 90 C2 A3 36 99 04 21 54 32 35 6B 50 AD 5A 27 AA D8 E5 1A BA A7 B1 
[   10141] ch50 r0 a3: 25 44 95 15 45 54 A2 AD 25 8C 45 97 63 4A 90 03 2A AB BF 12 F6 B6 D5 25 3D 15 81 B5 6D 6E B6 F5 
[   10162] ch50 r0 a3: B5 15 2A 94 2A 29 AA A9 A9 9D 12 A6 59 2A D5 52 9A 55 D4 CB 45 69 1D 4C A4 4A 72 D5 1B 6B 32 4A 
[   10164] ch50 r0 a3: DA 69 55 65 4D 2D 2B D0 AE 10 91 00 25 94 D5 B0 CF 4F 56 5C B5 4D A5 76 AD 5A DE AC DA BD B5 B5 
[   10180] ch50 r0 a3: A9 92 2C E9 B5 49 19 59 91 28 B2 9A 65 4D AD ED B5 AF 5A F5 D7 B9 6B 6D D5 DE DB 5B B4 D7 6D 9A 
[   10187] ch50 r0 a3: 92 AB 08 86 A2 22 2E 02 B5 18 CB 4C A1 28 95 40 65 95 20 94 25 A8 51 34 10 82 29 0A 59 2D 02 54 
[   10210] ch50 r0 a3: D2 EA 90 C2 55 49 8B 6A EA A9 3B B9 95 B3 57 65 35 0D 6A 4E A9 35 DC BD AA AA B4 90 F4 8D 6B 30 
[   10218] ch50 r0 a3: 54 4C 91 51 4A 20 0A 4B 2A 81 59 77 58 2C 90 96 A6 A5 90 BD 78 DB 53 66 A9 54 AB 2C CE B5 AA DB 
[   10219] ch50 r0 a3: 31 20 22 28 A5 55 A4 44 D0 01 20 98 90 61 52 49 14 48 24 28 46 06 2A 48 06 08 06 22 A5 49 08 05 
[   10234] ch50 r0 a3: 0E B6 BA D7 77 4B 9B FD EB 55 DA FD 50 CA A1 45 3D 23 42 B9 44 D6 A9 94 F2 5E 8A BB 57 55 25 4E 
[   10401] ch50 r0 a3: 40 92 08 EF 15 08 AA B5 63 AB AE 61 7E 8A 09 14 DE A9 4D 35 2B 42 05 76 5E 2B CA B7 F9 6A FD B7 
[   10404] ch50 r0 a3: 44 8B 21 44 A5 8D AA A4 BA CB 55 68 A1 75 1C 95 67 54 D4 B5 55 4A D9 21 D4 AD 25 D6 B2 8A D2 63 
[   10424] ch50 r0 a3: D2 22 44 AE AA 8A 12 52 51 06 88 56 81 4A D2 09 4B 9A D6 A5 B5 BF AD D7 BB 4B 5F 68 93 7A 8D E7 
[   10510] ch50 r0 a3: D5 4E 52 AA A6 BB 51 3A 2B A5 8A 5C 53 52 C7 2B 55 A5 54 B5 57 65 15 51 4A B1 54 2C 50 55 67 4D 
[   10541] ch50 r0 a3: 44 80 81 15 00 00 00 05 22 41 49 52 34 0A 4C 09 A8 90 44 A9 42 06 48 42 95 22 05 8A B6 48 20 09 
[   10548] ch50 r0 a3: AA AA A8 14 4B 5D 59 54 8B 45 DA 48 4A 48 A9 49 0A D3 0A 65 AB 52 5B 2A 5A 33 2B 2A 59 15 AD 2D 
[   10582] ch50 r0 a3: 5A 56 83 29 49 2D 49 96 46 8A 02 94 98 59 51 56 76 6E 53 4A 66 98 5A AA 28 35 7E 4D A5 75 59 E2 
[   10628] ch50 r0 a3: B4 42 85 CA 84 A5 40 A1 48 A2 0A 95 48 AA AA A4 52 65 10 94 2B 2E 56 59 31 2A B0 14 05 35 23 92 
[   10675] ch50 r0 a3: 88 02 32 10 04 12 19 4A 28 81 A4 63 04 C1 08 00 81 D5 68 01 30 09 22 C0 29 0A 84 0A 02 A2 10 88 
[   10698] ch50 r0 a3: 54 44 A2 48 AA A5 95 48 AB 52 84 2E A8 34 40 BD 0A D4 73 1D 52 48 AB 76 85 04 DA AB 48 45 6F 29 
[   10699] ch50 r0 a3: 22 0C 4A CB 49 59 65 00 13 15 92 47 C5 55 2C BA 93 4A D4 E9 C5 4B B3 94 83 A2 D2 66 B4 CD A4 96 
[   10728] ch50 r0 a3: 98 65 95 52 00 09 22 45 08 2A 04 52 AC DA A4 54 8A 62 89 E8 A6 64 44 A4 C8 D4 94 50 55 48 EA 29 
[   10745] ch50 r0 a3: 2D 22 2A 08 26 8D 39 2B 4A 92 23 55 A5 CA 49 E9 56 54 A2 92 69 4A 55 35 A4 96 A3 15 15 AA D4 37 
[   10774] ch50 r0 a3: 54 90 A2 24 24 D6 42 9A 6A 55 51 49 19 93 54 D0 A0 D4 EA 55 D2 0B 11 96 55 55 45 52 54 89 5A 24 
[   10778] ch50 r0 a3: 42 90 24 D8 09 A0 08 28 68 48 49 48 55 32 09 28 42 A9 49 80 21 19 2B A1 2A 08 15 54 AA 22 42 96 
[   10814] ch50 r0 a3: BB AB 9B D5 56 61 5B 16 AC AA EB BA B6 53 2A 95 8D 52 A5 AA A6 6D 5B 36 A6 D5 50 95 AB BA D5 61 
[   10835] ch50 r0 a3: 93 A9 A4 52 55 BC 4D 4B 5B 6C 9B 7D 3A CD 3D 6B A7 AB 6D AC EA C2 B1 55 96 BB E9 44 5A 37 66 AA 
[   10841] ch50 r0 a3: 12 0F 19 6D 85 E3 BB 8A 24 32 49 46 83 99 F4 E2 00 06 AA 29 B1 69 13 20 E8 2D EF 2A 84 BA 24 D1 
[   10881] ch50 r0 a3: 06 14 0A 25 55 72 DA 32 20 AA 15 18 46 6B 15 48 A5 65 98 9B 9B DA D4 C9 AA 96 DA 53 5D 40 A1 AA 
[   10901] ch50 r0 a3: C9 2B 41 49 91 56 CC 0C 9A 8D 31 37 6E 82 8A 30 CA 48 A6 C9 A5 AD 56 95 62 51 74 8B 8F 6A 96 53 
[   10921] ch50 r0 a3: A0 98 BA 95 06 A2 B6 74 36 A9 51 C3 5C AA C2 A0 94 A9 D7 5B 48 B3 6D 4D D4 53 1A 91 33 6A D9 65 
[   10926] ch50 r0 a3: A4 A2 B4 1A BF C9 35 FA A7 5B 6A AB CE BD 9D 37 B9 55 3D 55 81 02 C8 BA BE B5 B7 ED 5C 95 AA B5 
[   10956] ch50 r0 a3: A8 65 32 15 82 95 5A 4A 90 22 68 49 00 02 24 2A F9 64 1D E5 91 A9 53 9E D1 B3 5A F2 C8 09 BB 17 
[   10969] ch50 r0 a3: B1 4A 55 7A 2D 2C EA A6 DA AB 5F 5A EB 5D E5 2A 15 46 72 B4 4A A5 5A 17 AA 95 55 4A 8D 32 D2 C9 
[   11004] ch50 r0 a3: 28 E8 72 04 4A 9A 45 54 25 2B 0E 54 55 CA 6A 0F 55 25 5A 8A 82 05 32 A0 40 11 A2 A1 18 95 34 89 
[   11034] ch50 r0 a3: D8 35 0A CA AA 34 8C 20 D2 AD AD B5 25 55 56 CA 82 AA A3 69 C4 98 4A A8 85 57 2D 6A 6D AA AA A4 
[   11049] ch50 r0 a3: 11 D9 2C 6C 69 5A 55 0F 56 AA 55 C9 56 CD 20 4F F5 B4 AA 95 A0 2C 89 16 C5 45 AA AA A5 5B 6B AA 
[   11096] ch50 r0 a3: 93 54 12 5A 4A 90 4A C9 5C 76 99 2B 14 F5 39 4A 48 D2 22 8C 96 AA 55 AA 4A A8 8A 48 A1 21 32 AB 
[   11106] ch50 r0 a3: A8 10 5C 22 58 08 24 A4 4F 23 2A 4C 42 81 85 2A 22 38 94 B9 20 89 28 A4 00 26 85 58 A4 82 10 A0 
[   11121] ch50 r0 a3: B0 63 62 9D 52 B3 A8 51 52 5B 48 4A DA 8E 6B 55 69 5E B6 E5 9D 8D 77 A5 9E DF EB DD 55 AA E5 5D 
[   11171] ch50 r0 a3: 84 08 90 EE 5C C4 19 6D 02 A2 75 52 23 56 D5 4A D7 95 4D 46 4A AE 96 26 AD 54 BB 15 D6 D2 48 2D 
[   11225] ch50 r0 a3: 69 6D 55 90 4E B5 13 5C E1 92 3D 2E D1 AB 30 A4 DD 05 8B 94 CA AF 9B D2 AD 69 59 55 7D C6 B3 6C 
[   11238] ch50 r0 a3: C0 B9 0D 2A 8A 4B 55 B0 AB 2A 28 2E 4A 51 A4 41 02 A4 A9 7F CF 6F E6 A5 DD B5 B2 BB 52 D0 AE AA 
[   11249] ch50 r0 a3: A4 94 10 28 90 92 09 42 0A 10 82 42 15 25 25 05 8A 28 12 65 90 55 10 89 42 90 C4 A4 AA 25 28 54 
[   11255] ch50 r0 a3: BA BA AB AA 29 AB 1A 69 14 2F B0 2A 4A 69 69 7A 34 85 97 01 00 5D 64 09 A9 49 69 50 B6 1E 55 77 
[   11265] ch50 r0 a3: 65 2C 86 1A 94 AA 7C 56 B3 45 65 06 31 34 B6 8D A0 D2 52 A2 94 A8 62 A0 C5 2A 32 4A 29 A5 A9 56 
[   11281] ch50 r0 a3: A3 16 48 5D 94 FA 97 55 2B 27 D5 5A 75 57 37 72 BA 69 7C AD AA D5 E0 A1 11 B0 33 C3 00 08 98 3A 
[   11284] ch50 r0 a3: 8D 2A 8A AE B4 30 92 A8 A4 2D 0A 89 54 CA 8D A5 12 DA 04 6B C9 B0 A3 A5 52 CA A2 65 9A 49 4A A8 
[   11285] ch50 r0 a3: 09 04 2A A2 A5 54 24 51 29 25 58 2A 31 A2 90 24 C4 42 52 94 59 63 50 34 29 11 32 92 D4 3B 48 52 
[   11334] ch50 r0 a3: 86 45 01 E6 92 5C 02 90 6B E1 C4 90 86 D2 00 00 00 03 01 E4 92 BB 10 08 49 15 94 40 8C A4 21 52 
[   11381] ch50 r0 a3: CA 74 A2 49 21 2B 54 B4 AB 6A 2B D5 E1 95 55 2A B5 55 D5 A0 A2 51 52 40 32 9D 14 B7 A9 33 B6 84 
[   11388] ch50 r0 a3: EA 75 43 55 41 52 52 5C 76 A4 16 48 64 EC 25 90 54 CC 13 80 2A 2D 44 21 8A 65 09 14 68 92 B7 B4 
[   11406] ch50 r0 a3: AD 72 7D F2 AA 59 D5 76 FA 5E A4 B7 6D BB 6A B9 7B 96 49 99 DE D4 C5 4F B5 72 DB BE E6 EA 76 A9 
[   11408] ch50 r0 a3: 68 04 50 54 ED 5C 2A 02 62 A3 4D 48 20 4C 85 D4 D1 16 95 72 9D C3 94 26 E6 21 42 91 24 0C D4 89 
[   11412] ch50 r0 a3: B2 50 05 22 55 92 A5 4B A8 43 B4 54 42 A2 28 11 A2 CA D4 D4 8A AD BA 15 1A 82 A8 02 95 2A 8D 0A 
[   11415] ch50 r0 a3: D9 A5 15 25 74 87 25 49 9A 88 B2 B2 A9 82 04 4C D0 6A 15 6D 28 6D 10 62 84 2A 96 20 01 10 CA 15 
[   11435] ch50 r0 a3: 08 50 D1 00 9A 85 29 44 40 11 15 53 24 23 32 12 15 57 54 CE 56 59 26 68 6A DB 37 55 52 B2 89 85 
[   11484] ch50 r0 a3: A1 15 4A 52 55 59 9C B2 BA 21 16 65 21 29 7A A0 B5 D8 E0 2C 62 55 06 50 4D AC 26 B0 36 44 31 58 
[   11485] ch50 r0 a3: 90 AB 52 B5 4C 95 52 52 94 26 22 00 42 24 04 48 05 10 54 85 42 82 A4 10 00 48 85 59 14 A0 2B 40 
[   11539] ch50 r0 a3: 82 00 85 2A AB 4C 40 C4 28 54 B2 12 92 C0 88 24 85 15 42 44 94 AB 9F AD 7A AA D7 A9 BA AB 59 A5 
[   11571] ch50 r0 a3: 67 8B A9 CB 26 2A FA 57 D3 DC 0C AF A5 2B 4E 47 A9 82 85 03 74 9D 60 22 B3 BE 2A 57 BA 74 A2 62 
[   11642] ch50 r0 a3: 14 4A 88 2A 52 88 22 94 AC 36 55 51 52 CB CB 24 81 6A 95 15 56 50 45 25 44 55 89 48 45 14 A8 AC 
[   11679] ch50 r0 a3: 12 CA 10 A5 81 05 4C 10 D3 64 65 10 11 49 28 51 45 41 09 52 94 1A 2C D0 25 55 8A 92 04 A2 52 08 
[   11687] ch50 r0 a3: A5 25 24 9A 89 26 A5 12 A4 A0 54 02 A5 56 68 71 2C D4 96 D5 AB 55 A9 56 EA 45 55 28 37 AA 9A 7B 
[   11693] ch50 r0 a3: 87 55 73 B5 38 AA D6 AF 23 AA 97 5B 5A 56 AD 5B 54 AD C6 9F 76 F4 7B B5 52 48 D2 52 57 6B 9B D5 
[   11700] ch50 r0 a3: AA D2 58 DB 0D 7D 34 F4 0E D1 29 42 25 9A D6 EA D5 29 41 8D 56 56 F5 D9 AA 5F B7 2B 56 D3 2F 15 
[   11715] ch50 r0 a3: 97 D2 73 6D 76 AE EA AA AD A8 15 32 54 26 A9 0A 24 D8 AB 15 65 37 45 A5 69 31 53 31 A8 AD 7A 1A 
[   11830] ch50 r0 a3: A8 B2 2A A0 C6 A1 4A 92 50 92 18 B2 A5 A4 A5 6A D4 B5 14 92 B5 2A D5 B5 EA F5 BA 73 76 9C C8 96 
[   11855] ch50 r0 a3: 94 AB 52 AC 65 8A A6 AA CD 45 77 75 52 22 D7 5A BB D7 5A BE E2 B5 5A 6A 88 97 75 A1 35 7E D7 D5 
[   11885] ch50 r0 a3: A3 54 94 5A A0 B6 A9 4A 2A D5 6B 44 14 D2 52 A8 5A 04 99 4A A5 CD CB ED F3 56 A2 6D 37 6E AD 9E 
[   11901] ch50 r0 a3: D2 A2 14 A4 41 86 8B A9 0E E5 5A 99 78 83 B2 C8 89 25 6A 7A A8 17 49 71 97 53 55 B4 B1 3A D5 5A 
[   11907] ch50 r0 a3: 42 80 10 12 0C 81 09 63 0A 2C 4A 54 48 C0 40 45 22 41 12 88 00 91 42 AA 50 8D 10 4E 02 E8 59 91 
[   11956] ch50 r0 a3: 60 24 8A B2 40 89 29 6D 8A AC A2 C0 96 D3 20 D4 42 92 D2 18 11 22 C5 28 89 28 B4 DB CF B5 55 52 
[   11996] ch50 r0 a3: 9A C1 68 D4 AC E9 E8 00 00 06 4A 96 95 2C 80 29 9B 2A 29 15 56 86 34 8A 29 91 15 2B 4C A9 AD 23 
[   12007] ch50 r0 a3: 5A 09 C0 61 5D 2D 23 54 A2 18 91 00 46 95 42 A0 CE 48 91 52 50 CA D4 A9 49 64 70 91 42 A9 10 AA 
[   12017] ch50 r0 a3: A9 4F 37 6A 4A 84 CB 5E 4B 6A 52 55 43 53 DB 56 AE A1 4E 2F 29 79 6B AA 55 F8 D9 5A 31 AA EA 94 
[   12036] ch50 r0 a3: 52 AA A0 C2 4A 21 58 48 6E 14 E2 54 A4 4C 44 60 25 28 55 5B 88 91 47 50 30 B3 14 A8 16 56 D4 C6 
[   12091] ch50 r0 a3: A8 95 02 95 04 94 00 64 CA 74 2A 88 52 03 4A CE A8 94 D0 A8 41 48 52 A1 12 93 34 2A C4 20 80 AA 
[   12094] ch50 r0 a3: 8A 2A 37 A6 5D A5 15 5A 76 F5 72 B6 62 EA 4D B5 A4 C8 54 B5 CA 9A AA D5 53 55 6A DE 44 95 66 95 
[   12105] ch50 r0 a3: 82 5D 60 08 08 89 05 52 AE D1 4E 20 29 B9 38 13 19 13 55 DA A4 CA D1 4C A2 AB 3A 54 15 55 59 2A 
[   12124] ch50 r0 a3: C0 E4 B5 64 08 96 AD F9 A3 DA 4A 5B F1 AA 2A 11 51 2A 6C 92 A0 DC 5B 55 54 22 94 A6 2B A4 AA C5 
[   12246] ch50 r0 a3: 03 18 85 22 92 B2 A2 51 31 28 0A 09 20 0A 4A D1 0C 21 01 07 01 55 20 00 08 5A 4A E2 89 08 02 00 
[   12251] ch50 r0 a3: 04 08 A2 14 04 25 22 40 84 40 81 08 81 12 40 6A B0 A8 04 81 18 AA A0 42 21 28 62 AA 88 D0 A8 84 
[   12253] ch50 r0 a3: 8C 82 A0 AD 08 50 96 CC 5E EE 25 AA AE 9D 3C 4A E6 7A 33 2D AC AD B5 32 E4 DA B9 3A F1 98 68 B1 
[   12281] ch50 r0 a3: 55 2A 95 4C B2 6B 6C A6 B6 D5 C5 5E 2E 9A B4 45 65 6C 6A DA EA A9 55 2A B1 45 2A D3 24 D4 D5 49 
[   12303] ch50 r0 a3: B1 90 00 4A 45 00 A4 48 86 52 90 D5 28 A5 04 AD 61 48 A2 22 42 A4 AB 29 46 94 0B 4A 57 5A 2A 14 
[   12317] ch50 r0 a3: 77 92 AA 08 0B 29 48 24 12 92 8D 08 15 17 76 48 FB 55 E5 59 49 2A 58 B6 52 B1 3B 6A B2 4A D5 29 
[   12412] ch50 r0 a3: BB DB FF DF 5D FE EC BF B9 FF ED 7E EF B7 FD CE DE F6 DB D7 F7 75 BF 7F F7 BF EF 75 AA DB 3D FD 
[   12422] ch50 r0 a3: 2A 22 04 10 49 AD 4A E4 AB 89 59 AA DC F0 33 0A 76 4F 75 51 CC 1B 59 2A 2B 1A DA D6 F5 15 5A D5 
[   12423] ch50 r0 a3: B2 92 56 DD 4A 0C 49 05 94 2A A9 49 29 54 88 99 54 89 45 55 12 E5 29 53 64 B4 24 17 15 A4 41 00 
[   12433] ch50 r0 a3: 51 50 CA A2 2C 6A B5 6B 6A 51 4A 48 A8 4D 06 B6 94 25 20 83 22 24 8A 09 59 4A 82 89 43 22 AA 2A 
[   12455] ch50 r0 a3: 00 80 00 04 00 A9 B0 AA B5 45 6A E3 54 A5 F6 B4 AD 4D D5 3A D7 D9 D2 51 BD 56 EA 95 FD 52 AE 6E 
[   12459] ch50 r0 a3: DA 0B 54 52 AF A9 6C 89 6A 7A B6 CD 39 6A 15 4A DC 2D 52 CE AA 35 F5 EA 6C 95 EA 7C AE BA CF 3C 
[   12487] ch50 r0 a3: D2 54 50 A0 A9 12 A9 5B A9 BB A7 B9 DD 72 59 94 54 9F C9 69 2D A6 B9 54 AE B4 89 02 55 52 A2 CA 
[   12501] ch50 r0 a3: B2 62 AA 12 A3 72 A5 3E 6B B8 B7 56 92 E3 65 51 8A 9A D2 AB 39 6E AA D5 D5 88 B2 2E AD 63 49 43 
[   12502] ch50 r0 a3: A7 AA 44 AC 1A 52 54 80 6F 7E FB 6B 55 9F 55 D6 AC 52 55 96 A8 69 57 45 53 41 A5 34 12 66 47 37 
[   12504] ch50 r0 a3: 29 65 53 55 98 E2 6A A7 58 0B A2 15 A2 90 AB 48 84 A9 AA A6 A2 8C A5 4B 4C A1 6A 43 12 02 5B 55 
[   12635] ch50 r0 a3: 20 14 A7 0B 36 96 96 95 AA 2D 2D 24 6D 54 14 AB 1A 4B B1 3A C5 AC 98 88 28 0C 75 15 12 D9 B0 55 
[   12665] ch50 r0 a3: C1 0A BA F4 B3 7A EA B1 2C AA 57 56 75 96 8F FF FF FB 7F FF FE A1 6A AB 2B A9 54 A9 4A CD 35 2A 
[   12774] ch50 r0 a3: C8 94 25 2B 4B C9 30 8A 8C 04 98 D6 42 90 A2 24 15 88 D8 94 B5 3C A3 75 5E B2 12 DB 56 28 A7 B7 
[   12786] ch50 r0 a3: 4A 48 81 65 30 4A A4 52 85 57 57 5A AC 6F 58 D0 B5 55 55 52 60 BA 29 0A 6F 0A 92 81 06 25 0C 24 
[   12847] ch50 r0 a3: D0 A2 A2 88 50 90 19 5E E6 09 24 7A A2 F7 56 F4 CE 5D BA 5B 99 5E A5 ED D4 A0 34 53 2D 26 8A 05 
[   12864] ch50 r0 a3: 45 40 AB 3A A1 92 5A 65 A4 C8 74 28 45 4D 42 6A 2E F1 B9 55 22 ED 4B 53 2A B4 D7 D1 D2 C8 8A 8C 
[   12896] ch50 r0 a3: 22 C9 29 09 45 57 2A 2D 16 C1 02 D8 54 22 4C 24 A2 D6 60 A1 90 A6 A2 B9 D5 50 60 B1 52 A6 82 4D 
[   12963] ch50 r0 a3: D9 32 4C CE 2E 55 48 49 75 98 85 20 60 80 0D 03 5C 91 19 55 4D 3A A5 E5 B4 A5 5C F3 B1 DB 14 D5 
[   12986] ch50 r0 a3: 4A AB 1A 16 40 AC 4A 82 B5 A4 45 29 A0 51 04 C2 96 A2 2A A5 54 C5 10 A8 55 54 84 37 AA 95 40 2C 
[   12990] ch50 r0 a3: D4 26 0D E0 88 02 22 0C B7 04 94 C3 38 2C 11 B2 88 29 52 50 34 80 20 40 A9 60 CD 4C 6A 0A 0F 85 
[   13033] ch50 r0 a3: D5 59 1B B5 50 4A A2 52 B4 4C D2 56 DA BD AA D4 D5 6C 96 4D 44 97 54 96 94 54 B2 63 51 38 AC 59 
[   13055] ch50 r0 a3: AA B3 69 92 BE 76 EB BA 6B 55 E6 B3 54 54 BA A6 35 CB 7B 6E 5D 75 AB A6 A9 4A A5 55 65 BC B2 A1 
[   13135] ch50 r0 a3: AB 2A D6 19 95 29 4D 0A EA A0 24 58 0A A2 4B B7 12 A9 AA F9 DA 77 7A 59 1A DA 9A 97 6A B6 E9 7A 
[   13145] ch50 r0 a3: 29 14 16 80 96 46 52 AB 12 A2 25 60 C0 4A 92 41 29 94 04 50 92 A2 6A EB 45 0B 24 AA A9 15 72 12 
[   13164] ch50 r0 a3: 5B 72 95 4A 91 4A 22 52 3A 45 50 12 1A 82 A2 A5 2B 04 B1 51 5C 42 B5 52 A2 54 1D 15 29 4B 51 2A 
[   13187] ch50 r0 a3: 8A 22 20 28 90 18 48 06 0A A4 8D 15 29 88 99 41 52 02 C3 A1 2A AD 18 89 54 42 55 AA 93 55 60 AF 
[   13206] ch50 r0 a3: 90 23 69 55 2D A2 94 8D 10 95 2A 92 81 20 52 B2 8D 2C 34 44 89 52 94 86 55 55 4D 1D 64 6D 6A 59 
[   13259] ch50 r0 a3: AA A1 21 8A AD 95 55 C4 A4 AE 0C A9 29 2A 20 5B 4B 14 5B 34 2B 59 D4 16 45 59 D4 A6 52 AC 86 6A 
[   13275] ch50 r0 a3: 3A C5 AB 54 C8 52 95 22 73 2A C4 CA B0 69 54 7A A4 A8 A2 62 AA DF 6A AC EA BB 6F D6 AD 92 E1 08 
[   13362] ch50 r0 a3: 6A BA 9D 2D 54 47 45 56 CB 4E 8A BA EA C6 A9 5E 25 5B 66 55 0D 9A 6B A2 5D 4F 2E DC 55 35 4A F3 
[   13473] ch50 r0 a3: 92 1C 51 08 83 56 A6 AB A6 48 66 59 09 8B 86 1C 0A 8A 6A 92 A4 29 69 50 93 44 D3 6A CA 46 B5 8A 
[   13597] ch50 r0 a3: A8 CA 04 88 24 02 52 44 04 53 0A 21 2A 82 91 00 15 75 52 A2 D6 AB 5C A1 6D 53 D9 54 DD 5D 56 DD 
[   13703] ch50 r0 a3: 90 83 C9 B5 15 22 5A A2 05 48 CA 52 4A DC AC 33 4A 8E C2 22 26 D3 42 94 B4 17 AC 80 B6 AD 2E 56 
[   13705] ch50 r0 a3: 65 53 2A 80 41 08 54 A2 90 8A 50 46 9D 21 20 E0 92 A0 A6 54 48 33 11 54 A2 09 05 23 5A 90 54 94 
[   13728] ch50 r0 a3: D2 AC 62 4A 23 C5 40 7C B1 79 F1 18 9E 6D E7 FF FB F7 DB F7 7F 71 05 AD 2A DD 53 23 26 8A 64 95 
[   13784] ch50 r0 a3: 25 59 04 CA 9A 36 8C D5 A8 B4 4C A3 BB A6 93 D7 D5 22 A8 30 A2 D3 3D 55 72 45 25 0A 92 88 92 55 
[   13824] ch50 r0 a3: 80 A9 A2 89 22 A5 74 28 16 04 97 34 B2 AA A9 2A C8 52 AA 10 AA A6 AF 0C A9 46 4A 4B 24 A6 D4 4D 
[   13901] ch50 r0 a3: A5 50 26 14 48 24 42 9B AA 92 D2 D3 5B 35 04 DE 93 A4 69 72 4C 8B AA 29 15 69 AC A9 79 95 AA EE 
[   13936] ch50 r0 a3: 37 6E 20 6E A1 A9 67 86 BE 05 80 F7 21 0E 50 C9 DF F7 32 CD 55 AD 34 C2 37 8D DD A9 16 64 AE 29 
[   13990] ch50 r0 a3: C8 D4 6A D2 56 D3 21 0D 49 AB 45 4A 44 20 43 2D 87 4B 15 8D 4A 71 52 AA A7 08 62 2A 52 ED 89 BB 
[   14010] ch50 r0 a3: 0C 88 15 41 30 2D 2A 40 44 2A D2 A6 AC 91 11 14 AA A0 F6 F3 DC EE AF BB 2D E9 6E D7 B7 DB 58 85 
[   14067] ch50 r0 a3: 3C BA DE B2 26 04 AF 4A 26 FF 71 1A 30 DB 54 AE EA 56 26 DC 9A B6 BD 11 61 7C 07 65 F8 84 83 12 
[   14069] ch50 r0 a3: B9 25 64 B2 5D 90 40 96 A4 53 A0 87 56 9A E5 7A 55 33 9A 37 21 2C 29 6B AA 49 82 C2 24 88 02 45 
[   14178] ch50 r0 a3: 0D 44 8A A4 88 92 1A BF 44 66 7A 79 7A 95 4D B3 E5 C7 A9 16 8D 79 94 B6 E5 98 A0 D9 02 37 87 2B 
[   14189] ch50 r0 a3: 81 11 53 56 AB B2 51 E2 C8 84 90 E2 2A 55 A1 64 82 21 8C 64 A5 22 4A 96 29 5D 56 A7 59 C5 14 AC 
[   14194] ch50 r0 a3: AB 49 48 AA 25 04 94 A4 55 48 8D 58 A0 00 89 15 44 A6 92 0D 49 AB 5A AA B5 6C A6 B5 B7 6A D5 A5 
[   14205] ch50 r0 a3: 85 05 B6 11 14 80 B1 53 05 45 BA 95 30 18 15 8A 84 8A 85 42 42 41 55 94 84 95 6A 85 5D B7 7F EA 
[   14259] ch50 r0 a3: F5 42 02 04 F5 03 71 72 5B DD 16 87 DA 0E 7A 84 5D C5 F0 6F D8 25 FB 55 30 34 72 52 47 60 D2 8B 
[   14276] ch50 r0 a3: 35 C6 34 28 DE 81 9A 1F 15 01 10 6B D2 74 9D A4 91 1C 80 BC 73 37 47 54 79 3B 57 9C B1 6F DD 9D 
[   14296] ch50 r0 a3: 92 E2 ED 91 6B 54 12 B6 B6 EC 32 A6 A4 5D 64 9A 2F 61 26 55 6F 40 2A 7A AA D9 B3 56 64 55 5B 96 
[   14369] ch50 r0 a3: EA 88 31 07 AA C2 3A 2B 25 20 28 4A A8 03 0D B6 81 69 65 49 29 85 94 85 E1 5C C9 06 63 12 43 04 
[   14376] ch50 r0 a3: D5 45 49 41 1A 24 60 81 10 25 55 80 CF 88 88 15 63 10 03 02 38 C8 62 A0 56 02 35 D5 44 A3 40 2C 
[   14404] ch50 r0 a3: AB 75 DD 57 36 DC D5 AB 6E BE A9 17 5A B7 4A DE CA D6 86 AD 3A DF B6 5F BB 36 A9 5E A9 7B BD 49 
[   14412] ch50 r0 a3: 35 2D 29 88 1A AA AA 8A AB 70 53 15 BB 4E EE 25 B5 94 97 46 61 FA A5 50 84 D6 09 90 40 1A 35 12 
[   14448] ch50 r0 a3: 68 AA 8D 08 B3 69 6B 55 49 AE 68 26 BB A3 2C D5 2D A2 EA AA A9 69 40 44 49 44 0A 8A 05 08 22 0A 
[   14449] ch50 r0 a3: 08 4A 55 55 B2 B4 EA AD 2F 6D 16 B1 31 34 AB 1A 95 F3 52 AA 3A D4 86 D6 AA 60 DA 52 D2 A2 95 51 
[   14451] ch50 r0 a3: 00 96 05 4A 56 8C 0A 94 CB 4D 8A 92 0C 1A 19 6D 29 69 DD 60 51 C4 22 51 BD 37 8B 24 1A AA BA D5 
[   14483] ch50 r0 a3: 95 72 69 E5 40 A2 92 6A 81 32 AB D5 D5 A9 25 49 56 14 E8 A5 A6 8A 91 55 AB 4B 24 A5 80 19 D2 0A 
[   14496] ch50 r0 a3: D5 E6 91 AC B8 65 49 B6 1C EB 45 9F 22 D6 4A 55 32 96 5B 35 5A F5 AB 23 52 2A D6 D0 8E A8 68 AD 
[   14516] ch50 r0 a3: 08 A2 42 80 82 D0 D2 B2 12 00 45 00 4C CA EB 41 22 89 17 C1 10 10 32 AB 25 C4 23 56 34 0D 52 90 
[   14537] ch50 r0 a3: B6 94 65 02 C2 C9 0C A5 54 B2 52 52 FB 4A 12 D9 15 94 15 52 72 E9 20 2D 61 54 B9 31 25 49 62 52 
[   14639] ch50 r0 a3: 40 85 46 81 88 14 52 8D 55 59 2C 85 57 B4 AE C9 8A A5 60 55 54 95 01 5A 56 98 32 50 49 8A 89 03 
[   14683] ch50 r0 a3: 00 14 93 54 45 8A A2 40 91 4A A9 0A CD 4D 53 22 29 48 84 25 4A 25 12 25 54 A5 2A 22 2A 54 89 4A 
[   14703] ch50 r0 a3: 26 A5 56 8E E8 52 41 56 8B 82 C8 AB 2A 55 95 C4 BA 94 25 91 95 62 12 6A 3A 55 5A AC 29 5B 55 04 
[   14705] ch50 r0 a3: D1 08 35 26 AF 6A 4E AD 29 6A 1A 5E A9 D2 DD 6B BF B7 6D 0A D6 95 91 2D 56 0D 48 A4 55 AD 30 6E 
[   14710] ch50 r0 a3: FD 4F 54 B9 A9 7B 65 62 BD 56 54 B7 CD 10 5B 11 01 41 C9 46 85 14 54 40 41 42 52 2B 95 14 A3 7B 
[   14725] ch50 r0 a3: C0 2A 6B F4 8A A5 67 76 DE DA 53 6D 5C DA 6A DF B5 33 69 59 75 CA 9D A7 F6 A2 5B DD AA AA D3 B3 
[   14763] ch50 r0 a3: AB 4B B0 AA A6 54 12 5A C2 56 6A A7 75 99 2C A6 B2 6A C3 A8 9B A1 CA 5A A2 52 D4 B5 29 AA AA A2 
[   14825] ch50 r0 a3: 9A 4D 57 AB 5D C9 6E 12 8E AB 4A 91 A8 B7 6D A6 F6 EA AE AD AF 76 A9 AD 36 D1 6B CD 8A D5 8E B4 
[   14839] ch50 r0 a3: 2A 95 56 54 E5 B1 2A AB 39 44 95 AB 53 93 DA 15 B5 45 42 AB EB 51 2F AD 65 39 B6 A9 4B 09 D5 3A 
[   14911] ch50 r0 a3: 5A 8B 09 A5 0C 51 4B 48 56 38 04 D2 98 61 86 5A 5A B9 4A CE 15 5E 0B 42 AC 24 14 01 B1 85 1B 4A 
[   14912] ch50 r0 a3: 00 91 D2 C1 BA 1C F4 85 15 56 B5 15 4A B4 A6 4A B2 AA 9D 24 BC EF 0C A5 18 B6 84 56 F5 7B 6F F5 
[   14914] ch50 r0 a3: 0A 00 42 00 08 AA AA A6 AC D5 12 93 55 A8 93 4A D4 A9 AA B5 76 7F AA B6 F2 E5 D6 EF FB AD 63 1D 
[   14952] ch50 r0 a3: DC F5 98 DD 77 C6 D2 90 52 7E F7 B3 D2 3D 16 13 AA 74 35 F6 35 D5 55 4E DD 15 39 29 32 C6 26 89 
[   15076] ch50 r0 a3: B5 EB 5E 69 73 F5 AB 2E 6C BD F7 DC F7 D5 D6 EA 5A A9 9B F7 D6 D1 35 57 D6 B2 B5 ED 6B 7A 95 54 
[   15100] ch50 r0 a3: 82 A2 84 9C 25 01 03 00 A0 00 A2 88 22 C4 D0 90 A2 20 8C 8A 01 15 14 A5 54 18 90 A8 8A 04 25 0A 
[   15111] ch50 r0 a3: EE A8 EB 1A 36 EE 94 11 12 19 5B 28 75 62 71 5B 08 2E 25 4A 76 A6 63 D5 61 81 16 01 1C 96 C2 87 
[   15121] ch50 r0 a3: D1 84 B5 2B 71 2A 29 A9 52 95 2B 54 EF B5 6B BA B7 F4 DB BE FA ED 55 D5 D5 7A DA 97 95 59 36 2B 
[   15140] ch50 r0 a3: 15 59 44 88 A3 A9 06 28 37 55 01 50 AA C3 6C 3B 40 AA B1 D5 B2 04 51 5D 5A 95 0B 0D 58 C5 D1 AB 
[   15141] ch50 r0 a3: 05 40 80 36 45 85 26 80 98 5A 0B 95 50 12 48 94 2C 93 42 A1 0A A2 B1 AA CB A9 0A 90 CA 60 89 A8 
[   15149] ch50 r0 a3: A5 28 AC 29 24 F6 91 52 A2 B5 51 16 84 88 8B 29 4A 28 CA D2 54 89 28 6C 24 5C E8 84 56 12 41 29 
[   15184] ch50 r0 a3: 14 98 B2 04 55 6B 85 58 A2 12 A2 92 09 25 37 92 A8 A5 02 94 48 24 12 28 20 02 92 A5 A5 52 A4 90 
[   15184] ch50 r0 a3: AE 94 6A B7 EB 5B B0 EC AC 95 04 A5 56 EC 25 55 4D 4C 88 11 B2 2A 81 1A 58 2A 8A B4 99 41 72 DA 
[   15199] ch50 r0 a3: 49 A9 22 AA CE CB 93 94 90 B6 41 8F A5 D1 B9 C6 20 A9 21 55 09 49 12 AD 6E CB 21 5D 58 4A 58 91 
[   15203] ch50 r0 a3: AA 16 2A 07 02 43 48 20 04 19 11 02 B6 29 45 09 83 4A 05 11 61 54 4E 89 B1 54 A9 54 E2 53 06 0A 
[   15278] ch50 r0 a3: 2A 08 A2 18 C5 AC E4 D0 C5 55 2B 62 A9 50 10 A4 C0 02 44 12 0D 14 A5 52 02 4C 55 26 28 4D 77 32 
[   15291] ch50 r0 a3: 25 AC 24 55 59 44 A4 61 29 74 A5 4A 11 0D 10 C6 63 58 94 45 52 BA 59 11 52 6A A9 28 2E B6 55 6A 
[   15298] ch50 r0 a3: A0 5D D9 DB D2 B7 B7 35 88 CE 65 B6 EF AE CF 7F 55 44 57 76 BC 26 D3 A2 4A AA A8 AB FD A5 AF 40 
[   15303] ch50 r0 a3: AA 44 82 90 01 05 90 69 34 A0 D2 8B 52 47 2E 67 05 45 90 26 76 A4 88 8A DA AD 54 7D 45 2E AB 65 
[   15311] ch50 r0 a3: 87 4A 66 6D 42 45 6A 91 84 D4 A9 4E E7 B5 59 59 E5 1D 48 AB F7 34 8A E5 5F 57 5B D3 5F AD 75 DE 
[   15314] ch50 r0 a3: A2 99 40 2B 95 42 A8 E1 94 AA 85 95 95 D4 5B 12 79 52 22 6D F9 2B 0A 94 51 45 61 AA BC 14 8A A2 
[   15322] ch50 r0 a3: 0A D5 05 49 82 93 4B 09 40 09 51 65 51 4A C2 DE 8B 13 A2 A6 92 56 85 2A 28 03 94 94 B4 54 95 11 
[   15326] ch50 r0 a3: 90 01 44 2A A9 33 C9 E4 29 08 53 A4 73 52 A1 A5 5C 3B 55 BB 4D 4E 56 6B C9 53 A7 BF B5 FD D3 DB 
[   15364] ch50 r0 a3: 51 52 28 90 25 40 15 50 0A 4A B6 14 A5 4D 22 A4 98 95 04 0A 90 AC AD 2A 54 49 24 4A 82 16 8B 22 
[   15394] ch50 r0 a3: A9 47 5B 5A 6D 5A 5A 59 6A EC 8E B2 A8 E0 95 05 04 F2 AB 94 BF BD AF EE AB FD FF 57 73 5B BA A9 
[   15402] ch50 r0 a3: 44 49 54 AB 68 4A DC 8D 4A D7 2A A9 C4 29 50 AA 95 84 12 51 A0 9A 54 01 95 4B AC 66 D7 5D 7B B7 
[   15438] ch50 r0 a3: 8E 29 51 E6 2A 4C 6A 24 55 4C 72 A5 24 9E 22 80 B6 D2 59 53 92 88 95 24 25 6A D2 A1 24 94 E2 D6 
[   15442] ch50 r0 a3: A2 A1 2B 4B AD 6A AA 4C 2A AA B5 10 CB B5 5D 52 A3 A8 89 57 32 4B 75 6D D6 A1 6E BC F7 5B 15 2A 
[   15457] ch50 r0 a3: 6D 54 34 D5 04 2D 26 99 56 5A 4B 49 0C 5D 25 A2 F5 6B 6C 96 AE AA AA A5 46 1B 5B 3B 55 98 4E F2 
[   15511] ch50 r0 a3: A9 42 B5 20 D5 96 2A A7 54 96 AB 4A 88 B5 A4 91 54 89 CD 4B 43 04 23 5C 4D 4D 6E A9 C5 64 51 2D 
[   15537] ch50 r0 a3: 86 09 43 69 50 15 12 A4 4A B3 54 22 A8 4C 26 54 B2 B4 A2 BA D6 BD C3 ED FC 2B CA D5 16 6C B4 A7 
[   15543] ch50 r0 a3: 00 02 58 15 39 5A 8B 7A DA BA EC 4A 69 6E AB 02 BB AC A6 A3 24 9A B5 50 6C 5A CA BB 4F 95 B4 52 
[   15547] ch50 r0 a3: AC D2 09 A0 BB 92 80 3A 64 A9 4D 69 72 D0 AD EA 90 91 2D 8E 11 69 6A EF 56 A9 29 D5 A6 0A 55 49 
[   15550] ch50 r0 a3: D5 A4 D5 C1 B0 9C B4 94 1C 46 25 16 D3 BC 2A 20 40 1A C7 15 86 95 DA F8 B8 D9 20 5D 77 0E F2 88 
[   15551] ch50 r0 a3: A6 35 69 02 E3 D8 47 96 1A 81 29 29 72 A6 A4 35 81 56 91 0D 05 F0 EA 2C 21 0C 20 09 5A 4E A8 AA 
[   15568] ch50 r0 a3: D2 CD 4E AB 49 52 AA 85 CC 5A A1 AA B1 40 B2 A5 49 A2 4A CD 44 D1 52 2C B0 14 35 45 92 6E BA D5 
[   15576] ch50 r0 a3: C4 BE 22 2D 49 2C 24 28 B0 48 09 B5 5A 45 12 54 0A 30 A5 A2 AA 8E 2A EB D7 A5 B1 6E BA 6B 71 4B 
[   15585] ch50 r0 a3: 21 A5 40 A4 8D 90 4A 25 15 16 A2 94 09 A0 6A 16 75 75 75 57 A9 2A B5 AC 46 D1 C9 A1 2A D5 4A 9F 
[   15594] ch50 r0 a3: A9 8D 5B 56 82 A9 56 57 77 56 5D EE B6 EA AA 57 96 D4 4A D5 AB AA CB F7 AA AA 16 08 AA 2B 45 14 
[   15636] ch50 r0 a3: C5 55 B0 28 52 2A 86 95 5A 53 53 93 35 28 54 06 12 90 AB 0A D1 F5 4A 85 D2 E9 02 6E DA 90 D3 2A 
[   15693] ch50 r0 a3: 82 48 64 08 CA 28 51 05 69 2C 52 A6 28 A4 2A 2D 0A 99 18 A6 AC CA 16 E5 58 D1 CA BA AA 99 69 6A 
[   15709] ch50 r0 a3: 95 24 92 12 A9 15 1A AA DA 22 EC D2 AB 00 80 D1 80 19 68 4D 14 B0 93 21 83 18 82 52 2A 55 09 28 
[   15721] ch50 r0 a3: A1 27 22 04 AC 89 49 65 02 2A 90 AD D3 55 F9 5B 28 5A BB F5 EF 7F 7B DA B4 78 AC 2D 4B EE D6 B3 
[   15726] ch50 r0 a3: 15 62 14 88 91 25 16 26 4B 49 C9 24 BA 40 34 C5 62 4B 54 BE 2D 15 D4 0A DB 45 91 BA AB 36 D2 B0 
[   15747] ch50 r0 a3: 65 AE D2 94 D5 9A 35 61 A8 4A 55 25 55 74 D5 69 82 72 AB 5A 95 50 52 6A 54 24 A5 55 0C D2 50 A9 
[   15843] ch50 r0 a3: 55 49 28 8A 56 AA 92 49 6E D1 22 A4 2A 84 CD 21 2B 10 63 5C D5 52 05 5B AA DA 16 C7 83 22 D0 A4 
[   15979] ch50 r0 a3: AA 56 DA 4A 9B 53 B2 AB 22 92 55 01 45 85 82 51 54 60 03 FB BA CC E9 77 5A AD 95 EE C4 95 B7 5B 
[   16018] ch50 r0 a3: 45 2A 01 08 AA 96 9A 95 24 12 D1 55 54 22 51 72 8A D4 84 52 A2 48 11 45 9E 7D 65 D5 75 AD 22 36 
[   16022] ch50 r0 a3: 8A 05 22 51 02 E8 5A 28 A8 2B 56 B5 0A 38 54 64 69 6B 32 62 89 B5 05 61 AA 54 5D 49 93 6D 55 51 
[   16023] ch50 r0 a3: 20 92 04 A2 96 42 EE B6 6A D6 AA 62 F8 91 15 62 58 AE 56 33 A6 CD D1 35 75 AA EB 4A 75 66 AD DB 
[   16100] ch50 r0 a3: 54 15 82 88 14 50 10 8A 14 92 4D 05 A0 81 9A AA 14 45 82 D1 15 55 10 68 96 13 42 AB 28 12 A0 AC 
[   16101] ch50 r0 a3: 82 56 29 49 29 32 DA 4B 49 4C 9A 54 92 C9 4A 45 4A 92 84 24 09 45 15 52 55 1A 54 50 69 B8 A9 56 
[   16120] ch50 r0 a3: 36 D2 54 84 28 4A 4A 8C AD 74 A8 4A 97 68 EB D5 09 55 F3 B6 95 B4 B0 E2 2E D5 56 A9 39 2D EA A5 
[   16152] ch50 r0 a3: A8 A8 26 02 65 14 92 62 CA 2A 21 20 0A 18 84 89 44 C2 2C 84 80 90 81 22 88 04 44 94 C6 12 8B 58 
[   16156] ch50 r0 a3: 40 14 A8 21 2A 92 41 AC 2A 54 5D 21 45 56 0A 92 10 20 00 94 A4 82 44 84 82 04 AB 05 6D 6A A2 59 
[   16172] ch50 r0 a3: 88 98 44 84 56 12 45 41 0F 52 12 10 49 12 22 84 A5 04 30 62 A5 58 42 33 04 84 A0 09 02 81 50 24 
[   16202] ch50 r0 a3: 2A 95 16 5A 95 5A AA AA B2 C8 22 22 B4 A8 94 AA AC A8 55 09 2E 99 49 54 26 05 14 D2 95 52 92 38 
[   16235] ch50 r0 a3: 2C 02 62 A5 5E 03 C4 24 D8 25 25 5F C3 98 75 E3 FC 11 74 D6 C1 72 DE 09 A9 71 3D 88 80 3D 46 D4 
[   16260] ch50 r0 a3: 83 48 D4 54 52 69 A9 16 2A 73 4A 51 56 B0 8C 58 94 A1 52 C7 4A 4C A9 AB 8A A4 52 55 4A CA D6 91 
[   16263] ch50 r0 a3: 55 A2 C5 54 4A 4E 87 44 A6 85 69 52 82 AC 35 88 E4 C9 48 4D 48 52 51 52 9A 3A 49 0A 89 56 69 55 
[   16267] ch50 r0 a3: 94 A6 B4 88 74 62 84 C2 A9 2A AA 55 B6 A9 46 19 86 D2 4D D0 32 C8 02 26 0A 92 2C D4 D3 39 87 82 
[   16283] ch50 r0 a3: EB 75 EE BD F7 57 0B FF 6F 7C DF 95 EC EE 6B F6 D6 C5 43 DC ED D2 2A 6E B2 AB 52 62 64 AA B7 32 
[   16293] ch50 r0 a3: 6A B2 BA 55 8A AD B6 A7 34 EA E9 2C 56 2A F9 B0 D9 E5 56 86 6C A2 6D 35 3C 2A A5 12 AC B2 5A A4 
[   16308] ch50 r0 a3: 65 3A 51 24 D0 A2 91 A5 54 CA D5 15 57 35 6A EA 5B D7 48 A6 41 4A B2 8D 55 1B 62 46 A6 5D 5A CB 
[   16370] ch50 r0 a3: 01 28 54 D7 28 86 58 88 D2 18 01 10 A9 45 02 02 22 2C 31 DA 02 14 6D 0C 85 82 31 20 0A 43 23 11 
[   16390] ch50 r0 a3: 2C 49 08 44 0A 34 A8 88 D1 56 85 12 48 81 20 00 5B 20 2A 01 48 11 01 0A 49 26 90 45 20 29 A4 45 
[   16425] ch50 r0 a3: 64 F6 AE C2 95 4C B4 2A ED 48 2A 54 85 44 92 56 AA D4 96 54 52 09 AA 81 24 C5 2B 54 B1 9F 1A 65 
[   16460] ch50 r0 a3: 92 82 0A 93 10 02 14 94 0A 52 92 01 28 AA A1 50 12 05 40 A4 4A 6D 24 8A 20 09 28 D0 0C A6 12 24 
[   16479] ch50 r0 a3: AB 2E 69 24 55 9B 6A A6 2A A2 56 D8 43 75 40 E5 61 C0 CE 2B 02 A2 94 19 8D E5 C8 99 20 44 45 56 
[   16480] ch50 r0 a3: 6A B5 6E D4 B6 D2 E7 5B 4D B9 4B A9 CC F7 53 96 D5 3F 7A 02 55 05 84 B4 97 00 10 5B 46 49 24 12 
[   16545] ch50 r0 a3: D4 78 B5 6B 2A 49 4B 15 6D 4B 05 53 54 AA AD 02 35 12 D0 51 AC 8A C2 AD 49 15 67 2D 6A C6 AD 2A 
[   16579] ch50 r0 a3: 50 84 94 A1 12 06 09 42 50 90 1A 9A B5 95 B5 B5 2A AD AA 5A 8A 91 AA C2 53 57 4A BE 8B 3F 5B F1 
[   16637] ch50 r0 a3: AC B5 59 41 04 E1 49 40 91 52 62 24 45 2C 04 51 11 44 00 45 55 4A 99 0A B3 56 48 53 48 55 AB 0B 
[   16687] ch50 r0 a3: 24 C9 52 91 30 E9 55 2A 51 B1 B2 91 AE 59 29 0C 12 49 52 9B B2 85 71 4D A4 9C 3A 5D 26 95 25 4A 
[   16714] ch50 r0 a3: C2 9B 8A 82 AB 65 D2 14 A6 55 33 AA 50 84 94 89 49 15 5D 25 A3 31 49 4A 24 A0 8C 16 75 34 85 69 
[   16717] ch50 r0 a3: A4 49 A5 AC 62 21 8A 95 15 0F 6B 2A 52 8A 8A 2A 2D A8 AB 50 31 28 95 6A AA D2 56 C2 4B 4A A0 C8 
[   16742] ch50 r0 a3: 89 4A AA 2A 64 AA A6 65 2D 9E BB 5F 89 2E BB 12 D5 52 9D A9 16 B2 D6 D5 BA 2C DE AE 87 E5 6E 9B 
[   16768] ch50 r0 a3: 4D BB 31 6D 16 95 42 4A D6 AA 28 AA AD A8 5B 56 B3 6D 25 74 C0 94 A2 AC C2 55 AB 6A DA B6 D2 BD 
[   16780] ch50 r0 a3: AC 66 96 85 75 2A E9 55 F9 3B 5D AE 59 BB 6F EB C9 55 7F 6A DA A7 DA D6 55 BF 6F FB 9A F5 DA 7D 
[   16782] ch50 r0 a3: D4 AA 06 94 50 15 51 59 55 AD 45 4D 5C 18 A4 90 04 6A 55 04 18 A5 46 48 54 D0 8B 45 34 31 8B 12 
[   16783] ch50 r0 a3: 5A A1 3A D2 2A 6F 29 FA D4 B2 63 93 16 09 5E 96 A9 A8 04 AC F2 56 A0 8D 28 89 25 2A A3 AA AA 5A 
[   16804] ch50 r0 a3: 82 88 8A D2 AA 59 3A 9A D9 28 A9 4A 95 65 6D 22 DA DC 5D 5A D5 54 59 AA 66 4A DB 51 3E 8C F6 B5 
[   16809] ch50 r0 a3: AD 09 BB 52 8A AB 5A AA D7 2D 54 CD 5A AC BE C5 25 74 CB BE D9 5F 55 B1 A4 8C 4D 51 6B 55 54 B5 
[   16814] ch50 r0 a3: A8 92 5A A0 09 28 AA 8A BB 6B A9 AA A5 F6 D2 CB D6 D5 F5 CB F5 3A E3 2A 34 41 D5 05 90 47 01 42 
[   16819] ch50 r0 a3: 50 52 AA C8 21 25 52 B5 4A AE 32 45 55 36 29 52 51 35 22 72 C8 04 54 D5 0A 25 AB AA 29 8A 44 B1 
[   16840] ch50 r0 a3: 6D DE D7 65 5A AB 25 5B 2A EF FF E7 5A 9F 7E AA 6A AA 57 B7 72 D7 B5 A5 BD EF 4C BF DD 6E DE B4 
[   16859] ch50 r0 a3: 89 82 04 18 CE B2 23 89 6A 4A A5 52 69 0C 16 15 14 0A 5B 42 46 08 86 02 B3 4A 9A 4A 4B 52 89 55 
[   16906] ch50 r0 a3: EA 71 2A AA 35 2C A0 AA B4 25 A3 91 96 24 AA AD 62 D5 C4 DA AB 36 5A CA 89 26 B9 48 C2 D5 B5 4A 
[   16928] ch50 r0 a3: 49 49 01 40 20 10 49 A1 72 12 91 22 14 98 50 06 C8 20 C0 B4 24 09 D4 08 26 05 68 AA 21 11 50 69 
[   16930] ch50 r0 a3: 9A AD 45 06 AA 51 1A 07 58 A1 68 A9 B5 27 6F 56 ED 44 C6 45 D4 D1 57 53 52 95 41 55 5D 5D 15 4E 
[   16942] ch50 r0 a3: 8A D0 D5 4A 46 86 D1 4A 09 6D 91 A2 A6 A2 94 C1 AE 9A 9A DD AA 86 55 65 40 C1 3A 2D 4F 28 BA 75 
[   16948] ch50 r0 a3: AA A5 C0 23 90 00 20 A9 A9 01 28 A8 61 82 81 25 50 15 8E 29 44 12 90 95 52 B0 24 54 4D 54 35 69 
[   16959] ch50 r0 a3: D4 0A 30 EA AD 96 EA B5 92 B4 BA A9 57 F5 93 5D 54 92 91 5C 33 30 E4 55 B6 90 54 AA A9 92 8A B2 
[   16970] ch50 r0 a3: 84 09 B5 89 89 4A A4 6A D2 56 94 D3 14 AA A4 AA D2 A9 A9 14 AD 52 88 CA 79 6A 56 6B 4B 0A 59 55 
[   17025] ch50 r0 a3: 82 50 8A A1 A3 4A AA 0C B1 54 55 5A 22 14 55 14 88 54 28 45 04 81 51 1A 56 AA A8 50 4A 2D 6D E7 
[   17039] ch50 r0 a3: A5 1A A2 CA CD 96 B4 48 05 52 12 AE 25 B4 92 C8 11 22 C5 14 56 B5 52 94 04 45 85 56 14 0A A2 13 
[   17062] ch50 r0 a3: 2D 69 A4 C9 95 09 91 57 33 4D 46 71 ED 6A D1 51 66 00 88 92 95 46 1B 2B 4A 26 8B 51 55 5D 36 D5 
[   17080] ch50 r0 a3: 20 A0 2C 88 10 51 10 00 25 18 00 14 04 01 1A 08 CA 55 04 A0 80 32 A2 85 31 20 00 84 94 89 90 A2 
[   17121] ch50 r0 a3: 51 23 25 50 35 00 80 85 86 00 AA 44 14 42 91 0A A9 11 12 28 C3 47 35 15 54 43 4C 51 40 55 26 E5 
[   17141] ch50 r0 a3: 10 48 12 50 0A BE CB C9 6D 55 56 A9 25 65 69 35 A9 55 5D FF EE AE 6A FB 4E 1A 95 28 AB 6B A8 B6 
[   17155] ch50 r0 a3: 15 41 4A D5 D2 2B 4B 9C DD 4A 86 CA 0B 31 B4 42 42 BA 5B 34 D1 62 25 46 52 E9 25 64 19 81 25 58 
[   17160] ch50 r0 a3: 54 13 15 A4 AA 96 4E EE F3 54 9B 19 5E 53 72 55 5D 6E AB 37 47 56 AD B5 89 4B D3 F5 0F 6E 5B 6B 
[   17216] ch50 r0 a3: 4A 0A F5 05 06 19 86 A4 86 C2 B5 7D 76 8C 44 D4 A5 A2 10 01 42 53 2D 52 68 45 56 25 28 B6 B5 40 
[   17228] ch50 r0 a3: 62 29 11 12 13 41 28 D1 44 41 20 04 68 22 A5 28 89 25 12 10 A1 49 00 2A 34 12 82 48 00 8B 04 8A 
[   17331] ch50 r0 a3: 0A 33 00 22 14 12 14 A0 9C 28 40 29 45 A1 2F 73 8A BA A9 1A A4 93 25 55 55 5A 96 EB 2A 36 44 A5 
[   17369] ch50 r0 a3: 9D A5 2C 4C 75 15 8A 49 40 A1 6E 61 22 92 03 54 C9 68 A9 5E 99 55 99 AB 12 BA DF 54 B7 9A 55 9D 
[   17376] ch50 r0 a3: 04 00 40 21 40 A8 88 20 81 24 0C DA A5 62 3C 2D 51 2A A1 AD 6A 2D 15 41 69 4C D2 2A DD 8B 8A 24 
[   17394] ch50 r0 a3: 85 03 40 AD 04 10 22 42 80 C0 C5 44 51 56 6B 2F D5 4E D7 6A 93 B5 6A E8 2A DA 74 5A 57 96 C4 18 
[   17398] ch50 r0 a3: A5 A1 8A 14 5D 3D 53 4B 59 14 DC 95 BD 7B 06 72 59 5A 94 AA 25 2A 55 72 6D 5A 5A 51 15 4D 5A C5 
[   17404] ch50 r0 a3: 85 24 54 F6 0A B5 49 52 8A A7 EE 8A 8A 4B 91 50 C2 5E A8 2D 72 38 0F 10 D3 60 94 95 7F 0E CA 30 
[   17439] ch50 r0 a3: A5 08 52 2B 48 89 95 01 85 54 8B B3 AA 56 55 24 48 2A 5B 5A 4B A8 A1 4B 2A A5 25 23 54 96 94 8A 
[   17486] ch50 r0 a3: 1E A9 EC 5A DA B5 A5 65 F5 7E F6 DF 45 4D ED 6E AF 54 C9 AE C4 AE CE DB 6D 73 B7 AD 55 4C D5 55 
[   17513] ch50 r0 a3: 42 14 4D 69 28 A9 02 48 2A 11 12 4A 0E E5 69 B5 D0 AA 55 4D 55 AB A9 AB 66 9A 91 68 AF 41 2A D5 
[   17518] ch50 r0 a3: AD 52 48 DC A8 94 95 55 93 2B 28 81 80 D5 95 5E A9 55 C5 55 92 9A B5 59 EA D5 5E F6 D3 A8 D4 AA 
[   17523] ch50 r0 a3: 00 03 6A B5 78 9A A3 11 90 8A 54 AE D5 96 FA B9 9E D7 09 E8 6A 5D 2D 4A 92 95 AD 59 5D AB 45 E8 
[   17550] ch50 r0 a3: A2 A7 43 DC 52 6C 85 35 52 CA 94 12 12 4A 6A AC CA B4 90 A2 09 51 5A 5D 28 29 13 54 5A 21 D2 A3 
[   17551] ch50 r0 a3: D1 4A 52 5C AC 82 52 89 22 48 22 2D AC 09 55 69 4A AA A2 D8 90 D2 65 29 42 55 26 A4 91 90 18 A9 
[   17565] ch50 r0 a3: 25 8A A8 83 60 1A 01 00 CD 09 40 B5 24 0C 02 75 B4 84 A8 61 29 96 DD 15 C8 8E 11 20 2A B3 9B 56 
[   17568] ch50 r0 a3: 10 01 58 95 5A 8D C5 94 53 45 94 16 25 2A 8D 6A DD 54 15 8A 62 40 42 84 00 10 56 27 57 F5 16 55 
[   17616] ch50 r0 a3: 20 20 28 D0 00 32 8A 2A 90 55 55 45 69 BC 15 B6 DA BB E5 32 D7 D5 51 99 6A AA 41 4B 69 62 A5 59 
[   17659] ch50 r0 a3: 40 A9 4B 40 25 22 81 54 EE 77 55 6A 54 E6 F9 78 22 00 50 52 D5 06 15 7A D1 07 79 D5 7F EA B8 AD 
[   17706] ch50 r0 a3: 52 20 91 54 A8 2E 80 C9 D0 A5 42 85 B4 59 32 52 A0 83 A3 0A 60 49 49 22 12 24 0A 52 2A 94 B5 04 
[   17781] ch50 r0 a3: 98 06 B5 D6 65 47 A6 8C 54 C5 45 1E AB DA B6 96 CD D9 AB F5 A3 57 CF 3B BF F5 75 F7 7D 55 54 49 
[   17799] ch50 r0 a3: 45 01 48 22 60 04 4A A8 44 91 04 4A 29 44 05 22 52 00 48 4A 14 43 56 93 4A A0 65 49 A1 64 AE 71 
[   17920] ch50 r0 a3: CB A2 AB 00 EF 6B 3B 50 CE AD D4 BB 2E 3B DD E5 56 EE B5 AA AD E9 EC BD DF 5D 35 4A 9E E6 6B 5A 
[   17986] ch50 r0 a3: 29 50 89 4A 8A 0C 60 28 42 02 54 04 18 80 54 0A 50 20 26 54 20 05 01 64 A0 52 4A 20 78 4B 34 A8 
[   17988] ch50 r0 a3: B5 51 65 22 AA 54 52 96 AB 25 5D 6E 12 A2 8B 4B 56 A9 C9 B2 A2 4C 51 15 4B 24 AA 99 0A 54 55 89 
[   18004] ch50 r0 a3: 00 92 91 51 20 14 A5 9A 74 AC AA AA 5A 12 AD 50 B4 2A 56 4C F6 C1 20 BC A5 4D 56 58 45 AD 55 6A 
[   18005] ch50 r0 a3: 53 16 B5 92 94 11 6A 91 82 4D 34 A3 94 54 16 52 8B 2C 94 43 45 45 6D 72 1A 84 88 95 57 68 14 6E 
[   18013] ch50 r0 a3: 54 96 92 B0 62 B1 25 40 B3 22 55 65 A8 AC AA A6 BD 17 72 FA 55 AD 43 5B D7 52 6B D6 BE CA 59 4A 
[   18148] ch50 r0 a3: 48 28 A8 04 9A 8D 12 9A A9 5A 47 12 A8 A8 D2 97 EB 37 A5 57 55 24 A9 68 50 51 10 56 0A 53 54 D2 
[   18185] ch50 r0 a3: 02 54 0A 10 2C 11 80 40 20 0A 2A 09 00 84 15 12 80 92 21 60 12 0A 92 4D 99 57 2B 5A D5 6E 73 5B 
[   18221] ch50 r0 a3: A4 47 54 8A CA 41 95 74 93 24 2D D4 A8 8E 73 AA 9A 14 25 01 22 B5 28 9A CB F9 59 69 AD A4 54 AC 
[   18243] ch50 r0 a3: 84 40 53 4D 88 04 34 92 40 18 48 0A EA 52 20 50 24 54 16 2B 51 01 A1 54 AA 18 91 0B 26 24 92 44 
[   18295] ch50 r0 a3: 49 44 84 05 45 32 08 13 02 89 B6 AA 2E 15 23 55 22 D1 44 95 74 29 46 6A AA 98 B9 6B 55 24 AB 45 
[   18308] ch50 r0 a3: 4D 2A CA A8 8C D2 A8 CA 7B 5B AB 33 DC 81 4A DE 84 54 55 09 6A 92 15 BB 5A D5 26 5D 47 92 D4 D9 
[   18316] ch50 r0 a3: 25 0B 51 14 86 60 85 81 8A 83 35 A8 EC 8B 25 92 49 0A 23 0B 1A BE 80 25 86 8F 59 44 88 01 14 DA 
[   18350] ch50 r0 a3: 08 AB A8 DB DA DA 32 AE ED 9D 50 85 69 9A 93 5B 6A D4 2E 32 DA 93 AF 7A 77 D6 B7 CD 55 D9 39 65 
[   18368] ch50 r0 a3: 25 54 62 92 80 92 AC 96 19 71 31 52 E9 2A A9 14 98 A6 49 4A 80 6B 4C 44 E9 2A 09 C8 95 2A A9 51 
[   18417] ch50 r0 a3: 26 1D 25 1B 0E C1 12 92 88 21 32 D3 BA 92 D2 55 B4 9E 1C E5 12 42 48 09 54 11 29 A5 68 51 50 A3 
[   18418] ch50 r0 a3: 11 20 04 41 A5 03 0A AD 3A 98 11 29 7B 75 61 4A EB 6D 26 D2 AA DD 6E AD D7 AA BB 29 CB 6D 55 56 
[   18513] ch50 r0 a3: D1 58 2E 9A 96 7A AA E9 CA 36 AD 45 19 59 D3 34 A6 97 EF 4D 6D 5D CB 36 A5 6D B9 55 FE 54 88 2B 
[   18515] ch50 r0 a3: B6 CA 65 4A 94 82 A1 54 2B 45 F6 96 B2 51 AB 6A D7 FD 7F FF FF FF FF FF F7 1E DB DA 6B 76 57 BA 
[   18579] ch50 r0 a3: 19 42 AA 9A 41 3B A8 1D A5 94 AA AF 54 AB 8A 29 AB 2C 39 95 44 D2 45 68 92 94 74 44 94 53 AA B5 
[   18608] ch50 r0 a3: 05 D3 5D 25 51 75 15 59 49 5B 4A 2A 2D A8 45 0D 6A 49 A2 09 28 05 51 28 17 44 28 D4 15 52 5A E6 
[   18611] ch50 r0 a3: 57 E9 7B 6A D3 1C 41 2D 4D 15 3C 69 45 B1 AB B7 08 A4 EB 33 CB 21 A6 AA B8 88 ED 37 19 14 2B A6 
[   18724] ch50 r0 a3: 82 05 84 29 04 D1 2B A8 51 5A D9 1A D4 0C 35 95 04 A4 AB 42 D5 12 D2 92 90 91 00 28 10 A0 23 2E 
[   18731] ch50 r0 a3: 4B 17 A1 30 2C 06 94 C0 54 84 48 85 12 26 95 20 34 BC 15 42 CB 02 B2 52 A6 01 25 24 A9 17 22 A8 
[   18875] ch50 r0 a3: AE 58 2A 05 DA AB 4A 6B 3D 5E AB 55 AD 52 4B EA 33 1B 9E BC 9A AD 59 6A AE DA DC 6C BD 54 B5 2A 
[   18885] ch50 r0 a3: 54 2A 92 80 8A 00 5A A8 82 89 CA A7 09 76 98 A8 88 D0 42 06 E3 46 94 ED 76 D6 55 76 AA 8B 57 5E 
[   18903] ch50 r0 a3: AA 4A 14 21 25 65 50 B2 32 81 54 52 2B 2C A8 16 95 13 28 62 41 21 A9 00 ED 6D CB E6 DB 99 49 26 
[   18922] ch50 r0 a3: 44 80 96 C0 45 08 50 28 E3 50 C9 29 52 03 4A 24 08 94 D5 80 B1 05 59 4A BC 0A 08 01 20 A8 CA 28 
[   18939] ch50 r0 a3: 94 82 C8 80 8A 52 01 00 D0 96 9A 28 A2 42 04 52 42 DE A5 33 57 ED 6C 8A AA A5 5C 59 24 D6 2D 95 
[   18947] ch50 r0 a3: DB 29 36 D3 8C 09 0B 45 11 A5 11 4D 6D 6A 56 90 66 C8 89 BA B8 AA 51 B4 CA 34 89 10 29 2A 68 E6 
[   18955] ch50 r0 a3: C1 12 32 82 A5 00 0A 48 48 52 B5 48 64 92 42 14 01 28 96 10 05 24 94 00 14 88 A4 31 08 81 02 00 
[   18991] ch50 r0 a3: 6B 12 12 B4 D5 55 D5 13 99 6D 1B 56 5C CA 4A A1 65 D6 4A 24 82 B6 A4 05 29 55 85 A5 B2 83 23 5D 
[   19016] ch50 r0 a3: 5A D5 52 B6 55 74 F2 8E 57 9D D5 D3 DF 25 97 D1 97 6B 7B 7D 2D 44 B7 77 36 4D ED CE D5 E7 E6 BD 
[   19018] ch50 r0 a3: 18 6A A5 68 B3 B2 B4 98 D5 54 D5 AB 2D 9B B6 AD 12 B4 51 EB AC 16 85 31 56 54 38 A0 95 B4 C5 D6 
[   19056] ch50 r0 a3: 00 00 00 00 08 20 10 88 08 42 00 44 04 54 85 42 48 BA 2A D2 90 20 28 65 56 57 94 21 47 24 54 4B 
[   19059] ch50 r0 a3: 94 6C F8 B5 2C 95 37 4C C9 D9 5B 4A AA 26 55 AD 3A 3A AA 28 A2 9D 95 4D 13 AA AA 69 55 6C 8A 71 
[   19097] ch50 r0 a3: 59 8C 28 A8 92 64 4A 9B 63 2A C4 D2 B3 19 F2 35 27 64 DD 14 89 1F 03 AA BA 95 2A E5 D5 AA 9B EB 
[   19127] ch50 r0 a3: 4A A9 10 AA AE B2 B0 53 34 CA 82 A9 68 32 B1 2A 89 4A 24 22 B9 0A 85 4A A0 A9 E9 90 85 54 AA AD 
[   19138] ch50 r0 a3: AE CF 13 E6 5A EC 56 B6 EF E9 8D D7 74 D7 3B ED B6 AD AA 47 90 E2 1A E8 39 55 2B 51 10 A5 AA 64 
[   19186] ch50 r0 a3: 00 06 04 10 00 81 21 48 00 C8 00 08 32 2A 02 22 86 42 01 2D 60 02 CB B1 5A A2 93 2A 56 6B 51 44 
[   19239] ch50 r0 a3: 17 29 B2 AA FB 54 CD 74 0A 16 BB 27 78 C4 B0 E9 69 44 D5 44 A9 A6 41 E6 8A D3 94 AF 5A A2 6F 29 
[   19242] ch50 r0 a3: D2 4B 34 91 60 65 2A AA 11 01 10 A3 5F 20 1E F5 DE D5 F7 9D DF EB 7E 76 ED 5D AA E5 5A DF 4A 8D 
[   19243] ch50 r0 a3: C2 6A 98 99 60 6D AA A1 02 08 84 00 08 20 54 DB 7E AA 91 41 54 56 80 CA A4 9A 94 52 85 0D 58 89 
[   19243] ch50 r0 a3: BA D7 69 7D 91 BB 26 32 CA 9B 54 A5 9A 9E 55 14 03 FF EF 2D E7 5F D2 54 AD 2D 16 81 B1 58 83 54 
[   19321] ch50 r0 a3: 4E B2 82 92 95 52 A0 A4 A5 49 31 12 4A 88 55 2A A9 50 92 94 5A 9B 2F 61 51 24 C1 46 A5 F5 2E AA 
[   19324] ch50 r0 a3: AB 54 A3 85 AB 28 56 C5 54 35 75 D2 69 4E B6 F5 56 EA 55 46 BC DA B3 35 A9 4D C5 24 AD ED 1D 26 
[   19333] ch50 r0 a3: A0 11 01 20 45 94 AA 08 45 62 54 95 30 58 90 52 4A 84 75 53 28 14 8A 02 50 8A A0 42 A4 20 40 D0 
[   19344] ch50 r0 a3: 69 88 80 15 00 19 40 58 22 41 16 12 08 B2 04 C1 22 04 82 26 41 14 01 10 10 00 01 12 28 07 12 9A 
[   19561] ch50 r0 a3: 92 DA 25 4A 52 6B 51 49 62 4C 15 34 0A B5 55 A5 61 51 25 C6 2C A5 25 49 54 88 8A 46 05 24 01 40 
[   19601] ch50 r0 a3: 44 AA 55 5C 89 94 95 15 2A 0B 1A 60 4A 98 BA 25 0A B5 5A EE AF B5 A7 1E AC AA 46 50 B4 AA 5B A1 
[   19615] ch50 r0 a3: 2C 52 84 D4 88 AA 48 86 2A 20 B0 8A 08 49 15 00 A6 29 25 0A 92 28 43 10 54 0A 12 90 A0 25 54 29 
[   19679] ch50 r0 a3: A4 AA 4C C9 55 AB 57 6A 25 A5 D4 B6 AF 65 6D 57 B3 33 86 A5 4A CD 57 74 D7 54 AA 8A D6 AF 95 52 
[   19691] ch50 r0 a3: 84 A0 12 50 24 61 AA AA C2 CC B5 09 2C 48 9D 46 75 9E D7 6B A2 5B 4A B4 A4 5D 2D B6 96 8A F6 AB 
[   19696] ch50 r0 a3: 31 A1 08 A2 48 0A 0A 22 E2 6F 09 42 A4 D1 69 09 24 3D 41 98 84 A8 20 21 54 68 56 CD 59 48 05 4A 
[   19725] ch50 r0 a3: 55 55 54 2A AB AD F5 DD C6 05 D4 4A 97 4A D5 54 AE 4A CB A9 42 C2 75 7B 6A AA B5 5A 4A 12 F4 B5 
[   19798] ch50 r0 a3: 4A 65 28 11 02 89 4A 4A 43 1B 5A A5 89 54 E4 28 A9 20 40 05 12 29 D6 A8 CA B5 55 54 F0 42 72 51 
[   19799] ch50 r0 a3: 95 4A 9B CD 3D 5A 97 4C D7 4A AC B4 2D 6A 8D 17 A9 9A AC 4E C7 B0 2D B6 AA 55 5D 63 5A EF 59 D2 
[   19813] ch50 r0 a3: 95 18 20 4A D4 15 42 85 4A 6A 4A 64 52 A0 99 94 28 65 42 2B 24 45 08 29 A3 19 12 4C 95 60 71 32 
[   19828] ch50 r0 a3: A0 AA 45 C0 88 48 82 00 D6 97 53 A9 2D 65 51 42 B9 04 05 09 49 14 1B 54 94 4A 75 29 00 2D 32 45 
[   19832] ch50 r0 a3: 29 15 14 A2 82 A3 2A 52 14 A4 56 A8 DF 21 22 AB 5B 35 2C 92 6A 91 56 6A 4D 55 52 B4 6B 28 8F 69 
[   19855] ch50 r0 a3: 6D 92 0A D1 2B 6E 18 44 A3 62 5B 3B 42 9D E5 50 1B 2A 42 E7 78 65 B6 18 57 52 52 9E C0 AB 02 9B 
[   19872] ch50 r0 a3: 82 48 A4 14 92 93 51 29 04 01 43 43 4B B8 F5 68 B4 AA 5D 6D 7A AA A3 55 67 55 65 7A 9B 55 5D 4A 
[   19913] ch50 r0 a3: A9 12 A4 A2 0B B0 14 01 54 08 B0 89 10 8F A6 55 0A 4E 15 A2 CA 54 52 54 64 9A DA AE 03 12 A4 98 
[   19924] ch50 r0 a3: BA 34 04 A8 D5 69 5B A2 51 51 4A 55 55 90 98 D5 69 6A 24 91 41 44 AC 75 36 A5 50 94 A2 92 92 1A 
[   19972] ch50 r0 a3: 51 51 2A 53 02 42 2A 94 52 12 A9 63 54 2A A8 66 AF B6 B2 E4 79 F9 68 82 5B 56 CD 6A 56 D5 72 BD 
[   20099] ch50 r0 a3: B2 64 52 D5 09 28 A9 35 00 85 40 54 84 2A C6 49 42 59 05 55 6A 92 41 E9 55 57 2A 57 09 46 AA AA 
[   20203] ch50 r0 a3: 92 86 29 85 56 45 15 55 49 53 46 6A 08 98 22 D0 48 94 AC 04 45 44 C6 4C CE 22 A6 AF 71 35 A6 39 
[   20216] ch50 r0 a3: 84 0C 20 40 54 08 01 67 56 95 AA 2E 35 AC C9 A0 65 4A 96 A1 D0 AA A5 60 A6 A5 E4 B5 D6 8B 2C CA 
[   20229] ch50 r0 a3: C5 9A 85 75 4D 29 D4 97 A9 94 FA C4 A0 95 00 AD 5F FD B5 A9 32 D6 B5 55 56 BF DB F6 D5 B4 B7 96 
[   20237] ch50 r0 a3: 8B 44 A0 15 08 D2 91 95 85 11 22 28 1A 89 09 49 25 63 59 EA A5 66 A6 8D 42 3E 4D 59 41 27 55 4E 
[   20247] ch50 r0 a3: 45 A8 A2 B2 72 62 CE AA 94 C2 85 25 A9 15 2A 9C 8A 4B 74 72 4B 62 85 AD 4B A9 75 B6 3A A2 AA 6D 
[   20255] ch50 r0 a3: D0 CA A4 E2 B2 64 28 D2 82 09 B0 A8 B4 12 E6 61 EA F3 54 D5 59 32 8D 26 B3 85 AD 03 5A 96 04 16 
[   20259] ch50 r0 a3: A3 9A 99 4A 44 AC A4 69 46 A8 69 B5 82 0A 53 69 2A 54 A1 2C AA 09 53 6B 55 52 95 FA 05 A3 CD 55 
[   20271] ch50 r0 a3: B3 72 92 6D 68 90 8A C9 25 0A 94 35 53 11 0D B2 BA 75 25 F4 95 92 D3 02 B9 6A 0A 29 A3 D8 AD 10 
[   20287] ch50 r0 a3: AB 86 2D 81 B7 BD CD D5 53 19 0A 52 A2 A9 13 25 4C 02 A9 B8 92 89 A0 D7 4A B9 22 0E A4 C2 AA 84 
[   20288] ch50 r0 a3: A6 4A 93 45 12 D2 51 45 6A 4C 05 A8 AA 91 A8 4D 23 51 AD 34 58 82 A8 A5 4B CA A1 72 89 92 92 8A 
[   20396] ch50 r0 a3: 94 46 15 C9 49 56 59 4A 50 B2 42 85 2A 52 42 90 61 4C 88 A0 5A 90 1A B8 E2 56 A4 0B 51 11 65 DB 
[   20454] ch50 r0 a3: 39 49 55 09 10 22 44 A1 22 54 08 35 A8 21 52 A9 2A A6 54 8B 41 41 C9 49 27 52 A3 55 6A AA 45 AB 
[   20516] ch50 r0 a3: 24 40 A0 8B 57 DA 6B 7B AA D7 6B D7 54 25 40 A6 95 CB 4F 5A EE AC 96 2F 5A AB 16 9C 2A ED 4B 6B 
[   20522] ch50 r0 a3: C9 29 AB AA A8 0A 2A DA 21 10 95 09 CF D6 56 BE DB A9 6E DA CB D5 6A 54 CF 4F 2A AA A5 D5 34 2D 
[   20539] ch50 r0 a3: D5 95 16 81 0B 29 15 6A EA 99 29 0B 1A 00 CA 92 95 80 4A 51 40 35 B2 A7 4D D9 15 84 C4 2A 6A 22 
[   20549] ch50 r0 a3: 99 55 BB 0B 4A 99 12 54 2A 2C 00 A4 D0 48 13 04 91 10 40 B6 52 29 51 4A 55 2A A9 4D 5B 62 B2 A2 
[   20551] ch50 r0 a3: 36 A8 A2 02 AF 1A 52 E1 08 CC 2D 88 D5 22 91 8A 95 A2 8A 12 A9 53 12 AB 26 25 20 12 00 95 0A D2 
[   20599] ch50 r0 a3: 10 55 42 95 59 52 E9 77 6A D9 6B 6B 35 54 52 A2 A4 B6 46 D0 D3 A2 55 2D 33 2A 94 4B 89 5A AA BD 
[   20601] ch50 r0 a3: 42 D4 B9 09 5A A8 05 D3 52 51 3B 96 24 49 FD B6 AD 55 3D CE 6D A7 A6 B9 57 F6 B7 7F FC CB 9C 76 
[   20636] ch50 r0 a3: 2D 55 80 A9 16 91 01 55 A2 50 A9 92 94 95 0C 4A 28 AA 86 DE EA BA 72 B4 E2 9A AB FB 6E 8D CD A6 
[   20666] ch50 r0 a3: D6 DA A8 B0 AB 77 6A C3 75 6F 37 6D 2F 49 3D 75 53 2A 68 AB 9B 54 97 AF 05 77 5E C5 15 7C A9 5E 
[   20691] ch50 r0 a3: B6 D3 35 2B D5 6E DB B3 5A 9A 95 5D 2B A4 B4 DC DB F2 8A 75 52 A4 D6 B2 AD 45 73 74 C9 56 99 55 
[   20692] ch50 r0 a3: 51 6B 55 AE AA 56 4A 14 5A 24 94 CB 54 A4 49 A9 35 5A D6 95 28 75 41 99 4B 52 AD 44 4C E8 09 2A 
[   20702] ch50 r0 a3: AB 45 52 41 DA 10 C2 B2 42 2C A8 C9 48 54 31 34 C5 A5 42 98 AB 69 00 91 29 A9 25 65 15 D0 53 56 
[   20714] ch50 r0 a3: 34 08 4A 4A 84 EA 44 9A A9 A4 56 48 5E F5 56 B6 B2 F7 4B A9 59 2A 52 3A 52 24 1D 56 A8 8B 35 1A 
[   20761] ch50 r0 a3: 21 02 C1 E4 81 D1 4A 81 D0 A9 D2 22 21 55 6D E8 BB 21 2F 4C AA AD 6D 45 AB 52 54 68 AA FA 8B 4A 
[   20788] ch50 r0 a3: 85 02 4C E9 02 B6 4D AA AA D4 80 98 11 8C 05 E8 82 57 23 80 F5 09 24 0B 45 36 F0 A1 DE DB A4 21 
[   20797] ch50 r0 a3: 82 1C 43 55 0A 50 45 F5 3D B6 AD 55 74 E5 6B 5D 1B 6B AA A8 B6 EA CA 51 B3 DD 55 55 A9 EA DD 5A 
[   20801] ch50 r0 a3: 12 00 40 8A 44 81 14 B6 94 45 52 B2 CB 52 32 C6 8A 8D CB 69 B7 B4 B5 70 C2 2A B6 22 28 45 29 2A 
[   20814] ch50 r0 a3: B7 F7 6D EC A9 15 6A B2 53 67 5E B6 9C A5 A5 C9 55 92 20 B0 F4 B5 35 B4 EE AF 3B AB 55 40 05 45 
[   20907] ch50 r0 a3: D4 A9 54 2A 6B AB 54 55 49 AA A9 22 64 AC 18 8A 95 40 96 52 97 52 2A A8 2A 25 55 6B 05 AA 48 B6 
[   20915] ch50 r0 a3: AB 30 00 30 CA 42 96 95 62 D5 0C 92 A9 46 14 90 B2 20 05 12 4F CD 77 1D 51 AA AC CC 5B B3 30 D5 
[   20979] ch50 r0 a3: 2D 05 48 01 11 21 11 6D AC B4 93 56 B6 A5 C7 D5 E9 68 91 60 22 53 4A BE 85 0B C6 59 94 6A B2 48 
[   21062] ch50 r0 a3: 57 26 E5 A1 64 62 CA A8 53 11 C4 B6 55 69 A8 AA AD 95 42 D5 6A B6 5D 51 0F 8A AA B4 87 8E D7 AA 
[   21123] ch50 r0 a3: 8D A8 55 A6 29 14 55 10 5B 26 6A 12 08 4A B4 AA 4A 28 56 20 2A 69 53 71 54 D2 55 22 A5 AA 59 49 
[   21130] ch50 r0 a3: 14 0A 6A 15 32 A0 20 8D 65 CB A4 AF A1 CB 6D A5 25 76 ED 9C 75 55 FA D5 AD D4 8A A5 72 B2 E3 F5 
[   21131] ch50 r0 a3: 68 C6 AD 26 8A AC D5 2C 97 A9 52 B6 BB 52 22 8A A1 94 94 8A 12 8A 12 09 24 52 A2 97 42 21 48 92 
[   21176] ch50 r0 a3: AE A1 A9 86 8A 1B 6A 55 41 52 A8 CE D9 53 57 A5 9A E5 B6 F6 EA BA 67 EA AB DA CE B7 CD D6 FC AD 
[   21190] ch50 r0 a3: 5D CA 90 BB 9A AA AA D2 14 D6 24 89 12 4C 92 94 AA E6 A9 2A 02 6A 30 54 07 52 49 AA 83 65 49 D0 
[   21226] ch50 r0 a3: 93 07 5B 26 6A A2 02 15 5D 28 C4 0D 0A A6 E2 96 85 42 D8 C4 4D 80 6B 55 46 42 F4 35 84 48 91 00 
[   21233] ch50 r0 a3: 8A 52 2B A3 2A A9 B2 0A A0 89 88 9B D6 4A 95 A0 55 5A D2 D3 65 56 DD 4D 45 4A 77 29 D2 25 31 69 
[   21245] ch50 r0 a3: 90 08 90 94 01 41 50 15 0D 36 82 7C 2A AA 40 DD DD DD 5F 73 F6 DB 56 56 D7 AB D7 FF 5F 57 AA BF 
[   21247] ch50 r0 a3: C5 65 2D 56 85 49 4B 5D CB 54 D4 84 88 68 4E 5D 61 5C 96 A5 1A A6 C9 59 D9 32 52 6E AE C5 BB A9 
[   21250] ch50 r0 a3: 54 A4 A5 45 A0 80 A0 12 88 2A A6 A1 54 8D 69 4F 5A AD 6B 75 35 75 9A AA A2 AA CD 50 45 4E 12 AE 
[   21306] ch50 r0 a3: 95 24 52 A9 4C B4 12 84 95 A1 2C 32 44 96 12 52 92 34 24 2A 86 22 42 0A 25 2D 6B 5A 95 A9 46 EA 
[   21319] ch50 r0 a3: 00 03 28 90 90 40 90 02 4A A4 90 BD 82 AB AA A4 AC C2 84 15 65 4B 58 D5 59 AA 75 89 0D 67 2A D2 
[   21320] ch50 r0 a3: C0 AB D5 47 55 44 B5 F2 B2 CA D5 F2 53 1D 85 54 D5 4F 14 AA 9A D4 32 B5 10 AA B1 97 E8 BD 6B 35 
[   21381] ch50 r0 a3: 61 A5 15 54 A6 AB 35 25 DA 2A DA 4B D0 DA 93 22 55 52 A6 6A F2 55 C2 CF 54 F5 2B 55 67 4D BB 65 
[   21419] ch50 r0 a3: D5 14 91 33 59 4A 4D 5D 41 47 19 10 89 00 AA A4 14 AD 12 95 61 40 40 8A A5 55 90 95 10 12 2A 82 
[   21424] ch50 r0 a3: 20 8A AA A8 94 28 56 2A A0 A8 0A D5 F4 EC 53 65 25 54 55 55 6D 6B 56 9D AD 26 A5 A5 4B 6B 6D 9A 
[   21437] ch50 r0 a3: 91 22 2A 52 55 A9 6B 24 A8 52 95 50 54 83 95 2C 51 19 12 50 90 23 4B 44 42 45 12 BA 88 98 A9 1A 
[   21446] ch50 r0 a3: D2 A6 4A 02 48 2A 10 29 09 44 52 44 85 46 B2 8A 46 80 C4 15 4A 10 A1 52 A1 52 44 55 0B 4A 90 AE 
[   21539] ch50 r0 a3: D4 D2 59 76 45 26 75 32 54 35 06 A1 59 15 41 31 D5 56 82 44 E4 96 B2 92 B0 4D 52 94 BA 95 1A DA 
[   21545] ch50 r0 a3: D4 A4 A0 A4 51 B8 8E 55 D2 9A A0 C4 D0 88 16 52 47 45 32 94 28 6A 57 5C A8 BB 35 D6 5B 6A D9 B7 
[   21610] ch50 r0 a3: 47 A2 2C A1 51 02 85 6A 48 6C 59 62 52 46 91 24 8A D4 18 90 10 92 A5 89 94 AA C1 55 6D 16 0A AB 
[   21760] ch50 r0 a3: 92 64 B5 22 04 10 A8 80 29 22 8A CB 59 56 05 54 57 94 92 AA A8 11 15 43 42 42 08 6A 51 2B 1A 81 
[   21768] ch50 r0 a3: D5 A9 54 D6 B9 B3 5A 62 8B AB 72 DD 8D 29 2A 37 55 6E 8A AB 52 A9 2D 4A B5 5A 2A 55 57 7E 52 EA 
[   21769] ch50 r0 a3: A8 AB 53 54 53 5A 4D 24 95 6D A4 B4 54 2D A5 DA BD 95 79 26 B5 3D 33 C2 75 AF 4D 6A BA AB F7 54 
[   21795] ch50 r0 a3: 84 49 6A 2A 4B A9 B7 DB AA D5 7F 42 9D 53 D7 2E 28 A9 43 5C C5 95 D5 4C 29 72 6D 4B 32 CA AB 57 
[   21874] ch50 r0 a3: B4 AA 95 2A B1 AD 56 FA B1 D6 93 49 FA B3 31 18 A9 51 59 97 35 68 EA 2D 0E DA BB 7E 23 EA DE 2B 
[   21903] ch50 r0 a3: 19 8A 8B D6 C9 19 41 55 51 2F 4D 56 B2 18 45 16 48 C6 1D 34 09 55 54 8D 44 25 15 0A 45 52 5A 22 
[   21930] ch50 r0 a3: B6 BE D6 5D E9 9B 5A EE BE FD 7B 7E A9 6B B6 97 D7 5D 25 5F 6D 7E ED B5 52 BB 6F 59 75 AA AA F1 
[   21997] ch50 r0 a3: 2B 6B 16 53 51 4D AA 4B 88 A8 59 60 95 ED 2E 4C 09 08 A0 96 84 5D 08 55 55 22 2A 95 D1 2A 9A B0 
[   22028] ch50 r0 a3: 0B 4C 18 AA C8 55 D5 5A 4A 2B 4C A4 52 24 44 94 32 CB B4 0D 05 F5 F7 55 BD 4D 55 B7 55 B9 8F 6B 
[   22040] ch50 r0 a3: CA AA 4A 51 44 45 54 D3 6A D5 2A 91 02 22 CA 5B 8D 28 A9 A6 A5 41 A2 8A 5A 5D 34 EB 0A 59 2D 94 
[   22111] ch50 r0 a3: 89 4A A5 08 42 34 95 55 69 28 4D 45 5A 86 96 46 29 9E 41 49 55 B0 A4 90 68 9D 52 42 03 32 35 61 
[   22147] ch50 r0 a3: 8A 89 92 40 A9 30 24 08 24 14 C8 00 50 10 24 94 4C 51 23 0A 0A 09 84 99 24 05 42 A0 08 16 02 05 
[   22172] ch50 r0 a3: 18 D2 C5 52 32 A3 25 16 B6 AA AF DE AF CF D5 75 D6 AF FB 75 6F A7 BB AF EB EA 99 7D 6F FF 9F B7 
[   22203] ch50 r0 a3: 32 92 23 D0 91 BB 92 2A A5 48 42 AA 58 AA 08 56 53 D1 2C 45 96 AB 68 5B 6A D5 55 6A DD 8A CE 82 
[   22204] ch50 r0 a3: D2 52 52 60 8B 6A AB 5F 24 0A AB 5E AA 15 47 6A 6D 67 CD 6E DB 6F BC B7 6D 76 9A D6 BA EE F6 BA 
[   22239] ch50 r0 a3: C9 82 52 C2 44 42 AA 9B 97 56 E4 71 AA B9 5A A0 28 EC C8 C9 88 C4 8D 34 00 4A 42 58 92 25 00 B2 
[   22265] ch50 r0 a3: 72 BD 52 B3 64 56 95 56 AC B4 B4 4A 2D 2C 3D 5B 46 2A 97 29 ED 66 EE 36 DB FD 35 57 4B 55 53 74 
[   22279] ch50 r0 a3: 00 11 08 C5 54 C0 08 A5 4B 36 0C 95 50 60 B6 85 D5 2B 8C AE 9A 2B BA A6 1D C5 86 14 5D 41 0A FB 
[   22286] ch50 r0 a3: 2E 92 66 89 49 55 AF AF B6 F4 E6 A9 6B C8 90 15 29 52 09 62 95 95 25 4C 91 4A 85 6C 71 34 92 B5 
[   22299] ch50 r0 a3: 58 A0 42 23 A9 43 48 21 24 A1 45 55 E6 52 B4 94 63 7A A6 49 4F 64 94 D1 34 E4 A6 8A B4 A0 31 AE 
[   22317] ch50 r0 a3: 40 05 4A 95 25 16 6A 4B A0 94 94 A1 32 A2 30 90 B5 2A 92 D1 53 34 B6 32 91 52 4A A5 15 68 BA 22 
[   22353] ch50 r0 a3: 54 E1 1D 96 38 84 99 B5 92 7A A5 53 83 11 B6 6D EA 94 B5 6A 34 D2 59 A5 3B 4B 35 A9 14 45 34 89 
[   22382] ch50 r0 a3: B4 A3 25 6B 53 6A F7 7B A4 B4 AC 95 D3 52 B2 BA 88 4A 74 A5 48 A5 4A 56 D4 59 2B 55 54 A5 49 ED 
[   22392] ch50 r0 a3: 66 4D 42 91 AC AA 50 54 CA 47 3E 90 5E 4E 96 9A 81 94 A5 91 0B 0E D5 71 AA 55 E7 54 A7 F7 2C 2A 
[   22431] ch50 r0 a3: 28 12 19 51 12 C2 00 A8 54 A1 04 6D 85 02 54 4B 4A 8C A9 12 81 44 63 55 1A 55 08 45 49 52 54 96 
[   22439] ch50 r0 a3: AA AA 6C A0 AA 99 41 55 94 B5 85 85 7A 8E A6 AA 0A 46 4D 6B 44 45 25 55 89 28 14 71 23 32 84 24 
[   22493] ch50 r0 a3: 44 80 91 4B 34 80 A9 22 92 94 14 62 55 29 18 53 11 34 A2 50 2D 82 1A 42 E8 54 AA 05 20 0F 30 99 
[   22541] ch50 r0 a3: 24 45 10 4A 01 50 25 2A 2D C8 DE DC B2 DC 56 DD 4A AC A5 52 AE D7 62 D5 D7 56 4C AB A5 55 3D BC 
[   22542] ch50 r0 a3: 04 62 95 62 04 4A 59 40 84 55 53 EA 45 AD 46 B4 97 16 81 4A CA DA A4 D8 90 85 14 D6 02 B9 96 F5 
[   22555] ch50 r0 a3: 55 D2 A3 45 6F 55 A8 D6 F6 EC EA A7 0E A9 9E 0A 05 AA 0E D5 B5 55 87 19 6B 6C CE 6B 6D E4 B5 50 
[   22588] ch50 r0 a3: C8 10 D1 05 15 AA 42 08 A9 05 BA 97 02 2B 5B 52 BA 96 52 9A 9D 59 5D 13 14 49 E2 D8 DC 10 AC C5 
[   22635] ch50 r0 a3: 4B 20 61 58 91 6D 21 A0 2A 14 8A E5 04 A3 CA 56 60 B6 42 D5 49 50 85 19 09 05 69 11 69 46 AA 94 
[   22672] ch50 r0 a3: A5 9A 92 5D 45 36 DB 55 A5 AD 4D A5 20 A4 8E 4A 96 95 36 A2 AA 9B 55 55 56 B8 6B 65 AB 63 56 42 
[   22681] ch50 r0 a3: 19 90 88 D2 52 41 AA 45 41 04 55 75 12 A2 A6 04 AA 90 8A 2A 30 40 95 20 42 06 21 20 50 00 2A 20 
[   22691] ch50 r0 a3: 14 49 52 5A 94 12 48 52 95 A2 52 B2 5A 48 50 D3 2C 90 B6 54 34 51 36 4A 28 9B 9C 14 B3 64 72 11 
[   22699] ch50 r0 a3: A4 D4 D2 9B A2 B9 D2 68 55 43 B6 FF 95 96 7A 5A F3 AE D5 59 2A D7 6C B7 AA 0B 4D 43 AD 20 96 85 
[   22709] ch50 r0 a3: 46 69 14 89 41 96 12 D1 9B 12 0A A8 C4 48 86 D5 58 96 45 10 2A 0A E1 4D 55 4D 2C D6 59 6D 6B 52 
[   22769] ch50 r0 a3: 5A 93 2D 57 5D 8B 15 48 54 AD 22 AB 34 94 AA D2 EA 14 99 66 AA 45 95 23 80 58 55 0D C9 12 8B 4D 
[   22772] ch50 r0 a3: 2F AA B2 DE E3 52 2A 96 AD 59 AA AA CA 04 DE 4D 55 AA 95 25 45 05 4A 21 65 12 C1 24 55 48 82 A0 
[   22774] ch50 r0 a3: B4 DA D5 55 AA 69 92 2A A2 AA 96 D7 28 CB 51 6B 55 15 54 AB 57 BD AF 52 52 CE 22 AE 84 52 10 A8 
[   22791] ch50 r0 a3: 94 29 58 AB E1 56 45 C8 89 22 0B 94 AD 56 B1 4D 52 B7 2A BE AB 72 D4 93 97 2A AB 57 45 AD 7C E9 
[   22816] ch50 r0 a3: 99 10 AB 52 92 A3 24 B2 8A 92 92 8A 55 21 55 16 41 2A 14 A2 60 05 49 22 D4 AB 0E AA 39 A4 A4 9B 
[   22840] ch50 r0 a3: 58 A8 08 97 65 14 51 51 50 A5 2A 9A 28 28 02 08 15 B0 55 22 01 05 27 AB 69 6E AE AE FB B5 CA EA 
[   22843] ch50 r0 a3: 5E AF 59 A0 CD 4D 91 4A BA 52 B2 61 09 A4 A2 BA 4B 56 E5 75 6C 8D 2C AF 56 55 A4 6A E5 2A A2 B5 
[   22862] ch50 r0 a3: 2A B4 A0 46 CA A5 2D E8 BE 8A 52 53 13 E4 17 49 52 B1 6D D6 4B 5E A1 15 3B 35 5B 0D 53 DB BA AB 
[   22922] ch50 r0 a3: 81 04 48 AA 24 14 B0 94 47 84 69 74 2A C2 96 AF B5 11 29 11 89 4A 6E 5B 7E E4 E6 AB 4A A6 BA 64 
[   22945] ch50 r0 a3: 11 21 48 88 05 A8 21 89 A2 14 EE A4 AA 92 A1 12 84 94 A2 A8 8B 33 04 28 29 46 A1 15 25 AA 49 40 
[   22946] ch50 r0 a3: 11 EA 82 55 49 2A 4B A2 A5 5D 02 14 12 52 91 DA 95 55 05 02 A1 09 5A D1 AF B6 36 44 12 2C E0 D9 
[   23003] ch50 r0 a3: 4A A6 89 5A D2 A8 49 F6 12 E8 9D 45 1A 96 BA A9 55 89 25 0C A4 55 C9 4A AD 4D 52 B2 2A D4 5C EA 
[   23040] ch50 r0 a3: 67 8B A9 CB 26 2A FA 57 D3 DC 0C AF A5 2B 4E 47 A9 82 85 03 74 9D 60 22 B3 BE 2E 57 BA 74 A2 62 
[   23052] ch50 r0 a3: A2 80 29 28 82 A6 D4 05 0A 01 22 54 24 02 92 B2 8A 52 28 A9 20 74 B9 AB 74 C5 6E 93 54 69 28 AC 
[   23065] ch50 r0 a3: A8 12 2A 24 0A 09 2C 94 60 21 54 4A 25 51 08 B4 53 51 4A 54 65 52 01 42 48 50 94 8A 0A 16 C6 40 
[   23066] ch50 r0 a3: 4A 40 A4 A0 50 95 23 28 A4 48 82 44 A8 0F 6B E9 73 B8 3C CE 6F AD 53 AD 5E FD DF 6D FF FB FD B3 
[   23139] ch50 r0 a3: 16 28 0A 94 1A 54 8A D3 2A 45 06 95 19 14 23 15 83 6C AC 92 FE ED E9 AD FB B5 9D 6D EA 82 D7 23 
[   23176] ch50 r0 a3: D2 B5 42 4C 68 D9 D6 0D 55 B1 21 9D 43 53 CB 28 9D 58 53 53 A4 A5 A5 4A CC BB 33 15 01 6A 6A A9 
[   23192] ch50 r0 a3: 29 BD 28 90 A8 00 09 2C 10 14 AA 29 0A 60 90 98 9A CD 2B 44 14 C2 51 5A CA 8C 99 AD 46 3B 52 9A 
[   23213] ch50 r0 a3: A2 D4 DB B6 A5 A9 7E C5 6A AC AD 6D 25 EA A2 9B 55 2C 64 CD 52 AE 4A 54 18 D7 86 ED 6A B5 6B 8A 
[   23227] ch50 r0 a3: 60 6A 49 C8 65 52 96 51 29 54 52 48 D5 89 A8 82 68 98 A4 50 2C 82 52 15 52 0C 93 61 61 22 91 A4 
[   23268] ch50 r0 a3: 82 AC AA 68 22 4C 48 29 50 B4 22 A2 90 12 A5 14 54 28 14 89 48 4C A8 01 08 91 24 92 89 11 10 81 
[   23285] ch50 r0 a3: AE 54 33 D2 51 DA 95 75 28 94 7D 0C 92 CB 02 22 2E B4 0D 44 EF 24 32 57 89 6A C6 7B 42 2F 84 11 
[   23297] ch50 r0 a3: 48 86 51 6A 94 AD 55 56 57 3A AA AD 6A A9 2E B5 D5 E1 6D 45 F7 7E CD 2D DD CA D9 A9 ED F6 AB E4 
[   23314] ch50 r0 a3: 00 02 08 90 80 04 81 B4 8D 0D 2C 51 4A 4C 49 45 55 44 D8 10 21 95 49 40 00 01 92 24 A1 2A 90 A0 
[   23329] ch50 r0 a3: 40 11 44 09 22 20 82 08 20 15 08 00 80 80 14 35 54 C9 58 0A A0 AE D4 44 0C DA 8E D4 D2 AA A2 A6 
[   23348] ch50 r0 a3: A9 56 0A 12 AA 4C 23 5A 74 15 20 92 C2 D0 A4 2C 74 96 55 EA 54 4E A9 50 9A D5 29 B2 54 AD 45 A4 
[   23372] ch50 r0 a3: 92 2A D3 94 5A 54 DE 49 4D 56 56 A1 51 5E A2 51 46 28 48 50 41 9A A4 60 69 56 C4 4C 51 5A F6 95 
[   23372] ch50 r0 a3: 5A 01 A1 12 AC A2 1A AD 35 A3 34 42 71 AA 6A 55 2A 27 28 85 C8 11 22 84 40 00 85 08 12 A2 08 90 
[   23404] ch50 r0 a3: 95 57 24 28 64 94 5A AA 56 AA 85 45 15 F3 04 72 B1 4A 4D 05 24 AA 33 25 2D 84 B5 2A 16 AA D5 C6 
[   23427] ch50 r0 a3: 02 40 01 09 AA A8 38 45 15 41 6C D2 91 C2 42 A5 51 54 64 6A 95 23 09 B2 24 E2 04 84 93 56 AC 97 
[   23466] ch50 r0 a3: 0A 90 0A A8 0A 8D 12 A2 70 6B 18 20 A8 92 F4 B3 14 24 15 AC DA 9B 5D 55 6F 33 66 B7 AD 62 A5 7B 
[   23579] ch50 r0 a3: A8 95 B3 4D 24 B5 47 56 90 DA A2 AD 08 96 55 2D 93 46 B6 F2 90 D5 55 7D 63 24 34 35 DD A8 A1 6A 
[   23597] ch50 r0 a3: 00 2B 2B 29 49 4A 95 24 0A B2 46 22 61 0D AC DA 94 22 D0 12 B2 D1 BA A6 45 24 D6 4B 09 9B 6A 08 
[   23683] ch50 r0 a3: B4 15 6A AA 54 1F 78 62 45 AA CA A6 AD 51 68 B3 8C 62 94 2C B4 A2 E9 50 AD A9 52 AD 0A DA CA B4 
[   23688] ch50 r0 a3: BD AA A8 AD 50 A2 AB 6D 35 0A 63 55 4A D0 AB AE 96 68 A5 59 24 A7 35 2A EA 1A BA F5 DA D5 AB 57 
[   23693] ch50 r0 a3: 48 85 36 E2 15 12 AA 22 96 7A 4A A5 15 48 20 0A 5A C5 42 EA 90 81 91 11 53 30 4A D5 99 10 92 CB 
[   23695] ch50 r0 a3: F1 05 44 2B C5 D1 29 36 24 49 14 C9 D2 A5 56 EA A6 A3 8D 31 20 04 2A 64 EA CA 1D 52 82 9C 6A D5 
[   23703] ch50 r0 a3: 95 A8 A5 2D B2 52 DA 6A BA A6 81 54 AD 96 5E C5 73 4C 2B 4C 62 70 B6 89 49 94 8A E4 9A AD 55 52 
[   23717] ch50 r0 a3: 46 D4 14 D4 42 AA 54 A4 98 55 66 52 2C 49 04 43 24 1A 48 AA 42 91 54 06 8A AA FB B3 AB AA 09 4B 
[   23747] ch50 r0 a3: 37 14 82 3C 34 55 A5 5F 09 A9 A9 AB AA 71 FE 21 43 D4 6A 41 2A FA 15 B5 7D 6B 91 51 AB BD 62 41 
[   23804] ch50 r0 a3: 94 58 AD 55 84 56 91 12 53 55 DA 4A B4 E6 5A AA D8 85 4C 41 A5 24 D3 0D 5C A7 CD 64 FD DE DA 59 
[   23848] ch50 r0 a3: 50 26 B3 0E 99 28 6C CF 2A A5 59 ED 4A A8 49 4A BC B5 A5 15 D5 5A 34 22 56 A3 3B 9B ED 29 66 A5 
[   23923] ch50 r0 a3: 2B 3F CB F5 FB DB 6B DF B5 7D 5E AB D7 5F DB F5 AA EF B7 C5 AF 7F FB AA A7 1C BD 5D DC FB AF CA 
[   23925] ch50 r0 a3: 05 14 09 50 A5 A0 A4 83 41 48 A8 A5 30 80 4A 82 C4 50 97 A8 24 49 50 A2 06 A4 2A B4 81 52 92 25 
[   24011] ch50 r0 a3: 82 E4 95 50 B9 0D 2D 68 C9 B4 9C AC 54 94 42 8D 2B 68 8A 6A B2 D0 41 AA 56 E9 B5 22 1D 37 52 D6 
[   24039] ch50 r0 a3: 42 4A B0 28 A5 32 B0 12 6C 81 51 75 30 4B 22 62 42 D8 A1 20 4A 9E A4 55 8A 3A 84 16 45 40 8A 62 
[   24078] ch50 r0 a3: CA 14 AA 1A 51 28 35 45 4D 6D 9A A5 29 0A 23 47 25 52 95 AA 25 71 69 7A 52 4D 15 17 51 56 92 96 
[   24111] ch50 r0 a3: 82 D1 55 30 83 1A 25 A5 02 10 D4 2D 42 A4 AA A4 0B 40 21 40 A0 35 4A 14 C6 2C 45 AE C5 50 A2 82 
[   24124] ch50 r0 a3: 94 A0 D2 2C 40 D2 2A 85 42 B5 4A 55 24 E9 B6 AC 85 8A 2C 15 02 C9 B0 90 AA AB 5D A9 3F 55 AB F5 
[   24136] ch50 r0 a3: A1 2B 45 35 31 D0 05 EA 6B 29 6A 2A AA 56 5A 2C 54 16 AB D7 24 AA 8D 4A AA 45 0A 42 B4 94 56 69 
[   24199] ch50 r0 a3: 4E 98 A0 28 55 36 A2 96 A1 16 5A B0 B9 54 55 04 82 4B AE 2A 6C CA 92 41 24 8D 00 09 50 97 45 5B 
[   24206] ch50 r0 a3: 51 86 54 A8 D8 29 A2 DE 40 A6 D4 85 45 18 55 23 42 51 42 69 0A 4A 34 B8 17 52 A1 23 49 41 4A CC 
[   24248] ch50 r0 a3: 57 85 35 6A A2 8A 43 55 DD 96 AD 76 EE 96 D5 78 D6 15 26 AA B0 E6 C9 56 4D 71 95 39 B5 5A D5 6E 
[   24308] ch50 r0 a3: AA D0 84 46 A9 AA 90 98 16 7A AA BD 5A B6 B7 52 EB EA CC F6 A4 95 DB EA E5 6D B6 EF 6F 3B 52 D2 
[   24373] ch50 r0 a3: A8 95 58 B1 64 D5 71 99 EA 73 56 A8 70 A6 AB 71 4A 2E 2A CA 51 04 B5 2A 22 C4 95 2B 95 21 AD 2A 
[   24399] ch50 r0 a3: 52 44 B8 55 91 72 01 14 85 50 D5 59 91 50 05 A4 95 55 45 52 49 51 4B 55 42 6A 88 D1 A2 52 E2 24 
[   24457] ch50 r0 a3: 38 40 8A 78 E1 4A 81 00 24 51 68 C5 2A C9 64 90 90 8A 1B 24 82 F2 4A 2C 0A 21 09 28 CA 22 9C B4 
[   24515] ch50 r0 a3: 22 AA 54 E4 44 C8 2A 25 49 AA D2 83 A8 AA 40 AA 91 43 4A 73 25 AA B3 65 B5 55 AD DD 3D 55 2B 58 
[   24531] ch50 r0 a3: 92 25 5D 91 CB 25 40 B3 42 54 4D 4A A8 96 02 FE B6 E5 BE D8 EB 5B 97 5E E5 5F AA FA 7A 3E FA F3 
[   24537] ch50 r0 a3: 45 51 41 A7 68 A8 C3 6E 01 35 36 A5 34 63 6B 46 52 D2 BC 52 DA 69 5A 99 14 2C 38 35 B9 84 65 95 
[   24545] ch50 r0 a3: AA B4 45 A4 24 43 82 92 85 4C 24 C9 62 92 D2 8A A4 9B 5A EB 69 D5 55 45 A9 0A A8 16 AA A5 6D 53 
[   24563] ch50 r0 a3: 40 23 5A 01 09 1C A9 90 B4 8A 8B 06 6B 0D 44 80 33 53 8C A9 A9 A1 55 C5 ED 18 6D 42 7B 4D CD 50 
[   24570] ch50 r0 a3: AA AA AA 92 D5 0A AA 65 2B D6 AD 5D BC 5D 2A DB 4F 2D EC E3 AA A7 5B 55 AC B3 FB EA F5 AA AE BA 
[   24582] ch50 r0 a3: 2D 55 2A 09 2D 30 AC A2 91 D3 68 CA B5 22 B2 6C 9C A5 13 01 AA D2 2A 49 48 E9 2D 42 22 17 46 74 
[   24625] ch50 r0 a3: B5 14 92 94 74 25 11 56 B4 A4 AD 0A AA 84 8A 32 A5 64 85 1C 1B 4D 53 56 4C 0A 57 42 45 1B 51 36 
[   24664] ch50 r0 a3: 1A 8A 94 64 26 85 50 2A 40 81 08 08 80 02 00 20 A5 45 4C 04 02 14 91 50 84 14 80 15 12 05 20 12 
[   24689] ch50 r0 a3: 95 2A 4A A4 44 29 69 C6 63 B1 A5 BF 3A A1 37 24 22 ED D6 52 76 CB C6 69 55 A6 83 AC 06 A2 50 F5 
[   24744] ch50 r0 a3: 55 55 12 91 11 73 68 28 8A 68 E9 20 46 C4 A5 24 90 88 B0 94 49 54 41 AA AA 90 DB 5A A8 84 41 10 
[   24768] ch50 r0 a3: 9E E9 04 08 AC 11 A3 53 B6 04 A8 23 92 D0 99 29 42 C4 B1 33 12 48 11 30 45 B0 65 A7 39 A1 56 D2 
[   24804] ch50 r0 a3: 94 8A 48 08 94 21 32 43 28 10 2B 55 44 9A 0A 82 68 01 12 55 53 52 2E DD 25 3A 22 AA 50 48 56 AA 
[   24811] ch50 r0 a3: 14 A5 55 68 50 B2 B5 30 8B 29 21 42 30 8A 98 D9 A8 94 A5 42 1B 8A 53 52 CB 2A 55 50 D4 25 75 45 
[   24835] ch50 r0 a3: 01 88 51 55 50 48 54 AA 94 42 2C 42 22 09 28 41 72 AB 96 BB 52 B6 D6 55 49 52 B5 59 25 50 8D 6B 
[   24849] ch50 r0 a3: 52 A4 2A 6A EB 2B 29 26 91 A1 66 A6 54 59 AC D5 16 52 52 8A 96 A5 75 50 5A 02 AA 8A 99 22 A7 28 
[   24902] ch50 r0 a3: 2C D3 4A 69 56 9A A9 30 82 2A B4 A9 69 54 18 EA 86 92 59 25 4B 89 52 40 4A 55 49 4A DA A5 24 57 
[   24910] ch50 r0 a3: 48 62 A2 65 CA 69 25 E6 3E 9A 52 53 1B E5 57 49 5A B5 6F D6 CD 5E A1 1D 5B B7 5A AA DA E8 E1 C6 
[   24916] ch50 r0 a3: 8A A9 D2 7B 5E 36 AE AA 54 54 DA E1 52 29 B5 4A A9 50 88 91 AD 4D 48 15 1A CA 98 AB A5 4C A5 55 
[   24942] ch50 r0 a3: D6 25 7E 95 2C D5 D7 4E 52 AC B9 75 B5 21 2A 73 42 AB B2 E8 94 EA 52 B9 9A AB A3 4C 05 B9 6A 29 
[   24961] ch50 r0 a3: C1 09 06 04 8F 4E 54 54 49 4C 08 51 A0 92 22 54 8B 21 54 4A 2A CA 82 B6 5E 02 0C D8 29 44 52 C9 
[   24974] ch50 r0 a3: A2 23 5B 40 E5 6C D4 AC EB 55 62 EA AB 50 CB 42 2A 94 4A 92 FD 73 59 DF 67 7A 6A 9D AC 90 88 90 
[   24991] ch50 r0 a3: 2E 8A 94 9A A6 96 D4 32 ED A5 51 51 4A 28 AD 56 A4 28 4A E6 AA 95 6D 49 16 AA AA 4C 91 5B 29 53 
[   25009] ch50 r0 a3: 89 21 9A 51 B4 94 80 3A BD AF 96 8B 55 9B EA FF 3B 15 A3 16 BB C9 DE BE 5A 5B 55 BC DA C5 ED A3 
[   25056] ch50 r0 a3: 40 24 28 82 81 28 45 22 72 B4 D6 40 B5 2A B5 7D 5A 00 00 00 40 00 22 00 50 A8 00 01 00 81 2E C6 
[   25062] ch50 r0 a3: 21 04 49 55 48 A4 AD AD 48 AE E6 AD D9 30 55 14 6D A2 8B AA 02 6C 10 20 00 4A A0 80 80 00 00 28 
[   25074] ch50 r0 a3: E5 5D 12 C5 00 47 69 4C 81 37 52 53 06 08 90 C5 1D 2E ED A3 73 B6 AC CD 13 5A 2C 88 DA 2A 53 DD 
[   25155] ch50 r0 a3: 4B CB 22 B5 35 9A A2 A4 84 50 90 85 2B 22 21 58 D0 84 CC A9 68 C2 92 28 42 70 00 D0 66 93 38 36 
[   25212] ch50 r0 a3: 68 AA 95 0C B3 77 88 52 DE F7 B5 B7 55 7B DA BA 9A 61 2E EE 42 52 AA AF 42 12 06 D4 82 57 4A A1 
[   25246] ch50 r0 a3: 88 A6 55 2A A4 54 C5 40 B5 14 2B 51 52 95 71 7C 55 75 45 DB B9 D6 55 53 2B E5 B5 35 B6 AA A4 AA 
[   25286] ch50 r0 a3: A5 45 51 A1 F5 64 D4 F6 A1 C6 54 79 AE 6D 57 3E CB A9 69 9A 54 B5 61 5B 2A 64 6D BE 49 50 B6 92 
[   25355] ch50 r0 a3: 88 0A 14 46 52 A2 45 65 24 44 A0 0B 54 08 4C 51 1D 4A 2A 2A 35 4A 34 A8 A5 45 28 4A 95 0B 21 24 
[   25363] ch50 r0 a3: A3 8A 61 29 63 4A 02 A1 11 22 68 21 2C 5A A4 D6 B5 71 6D 6B 58 E9 29 55 45 36 A6 AA 2D B1 D2 52 
[   25475] ch50 r0 a3: 84 02 81 04 10 18 01 52 8A C1 45 A2 15 A9 6E 31 B1 14 85 95 2A A6 74 91 48 C2 D9 50 AA B6 49 15 
[   25505] ch50 r0 a3: 15 55 49 34 29 2E A9 4A 68 89 48 96 15 4A A9 A9 55 6B A2 AD 59 24 95 06 67 6A BA 5B 52 A5 A5 9A 
[   25508] ch50 r0 a3: AA 5A AA 65 50 C6 82 22 E2 2D 29 40 69 59 5B 36 85 2A 1A B2 56 2A 52 64 4D 40 65 44 9B 48 44 35 
[   25608] ch50 r0 a3: A9 12 24 8A 58 55 52 59 56 35 4B 03 44 52 AD 44 54 A9 28 01 52 96 80 29 40 1A 15 1A 92 09 49 45 
[   25617] ch50 r0 a3: 49 52 56 C5 AA AC 08 AD B3 38 B5 B0 DA B1 A5 77 2B 0C D5 69 51 56 A9 EA B6 56 69 51 59 B5 26 D4 
[   25664] ch50 r0 a3: 01 56 6B 99 A6 45 49 A4 75 7E 91 32 61 6A 71 37 5D AA C6 D9 57 E9 9B A9 59 AD 67 77 B7 6E 55 5D 
[   25723] ch50 r0 a3: 84 44 A0 40 21 01 46 8C 12 65 11 5A 25 21 12 84 11 10 81 55 30 12 82 24 88 40 59 22 A3 54 69 4E 
[   25749] ch50 r0 a3: 2C 04 3E C6 89 18 33 25 31 A0 A0 A2 54 99 46 21 88 61 2C 8A 26 12 CA 22 A4 29 E1 96 52 22 61 46 
[   25810] ch50 r0 a3: 96 C0 AA 52 A9 4E D1 10 22 0A 48 56 88 D0 2A 14 D2 D2 A2 52 1C 2E 51 5B 28 D8 B3 22 E9 28 43 AD 
[   25881] ch50 r0 a3: AD 54 85 8A A8 AD AD 48 D5 4A 91 6E 4A A1 2D 56 96 95 BA AD 48 92 51 6B 50 5A 99 2A 5D 5A 27 4D 
[   25892] ch50 r0 a3: 29 2F 01 08 F6 74 2E C2 52 88 2A 5A 10 12 00 94 8A 42 D1 CF 2C 10 6A C2 EA 40 CB 4C 5A 42 8B A9 
[   25894] ch50 r0 a3: 14 26 AA 55 57 57 16 D8 30 C8 82 F2 2C BD 5A 55 55 2A C4 D5 5A AB 5E 92 AA 45 6A DF 93 CA 55 5D 
[   25895] ch50 r0 a3: DA 44 09 40 A2 54 10 69 12 09 4A 8A 50 C2 56 C1 14 9A D6 85 5C 4A 33 03 42 A5 92 40 88 8A AD 93 
[   25919] ch50 r0 a3: A8 96 83 6A 5A 55 54 AA 14 F7 9B 2A AA A9 75 9D A3 55 CB 2A 5A 34 15 04 A9 D8 54 63 54 A5 29 5A 
[   25980] ch50 r0 a3: 4B 6D 49 AD 96 90 2A 29 AA 95 AB 4B EA A4 52 64 6A A2 BE 6E 54 DB 3A 8E AA 15 57 75 8F F5 54 95 
[   25984] ch50 r0 a3: 29 29 08 12 50 91 24 41 44 08 59 0A A3 0A 63 46 95 52 A2 2A AA 22 88 04 12 8A 42 91 12 24 CD 28 
[   26010] ch50 r0 a3: 21 4C 28 09 16 1D 12 A0 5C BB 8B BF 4F F9 55 DB 7D 54 DB B6 96 DB 6F FA C5 E9 41 55 2B 26 BB 52 
[   26125] ch50 r0 a3: 92 12 D4 16 15 28 8A 91 52 4A 12 2C 45 6A 0B 24 18 A4 12 4A 62 69 55 4C 9A 11 09 50 81 A4 42 29 
[   26144] ch50 r0 a3: 36 AC CB 54 B4 27 88 17 B9 20 8D 56 BF EA D5 33 21 92 CA BB 2A 71 DA AA A3 BB EA E5 B2 BD 2B 37 
[   26174] ch50 r0 a3: 9A 95 35 55 16 A2 B9 0D 61 62 46 28 A9 8B 76 A8 C4 8A 4A 57 0B 58 26 1B 99 8C 2A D5 48 00 99 A8 
[   26240] ch50 r0 a3: C5 05 42 90 50 A5 54 46 80 85 29 64 C1 48 54 92 52 44 00 E4 AC 50 44 C4 D0 04 22 29 4A 95 0A AC 
[   26247] ch50 r0 a3: 2A AA 81 0D FD 7B 2E BD 3C 91 BA D6 D9 D5 75 55 57 AA AB 19 69 15 B2 55 B7 4A 2D 1D 6B 2D 6D 52 
[   26262] ch50 r0 a3: 02 05 CA 95 2A C5 5A 2A C5 51 55 6E AE C3 99 CA 82 36 35 15 AB 4A 95 40 02 02 24 A0 18 02 09 45 
[   26263] ch50 r0 a3: 4D 2A 8D A2 8A 13 A2 36 0B AF D7 7A EF 32 44 89 D7 EF EB A6 B5 5A DB F3 D2 94 F5 A1 6A DD D5 FB 
[   26273] ch50 r0 a3: 95 96 55 52 10 D4 68 C9 29 96 AA 57 5D 9A 9D 33 6B 5F A7 2A 88 BE D3 7D FE EF AB 75 B9 7D 45 58 
[   26289] ch50 r0 a3: A5 2A A9 52 49 29 A2 2A B4 5A 4D CB 34 E7 75 D5 AE 4B 6E FE BA AA 35 CC AE 68 60 A4 55 AA D9 35 
[   26303] ch50 r0 a3: 40 A0 C7 6A 36 0A BB 08 8E D4 6C AF 2D A1 55 51 54 D3 D5 EB 6C B2 A9 26 6B 29 DD 1E 5B 56 67 EB 
[   26315] ch50 r0 a3: 44 15 A2 A6 6D E5 96 48 11 36 0F E6 B4 3B ED 0F 69 04 6C 18 FE 1F 6C 19 AB 8E F2 AF 3D 93 AE A2 
[   26324] ch50 r0 a3: 56 C8 90 2D 65 B0 56 52 8A 74 44 50 50 A2 A1 9C CB 10 5A 54 95 17 BD 67 5E 95 38 DA AA 28 9A B5 
[   26383] ch50 r0 a3: C1 53 5A 56 48 C8 55 44 BA CA AB 55 2A 0C 04 A9 00 90 53 26 4A 42 69 6B 0D 2A 09 14 04 80 44 C6 
[   26453] ch50 r0 a3: 04 15 3E AD AA B9 0A 49 F6 EA 6B 32 9A A5 F7 2A CB B8 25 DB 5E 5B 55 EA 2D 57 53 32 2A 05 AA 89 
[   26466] ch50 r0 a3: A9 15 A5 09 12 84 28 A9 51 68 55 92 85 4D 20 51 01 B0 C9 45 41 37 67 ED CA D5 DA A4 75 2A 89 5A 
[   26466] ch50 r0 a3: A2 C4 DC 55 2B A4 E9 77 39 0A A1 4C 8B 19 20 29 22 C2 A8 2A 0A 32 44 02 86 15 14 22 A5 16 28 55 
[   26481] ch50 r0 a3: 25 AC 6D 90 AA 8A 4A 8A 22 25 14 25 54 AD 49 88 A6 49 0A 2D 25 75 49 75 2D 52 AC AA E4 A6 54 49 
[   26486] ch50 r0 a3: 8A 51 4A 28 A1 4B A5 09 29 55 6A AD 08 49 80 B4 A8 2A 88 2A 24 01 59 24 45 19 0A 04 0A 21 5A 02 
[   26541] ch50 r0 a3: 8C AD 29 45 04 2A AA 4E AD CB 26 D2 4B 48 14 F3 71 7A 47 AB AD 6E AD 9A B2 AE EE 52 AC A3 64 55 
[   26546] ch50 r0 a3: 52 AA 05 94 F3 65 92 D6 4B 64 0E 8A D1 A9 1D D3 4B 14 45 32 A1 53 6D 28 A8 8E A2 A7 E0 63 CA 4D 
[   26584] ch50 r0 a3: 88 A5 52 90 B5 06 21 AA 41 13 28 91 1A A1 08 5B 24 B5 28 92 BA 74 A6 92 AA A6 92 09 80 00 00 52 
[   26589] ch50 r0 a3: AC C6 8C 20 8B 29 AA 82 E9 75 29 4B 44 AA A6 CB 72 49 B7 8D 99 A3 35 D9 5B 5E 35 3A 95 5D 35 39 
[   26597] ch50 r0 a3: 84 16 55 2C A2 56 94 D2 6D 54 AA DA 0B 54 C5 D6 CA 5B 11 56 55 BF 1E 8A 51 25 68 FA A5 5A 95 A7 
[   26692] ch50 r0 a3: AC 12 92 56 8A D3 15 6A CA D1 AA EE CA AB 5C 92 59 52 B2 AF FA 98 92 98 EE 95 4B 56 78 A9 58 6A 
[   26745] ch50 r0 a3: 80 BD 04 A9 A8 4B 10 19 98 69 95 0D AC B5 B5 49 16 91 48 A8 2D 4A A4 90 B5 AE B8 89 29 5F A6 54 
[   26831] ch50 r0 a3: 2A 49 94 AA A5 45 4B 11 D5 8A 2D 43 25 82 90 05 14 D1 AB C8 41 48 13 AC E0 58 82 20 2A C8 51 29 
[   26835] ch50 r0 a3: E4 11 84 49 DE 2C D4 52 54 99 2D 15 14 B4 4A AA A8 A8 95 53 34 D5 53 2A 06 2D 6D A9 CE AC 44 94 
[   26844] ch50 r0 a3: 49 C4 95 48 95 59 88 81 49 46 A0 94 18 C4 62 B2 92 AB 69 55 22 22 D2 64 4D D1 0D B8 82 CA B7 25 
[   26908] ch50 r0 a3: 2B 4A 8A B4 5C 92 AE 6B B5 C5 E4 75 10 D5 04 CB 0A A6 42 A8 45 42 32 9D 14 08 29 46 CD 9A AC 69 
[   26916] ch50 r0 a3: 50 80 31 11 01 40 20 81 04 40 41 2A 89 06 90 92 A0 A4 52 02 44 1F 58 24 09 A8 1F 08 03 BD BB 77 
[   26919] ch50 r0 a3: 03 25 55 56 D8 67 A8 13 38 BA D3 5B 51 26 DA 9C 92 AA A1 9A B3 4E 06 46 1A 63 04 6B 52 04 14 75 
[   26938] ch50 r0 a3: 94 21 51 36 8A D7 55 5A A4 C7 4A 8A 52 5A 4A 2A A8 A5 69 5F 65 A5 48 A7 44 2A AF 6A A5 95 2C A9 
[   26940] ch50 r0 a3: 48 92 13 0A 41 4A 09 04 A2 A5 50 2C A4 60 6A 03 01 04 14 65 60 95 83 84 42 94 90 B6 50 0A 2A 90 
[   26947] ch50 r0 a3: 82 68 95 2C 11 29 2D 28 89 8A B9 6B 6B 6C B6 B4 B7 95 7C AA 6D 6A C5 6D CF BD 6C B6 EB 2A 6A 92 
[   26950] ch50 r0 a3: 55 A5 56 22 C8 BB 35 2A 5E D9 59 7A 11 A6 5A AC B2 EE 6D A5 F3 A9 54 BB A3 52 C5 2E A5 5D AB 59 
[   26961] ch50 r0 a3: 49 9E A9 00 52 AA 57 47 A8 C6 8F E1 AB 4B A4 D4 9A AF D7 22 F6 01 97 98 10 50 7B DA F6 96 85 A1 
[   27016] ch50 r0 a3: EA AA DB 2D 22 6A 89 2A 54 A5 45 A9 AB 58 19 5C A2 B9 6A F3 5B 52 B4 AE EA 84 93 43 65 46 26 E4 
[   27035] ch50 r0 a3: DC 15 52 AA 23 63 B5 A7 AB 76 B9 4B CA B8 E9 B5 4B F5 CE 64 CE BA 1E DE EF 80 13 B2 A0 CB F0 16 
[   27052] ch50 r0 a3: 4C 00 AB 52 42 B0 23 D2 92 0A 53 9F DD CF 6A 9D 60 81 13 81 B9 00 02 A5 A2 A5 66 04 12 D0 4A 90 
[   27098] ch50 r0 a3: 48 48 A2 D3 0A 05 6B 4C A0 42 AB 51 52 DB E2 D1 D4 2C CA 56 DA B2 65 99 11 55 3A A6 AB 6B BD A2 
[   27101] ch50 r0 a3: A4 92 54 D4 2D 16 10 AC 17 A8 55 AB B2 EF BB 5F 6F F5 DE C5 76 DA F2 77 7B 7D FF D5 6D DB FB EB 
[   27128] ch50 r0 a3: AC D5 74 A3 77 1C 15 54 6A 7E 9B 5A BA D8 32 17 4A D8 A0 AA BD 22 3A 89 4A B5 CA BA 94 45 25 47 
[   27130] ch50 r0 a3: 45 BA AD 14 84 C9 51 54 AA 95 A0 8D 4A AA D3 54 64 CA 92 00 6A CA 51 A2 8A 0D 66 89 64 AA 01 54 
[   27132] ch50 r0 a3: E5 F8 A1 54 C4 24 AD 4A AD 70 94 57 1A 52 A3 53 6A 54 89 15 2A AA 2A 29 2A 45 42 09 52 A0 B5 C8 
[   27137] ch50 r0 a3: 91 AC 8F 56 57 54 AB 71 AF 7B FA CD 52 C6 A7 FF 59 6D CA 59 DA 9B AD 2B 92 95 37 55 A5 55 05 32 
[   27148] ch50 r0 a3: D0 95 15 8A 2A 56 AA DA 46 4A 92 2A DD 15 76 24 55 6A 22 B3 6B 36 15 29 B4 94 AA FC AB 48 95 51 
[   27154] ch50 r0 a3: 6A 32 50 A6 E0 EF A1 57 0A 1A 0A 0C 55 C1 6C 2A 92 31 2A F6 1D 23 8A 04 CC 51 6D 39 25 45 62 25 
[   27175] ch50 r0 a3: B3 12 12 DA FB 93 6D 2D D5 36 C6 96 F5 6C 75 B6 FE D9 C9 36 AA 93 9B 55 EE 34 AA B6 FD 4B 55 92 
[   27225] ch50 r0 a3: 95 02 A5 4B 10 76 B5 2E 2D 82 2A 20 01 03 16 52 02 62 52 59 15 6A 11 44 2A D9 59 14 91 90 9A 84 
[   27228] ch50 r0 a3: 92 17 3B 42 D9 38 A4 50 6B B3 49 24 08 8A 9E CC F6 85 31 6D 9A 47 AE E2 86 29 F9 30 63 70 E7 94 
[   27244] ch50 r0 a3: A5 B5 6A A8 AD 59 28 AA AA F5 E4 AB 5B BD 7B D5 2F 6E EF 69 5D 69 FE B3 35 52 8C 55 52 AD 59 D2 
[   27249] ch50 r0 a3: AA 10 55 22 40 87 10 8A 2D 40 A0 0A 00 14 01 C5 7D FE 90 8D 0A 48 92 54 A5 55 0B 44 AA A5 5B 52 
[   27304] ch50 r0 a3: E2 24 34 95 11 92 A4 52 CD 75 AA 46 B2 95 F7 55 68 DE 2A 52 A1 CB 85 A5 B0 55 52 84 D8 BB B4 55 
[   27307] ch50 r0 a3: B6 9A 52 55 89 48 5A AD 1A 8B 94 A9 24 52 8A 95 08 AA 6A 23 85 28 05 D9 14 A2 02 8A 5A 45 91 4A 
[   27334] ch50 r0 a3: 94 AB 95 16 B5 5F 4B 56 B5 A9 56 AB D9 BC 65 BC D6 D9 69 3D 77 1D 1B D5 B3 2A B4 4A 57 04 AC 5A 
[   27346] ch50 r0 a3: 88 8D 08 49 AA C9 05 A9 69 84 AD 15 12 95 53 54 C1 AA 6A 94 80 A4 DA 25 4A 55 0C AA 6A 3D 4D 15 
[   27374] ch50 r0 a3: 91 23 69 5D 52 54 35 55 57 5A A5 55 75 AA D5 55 D5 6A 6B B5 5A D5 55 AA 96 AA AE FA AA BB AA D7 
[   27384] ch50 r0 a3: 66 6E 3C A1 41 24 BA 89 C0 AE 88 4A 96 13 A9 6A 00 95 55 54 06 60 E2 E8 55 65 0D 4C 6C 36 D1 11 
[   27400] ch50 r0 a3: B8 A4 D4 08 49 D5 91 42 AA AA A6 92 AC 52 A5 69 A0 A3 C1 2A 9C 93 4A 85 12 A4 81 02 14 F9 61 54 
[   27447] ch50 r0 a3: 05 4B 53 57 88 B4 C9 48 12 90 01 54 D9 68 94 A0 54 02 40 83 4C 00 05 23 03 40 55 25 2E 4E 9A A9 
[   27452] ch50 r0 a3: 41 85 56 C1 98 C8 51 F5 85 9A 26 68 88 3F 4E D1 8B 01 20 06 B6 00 54 E5 94 2A 94 20 30 6A 15 48 
[   27477] ch50 r0 a3: BA 23 6B 39 D5 9A 17 A5 80 D8 B6 23 77 75 60 75 44 64 DD 41 DA 5B EB 6F EB 7F AF 7B B3 6B BD 7E 
[   27501] ch50 r0 a3: 52 5B 23 10 CA BA AC A2 E8 8A CC 00 49 74 D6 AA A4 42 B3 66 AA 55 E0 EA FD 5B 59 56 53 57 B5 2B 
[   27539] ch50 r0 a3: A9 6B 49 AA 76 AD 4B D3 5A 45 36 60 85 D5 2B 4B 6B 68 BE 49 45 5D 81 31 A6 99 81 AA 2A 71 69 14 
[   27571] ch50 r0 a3: 52 52 15 54 B5 75 48 2B AD 51 4B A0 A1 20 48 8A D9 48 D0 B4 52 0C 32 99 56 54 9D 42 6D 95 10 BB 
[   27575] ch50 r0 a3: 23 0A B0 A3 72 55 15 48 03 48 AB 69 D3 52 B1 2C 52 9B 02 2A 52 86 28 93 02 5D 4A 22 5A 27 15 95 
[   27612] ch50 r0 a3: 4A 5C 89 A8 95 49 24 93 2D 54 44 32 49 49 4B B2 46 AA 41 01 52 82 A5 C6 2D A5 43 59 35 59 65 75 
[   27617] ch50 r0 a3: 95 41 D0 A2 90 A8 54 48 A8 AA AF 41 64 9A 4A AD 57 62 B0 3B 54 14 62 6E 8A 85 52 A4 A8 35 63 55 
[   27694] ch50 r0 a3: 11 8A 42 64 A9 49 4A 95 52 8B 5B 51 26 45 62 D8 55 0C 27 91 2B 28 AD A2 D1 08 83 4D 54 5C 89 4F 
[   27699] ch50 r0 a3: 52 65 15 92 2C CA B3 2C 52 10 A1 25 8A 53 74 DA 69 49 55 AA 44 28 A9 2C 05 55 EA A4 38 E5 57 DA 
[   27701] ch50 r0 a3: E2 6B DC 9D 60 75 CA B8 FF F1 C0 00 0E 00 5B 7D DF 4B D9 B5 4B E9 5C D4 42 93 9D DB D7 6B D7 55 
[   27774] ch50 r0 a3: 26 A3 05 0B 15 89 4A 95 52 E8 54 25 05 05 54 94 83 98 02 5A AB 5A D5 B5 5C FF AA 75 5D 55 3A 9D 
[   27815] ch50 r0 a3: AD AA 6D A9 7A 65 54 54 B4 A4 6A CB 17 AD 15 08 D2 CD 58 B2 A5 95 59 57 2B AA BE AC B2 94 56 88 
[   27896] ch50 r0 a3: 82 52 45 A8 D6 AD 6D A7 45 4F 52 BE A0 76 8B A5 81 ED 2A 95 79 B4 D4 AE 94 4D 7F 93 6B 6D A9 54 
[   27990] ch50 r0 a3: 40 24 B0 48 E6 94 8D 49 55 AB 30 95 56 A8 EB 92 12 DA AC 66 94 A1 A1 32 54 A9 33 34 B4 D6 E2 52 
[   28039] ch50 r0 a3: 34 12 AA AA 24 85 42 AD 4A 48 A4 A8 AA 00 A7 29 55 52 CA 21 98 D9 61 A9 56 2E D4 8A D5 0A 54 C8 
[   28093] ch50 r0 a3: 65 2A 95 B4 36 88 49 54 C4 D1 12 AC B2 C1 0D 25 95 2D 24 A4 A4 A9 85 15 4E 72 AA 0A 45 54 D4 9F 
[   28120] ch50 r0 a3: 49 2A EB 5B 4A CA AA 8A D4 AB 5B AD 54 13 D6 BC AC EA B5 72 AD 52 14 31 72 69 25 11 50 90 F4 24 
[   28156] ch50 r0 a3: DA 51 54 71 48 DC 88 89 32 AA 50 B6 52 AB 78 91 55 AA A5 56 28 63 49 05 90 3A CA 75 A9 5B 2E AB 
[   28165] ch50 r0 a3: 35 24 4D A9 A8 95 55 15 00 A9 1A 14 54 46 A2 4A 24 A9 2A 55 2A 48 08 21 2C A0 D2 A7 17 54 A0 25 
[   28176] ch50 r0 a3: 49 55 96 B6 B5 50 AB 10 EB 4A 4A 95 63 AA D1 4C D5 5F B5 E5 7E 2E D7 2D D5 FF B7 A9 E9 73 2A A2 
[   28182] ch50 r0 a3: 50 90 89 36 A8 DE 2C A4 94 A9 16 40 90 A5 29 11 29 22 AB 54 65 2B 6F 2A 71 55 55 35 96 AB 8A 9E 
[   28203] ch50 r0 a3: A9 8D 2B 10 D4 49 6D 61 64 AA 55 55 02 AA 79 85 09 21 54 4A AB 36 CA A5 22 A0 A2 CA 95 AD 00 A1 
[   28205] ch50 r0 a3: 22 52 80 00 01 01 82 4A 23 9D 48 A6 AE F6 B6 2B 57 56 EB 6C D8 AD AD 64 23 69 D5 72 A7 0B 36 FA 
[   28206] ch50 r0 a3: 65 42 56 94 42 95 2D E9 55 52 12 46 52 89 2B 44 A2 3A A8 2F 6D 12 91 14 04 A8 51 AD 1A 99 9A 0B 
[   28220] ch50 r0 a3: A5 2A C5 4A A9 15 50 B2 A5 6A 2B 10 A4 91 22 C5 55 6A 2A 59 02 15 4A 52 00 90 2A 25 2C BA 49 49 
[   28226] ch50 r0 a3: A0 A9 49 2A A3 52 42 49 34 AA 9A 46 29 5A 53 2D 84 9D C6 16 22 A3 95 2A 92 34 51 68 A6 22 8A 57 
[   28268] ch50 r0 a3: 82 AC BA A8 6A 50 68 AA 95 6B 53 AE D5 15 5B 43 24 54 85 D0 DD 95 4D 05 AB 29 15 41 34 A2 A5 48 
[   28412] ch50 r0 a3: 16 18 82 08 55 28 AD 37 65 48 56 2A AD 56 55 7A D8 8D BB 29 91 4D 15 B4 4D 3E D1 52 1A 55 55 6A 
[   28416] ch50 r0 a3: AA 62 68 57 05 51 46 99 55 21 4C E2 B2 54 44 0A 92 09 61 30 25 34 46 34 A2 4A 8B 45 4A AB 56 4A 
[   28467] ch50 r0 a3: 6F 8B A9 CB 26 2A FA 57 D3 DC 0C AF A5 2B 4E 47 A9 82 85 03 74 9D 60 22 B3 BE 2E 57 BA 74 A2 62 
[   28484] ch50 r0 a3: 90 AA 86 A0 A8 99 8A 21 54 D0 99 5A A5 CB 96 EE 66 35 6A 8A AC 36 89 54 B2 AA C9 29 2A AA 6E 0D 
[   28543] ch50 r0 a3: D1 A5 AB 07 7C B5 4A D5 5D EC 57 6A A8 55 2A 2D AA 58 B3 5A 52 55 72 6A D2 11 51 22 20 A2 85 52 
[   28571] ch50 r0 a3: D2 A2 91 34 35 80 9A 4A 48 75 C4 32 A9 E2 68 8A 58 94 A8 B7 49 48 A9 4A 14 A1 AE C9 2E 29 48 85 
[   28628] ch50 r0 a3: D4 15 45 45 B2 AC E6 54 05 AA A1 2A DB 57 10 C4 AC 45 93 16 85 2E 4A D5 45 92 CA 5A 5A 24 64 AB 
[   28683] ch50 r0 a3: 49 69 44 91 39 40 99 8D 46 AC B2 4C 1B 2A 89 59 B6 8B 53 72 92 69 54 CA 4B 25 51 43 13 2C 85 23 
[   28698] ch50 r0 a3: 32 28 AD 0A A9 54 58 22 92 94 51 32 B4 16 49 16 B4 C2 52 4A B1 1A 99 35 0B 28 B1 50 95 53 5A 89 
[   28767] ch50 r0 a3: 5A A0 00 45 2D 03 2B 29 BA D6 A3 29 D0 7A CF 24 AD 75 5A 9A D3 A2 EF BA 99 68 24 40 4B 55 CA AB 
[   28805] ch50 r0 a3: AA 96 96 B6 EC 4B 45 EA D6 A5 B2 97 2D 14 4A AA AB FA 4D 58 A2 91 16 22 D5 09 48 93 2B 65 89 29 
[   28855] ch50 r0 a3: 01 41 25 09 38 28 55 60 28 64 A0 42 A9 4A 42 15 22 A8 0A 82 29 51 84 11 40 21 52 AD 05 2A 92 B2 
[   28857] ch50 r0 a3: 92 11 97 23 4D EA A8 D0 52 45 88 53 20 C4 89 12 C9 0A 53 55 8E 54 56 86 B5 62 AB 64 89 4B D4 99 
[   28862] ch50 r0 a3: AA 84 17 51 E5 5F 57 7A D1 75 6B 75 AA DF 4B 6C 45 45 68 CA A6 F1 A6 A5 54 A6 BD 88 BA 9D 5A 5B 
[   28871] ch50 r0 a3: 41 1A 2F 2C A9 35 92 96 D2 35 14 F4 1A D6 6A 02 95 90 DA 44 A5 A6 A2 BA 4A AC 4B 53 21 55 27 09 
[   28911] ch50 r0 a3: 44 92 54 B5 59 6A 15 6B AD 7D FB D7 23 FF 5E F6 F6 FF 7B DF 75 7B BB 7F F5 6F 76 AB 5F 9F EE F5 
[   28938] ch50 r0 a3: AA AB 29 0E A5 68 6A 91 4C AA 0A 6D BE A3 65 EF BD 26 89 2E 55 55 A9 B7 6E 58 EF 59 2B 6D AD AA 
[   28947] ch50 r0 a3: 08 80 A2 48 08 40 6B 51 22 A6 99 1A 41 25 2D 25 20 A5 34 5A D2 48 A4 00 00 54 09 09 44 88 82 80 
[   28949] ch50 r0 a3: 42 D4 52 82 08 18 4A 95 C0 A3 56 95 6E 6A AA AC BF 09 2D B5 C9 6A 35 51 94 95 4A 75 48 AC D5 55 
[   28965] ch50 r0 a3: 40 A4 D4 91 10 94 D6 84 56 4A 25 16 41 3C AA C0 80 8B 2E A0 AD 8A 24 31 65 50 77 1A 9E A4 A5 57 
[   28972] ch50 r0 a3: A6 B4 0E AD 49 06 CD 55 89 51 95 2A 51 94 0F CB 49 2A 32 AB 7A BD DC E6 4F AA 56 A2 D0 93 64 EA 
[   29023] ch50 r0 a3: 12 D5 AA DD 45 6D 32 CB 1F 5B 3C A2 D4 62 86 8A 92 51 55 2C 42 8A 9A EA CA 48 9B A9 A7 49 1C 34 
[   29069] ch50 r0 a3: 41 C0 D6 80 8A 84 D4 84 5E 48 26 17 A3 34 A2 40 88 AB AD 28 9D 77 AE 9F 3E B6 A5 52 AA A4 53 25 
[   29128] ch50 r0 a3: 53 52 A8 B6 58 8A D6 A2 B3 5A CB 76 AC 49 15 97 9E A8 A4 AA AA B6 A8 54 AA 2F 95 49 28 55 15 3B 
[   29195] ch50 r0 a3: 54 55 A2 B4 18 EF BE 6B 55 7A F7 EC 8D D2 B4 A9 C6 D7 32 96 75 CA AA A0 15 15 4A 54 89 50 54 80 
[   29222] ch50 r0 a3: 13 42 A6 C4 94 A2 59 6B 31 69 52 9A 29 18 AE 58 B2 90 A5 66 A9 D4 D6 96 B5 24 9A 68 AB B8 2C 6A 
[   29239] ch50 r0 a3: AB 54 89 24 8A 52 4C 53 D2 24 16 D3 33 BA B5 B6 B2 E5 B7 89 6C 57 57 26 52 C6 A2 96 13 A9 10 22 
[   29280] ch50 r0 a3: B6 12 D2 D0 B2 A9 55 49 2A 2A 4A 4A 8A B2 04 A0 59 56 66 4A BD 5D 6A D2 F4 DD B6 B6 9A C5 50 A6 
[   29290] ch50 r0 a3: 97 49 AA 96 A4 95 B8 04 BD 94 8B 7A AA 84 58 0A 34 94 EA D0 AA 3D 20 7C A5 11 61 80 DA A9 5A AB 
[   29298] ch50 r0 a3: C1 54 89 14 49 0D 03 6A AD A4 A8 AC 28 5A 48 2A 84 29 48 AA AB 53 6E 54 49 A4 52 4B 53 AA 55 29 
[   29299] ch50 r0 a3: 15 39 AA 55 25 5A E1 6D 58 A5 51 34 89 B5 12 AA D5 2A EA B5 AB 63 4F A4 C5 88 AC A9 9A 69 59 09 
[   29327] ch50 r0 a3: B1 28 0D 92 C8 24 CA BA FB 56 F8 6E C2 C7 B5 95 5C 55 65 FD 44 AA EB 03 4B 95 55 7B 55 3E B5 BA 
[   29330] ch50 r0 a3: 1B AB DA 24 29 95 D6 56 5A EB 4A A9 68 8E B5 56 D5 4B 58 A2 EB 26 91 AA CA 2A 91 4D 5A AA 66 B5 
[   29332] ch50 r0 a3: 54 01 B5 A9 5A 5E 93 6B 67 AE FE F4 6A D7 DB B8 A5 40 60 8A 8D 76 44 96 34 21 39 8C 60 D1 95 5A 
[   29340] ch50 r0 a3: C9 5A 12 52 5E E9 8B 1C 08 B0 BA 1C 84 2A A5 52 12 94 65 28 2A 36 8B 69 AF B5 55 F7 DE 62 CB B5 
[   29345] ch50 r0 a3: 01 20 00 00 92 21 55 46 02 44 D4 AA 2F E4 A1 6C ED 53 6B AD CA EA 72 B6 B4 11 22 56 B7 DE 83 05 
[   29349] ch50 r0 a3: C9 16 57 4D 62 5A 22 D3 6E A9 97 34 4E 69 2A 10 C2 BD 50 F4 54 B4 20 D5 40 A6 87 86 50 C8 A8 B2 
[   29400] ch50 r0 a3: D2 D3 1A 12 4D AB 77 68 55 D0 8C 40 AA 40 D2 DC 2D 55 12 75 5D 7E AC B2 15 55 65 50 A6 1A 35 18 
[   29435] ch50 r0 a3: 81 35 69 D6 98 49 71 59 08 21 13 2F 56 A0 53 42 80 08 91 08 65 32 0A 55 15 55 51 52 10 92 8A 2A 
[   29510] ch50 r0 a3: 04 09 68 1A 10 92 8A A8 25 54 B0 44 09 29 68 AC 84 A8 0A A1 24 95 84 A5 41 25 52 2A 23 25 12 A4 
[   29556] ch50 r0 a3: 25 E4 12 69 66 A0 84 42 30 09 29 16 4A 14 C5 29 39 12 94 A4 09 45 05 08 15 18 95 20 25 69 A4 94 
[   29589] ch50 r0 a3: 83 A9 90 94 C9 2A 54 A5 4D 2C 37 B0 A5 55 55 E9 4F 4C A3 35 AD 75 32 7A 86 F5 49 4D 66 D1 4A D8 
[   29613] ch50 r0 a3: 50 A9 42 C8 56 B9 96 15 48 54 D0 58 25 9C A6 DE 50 AA 95 A0 9A C6 45 B1 2A 14 25 2B 51 12 42 94 
[   29637] ch50 r0 a3: 13 B3 44 7B 1B 79 60 B7 2C 35 14 BB DD 6C 90 8A 54 5E 55 7B 42 96 8A 47 56 B5 AA 4E D8 42 56 6E 
[   29640] ch50 r0 a3: B4 C6 5A AB 2B 55 60 6C CA 57 55 52 C6 82 AC DA A3 4E 8A 55 7A 8E 74 B5 D6 CA A7 49 95 68 D5 A2 
[   29682] ch50 r0 a3: DC FE A4 22 C9 00 26 2A B2 8D 54 D5 B0 66 3A 43 59 64 52 AD A2 9D 01 54 09 13 25 28 22 95 D4 E3 
[   29705] ch50 r0 a3: 92 51 4A 44 4A AD 44 95 55 CD 44 9A 92 A0 00 00 49 04 14 AA 54 68 85 25 25 50 91 6A 95 54 45 04 
[   29712] ch50 r0 a3: 01 04 91 21 11 20 84 00 25 22 05 42 95 96 99 4C EE B2 9A AB 74 D9 2F 3A 2A FA A1 45 6A A4 CA B6 
[   29777] ch50 r0 a3: 32 C5 59 58 A9 A5 AB 05 5A 4A A1 A1 32 A2 22 D5 D5 29 FA AA 63 B1 51 48 14 02 2D 23 5C 43 68 C9 
[   29787] ch50 r0 a3: 44 18 D5 22 1D CD 7B 92 5A 56 AC B3 2E 90 95 59 46 69 14 34 40 52 9B 05 15 B5 AB A9 1A 9A 2D 52 
[   29793] ch50 r0 a3: E0 15 60 2B 06 04 C0 49 02 4A D2 88 92 41 34 A0 06 01 55 76 85 2A B9 AE EA 54 95 56 D4 47 8B 24 
[   29805] ch50 r0 a3: 66 A5 28 9D 4A 15 24 92 86 CA 01 82 8A 54 6A 93 56 DC 6A 5D 4C DA A5 82 64 8B E6 AE 8B 52 A4 25 
[   29821] ch50 r0 a3: AA 2A A8 68 68 45 95 05 56 D2 AA 70 35 90 4A 09 A5 0D 94 82 84 81 0F 12 08 50 A8 D8 11 12 D2 D0 
[   29841] ch50 r0 a3: 31 60 8E A1 31 04 A9 A5 AF 39 22 A8 59 4C D5 4B 7A B2 97 A5 48 5B 9A 12 60 05 54 81 35 7A 2D 4B 
[   29889] ch50 r0 a3: 6A EB B2 55 AA 82 8A 82 D6 A7 10 10 95 54 0F 5A 9B 2A 92 79 D2 A1 00 A4 44 66 9A 23 AC CC 83 53 
[   29892] ch50 r0 a3: A8 AA D2 9C CB 2B 30 AA 63 4A 42 1A AD AE DE AD 6F 5B 3E DA B6 E8 D5 6A E6 EA BB 4A AE BA DA FC 
[   29894] ch50 r0 a3: F3 14 16 D8 26 D4 A5 55 34 33 BA A5 20 E6 D6 B0 B9 44 B8 E8 AA BB 55 8A BB 97 9A D1 AD 1E C6 6A 
[   29915] ch50 r0 a3: 60 0A 52 05 23 2C AA 94 48 92 49 65 35 8A 26 A5 60 86 92 92 24 6B 6D 55 4A 22 50 AB A5 05 12 AA 
[   29947] ch50 r0 a3: 42 9D 0A 95 2A 46 54 2C 4D 05 49 44 D5 45 20 92 A6 13 D0 A4 42 8B 4A 32 4A 91 10 A1 A0 59 12 BA 
[   30019] ch50 r0 a3: A4 02 22 88 54 20 8C 08 A9 D4 01 02 10 40 46 84 A3 09 20 20 08 80 82 80 0A 6A A9 62 C2 A4 20 BB 
[   30023] ch50 r0 a3: 0A C9 59 4B 80 D4 40 88 A4 0B 02 C2 8A AA AA 71 5C AA AD 16 56 0A 5A 2C B5 B7 52 2B 48 51 AA A9 
[   30091] ch50 r0 a3: 00 01 61 92 65 04 0A 24 82 2D 55 B7 FA AA CB B6 6E AB 6A 99 B7 DA F2 AD F6 D9 5A AD E3 56 DA A6 
[   30106] ch50 r0 a3: 55 84 2A D4 6A 36 4B D1 04 85 A2 A8 22 05 4D 69 35 53 2B 26 AD 55 19 8B 76 8A 7A 92 3F DD 56 FF 
[   30125] ch50 r0 a3: 75 01 30 4D 44 AA 31 35 52 4D AB 93 0B 0B 2A BB 5A ED 4B 4F 57 BD 5E CF 16 65 75 DB 91 4B 69 A5 
[   30133] ch50 r0 a3: 20 80 4A 82 45 00 25 44 14 28 0D DF E5 FE FF DB A6 96 9F BB 55 88 59 35 28 51 D9 B5 6B 49 5B D2 
[   30147] ch50 r0 a3: 67 8B A9 CB 26 2A FA 57 D3 DC 0C AF A5 2B 4E 47 A9 82 85 03 74 9D 60 22 B3 BE 2E 57 BA 74 A2 62 
[   30186] ch50 r0 a3: 6E F7 7D 7E BF 5B 6B F7 FB B7 EE ED FD 5F 5D FF DB 7F 74 FE FF ED AD CE FF BF FF FF FB 76 FD EF 
[   30253] ch50 r0 a3: C4 AA 0C 88 55 6A A4 A1 14 A4 16 AE F2 B5 0D 4D 56 4E 95 65 AB CF 65 2A B5 57 32 DC 86 26 09 A9 
[   30324] ch50 r0 a3: DA B9 95 29 88 A9 49 C2 76 B4 97 4D 2A 2A D8 AA ED A8 B5 42 4D 04 B2 92 AD 65 85 89 2A 96 CB D2 
[   30341] ch50 r0 a3: A4 A5 14 A6 34 22 D2 1C 14 11 02 84 80 06 91 51 10 81 09 42 C8 51 4A 00 80 14 08 96 28 48 84 10 
[   30349] ch50 r0 a3: 05 18 D5 0B C5 46 25 49 1C 92 89 7E 8A 2A 54 C9 1A 3A 9B 30 A1 A8 83 1A 54 34 96 51 16 2A 2A 38 
[   30363] ch50 r0 a3: 2B 53 F8 C9 34 4D 4D 4B 95 54 90 91 54 B4 9A 66 A9 54 A4 20 6A 26 52 AE 0C 08 C9 88 12 92 14 B1 
[   30389] ch50 r0 a3: 45 82 12 94 88 D2 5B 05 AD 6B 0A A4 68 2A 48 45 12 D2 88 A6 B9 10 D5 45 1A 3A 69 AC 75 D6 9E 44 
[   30405] ch50 r0 a3: A5 71 51 B0 A5 56 8A AD 56 EA 1B 75 B1 D1 4C AC A6 CB 95 AA E7 4C 0E 8D AE 92 5F 55 4A A5 2A 8D 
[   30578] ch50 r0 a3: A1 A5 48 5A 28 24 B9 10 40 58 A3 01 49 5A CE 5A B7 6D BA F4 35 29 AD 1A 94 82 EA 45 36 15 76 C6 
[   30659] ch50 r0 a3: 1A 9A 09 88 50 AD 2C B5 82 AB 56 99 52 00 E6 A8 42 12 AB B4 88 35 70 A0 05 4A A6 92 16 53 50 4C 
[   30686] ch50 r0 a3: A4 25 92 81 15 44 B4 81 15 64 B8 AE B2 C4 5A 94 12 92 35 CA 56 94 A6 55 AA A7 E8 DB A3 54 8B 1A 
[   30695] ch50 r0 a3: A4 82 64 20 04 50 A6 48 82 48 2D 6A 00 00 00 00 00 00 00 28 51 15 05 4A 14 00 15 68 05 24 0A 14 
[   30732] ch50 r0 a3: 9F 9A D1 55 09 92 B6 4D 41 2A D5 84 BA 51 14 39 A9 44 54 20 B2 8A 8D 5D AB 52 D8 CD 0E 96 0B AA 
[   30734] ch50 r0 a3: D5 52 98 DB 29 BF AA AA F4 A5 76 A5 13 28 2A DA B6 D5 51 56 AA C8 AA A8 1A DD 22 48 41 66 22 DA 
[   30762] ch50 r0 a3: 84 83 58 16 B9 12 C8 D3 B3 1A 46 B9 2B 75 6A AE E7 31 54 F7 28 B1 44 A0 00 01 56 14 8D 10 4A 39 
[   30914] ch50 r0 a3: 14 30 A2 3A 22 04 80 54 D7 4D 03 71 10 A7 DA 15 55 60 35 16 4A 15 5D 29 3E 08 11 2C BD C2 82 AD 
[   30927] ch50 r0 a3: 29 67 45 52 A2 54 55 28 72 B4 95 54 F5 EB 55 87 31 5A 48 92 26 95 53 59 4E 53 E5 92 64 45 AD 58 
[   30940] ch50 r0 a3: B6 2B 12 55 29 52 A5 16 B4 AA 1A B4 D2 71 46 A8 6D B5 97 49 48 AA D5 54 BA CA 86 94 A9 2D 12 8D 
[   30988] ch50 r0 a3: AA 34 92 92 B0 A0 A2 94 93 82 A0 8A 42 95 4A 56 52 CA 5C 01 4D 6A 15 14 85 4A 35 33 21 05 01 48 
[   31002] ch50 r0 a3: 12 4A AA 99 F5 D5 9A B5 D2 D5 63 D2 D7 D3 54 AC A2 10 8A 9A A9 54 2E 91 51 31 34 94 99 B0 B4 84 
[   31034] ch50 r0 a3: 22 9D 31 40 26 55 95 15 52 04 C1 15 53 4A 0A A5 4A 95 28 6E 95 5B FE FA 96 1B AA 40 B5 1A 51 6D 
[   31054] ch50 r0 a3: 85 44 B0 AA 65 53 6A 6C A8 2A AE DC E5 B4 53 AB 67 6B 6E 25 F3 55 09 12 B5 29 51 A4 69 27 66 91 
[   31064] ch50 r0 a3: 22 A4 90 B5 D2 AB 72 25 58 0A 85 16 49 68 25 84 6E BA 6C 22 6A 80 25 AA 2A 02 62 51 1A 0B A2 04 
[   31117] ch50 r0 a3: 99 AF 20 A5 92 24 B8 0A 42 54 55 A2 AD 74 92 3A D9 57 22 55 15 95 2A DB 62 D5 5E A6 4B 2C 52 61 
[   31118] ch50 r0 a3: C8 DC EC 14 AE 1B 44 B2 88 58 2D 31 64 B8 76 04 2A AA EB 2D 11 5A 4C 44 C4 BB 99 AB 40 76 85 69 
[   31143] ch50 r0 a3: 4D 54 91 55 43 55 46 15 47 29 0D 2C 02 42 6A 36 09 14 A9 7D 95 11 5D F6 DC D6 D3 7E AD 7F AB FA 
[   31162] ch50 r0 a3: EE AA 56 46 7B 0D 2D C9 68 03 0C D4 3A A8 89 55 69 1B B2 26 A9 38 DB 25 95 44 A5 5D 59 2A DA 37 
[   31173] ch50 r0 a3: 08 15 49 48 28 68 80 69 05 24 09 61 A8 AB 29 55 14 A1 AA 9A EC F6 25 E5 C5 BA 92 A5 53 07 51 A9 
[   31252] ch50 r0 a3: 03 44 A5 6D A9 8B 6C B8 EA AA AE AA 9A 9B 54 D4 4D 9D A8 2E 5B 6B D2 58 29 CB 3B EA 9D 4A 91 5A 
[   31259] ch50 r0 a3: 55 24 55 28 95 41 95 53 70 0E 96 08 22 54 68 11 32 B3 29 56 4A 4E B1 47 55 22 AB 0A B5 94 56 19 
[   31264] ch50 r0 a3: A5 72 EB 2D 59 05 D1 EE 58 55 50 4A 59 55 1D 39 3B 28 4A 08 0A 56 D4 A8 A9 34 C2 41 5C 6A AA 4A 
[   31270] ch50 r0 a3: 02 55 55 26 88 49 80 1D 54 09 A2 6A C5 2B 2A D4 BA D7 56 24 AB B1 D1 93 9C D1 55 6B 7A C6 2A A4 
[   31343] ch50 r0 a3: C4 A8 65 49 5D 5B 56 A8 0F 4E 74 B2 6D 17 C2 80 D5 64 B2 CD 28 8E 21 26 A9 55 6A 95 04 AE 8A 14 
[   31405] ch50 r0 a3: F4 A9 17 2B 27 10 36 92 98 CA 0A 08 15 59 72 A4 4A 4B 28 2C 92 16 4A 42 2F 55 4F 9F 5B 55 D5 29 
[   31565] ch50 r0 a3: 4A 05 4A 8A 2B 4C AA B8 AB 15 75 4B 52 B4 54 8A 83 6C 25 17 B7 2A AA 95 48 88 24 92 2A B4 73 14 
[   31651] ch50 r0 a3: 2C C0 5A BA B0 4E 21 2C B2 AA 16 2D A2 55 49 A9 71 41 54 20 96 74 10 48 68 44 6A 52 04 44 5A 26 
[   31662] ch50 r0 a3: 8B A5 C8 2B 41 23 4C 3D 54 A5 1C 2A 46 90 91 4C 62 DE AB 70 FA A9 44 B4 6A A9 75 3A 98 67 25 2B 
[   31665] ch50 r0 a3: B5 C2 5A 84 AE 97 15 69 20 34 8A 40 48 C2 61 53 04 49 6A A2 FA 58 46 29 92 AA 02 24 94 89 52 97 
[   31957] ch50 r0 a3: 40 54 00 08 01 50 50 84 4B 47 2A AB 2B 2B 76 2E B7 3A ED F2 9D 33 B2 76 5D E5 AB 64 AB 63 B5 2C 
[   32017] ch50 r0 a3: 22 A4 AC B5 5B 5E CA AB 5D 21 16 86 76 DD 5A DE A8 7D 76 AA A9 BB 57 95 E5 1D FB 54 D1 AA AD C2 
[   32113] ch50 r0 a3: 29 AA 14 94 10 24 1A 96 95 AE 12 AE AC 28 D3 4A B4 54 0A C4 69 77 5D 76 5D 30 80 9A 2A A4 94 A4 
[   32118] ch50 r0 a3: EE 4C AD 5B 6B 56 D6 55 5B 5F 3D E9 5B 7A FF 95 D2 AA B3 51 6A 69 5A D5 55 2E 96 B5 AC 4A 6B 4F 
[   32181] ch50 r0 a3: 93 51 51 A8 8E 54 AB 54 55 EA 29 1A B2 AF A9 4B 59 46 33 A9 A5 51 6D 27 56 98 74 A9 4B C6 F5 AA 
[   32197] ch50 r0 a3: 29 10 55 DC D1 12 DC 4A 96 0E E4 89 2D 43 55 13 62 45 41 9C AA BB 4C ED 5E B9 DB 55 67 D9 5F 72 
[   32232] ch50 r0 a3: 05 01 28 15 5C 8D EA E2 59 16 17 3D B7 D6 9D 5A 4F 51 95 A1 29 7E 4F D5 26 20 E9 28 A9 56 E8 D3 
[   32240] ch50 r0 a3: 82 55 5D FE 95 DD B4 75 7F 13 FE A5 56 82 C0 C5 63 59 42 AF 6F E7 AC BD 56 4F B6 7F 5F 4B FA 4A 
[   32266] ch50 r0 a3: 0A 45 1A 22 2B 46 A4 13 5A 50 B6 A5 22 01 94 88 28 55 FE ED 4B 56 BA 77 96 BD DB BD C9 4A ED 7B 
[   32277] ch50 r0 a3: DA A5 2A 4D 21 93 46 BA 54 C9 55 29 55 4B 11 65 AB 15 09 08 AA A9 5A D5 4D 77 5C ED AE 97 73 72 
[   32338] ch50 r0 a3: 22 52 D2 84 20 75 55 09 21 5D 55 8A 4B 10 84 B3 14 59 23 52 11 54 25 43 A8 84 4D 6D 29 32 A2 55 
[   32346] ch50 r0 a3: D3 6A A6 86 52 AD 55 26 42 49 D5 AA D2 12 81 A5 4B 42 A2 51 57 AB 17 AB 54 AA D4 EA B7 26 AC 9E 
[   32383] ch50 r0 a3: 58 B5 30 92 81 52 8F 5D CE AA 3A ED 54 AF DD 4A E6 D5 6D 4A 39 55 7B 50 8A A5 89 4A BE A6 91 57 
[   32433] ch50 r0 a3: 95 51 AB 0A A9 16 96 D4 AA AA BB CD 14 96 7C B3 AA D1 DA DA 75 2D 54 6D F5 94 77 BA 96 14 D6 BC 
[   32445] ch50 r0 a3: 54 30 90 84 85 02 C1 02 94 10 A0 15 12 20 22 84 C9 00 84 A9 18 04 82 08 54 D5 10 44 24 66 A0 8A 
[   32449] ch50 r0 a3: B5 5A D6 A9 29 8C B4 30 AB 29 59 09 A4 EA AA B8 EB B0 4A AD 2F B4 D5 43 8A 94 AB 55 39 6C D4 DA 
[   32452] ch50 r0 a3: 52 95 50 2A A4 22 D5 02 CA A5 5B 4A A5 41 11 22 D5 52 48 53 EC ED 62 92 B1 6E 4D ED FB AA 8B 65 
[   32467] ch50 r0 a3: 67 8B A9 CB 26 2A FA 57 D3 DC 0C AF A5 2B 4E 47 A9 82 85 03 74 9D 60 22 B3 BE 2E 57 BA 74 A2 62 
[   32534] ch50 r0 a3: B0 8A 26 A6 DA E9 95 4A 26 92 7A 88 5A 95 2C F1 69 54 94 56 8D DB 3D 59 26 8C B6 89 35 4C B6 55 
[   32573] ch50 r0 a3: B0 56 A0 89 99 49 21 AA 54 15 61 74 52 AC BB 52 A2 9B 2A 4A 41 B2 AB 0B 29 AE B2 A9 64 A3 45 6A 
[   32632] ch50 r0 a3: 54 68 0A 59 8A 85 94 C0 89 98 A4 92 CA D6 96 64 51 28 B5 A2 A4 A2 D5 95 B6 B0 B5 37 7A F5 55 FA 
[   32642] ch50 r0 a3: 35 61 65 4A ED C6 EB D5 61 A9 CB 91 65 54 AC 0A C6 B4 A9 D6 B5 0A 68 65 55 52 2A AB 28 95 9C A9 
[   32789] ch50 r0 a3: 95 2D 0A AA 35 44 C9 58 A9 CE 95 77 6D AB 76 D4 AA AB 0B 29 52 0A 95 68 85 15 53 40 00 A3 25 75 
[   32880] ch50 r0 a3: AB A8 2D A2 C9 52 A8 8B 5A A4 55 6A 95 C9 28 94 53 68 82 A0 48 AA 9A A5 74 A3 21 00 4A 54 CA 53 
[   32901] ch50 r0 a3: AC 28 8E F5 04 9A 96 3E 28 AD 67 8A 52 A2 A9 63 66 42 54 54 A4 AE A2 A6 59 55 7E B9 AA AB 5A 32 
[   32943] ch50 r0 a3: 29 40 8E A9 4B A4 91 75 2A AA D2 66 95 92 16 DC 4A A5 48 45 15 27 A2 85 6A D5 53 6A 36 C2 D4 AD 
[   32946] ch50 r0 a3: D5 45 26 D5 49 4A 05 EB 3F A9 EE B5 4C 3A 91 5A 24 94 29 48 D4 93 49 51 5A 94 4D 8D 35 68 8A EA 
[   32977] ch50 r0 a3: 2B 56 69 3D 17 AA 5B 1A B5 94 56 50 AB 6A 5B 55 AA B1 21 54 CC A8 A9 B5 37 5A D2 A4 AA AB 88 8A 
[   33014] ch50 r0 a3: 85 28 35 44 A0 46 A2 22 54 A9 32 92 A4 AA A0 14 0C 2C A0 2A 64 92 68 A6 95 15 54 28 23 5E A2 14 
[   33034] ch50 r0 a3: D5 6D 4B A2 A9 22 89 A5 CA CD 51 4A 63 95 1A 94 85 49 67 35 B6 DA 91 7D 92 AA 13 ED 35 1A B4 A7 
[   33035] ch50 r0 a3: 00 04 91 40 42 11 13 76 AC D5 54 A4 91 45 9A F5 AD 52 D1 49 55 AA 82 90 01 04 52 88 A5 0A A1 24 
[   33062] ch50 r0 a3: AC 52 D4 B2 62 12 22 15 01 AB E8 AD 55 B5 46 AE 3D 57 52 92 85 51 B1 AF 2A 50 4A 41 43 02 B8 2C 
[   33127] ch50 r0 a3: DA 88 2C 88 AB 32 27 BB 44 22 24 92 2C A1 1A 56 96 56 C9 45 4C A2 99 53 D5 7C 4C 96 C9 3A BA AA 
[   33163] ch50 r0 a3: 9B 04 A9 39 14 91 65 35 2A 90 5A 6A A6 4D 97 48 A6 69 54 83 54 70 69 2D A6 AD CD 28 1C 80 24 95 
[   33198] ch50 r0 a3: DA AA 95 49 A4 5A 65 59 84 8A 90 AB A2 A8 32 84 A6 C5 A1 43 01 89 22 52 A0 96 14 35 2D 12 59 A8 
[   33265] ch50 r0 a3: B0 AD 12 49 10 92 D1 52 B4 ED 4A DA 50 82 22 B4 25 4B 52 6B 46 B3 AA B0 ED A9 96 D8 54 54 62 9C 
[   33348] ch50 r0 a3: DA 8B 52 88 6D 52 5A 93 29 A3 4C 61 49 51 0A AA D5 2A 16 6A 8B 4A AA CC 13 6D 55 6A 55 85 CA 05 
[   33362] ch50 r0 a3: A4 45 2A A2 A9 31 49 A6 D4 31 D7 AD 1D 08 8A A5 66 8A 85 81 29 AB 45 21 4C 4A AB 4D 15 4A 2F 56 
[   33462] ch50 r0 a3: 05 54 CA 21 40 01 81 AD ED 2C B5 B1 50 45 95 7B 44 14 4E 46 65 A2 38 5A A2 89 4C 95 35 55 74 2E 
[   33475] ch50 r0 a3: 7B 6A BF B4 91 EF DA EF DF AE B5 DF D7 BE D6 D7 D8 5A AC 94 0E 3F 32 A7 AD 16 D2 B2 96 D1 29 D6 
[   33493] ch50 r0 a3: 2A 49 94 A3 24 70 C4 A1 21 44 C4 C4 A9 36 69 54 17 55 52 A7 0A 29 69 52 AD 3A 51 25 52 F5 4B F3 
[   33504] ch50 r0 a3: DA A4 8D A9 76 32 AC 35 55 5B 2A D1 4A 0A 5A 54 26 54 A5 AE C9 EC DB D5 35 44 AC 75 52 A9 28 99 
[   33521] ch50 r0 a3: AB D4 B5 AA 22 A0 B5 6B 0A A1 A4 C5 55 56 8A 94 55 29 48 A5 54 4A 55 6A B5 64 94 38 2C A0 A0 E4 
[   33558] ch50 r0 a3: 49 02 02 00 24 21 11 00 AC 00 00 10 60 08 00 00 82 8B 4A A2 A9 A3 54 B5 15 6D 6A A4 AB 51 8D 93 
[   33592] ch50 r0 a3: 42 73 04 90 29 A0 42 6B 13 26 29 54 E4 54 AA 24 5B 56 CE D6 A5 34 D9 34 89 4B 59 4A 94 56 AB 13 
[   33625] ch50 r0 a3: 90 41 4B 05 67 FD 95 5C DD D1 F5 CA AA AD 57 D6 2B 4A A2 AA D1 A5 C6 CA 39 A9 B4 D7 55 D7 76 D6 
[   33661] ch50 r0 a3: 86 11 5C AC D5 4A EA 2A A8 B3 5D 52 E8 88 A9 5A 12 A5 4B 05 25 AA 58 D0 4A 94 9C 49 91 95 50 A6 
[   33674] ch50 r0 a3: 80 14 F4 8C 14 04 C9 1A 45 6C 56 AB 42 A9 65 12 15 26 6B 15 2B 91 4A 40 AE 40 54 8A 48 92 9A 92 
[   33674] ch50 r0 a3: BA A4 84 A5 AC E9 40 D5 A5 74 AA 43 4A B5 23 54 14 AE C4 8D 35 49 51 54 5C D4 47 6D AE 62 6E D2 
[   33729] ch50 r0 a3: 57 4D BB 69 35 A1 4D AB A5 13 4C A1 EA E9 5C 5B B5 36 AA B5 65 95 7D D3 B6 D5 2E D4 A5 2A 9B 37 
[   33769] ch50 r0 a3: A9 11 54 4A 48 A0 4D 05 42 55 55 45 35 29 49 95 54 94 36 62 E9 6B 4D 54 8A 02 5A 89 92 BB 2A AC 
[   33809] ch50 r0 a3: 51 D0 CD B4 56 A6 CD 23 59 1E D4 88 5B 24 16 CA 05 13 42 86 AE 10 A9 2B CA 22 1E 9E D2 A9 2C 51 
[   33861] ch50 r0 a3: 44 24 61 04 08 92 92 AB B2 94 D0 A5 57 76 AF 54 A9 68 6C AA CA D6 E6 B5 2D 52 B7 C5 53 B5 8C 8D 
[   33921] ch50 r0 a3: 97 59 55 61 11 4A A9 53 50 C8 8E D6 8B 6C 5F 94 F6 6B AD 8B 54 6D 2B EA 6D 5D 4A AC 93 F6 A9 35 
[   33937] ch50 r0 a3: 89 08 44 54 AA 2B 50 93 A5 08 81 2B 52 EA 5A AA 49 39 25 54 52 A7 48 1A 49 54 2A 55 0A B1 88 84 
[   33940] ch50 r0 a3: E9 45 22 88 44 AA 55 91 79 6D 2B 44 94 42 97 E0 44 26 AA 9C AA 77 A1 5A DA 94 ED E5 E5 BF 72 ED 
[   33946] ch50 r0 a3: B2 6A B3 A2 94 A4 66 A9 AA 4D 5A 82 C8 AA A9 55 58 8A A9 09 4C 24 51 A3 54 BB 2D AB 60 A4 05 EA 
[   33971] ch50 r0 a3: B2 B4 88 94 0B 42 52 05 2A 4A AC 48 85 AC 10 51 56 22 34 09 2D 12 97 EA 97 DB D2 5E B8 DC 56 D5 
[   33979] ch50 r0 a3: A5 59 62 A8 95 28 A2 0A D0 B2 21 E2 8A 82 A1 8C 28 35 32 D5 65 42 A8 AA 99 2A D5 4A BA D6 EF 65 
[   34019] ch50 r0 a3: AA 0A A9 30 55 A5 00 D4 A9 52 65 2A E4 CB 37 F5 55 59 52 4D 44 34 AA 2F 6D 2A 49 79 6B 52 D3 65 
[   34154] ch50 r0 a3: CB 44 A6 DA 8B 25 5A 50 A2 2B 6A D2 B3 2D A6 D7 22 21 61 33 31 48 59 12 E8 03 55 14 4D 6A D4 95 
[   34167] ch50 r0 a3: 24 B4 29 12 11 55 0A D5 64 5A A4 59 B5 51 4F A9 2A 6A 94 D2 6A 32 2B 2A 94 90 0A A1 35 90 1A 55 
[   34172] ch50 r0 a3: 18 AB 22 6C 15 42 82 2C C0 A8 14 4A 98 11 4D 92 A5 94 24 42 41 50 50 28 52 A6 11 41 74 12 E9 56 
[   34188] ch50 r0 a3: 0A AA 54 CA D6 1A A6 B5 7F AA 51 52 91 73 35 05 15 45 7B D3 F5 1B 5B 35 58 3A B6 D0 35 2A F5 73 
[   34190] ch50 r0 a3: 90 32 5B 44 A4 51 2A C9 2D 50 12 51 94 C2 23 25 00 25 55 0A 49 4A E8 30 0A EA 2B BF 57 6C 54 D7 
[   34220] ch50 r0 a3: 82 95 55 A2 44 AC 49 64 94 C9 08 AA 88 94 29 75 AB A3 42 B4 AA A5 A8 AB 54 E5 6D 68 C2 C4 55 54 
[   34261] ch50 r0 a3: 88 11 29 68 2D 5A 68 64 98 55 54 DA 6D 95 44 89 8F 51 42 A3 52 42 86 23 AA E2 46 95 8A 22 58 28 
[   34280] ch50 r0 a3: 6C 92 D5 28 96 41 65 76 AA 92 11 AA 94 81 52 AA 13 29 C6 EB 8A C5 57 A5 54 BD B6 95 B2 A5 0A C5 
[   34297] ch50 r0 a3: 98 D4 08 92 40 C8 A6 8C 64 0A 64 02 20 35 51 36 06 94 AA 94 C8 A8 2D 4D 4C 28 92 CA 00 4A 20 8A 
[   34305] ch50 r0 a3: 91 8A A0 42 52 AD 9E BA 4D 56 B0 A4 D6 50 0A AA 92 25 6A 94 57 A9 28 AA AC 5B 77 91 4A A4 CA 4E 
[   34352] ch50 r0 a3: B5 22 AA 9A 95 4A 85 AC 54 D4 AA 3D BC 22 AC C5 69 55 6A 95 2B 4A 88 A2 A2 84 84 4A A6 8A AB B0 
[   34388] ch50 r0 a3: D5 22 C2 62 8C D4 B4 A8 85 21 A2 11 45 14 84 45 52 90 34 48 D0 28 85 1A 92 11 24 4A 02 D5 5A 68 
[   34422] ch50 r0 a3: 12 55 62 A6 7D FC 48 9C D4 F7 39 55 54 BA A2 29 6A B4 99 55 4C 96 B9 46 D2 9F 32 A9 49 F5 04 52 
[   34486] ch50 r0 a3: 44 B6 88 96 50 94 27 8A 84 A4 98 89 06 C8 6C AB AA AD A4 A3 68 A5 93 4B 4C E7 90 A6 06 91 2A B2 
[   34497] ch50 r0 a3: A3 42 42 82 80 37 04 40 28 41 54 A5 15 22 82 A2 62 18 21 62 04 11 32 18 01 01 A0 26 DA 14 20 3C 
[   34501] ch50 r0 a3: D4 FE A5 F6 AB 4D 77 D5 58 8A C5 21 12 88 82 44 36 90 59 28 34 24 04 E0 C8 60 22 08 36 3C D4 C5 
[   34531] ch50 r0 a3: 95 47 EA DA 52 D1 CA A9 D9 72 CA 6A EA 55 2B 6D 96 49 4E BE 4B 5A 22 94 B7 BA 42 4A A8 5A B2 AA 
[   34657] ch50 r0 a3: 24 90 0A 44 B5 5A 52 94 A4 FD B3 2D 5B 56 D5 45 69 6A A5 A1 AA 26 B5 4C 92 AA 54 DC D2 85 AB 56 
[   34658] ch50 r0 a3: 06 20 24 8C 10 02 06 41 15 81 22 C8 A4 B0 A4 04 40 10 43 A0 97 15 15 F2 ED 57 55 37 05 4E D8 BB 
[   34660] ch50 r0 a3: E1 15 54 A1 32 82 84 54 49 14 83 12 10 23 81 0A 06 A5 82 52 6E 11 22 54 12 71 52 A6 52 DE B5 9A 
[   34693] ch50 r0 a3: 08 82 A4 25 4F 02 2A 0D 55 2A 70 91 97 14 44 89 49 49 24 42 84 24 A8 A0 48 8E 94 95 42 3A 62 A5 
[   34698] ch50 r0 a3: 81 68 8A F6 DA 9E E7 69 6B B6 B7 DE D5 AD E9 14 95 50 69 54 DA 52 B5 56 DE 8C 7A 5A E3 55 55 BB 
[   34700] ch50 r0 a3: 04 52 95 4C 74 34 24 AB 3B 74 72 86 02 A4 60 50 8A 2A 0D 05 CA 33 28 0A B2 2A 64 51 24 2A AD 11 
[   34737] ch50 r0 a3: 9C 7A 54 8B 24 C4 22 B5 6A 54 49 4C 52 4A A4 25 94 A9 9A 8A 45 4C 6C 91 94 35 05 2B 6E B4 CA 8F 
[   34739] ch50 r0 a3: 12 22 08 64 C4 AA 55 02 5A DB 62 E2 28 26 A8 32 2A A2 28 B5 75 76 AD 91 D9 94 AC 97 6C A9 0C 95 
[   34758] ch50 r0 a3: 24 C1 96 14 51 2A BA 03 10 22 93 20 76 62 AA 90 20 40 97 43 6D CB A2 02 FB 40 54 32 48 E0 32 22 
[   34764] ch50 r0 a3: D7 54 A8 EB 3D A7 51 4D 00 D0 CB 39 22 34 82 95 42 AD D3 85 29 55 35 5C 75 3A 59 81 55 32 C4 A9 
[   34775] ch50 r0 a3: 0A 80 08 29 52 89 4A 0C A4 AA 2B 6D 5A DB B6 A9 4A E9 54 56 D5 1D 51 39 6B 6A B4 BB 4A B5 2A A9 
[   34785] ch50 r0 a3: 52 51 3D 12 25 22 86 A7 5D A5 50 82 B6 EE D9 E6 35 D2 87 19 AD 7A EA AF 33 5C D3 54 8A B3 7E 95 
[   34800] ch50 r0 a3: 91 0C A8 49 13 4A A6 16 12 12 AA 85 52 E8 84 42 50 9A 89 2D 11 24 9A C4 DB 5B 6A F5 B8 BA AC 4D 
[   34801] ch50 r0 a3: 89 29 A0 31 0A 52 44 45 0D 10 42 8B 6C 2D 04 A8 4A F6 4A 80 13 15 24 0B 14 23 54 A1 D3 02 3D 12 
[   34879] ch50 r0 a3: B0 FC 92 62 A9 71 49 56 AC 95 61 06 E4 57 59 49 45 B2 92 98 99 54 34 58 B1 56 AD 4E 55 3D DB D6 
[   34892] ch50 r0 a3: 82 92 48 53 4A 62 A9 55 40 92 43 21 85 85 0A 8B 51 55 25 50 A2 5B 14 94 2C 55 50 A5 20 14 4A 80 
[   34946] ch50 r0 a3: 34 8C 10 10 A2 A0 58 03 41 90 80 48 03 42 42 C2 02 01 56 9A 95 EB 2B 55 D8 F5 68 55 A2 A8 95 52 
[   34973] ch50 r0 a3: 4A B2 04 8A 83 01 10 48 A8 3A 12 94 14 20 04 20 AB D2 F3 1E AE D5 55 6A 25 DA F2 22 37 52 93 8D 
[   34980] ch50 r0 a3: 55 2C A7 05 A2 8A 2D CC 4D A9 93 81 4C E9 00 41 23 49 29 2E EA 68 4E 1A D6 C1 58 01 0D 24 40 95 
[   34986] ch50 r0 a3: 03 09 69 72 58 92 25 4B D5 92 85 5D 91 CC 57 54 88 59 91 D1 68 54 B3 94 92 12 54 15 62 B9 28 69 
[   34993] ch50 r0 a3: 93 0B 52 AA 5A 8D 45 A5 4A 29 55 2A B6 C0 85 B2 25 AA 52 51 8D 54 5A BD 52 1D D3 B2 A7 39 8D 6B 
[   35021] ch50 r0 a3: 08 42 40 10 21 09 00 10 21 97 77 6F 8E AD 3E AD 45 97 5A D7 D5 7E EA B7 6D 45 DB A9 BA 67 75 2A 
[   35098] ch50 r0 a3: A4 B4 C1 E6 53 44 A4 AE AD 14 98 22 5C 95 6E E6 AD A8 92 96 5A 69 13 8D 6C 93 14 4F 8A A2 69 35 
[   35106] ch50 r0 a3: A8 47 D5 79 06 62 00 ED AB 56 95 B6 36 55 A7 5F 2F AA 5D AF 55 1B ED 52 86 4D 5A 55 A1 41 D4 D5 
[   35133] ch50 r0 a3: A4 41 2D 45 24 33 D0 52 15 15 64 49 24 85 63 21 65 48 C4 B2 88 A2 32 BD 46 29 C5 66 A5 50 24 D5 
[   35144] ch50 r0 a3: 51 06 A8 08 82 45 89 49 24 52 A4 95 51 4A A5 42 48 81 52 4A 51 4A 14 AD 45 09 40 04 7A 8A 48 D5 
[   35192] ch50 r0 a3: 80 49 16 53 42 A9 32 A1 0A 50 04 85 49 F5 68 A6 4B BB BD F6 A6 5B B2 F6 FD 4A AF D5 15 B2 B1 5D 
[   35257] ch50 r0 a3: 40 81 25 00 00 00 00 40 02 CB 27 DD 5A 0A 50 CA 1A FF FF F7 FD ED BF FF F1 12 A4 A4 B4 56 97 4E 
[   35284] ch50 r0 a3: A5 CE B5 16 31 12 4B B2 16 E0 CD B2 52 BB 03 BA A9 2A 1C A7 55 54 8A AA 35 54 B4 DD AE 8B 3B 6E 
[   35296] ch50 r0 a3: C1 A6 4A B5 71 0A 88 A9 41 52 C4 52 94 2D 81 D2 26 35 95 07 A4 9C 97 25 78 9B 3F 62 BA BB C4 2C 
[   35299] ch50 r0 a3: AD CB AB 2B 55 55 C5 2B 6A D5 AB 75 5E 65 BA FD 34 41 28 38 B0 91 09 C5 52 2D 1A A5 52 CA A9 2D 
[   35310] ch50 r0 a3: 2A 22 CA 14 9E 54 09 50 04 B2 08 20 95 04 E5 02 52 42 0A 85 40 82 8C 2A 21 50 2D 04 C2 A8 D4 A5 
[   35321] ch50 r0 a3: 99 04 30 67 E5 68 D9 55 09 69 AA 89 6D 5B CE A8 62 D1 53 6D 68 5B 68 A7 86 9D 69 BA AB 97 51 59 
[   35332] ch50 r0 a3: A0 A2 88 24 34 40 49 2A C2 8A B4 55 82 D2 42 2A B0 96 B2 62 5D 0A 41 90 B6 B9 6B 15 BA 02 BC 55 
[   35363] ch50 r0 a3: 59 56 9A 86 A2 A3 90 25 5A 94 A1 4B 30 A9 5D 55 2B 62 55 54 49 4B 4B 57 49 15 A2 54 54 71 4B 28 
[   35405] ch50 r0 a3: 80 D0 11 A0 99 08 43 85 0D 4A 40 48 4C 17 A3 4A B0 F6 D7 56 AE 6A 6E 5A D4 A4 AB 3A 7B 52 95 BE 
[   35419] ch50 r0 a3: AA B1 C4 69 44 2A 04 04 89 F2 55 74 CD 55 2B 3A 6C 91 69 21 61 68 A3 19 07 1D 5A BC 08 39 E5 AC 
[   35445] ch50 r0 a3: 42 AA 96 95 55 F9 52 57 AD 03 15 4B 5A B5 16 5A 93 39 5A AC D3 23 9A D6 D3 4A 54 27 AB 54 EA D2 
[   35501] ch50 r0 a3: 28 00 C2 A9 52 8A 55 11 2C 97 59 54 6A 95 7B 56 DD 76 A6 1A D7 D9 1A D5 52 9B 54 4A D8 ED 55 74 
[   35547] ch50 r0 a3: 2B C9 21 2A 28 54 04 49 55 5A AA D2 AC A5 17 AB 66 DC D5 52 9C 4C AC B6 6A E9 AA 7E A3 76 D5 EE 
[   35569] ch50 r0 a3: 4E 8A 2D D2 56 BD 47 95 7E D7 8E DA BC 95 4B 35 D6 D6 95 B5 B5 3E 49 6D 56 ED 72 B5 04 9E E9 56 
[   35610] ch50 r0 a3: D4 42 10 8A D2 51 59 C5 55 31 5A 94 08 49 D5 11 81 14 A1 92 04 D3 8A 12 68 D9 94 1A 1A A2 C9 49 
[   35611] ch50 r0 a3: C5 C3 2A 93 24 2A 58 14 25 29 39 31 64 88 24 B7 AC 1A AA BA D5 62 42 4C C9 B4 88 4A CA 17 14 91 
[   35636] ch50 r0 a3: 0C 98 4A A5 77 36 AA 69 29 2A CD 65 54 AD B5 54 55 48 94 AB 62 B4 D5 42 A9 51 31 57 0B DA 95 3D 
[   35660] ch50 r0 a3: A5 61 53 42 2A 68 14 40 A2 84 81 2A C8 B4 A5 5A E5 2C 6C 92 86 13 6D 59 25 26 B7 14 2D CA 9A AA 
[   35697] ch50 r0 a3: 52 44 55 29 A4 05 2A 80 84 91 58 82 AA 21 41 20 C5 14 52 8D 2A 46 5A 24 40 D1 AC 8A 4C A1 26 28 
[   35717] ch50 r0 a3: 9A 1D 35 5A B4 6C 54 B5 2B 6E B6 08 3A F6 2E B5 2B 37 A4 A2 E6 F8 86 D5 A5 E8 A7 73 96 91 4D D6 
[   35752] ch50 r0 a3: D0 A0 84 42 0A 02 02 08 08 42 49 01 25 50 28 28 49 2A 2E E5 4D 55 D5 87 4A 94 92 E4 A4 68 88 9D 
[   35826] ch50 r0 a3: 42 00 00 48 00 0D 08 19 11 D4 25 10 B0 28 14 A1 69 38 98 74 9C C0 80 5D 04 08 5A 10 12 60 02 10 
[   35857] ch50 r0 a3: 3A 02 BC AA 48 22 45 92 42 B1 88 31 5A 2E 92 9E 15 2C 42 A6 95 2A AB 5D D4 3B B5 59 BC 46 CF 6D 
[   35875] ch50 r0 a3: 28 8A 42 A5 47 74 A2 81 28 86 09 92 D1 42 AA 59 7A C2 B1 56 D5 2A CD 76 54 5D D2 A8 15 4B 2B 45 
[   35895] ch50 r0 a3: 48 94 A4 14 84 20 A4 02 28 21 48 20 45 16 58 8B 04 29 0A 20 A2 00 29 28 22 0E A8 15 7A 66 8A A5 
[   35926] ch50 r0 a3: D6 5C 35 54 90 5A 6B 16 A4 BB 48 12 D2 D2 E1 5C 94 9A 95 25 95 AA AA 5D 50 54 8D 35 97 5A DC 5A 
[   35961] ch50 r0 a3: 94 B8 88 4C 98 92 92 49 51 17 50 2A 25 5A 92 C8 70 0B 2C 51 A2 A8 15 0B 54 41 02 85 02 0B A9 29 
[   35991] ch50 r0 a3: 42 11 15 28 25 64 AA 40 82 93 10 9A C7 42 02 AA C8 0D 44 A2 A1 E2 A4 90 91 C8 42 25 65 44 B4 A9 
[   36004] ch50 r0 a3: AA 34 94 66 ED 4C 8F 4A EA 9D B5 49 16 55 6C 56 43 4C 8A B1 6D 5B 4A 85 12 C2 6D 76 C5 42 E2 56 
[   36049] ch50 r0 a3: 85 4E 0E AC B0 95 55 AD 4D 4A 27 59 50 8A 55 B1 2D 47 89 B5 AB 69 0B 75 55 43 77 B5 B7 6B 13 6E 
[   36068] ch50 r0 a3: 4D 19 51 4B 47 DD 32 55 6A A5 40 0C 89 55 2A E2 34 C6 6A 49 A1 4D 51 68 8C 9B 53 4A 96 D6 A4 4A 
[   36099] ch50 r0 a3: 50 54 16 5A 95 52 46 48 4A 16 D1 8A DA 4A 76 8A 2C 2D 67 4C 4D 95 55 B9 24 C3 95 24 55 40 85 4C 
[   36119] ch50 r0 a3: 49 62 39 81 5B 75 AD 8C B7 77 5A AE 4E AE 59 D5 92 AF EE 6D 5D 76 AA D5 9C 55 5B 6A F6 73 5C A7 
[   36144] ch50 r0 a3: 15 08 51 04 20 05 41 2A E3 53 A4 11 B5 21 5B 95 55 A6 D6 A6 A8 D4 DD 4A D4 91 68 14 55 56 AE 90 
[   36156] ch50 r0 a3: 29 55 59 1B 15 6B 2D 56 DA A4 AA 62 36 66 98 35 5A 42 55 7A A8 AB A5 2A B2 29 4A A2 CB 2C 8B 4A 
[   36192] ch50 r0 a3: 88 25 57 69 53 68 52 A0 22 57 52 BD 96 85 5A A9 22 7A 2A 9B A1 55 28 54 B5 7F 82 57 DE B5 50 B5 
[   36193] ch50 r0 a3: C0 91 09 54 11 49 26 BA 51 4A 86 48 A5 45 30 AA 5A 69 0A 41 48 40 6A A9 6B 14 A2 56 00 26 B0 02 
[   36261] ch50 r0 a3: 90 29 9A A8 B2 58 B4 62 44 45 69 44 55 5B BE 52 5A D3 AF BB 52 C9 DA 7B 55 8E A9 D6 68 4E 42 8E 
[   36290] ch50 r0 a3: 05 50 02 08 20 8A 21 69 75 8D 41 E4 95 42 95 65 45 26 59 A2 54 36 2A 80 00 02 02 2A 48 84 21 00 
[   36397] ch50 r0 a3: 54 B2 A5 4B 42 54 B5 44 44 6A 5B 4A 90 A6 79 11 4C 20 91 2C 94 AA 0D 12 89 2C 4A 04 29 50 88 25 
[   36467] ch50 r0 a3: 15 50 44 90 20 2A 85 15 25 4A 13 55 4A 42 A2 08 21 52 86 10 83 4B 96 B6 DA 5D 42 B0 89 45 BA 52 
[   36470] ch50 r0 a3: 8D 05 02 4F AF 57 6D 0B 6A 99 29 C6 73 68 6A AE A9 0F A6 DF A1 B5 D4 D6 EA 99 4A BA 9D 6D 4D D2 
[   36498] ch50 r0 a3: 39 89 56 AD A5 AA 6B 5B 55 3A D5 5A 74 D2 B9 B7 D5 D4 6A 82 D1 46 52 CB 4D 25 64 B8 EB 12 CA DB 
[   36502] ch50 r0 a3: 8C 1A 91 88 A0 8C B4 15 0D E0 A4 1A 35 61 5A 02 57 EF 46 BA D6 FD B5 19 D1 55 AE AA 52 8A C2 9D 
[   36507] ch50 r0 a3: A2 A4 AD 55 4B 6A 84 B4 91 41 54 D3 4D A9 4B 75 9A 1A 32 A6 D9 14 14 5D 68 AA CC 66 0D A9 A8 A9 
[   36521] ch50 r0 a3: 09 92 85 4A 22 89 0A 55 15 33 89 16 3A 3A 8E 58 D9 23 32 7A E9 AC 5C 4A D0 48 BB 2F 8D 5B 59 5C 
[   36538] ch50 r0 a3: 09 CD 20 D3 D1 A1 51 8A C5 B5 49 02 62 88 82 96 41 1B A4 0A 11 A5 10 95 59 28 B0 0F B4 8D 48 89 
[   36579] ch50 r0 a3: 91 53 77 6A EC A9 A0 84 2A A3 25 55 15 35 EA 8A 40 AD 81 6A 94 58 29 2A 94 92 AD 51 12 D4 25 66 
[   36606] ch50 r0 a3: EA B8 BD 0D A6 AA AA 0E A4 B5 6A D0 00 AA 0A 29 55 2A A4 2D 5F AA A9 8B 6B 9A B6 5B 35 93 56 4D 
[   36629] ch50 r0 a3: 92 10 14 2A 14 A8 8B 05 14 AF 02 54 48 95 55 4C 24 42 0D 82 89 AA A4 A5 15 A1 12 A1 3A 52 6A 82 
[   36718] ch50 r0 a3: 15 14 2E AA 21 26 25 29 8D 66 4A 54 B5 35 2A 69 11 8A 50 48 42 9A AA D5 54 9B A4 A0 95 2D 58 89 
[   36742] ch50 r0 a3: AB AD 13 2B 98 4A 82 54 CA D1 56 CA B6 A2 28 A6 2A 9A 60 91 66 DA DA D4 29 46 D5 2B 06 92 9A 55 
[   36787] ch50 r0 a3: D4 E9 55 52 55 AB 53 AD 0A 92 2C 94 A4 99 21 63 49 B1 21 48 6C 54 81 44 92 22 91 0A 65 84 80 94 
[   36818] ch50 r0 a3: 85 66 16 93 AC EA AB 4B BA D6 AB 55 54 DE B5 D5 B5 55 6C AF D9 BE CA 4A 72 4C DA A5 03 30 B9 56 
[   36826] ch50 r0 a3: A4 51 A1 F5 54 A5 2A 65 28 88 A5 59 88 85 94 89 5A EE C9 D5 6A BD FD B7 B6 B6 BD 5B 57 2B 4D 8A 
[   36853] ch50 r0 a3: 79 2E 6A 92 B8 B3 54 EF D5 55 BA AA B5 D6 FB 65 40 89 69 0C 75 25 35 28 D0 48 25 51 66 AD 7B 59 
[   36879] ch50 r0 a3: A8 54 52 19 99 13 56 2B 95 6F 41 6A A6 65 24 4A AE 9D 64 29 5D 35 9A 4A 69 D1 B3 B4 3A 52 A9 57 
[   36880] ch50 r0 a3: 10 94 95 39 6D 46 99 47 C4 1D 56 75 7D 25 D2 6B 32 ED D1 D5 14 25 6A 3B 2B BB 4A BB D9 EA A3 D7 
[   36891] ch50 r0 a3: A4 8A 21 0A 52 5C 05 7D 95 57 77 6B 2F 75 E8 D5 7D EA FF FF E2 AA C3 C9 5A 5C 89 B5 44 8B 4B AA 
[   36920] ch50 r0 a3: A1 0A 33 4A 42 96 99 5A 05 49 59 40 14 92 95 4F A6 3C 56 9D A2 B5 4A 5E A9 14 00 CA A8 FC 22 9A 
[   36958] ch50 r0 a3: 7F AB DA D6 D9 DB 5A B5 45 5A B3 F5 B5 CD 4D AE B7 E7 75 5B CD F9 4A AF DF DB F5 A7 47 BA B6 8D 
[   36995] ch50 r0 a3: 14 55 A8 4A 64 26 24 88 05 52 52 91 66 8A 48 2C 86 90 92 29 44 6A D0 D2 95 15 63 19 45 14 AA AB 
[   37005] ch50 r0 a3: 42 D9 0A B1 2C 4A A7 54 B4 45 49 42 52 4C AA 24 AD 0D 21 64 A2 55 54 94 24 D2 59 12 11 62 49 44 
[   37013] ch50 r0 a3: 40 35 5A 42 4A 55 A4 4A 85 94 59 26 91 65 43 01 18 A5 2D 2A F2 86 28 55 52 A9 55 57 AB 36 B7 9B 
[   37060] ch50 r0 a3: B8 F2 C9 A9 89 C7 D2 AD 25 DC 79 87 12 93 50 BA 58 32 50 B3 75 B8 65 16 28 66 EA 78 36 7A 54 B3 
[   37088] ch50 r0 a3: 8A 89 54 A3 41 22 4A 14 21 22 22 85 10 5E 48 28 5D 51 4C 0A 84 A1 40 98 AE AC D5 2A EB 2A 6E 99 
[   37129] ch50 r0 a3: 2A 96 0A 02 22 D4 4A A9 B6 CB 22 91 52 8A 89 52 AC 9D 42 27 48 4F 4A AB 84 35 A2 BA 55 69 64 5A 
[   37152] ch50 r0 a3: 8C 11 36 2A 12 4A D6 48 A5 61 11 4A A4 DA 92 88 89 12 82 20 A5 62 55 54 93 94 25 28 49 92 44 D4 
[   37184] ch50 r0 a3: 44 55 49 48 A4 55 59 48 D5 54 AB 0B 35 5A 36 2D 55 6D 6A 8A 6A AF DE AE 7A FC 55 15 E5 5A 64 D5 
[   37247] ch50 r0 a3: 41 59 48 25 10 80 BD A4 B9 01 57 E2 26 D3 6D 22 95 45 9B 29 2B 19 A6 CA 6A B4 2D 45 27 6A AA 54 
[   37253] ch50 r0 a3: 95 44 50 89 25 84 25 53 01 8D 48 32 87 53 53 42 A5 8A AA B7 28 56 2E 8A 96 4A 85 93 24 C5 52 56 
[   37303] ch50 r0 a3: 00 03 28 92 88 04 84 28 55 40 12 94 E8 8A 31 3A 52 11 22 55 09 2D 0C 24 D4 A4 A6 42 2A A0 55 6A 
[   37308] ch50 r0 a3: 2D A2 6A 44 94 B5 28 29 55 26 44 A2 A8 A8 8A 74 B0 D6 C6 29 0A 49 15 45 51 25 1C 96 42 50 B3 A8 
[   37310] ch50 r0 a3: 87 14 94 10 4A C8 48 11 14 52 11 11 1C AA 40 88 82 50 04 44 50 11 08 90 44 2A A4 52 84 0A 05 62 
[   37343] ch50 r0 a3: AA A2 22 2A 68 D4 A1 80 E9 A4 59 22 41 AA 8B 09 29 54 2A 93 49 71 6A 56 8B 2B 42 8A C2 D7 55 22 
[   37357] ch50 r0 a3: 51 21 11 54 A4 A4 94 25 55 51 42 65 64 D4 53 A9 58 A3 14 CA 44 A5 11 4A 89 45 C9 45 54 27 A3 78 
[   37379] ch50 r0 a3: 52 89 45 49 55 A1 AA 81 24 AA D2 B5 2D 11 D2 B4 D4 85 65 AD 99 34 A9 A2 68 B5 50 87 15 09 63 18 
[   37383] ch50 r0 a3: 39 6D 78 DA C5 5C D6 95 B9 25 4D AA AB AF 22 BD D5 CA 59 B0 4B 2D 2A 86 71 9E 46 D3 14 94 D7 32 
[   37419] ch50 r0 a3: A4 41 55 62 13 A9 48 63 53 12 11 D5 24 8A 59 2A 96 8A A4 69 12 54 A8 01 24 92 4A D6 94 12 51 54 
[   37419] ch50 r0 a3: 95 15 43 A4 A6 55 64 49 42 52 94 5B BD 0B 2A 55 5A 95 AB ED E7 16 ED 2A A5 DD AC 8C DB 75 42 7A 
[   37464] ch50 r0 a3: 82 AA 0B 54 8A 03 C4 34 88 00 0D 59 CA 80 C0 45 A5 40 81 12 14 9D 22 01 40 A9 55 53 90 54 C0 88 
[   37537] ch50 r0 a3: 91 2A D2 AA D4 AC 44 A5 22 DA 09 98 15 12 A9 12 D9 85 A4 FD 6B C5 34 AA AC B4 9A E9 0D 2B 24 64 
[   37543] ch50 r0 a3: 8C 86 10 AA 83 06 62 16 98 B3 12 AB 96 52 5A A8 94 94 89 32 AB 1E 7A 28 D0 2A 11 47 5A 2A A5 8D 
[   37599] ch50 r0 a3: 28 C6 01 A0 92 48 2A 21 45 4A 10 50 22 4A 09 FB 60 52 AB 2E FC 6A 76 41 4D 35 AB AA 5B BD 8A B9 
[   37763] ch50 r0 a3: 95 02 49 50 95 82 20 51 4C 25 AA 6B D0 52 95 15 2A AE ED 4B B5 6E E8 D6 42 62 2B 64 43 EC A2 11 
[   37834] ch50 r0 a3: E1 2A 91 4A B5 6A 55 62 6C 59 24 A0 84 55 51 2D 54 14 99 94 6D C2 8B 29 4A D5 94 BC AA EA AA B1 
[   37848] ch50 r0 a3: 87 B4 A5 ED CF DF B1 96 FD 6E ED 74 37 BE FD 35 3D 59 F5 D5 4C F7 57 D6 DD ED FA FE CE 7F DA 2F 
[   37948] ch50 r0 a3: 13 96 22 2A 29 42 4C 35 54 24 5E 42 CB 4D 29 44 96 D6 64 B8 AD 15 51 57 51 A2 49 25 2D 9A 55 A4 
[   37970] ch50 r0 a3: 48 0A 82 56 20 25 42 84 49 AA 41 49 09 55 02 94 2A 00 A1 A5 14 22 B5 09 49 55 01 11 05 42 48 B4 
[   37987] ch50 r0 a3: A0 46 48 E2 72 62 99 04 A2 95 A9 02 53 0C AB 4A 04 6A A5 55 95 9A DA AA 4D 6A 55 A5 2E 94 AC B5 
[   38004] ch50 r0 a3: 97 59 4A C9 45 45 E2 B2 EA 2B 74 B8 C9 12 AA AB 55 55 B4 56 5E F6 EB 59 32 BE D6 A5 BC A0 FA CE 
[   38070] ch50 r0 a3: CA 52 26 59 50 48 A4 15 AA AA 56 37 05 0A 85 6A 91 A2 55 6D 4D 24 7D 55 62 8A 72 69 44 A8 F4 72 
[   38084] ch50 r0 a3: C8 D2 86 48 11 14 15 49 4E 08 55 C4 A4 2A 4C 8D AA AD 69 6D 54 B6 BA AA 25 C9 6A 85 29 1A BA 8F 
[   38112] ch50 r0 a3: D4 95 68 E4 C9 55 C0 C6 E5 46 6D 44 22 88 B4 A8 A4 A5 2D 26 2D 4A D5 A8 52 8A 29 52 EA 48 55 76 
[   38120] ch50 r0 a3: 96 DD D5 F7 6F D0 E8 AA 9B 65 36 0B C5 7B BD 53 33 5B 2A A9 58 0C B4 B2 77 DA C4 CA D2 BB 55 47 
[   38205] ch50 r0 a3: 48 AA 84 80 48 8A 41 30 51 80 CA A1 44 E9 00 C2 B2 64 66 C8 C6 AE B3 3A AA 94 2A AD 2A AA 5B 41 
[   38280] ch50 r0 a3: B0 91 62 A9 34 A5 62 55 BA AB A5 B0 8C FA CD 5A B5 78 BA CF 91 52 AB 9D A4 A6 A5 A1 43 45 C9 6B 
[   38281] ch50 r0 a3: 05 20 40 15 F3 6D 5F F7 AD 2A 51 46 D4 AD 52 AA E2 05 08 A9 84 A9 51 E7 22 6E B5 A8 85 AB 92 65 
[   38306] ch50 r0 a3: 4A A8 4A 17 4A 0A D0 41 1D 50 A1 59 55 70 96 48 8C AD ED 55 88 9B 7B A4 CD 83 34 A8 B4 15 6B A4 
[   38365] ch50 r0 a3: 94 84 A0 95 23 54 40 04 50 44 B1 52 5C C9 22 8A 41 6B 18 C5 F5 A4 D6 5A DC 9D 6E 2E F5 AA 82 B4 
[   38367] ch50 r0 a3: AA 1A 55 46 89 A5 54 C4 34 22 55 1F 6A 68 49 1E 2A AD B4 12 AA 94 B9 50 D4 D4 CB 4F 69 36 A2 99 
[   38370] ch50 r0 a3: 49 0A 50 00 41 44 40 A1 D4 15 11 24 09 02 DA DB 3B 65 EC D4 B6 DB B9 15 BC D5 AE 97 A5 15 52 BA 
[   38443] ch50 r0 a3: 29 48 98 19 5A F5 0A B5 9B B9 2C 6B 15 A4 AB 6D 76 5D F5 57 55 5B 55 B5 ED 5C AB AE D7 7F CD DD 
[   38493] ch50 r0 a3: A7 34 DD 52 06 68 70 C9 A0 52 AD 73 BE B5 2F 69 71 DD 5F 72 DE B6 AB 5A EE EA EB 6B FB 4C 14 E5 
[   38495] ch50 r0 a3: 20 4A 41 0D 02 82 89 05 0A 02 56 EB 76 E9 2F 5A DE AA 9D 4C EA 5A D4 A5 B3 2D 3D D3 57 AD EC F5 
[   38523] ch50 r0 a3: D5 4B 44 94 10 92 2A 50 32 4C AA 8E 08 AC 41 B1 6A D5 94 CB 0A CB 06 47 10 12 8D 51 28 D2 8B 49 
[   38525] ch50 r0 a3: 74 95 28 AA 10 95 30 64 DA AD 17 29 29 75 59 8C A5 15 4A 5A 12 AA 42 CD 45 A5 94 C3 D7 07 95 66 
[   38601] ch50 r0 a3: B5 A0 53 64 AA 34 10 D8 94 91 32 4E 42 BA 89 49 0C 89 20 1A 40 EA 83 42 A6 28 29 08 A4 86 CB 65 
[   38627] ch50 r0 a3: A9 08 01 69 69 5A 88 00 0E 08 A9 11 2A 05 54 52 69 49 A4 C3 2B 2A B6 CA C6 9B B5 4B 70 0D 65 77 
[   38639] ch50 r0 a3: 11 85 20 2B 22 85 28 50 A1 AA 65 87 83 15 5D 22 14 34 52 5D AA A9 C4 92 2D D9 B8 A5 56 A3 2E BA 
[   38646] ch50 r0 a3: C2 6B 90 91 40 65 2A A3 14 00 20 10 89 4A 97 AB 97 BE FB BB B7 FA D3 7E 7B D5 6F 6B 54 DE ED B5 
[   38646] ch50 r0 a3: D2 6A 50 99 40 45 0A A2 00 08 00 10 8E 60 55 BF 77 DF D5 EB F7 A6 75 AB F5 53 96 FB BD AE B5 37 
[   38783] ch50 r0 a3: EA DA D1 26 F9 88 A9 68 15 D0 AB 80 8C 59 E4 BB F2 93 AE AC 6C B3 EA 32 CA 62 51 50 A5 A9 55 49 
[   38788] ch50 r0 a3: 68 C5 25 B1 AA 8A A1 4A 6B 5A 4D 9A AB 2D 6A 9D D5 DA B3 75 D5 46 24 A4 F2 BC 2E 1A 55 D5 54 24 
[   38811] ch50 r0 a3: 05 0A 4A 24 15 5B 4A 8A 6C 94 F5 94 25 CE 9B 35 BA A9 E7 69 4A A6 A6 73 47 55 59 69 4B 55 6C 57 
[   38961] ch50 r0 a3: AA 49 4A A0 AA 94 D8 55 6A 69 42 AA A5 1A A5 A5 57 AC 55 69 5D 12 D7 9A D6 61 2A 95 5E 51 55 A4 
[   38979] ch50 r0 a3: E9 7D AD 75 4A A4 4D 4A 12 12 54 AA AA 51 25 54 6A AA 9E 61 A5 49 54 A8 61 0A E1 35 24 84 91 4A 
[   39016] ch50 r0 a3: 67 96 65 AE 72 6F C6 F6 3D 3C B6 33 07 30 62 D6 D3 16 75 D5 94 35 4E 88 AA AD AB 55 69 76 55 4A 
[   39056] ch50 r0 a3: 56 DB 34 2C A4 90 98 DA 82 0A 52 A5 4A 91 0C B8 91 24 A0 A8 88 82 C1 28 11 48 A1 00 45 60 AC 14 
[   39135] ch50 r0 a3: A9 54 D9 24 29 0A B0 CB 54 22 4A 65 20 52 14 A3 4A 5A A6 A2 A5 24 AA B5 24 8D 12 DA 08 F2 D4 36 
[   39156] ch50 r0 a3: 04 40 91 00 A3 2D 53 56 D4 95 4A 0D 42 21 E5 69 4C AA 94 49 44 4A A8 94 2A 82 10 45 22 85 D2 4D 
[   39175] ch50 r0 a3: 02 E5 19 AA AC 34 96 D6 4C 4B BD 55 EA 91 55 B7 3D DE F0 D9 6A 16 D7 55 AE 77 9D AA AF 4C 36 AD 
[   39181] ch50 r0 a3: D5 50 B2 A2 2A B8 C0 8D 70 AA D3 59 ED EC 65 A5 B8 95 AB B6 96 D5 A5 61 94 71 5D A7 56 EA A8 FB 
[   39182] ch50 r0 a3: 1A 05 85 62 82 B4 90 AA 25 1A AA 56 A4 B5 88 AB 6A B5 5D 5D A9 DB 1B 6A 85 AB 57 B6 25 2B 2A C9 
[   39213] ch50 r0 a3: A8 AA D6 73 5A B2 AB 65 82 2A 22 AB 28 A1 52 54 35 05 C8 A5 6B AD 39 52 AC 23 D5 CD 6E 52 85 58 
[   39230] ch50 r0 a3: 85 01 68 95 01 02 B4 A2 56 61 00 8C 08 55 20 A9 6A E1 24 48 A0 A2 11 05 44 AA 52 21 10 4E 01 22 
[   39231] ch50 r0 a3: 68 D3 10 D0 88 41 11 46 52 55 03 48 A0 90 45 6C 53 20 A2 A8 A1 14 A2 92 85 2C 80 CD 55 00 AA A5 
[   39236] ch50 r0 a3: 94 3B B6 14 45 5C 39 15 A0 00 C5 01 29 80 A4 2B 51 34 05 FF 41 2E A8 0C 9D 05 2D 24 C4 C5 48 88 
[   39240] ch50 r0 a3: 90 8D 44 40 2D 30 AD 24 A2 8A 96 2A B5 92 3A AD 15 54 5A B6 BA 71 AA 5A AA A4 B6 5D B5 9A AE 56 
[   39269] ch50 r0 a3: 50 01 3D 90 CF 24 90 00 1B 43 0A 14 45 27 01 20 AB CA AA E6 7B 2E 55 5E B3 95 56 A6 95 58 4A 28 
[   39323] ch50 r0 a3: 26 24 51 05 70 81 4D 25 42 0A 8B 8A 2D 49 12 92 B5 0A 28 08 29 7A CA 95 28 D3 4A 91 05 49 A9 AA 
[   39403] ch50 r0 a3: EA AD 97 34 A9 B4 B4 AA ED 4A B2 95 E8 83 4D 15 55 12 B6 AC D2 55 1A DE 97 61 B6 B4 55 69 54 FE 
[   39441] ch50 r0 a3: AC D4 95 02 40 E5 C8 AA 82 A6 34 4A 85 24 4A C4 23 52 A2 49 24 92 8A 90 A3 91 45 14 AF ED E8 B2 
[   39465] ch50 r0 a3: 4A 28 17 C4 92 91 25 0A 90 86 B0 21 54 95 45 05 20 EA 20 94 A3 0A 51 22 3A 02 A8 AD 02 8B 4A 04 
[   39473] ch50 r0 a3: 94 29 51 4D 0A 2B 14 9A B5 36 72 24 A2 A1 54 7A BA AA 95 4B 4E FC 8B AB AD 77 5B 63 B5 AD FF BD 
[   39484] ch50 r0 a3: B4 AC 85 02 4B 13 19 4A B6 92 A4 85 11 28 2F 42 81 68 2C 80 CA 89 0A 75 9B 6F CB 16 9A D5 AB 55 
[   39523] ch50 r0 a3: 6B 63 54 AC 55 9E EA 2A 35 3D 51 1D 4B BA A4 B5 62 15 79 47 A9 B7 29 2A A8 A4 AE AB 27 B2 97 B4 
[   39536] ch50 r0 a3: 51 28 92 B5 43 2A 24 2B A8 AA 59 09 54 AA D6 F0 D5 28 3F EA FB 6F DB 6E F7 6B A8 E5 B2 4A 5A 54 
[   39579] ch50 r0 a3: 80 92 D2 8E C5 32 85 55 48 83 85 12 58 04 02 92 04 91 94 A2 00 8C 25 24 84 11 03 24 24 A4 20 2A 
[   39591] ch50 r0 a3: 49 B8 AA 65 AA 24 22 2D CA 5A 05 EA 22 92 64 55 C4 84 A8 52 2A 2E 6D 6A C4 15 3A 55 6A A1 D1 A8 
[   39600] ch50 r0 a3: 98 3A 61 4A A6 A1 5D 91 25 22 D2 2E 5A C2 8A 2A C4 D8 55 58 B6 91 55 53 59 D4 6B 5D 26 B6 6A 75 
[   39636] ch50 r0 a3: A8 26 C5 54 E8 85 66 E9 AC 61 42 AE 61 08 03 88 52 8A AB 4A B4 EE AB 6E A9 54 B5 85 61 AB 95 A9 
[   39679] ch50 r0 a3: 62 A2 54 C3 52 44 05 15 28 44 EA 1D 52 A0 B8 46 91 10 35 25 42 12 82 AB 88 C8 54 17 1A 91 28 AB 
[   39726] ch50 r0 a3: 08 50 D1 00 29 A5 1A 8F 61 0C 59 28 44 C5 46 C1 9A 94 B4 01 50 75 42 B1 22 07 2A 32 C3 AC 90 40 
[   39732] ch50 r0 a3: 45 55 02 97 EE CE 8A 4F 99 58 C2 5E A8 2D 72 38 0F 10 D3 60 94 95 7F 0E 44 CD 95 38 FA 37 1F CC 
[   39766] ch50 r0 a3: 48 0A 29 C3 42 94 A7 7F D9 95 0D 2D 55 44 0A 0A E7 49 A9 19 AA 45 08 91 55 14 C9 06 82 A1 20 A5 
[   39772] ch50 r0 a3: F8 92 D4 EA 85 45 15 2B 68 44 DA 95 46 10 A2 D5 EB EB BA 55 94 49 56 95 EB EC AD AB AA B5 55 1A 
[   39780] ch50 r0 a3: 35 A8 A4 26 FA 02 C9 53 6D 5E AC 54 91 92 0A 51 B6 FE F1 52 A5 77 6E 41 25 AC B5 54 92 A2 A1 B2 
[   39816] ch50 r0 a3: 92 48 2A 2A 68 54 33 2B 55 5B 49 41 55 1A CD 4A 94 8C 52 92 94 56 A6 09 55 23 68 32 A9 45 35 05 
[   39841] ch50 r0 a3: 04 AD DA 59 D4 8C AA E8 02 48 34 9E B4 7F 2A DB 6D 53 A9 56 AC 2C 55 59 96 95 0B 94 9A BE F5 7C 
[   39876] ch50 r0 a3: 92 11 40 09 46 85 58 92 A5 0C A4 41 22 81 24 50 02 12 52 95 28 24 90 12 90 A0 0B 02 A5 21 40 6A 
[   39883] ch50 r0 a3: AB 6D 97 77 68 DB 81 9B 74 96 77 73 9B 1D 32 6D 8A F1 84 4A AA B5 A5 56 AE 94 BB 75 49 61 D0 D2 
[   39888] ch50 r0 a3: 5B 2A A5 22 3A D5 59 96 4A AB 2E A0 26 68 29 4C AA BA 62 6B 6D 55 2E A3 68 EA A6 6D D2 AD 95 50 
[   39897] ch50 r0 a3: 82 8A AA 2D 69 47 62 55 52 F4 29 24 A2 A3 54 7B 2E 9A 36 6C 8D 5C B4 9C B2 5A 5B 1A 65 65 54 04 
[   39914] ch50 r0 a3: 14 B9 12 83 25 11 B8 C6 91 60 91 1A 05 80 5A 91 C1 20 85 2C 81 12 AA 34 14 EB 02 12 91 50 21 22 
[   39919] ch50 r0 a3: 14 21 89 34 4A A1 5D 12 4A 82 A5 49 83 92 B2 2A A2 D3 0A 72 28 A7 54 15 54 D7 54 59 55 50 90 49 
[   39931] ch50 r0 a3: B5 12 29 29 54 64 58 50 50 4A 88 A8 D5 54 A9 09 24 A8 52 24 00 50 32 91 08 93 12 A2 15 74 26 51 
[   39942] ch50 r0 a3: 49 12 54 05 0D 32 CA A2 A6 55 64 A1 49 2D 22 13 52 AA A7 A6 8A F4 56 B2 29 53 41 55 53 4A D5 66 
[   39953] ch50 r0 a3: B1 55 20 2A 29 24 A2 69 25 56 A2 95 46 47 51 14 89 42 90 54 94 2A 0A 18 62 58 58 4B 4A 56 0A 88 
[   39958] ch50 r0 a3: 00 02 81 03 22 10 D5 44 29 14 90 A1 8A 15 11 14 A2 95 88 04 25 09 00 49 14 22 02 D0 AA 48 52 08 
[   39967] ch50 r0 a3: 99 85 42 97 A6 44 84 C5 32 A0 2D 28 05 38 94 23 13 2A 45 42 B5 44 A9 24 2A 2A 05 24 80 97 49 09 
[   39981] ch50 r0 a3: 24 57 44 46 90 48 A4 95 15 28 A2 92 91 49 48 B5 54 82 6A 8A A0 66 6B 23 A8 80 49 55 21 22 B5 28 
[   40002] ch50 r0 a3: 26 95 48 4B 1A 8D 4A 3D 55 2A 69 1A 5D 30 09 A1 32 A5 C9 02 B2 80 A5 18 27 4A D5 A6 4D 56 92 C5 
[   40003] ch50 r0 a3: 00 00 A8 10 41 40 85 6A AA D4 24 CE 49 A9 70 09 6A 05 14 5B 55 2A 54 AA 24 42 A8 52 13 21 14 45 
[   40066] ch50 r0 a3: 8E 96 22 22 C4 7F 4A FB 52 81 58 A9 34 3A 3A 22 CB 2D 78 4A C2 2D 42 24 34 8E C4 22 AE EE BA ED 
[   40095] ch50 r0 a3: 92 40 AD 48 D2 52 48 24 A4 95 D5 52 95 5A A4 2A D2 55 11 EC 5B D7 76 42 AA AD 47 59 49 75 A6 B9 
[   40114] ch50 r0 a3: 87 02 E2 A4 51 24 52 AA 16 6D 1A 15 4A 29 7D 55 21 4B 57 50 D7 5E DF FE FA FD 6E DD 5A F5 F6 59 
[   40133] ch50 r0 a3: 55 2B 55 55 B5 2D ED DE 4D 72 94 69 4E AB 68 94 AD 2B 5D 6A DE 2A 4B 03 2D A8 16 46 8C 96 B5 30 
[   40142] ch50 r0 a3: 00 5A 45 1A 00 8A 9A 40 0E 28 80 00 A8 84 68 1B 59 55 44 29 A9 56 94 85 C8 A5 32 81 44 10 5D A9 
[   40188] ch50 r0 a3: 72 4A 93 08 A2 D2 91 2A 54 02 42 A7 49 A3 88 0A A9 59 04 41 49 48 AE AB 5A 09 26 01 52 26 4A A8 
[   40234] ch50 r0 a3: B4 A3 34 76 41 94 D0 9A 31 56 D7 BE B5 6A BE 94 CC CC 6A 5D 69 94 B8 D1 AD 5E D6 36 36 CD 3A CA 
[   40289] ch50 r0 a3: 8E 80 AC 2F 71 34 BD 6D 6D 6A CA 6B 53 2A 76 BA A6 AA 62 6A BA 55 56 A3 A8 A3 95 51 A6 CA 88 D1 
[   40304] ch50 r0 a3: 64 18 41 41 0C 95 34 23 54 28 10 C1 09 0A C0 05 40 08 0C AA 84 48 82 54 48 A5 25 24 A9 D4 D5 AB 
[   40348] ch50 r0 a3: 42 25 60 25 40 2A 96 21 14 01 A1 80 78 D5 6A ED 55 C3 55 CB AA AE DA 73 4E EE CD EA D5 4D 95 AA 
[   40356] ch50 r0 a3: A0 49 40 44 40 08 45 6A 9D 56 AC 88 8A A1 54 A0 2A EB 56 4A B5 5C AC 2A DD 54 E5 22 92 54 25 A4 
[   40413] ch50 r0 a3: 58 80 72 A2 C1 55 02 4A D0 E3 29 CA AA 0D DD 25 22 46 6A D1 82 84 53 2A A5 D2 D4 50 74 A6 50 48 
[   40442] ch50 r0 a3: AA 76 CA 52 A4 62 22 45 28 A2 56 AB 32 AA D5 54 73 BA AA 4F DA AB A4 92 6B 5A F4 EB D5 49 26 AA 
[   40580] ch50 r0 a3: 37 65 12 54 16 2B 45 0D 05 0E 2C 90 31 15 25 0A 50 4A 1C D4 9A F2 F1 95 65 30 DA D5 52 EA F9 E4 
[   40674] ch50 r0 a3: 90 29 41 45 19 6A A5 10 A4 10 31 41 5C 55 60 F6 C3 4D 5A AC E9 B7 5A 68 9A 55 35 88 37 8A 93 D8 
[   40678] ch50 r0 a3: 89 D7 9C A9 2A 9A EC 40 0A DA 4C C5 5A B4 CA 89 D6 D0 B3 79 B7 B5 36 EA BB 6E B8 ED A7 42 F3 59 
[   40767] ch50 r0 a3: 71 45 4D 02 52 F9 A4 9E 4A 46 5C D2 EA B1 00 56 A5 52 6D A8 C9 54 A3 51 35 A9 59 62 8A C9 72 2B 
[   40772] ch50 r0 a3: 10 14 85 02 00 22 80 28 96 A1 53 10 97 45 4A 1B 2E DA BA 6C AF 48 9E 88 5C 5B 21 62 79 EA 5A A6 
[   40790] ch50 r0 a3: AA FE A9 6A A5 98 D3 26 AA 45 9A A2 AC B6 D5 1A 69 BA 5D C8 A8 20 19 46 94 4C 24 29 4D 45 A8 A9 
[   40822] ch50 r0 a3: A6 8D 6A D5 44 52 72 49 65 D5 4A DB AE DD 12 50 A0 95 03 A2 36 A8 AA A9 49 29 69 97 59 74 90 A6 
[   40831] ch50 r0 a3: 42 ED A4 8D 41 95 69 D4 9A A3 48 C4 95 6B 7B A5 28 D2 CA 6E F2 AC DC 9C AA 62 A5 4A 55 B2 DA D1 
[   40853] ch50 r0 a3: 40 A2 85 02 92 40 42 12 A7 22 40 90 54 A4 D2 15 00 75 E6 AB D7 57 AB 75 ED 6A AF 5F D7 EA F1 76 
[   40873] ch50 r0 a3: 86 06 25 55 21 20 2A 29 20 A1 50 71 15 54 AA 12 92 24 C1 4A 49 48 A5 44 48 2C A8 82 44 93 21 05 
[   40899] ch50 r0 a3: B2 8A AD 50 4A D1 59 D5 2F D4 D6 AA 2A 4E 85 41 74 A5 9A 89 69 0C 69 53 5A 2A A4 0A DC BB 23 EA 
[   40916] ch50 r0 a3: 80 85 12 0A E4 0D 58 5A 54 54 8E 95 59 52 24 8C A9 62 41 51 53 4A 92 8A 4A 50 48 AA 2C 22 2A 09 
[   40937] ch50 r0 a3: A0 B4 4D 54 AA AB 30 49 44 64 58 85 92 40 64 51 20 45 81 2E 89 31 0A A2 D4 94 D5 14 B1 7B 4A FA 
[   40942] ch50 r0 a3: A2 2D A9 52 35 54 DB A4 DD 53 53 35 56 5A 9C 24 EA 2D 17 56 B2 AD 6A 28 D5 4A 15 54 4A 9B 52 29 
[   40944] ch50 r0 a3: 92 CB 14 B3 13 39 53 2A 6A EA 55 21 55 13 41 42 1D 29 0A 65 60 D4 A4 54 32 94 27 44 B2 A1 28 08 
[   40995] ch50 r0 a3: AA 9A 55 A9 97 49 54 E4 A5 34 36 21 5A E5 25 89 49 32 AB 54 85 56 FD 54 53 56 56 9A AC F5 28 E6 
[   41049] ch50 r0 a3: 44 C0 F4 41 89 5D 95 2D 2D B5 56 AF 75 1E B5 ED 3B 96 EB F6 F9 13 2C D7 26 B4 95 95 5C AB 7D 49 
[   41058] ch50 r0 a3: 0B 42 08 41 26 04 81 88 20 4A 02 14 08 40 00 52 60 50 42 50 11 42 21 4A 0A A2 C6 A3 26 09 A1 8E 
[   41073] ch50 r0 a3: 2A 60 48 4A 91 A8 2A 88 82 00 26 AA 96 9B 9F 29 B5 2B 55 79 CE 9D 85 2D 2D 55 5A BD A2 3A 57 52 
[   41100] ch50 r0 a3: 45 A5 10 AA 28 52 31 05 A1 55 06 A9 54 55 A9 6A 95 15 51 5A A9 FA CE 89 DE CC F5 75 92 AA BB 6D 
[   41102] ch50 r0 a3: 1C A5 A9 5A D6 59 24 0D 13 D4 A6 2A A9 53 C7 14 53 71 44 2A D0 14 F1 9A 55 46 21 09 45 02 B3 45 
[   41112] ch50 r0 a3: 92 82 D5 14 A9 48 A5 45 0A A2 0A C6 AA 0C 54 50 92 24 B0 D1 02 88 48 A5 49 59 01 41 10 0C 4A 21 
[   41118] ch50 r0 a3: 18 10 8C 00 02 88 4A A4 09 05 50 12 48 02 41 29 10 52 44 04 5A B5 5B 59 4B 08 D0 52 53 24 BD 53 
[   41144] ch50 r0 a3: B2 45 53 6A 8A 94 92 01 A2 56 A2 34 28 54 D4 E5 B1 2A 12 21 56 E2 84 49 28 86 00 9D 54 05 56 D8 
[   41155] ch50 r0 a3: AA B4 69 1A 54 E7 95 6B 98 AE A2 B2 1B 6F 17 AE C5 85 92 95 5F 58 B5 4A AD 4A A3 CB 69 4A BB 42 
[   41170] ch50 r0 a3: 09 4D 92 A0 40 4A 45 90 A2 0A 84 55 14 4A 85 40 A0 04 58 AC 8B 51 2A 20 8B 48 8B 41 00 02 55 19 
[   41274] ch50 r0 a3: 55 42 AB 14 92 12 CA A9 42 5A 4B 2E C4 A9 35 75 54 1A 05 53 0A 4D 2A E5 5D 68 15 8B 45 95 73 6A 
[   41313] ch50 r0 a3: 82 16 90 A4 EA 14 8D A0 D3 32 90 96 A1 E1 A6 58 F6 B5 41 29 62 65 64 FD 4A 9A A6 A8 54 09 43 65 
[   41327] ch50 r0 a3: AA CA 90 31 E4 A2 52 AB A9 84 33 B8 AC 62 53 58 A9 4B 2C D3 54 35 54 17 54 53 A9 2B 56 DC 06 D1 
[   41337] ch50 r0 a3: 42 6B 35 24 82 8A 42 D6 35 A9 2C 89 62 D0 D4 4C 85 52 16 8A AB 84 68 97 4A A5 02 45 E5 5B 2D AA 
[   41425] ch50 r0 a3: 8D 25 98 AD 4A 8C A4 28 16 11 44 95 48 10 8C A1 43 08 B6 2A C5 45 06 A1 44 90 20 92 12 09 19 61 
[   41448] ch50 r0 a3: A5 6A D2 21 96 7A 42 95 59 16 A2 56 A7 6A A7 FC AD B9 2D 55 A2 6D 56 7D 2B 9A AB 55 8A DF AB 92 
[   41465] ch50 r0 a3: 55 A3 21 6C 08 0A 80 80 5A 98 49 21 0A 85 54 A2 58 93 08 2A 05 72 A0 94 02 18 46 55 25 76 90 28 
[   41481] ch50 r0 a3: 8A 4C B4 A4 AA 92 88 A2 22 14 C4 54 34 22 91 0B 02 25 44 4B 88 B4 B2 D2 C4 4A 22 94 62 A6 8C A9 
[   41482] ch50 r0 a3: AA 2F AD DE AA D4 02 89 D5 CA 94 B3 43 44 69 29 2A 92 8B 0A 75 63 5C AD 2E 55 F5 DA D2 D6 AA 5A 
[   41495] ch50 r0 a3: 00 00 48 80 00 08 2C 14 4C D0 96 49 95 62 AD 6A 02 D5 91 5A 49 A4 AB 00 68 A0 45 51 41 CB 54 AA 
[   41519] ch50 r0 a3: 26 28 90 2A 64 06 04 08 A8 54 D0 A8 D0 96 32 22 14 08 90 29 54 A3 51 4A 0B A8 A9 15 48 B5 3E 2D 
[   41571] ch50 r0 a3: B1 90 12 C6 19 4A 10 02 10 42 4A AA 65 62 2A 8D 08 D4 C7 4A 68 BD AE 09 AA D5 18 AA E5 6B 30 6B 
[   41591] ch50 r0 a3: 85 B4 A6 0D 2F 84 9A 56 C9 26 A4 55 28 02 84 06 54 CA D7 59 6A 12 00 36 25 20 4C 89 39 56 A9 86 
[   41653] ch50 r0 a3: 00 16 D1 22 AB A9 BA 55 7A 9E A5 AD 2F 2D 36 CE AD E4 A5 75 15 D7 53 25 6C A2 AA 52 96 A1 27 55 
[   41689] ch50 r0 a3: 28 5C 80 02 A9 A2 24 40 A4 1B 09 08 08 22 C9 41 A0 62 91 55 46 95 2A 4A 4A 18 B1 4E 2A 49 41 45 
[   41792] ch50 r0 a3: A4 55 82 A9 0A 92 73 54 A5 19 8A 0A 81 01 04 15 9A 2B 06 A8 94 64 42 2B 48 5B 56 A2 AE AA AA A4 
[   41807] ch50 r0 a3: 15 A9 81 45 54 86 26 D2 EA 91 1F DD 14 AA BE 78 11 47 5E E4 59 8B A2 AC B9 49 9A FD 0B 69 12 87 
[   41835] ch50 r0 a3: B4 8B 12 A2 53 93 25 42 96 8D 64 69 4A 4A A5 4E 48 55 98 60 44 95 53 6A CA 31 45 53 64 AD 49 43 
[   41861] ch50 r0 a3: A2 56 D6 B2 FA 59 4E 2A DA 55 9B 54 AA 35 62 45 53 44 21 6A 29 4D D1 EC 88 93 53 64 E1 26 6B B2 
[   41863] ch50 r0 a3: E9 84 15 37 A9 69 EA 51 15 57 AA EB 4D 89 D5 58 B2 AA 9A 56 C2 CB 69 B1 52 B9 B3 CA 2A 91 4A BE 
[   41886] ch50 r0 a3: E5 49 6A 88 A2 D3 65 55 4C 55 8A 94 9B 2B 50 AA E8 2A 93 2E DB 60 54 86 9B 5A 68 40 56 69 52 CA 
[   41890] ch50 r0 a3: 25 02 4A A9 68 8A 2A 55 71 35 B3 2C 55 13 28 68 A5 4A 91 DA AD 5D 4A C5 6A A6 CA AA 97 69 A5 56 
[   41906] ch50 r0 a3: A5 96 EA E0 A4 AF 57 12 56 A7 01 92 40 2A B6 A8 AA B9 12 29 A9 55 DA 5B 93 2C 15 7A 88 4B 52 B1 
[   41960] ch50 r0 a3: B2 89 54 B3 87 32 AA 91 14 01 92 44 AA 02 88 02 C0 0B 2A D3 D1 2A 01 66 91 15 4D 6A 40 B4 02 44 
[   41988] ch50 r0 a3: AA 6A AA BC B5 66 D3 A9 5A B5 AA 10 D2 94 6A FA AD EB AC BB CB CC 75 57 55 2E AF 56 DC 7A A6 E7 
[   42025] ch50 r0 a3: 9A 62 12 89 42 01 28 89 55 11 0A A0 75 05 58 8A 94 40 2A 0A 64 11 83 28 A2 92 AA 90 09 44 05 28 
[   42029] ch50 r0 a3: B4 95 2A 65 21 AD 59 49 6A AA B4 95 0C B5 0A 94 05 35 41 2C 4B 56 49 2A 4E AD 50 08 52 8D 4C 82 
[   42029] ch50 r0 a3: A2 AD 55 16 50 C4 76 87 45 1A 95 9A A0 20 29 04 93 16 46 88 21 52 46 0D 9A 1B 34 F8 23 28 85 55 
[   42054] ch50 r0 a3: 9A 44 8A AA 9A ED 14 6A 51 69 A6 D0 99 7C 44 B6 52 ED 16 5A CA 99 58 AD 44 46 A5 55 1A 0A 4C 88 
[   42058] ch50 r0 a3: 58 52 92 94 B1 4B 94 15 4D F2 C6 92 91 48 52 22 D6 D7 69 52 C5 0C 59 2D 86 89 46 92 AA 55 40 5B 
[   42066] ch50 r0 a3: 6D AD 54 B2 A4 D5 6C 54 82 8A 9A 89 4E 55 49 40 6A AA 06 8A 76 92 C9 2A 92 91 2A 94 CE B0 56 EE 
[   42073] ch50 r0 a3: D0 40 14 D7 B5 8C D5 40 3C 78 09 D3 40 36 1D A6 95 12 4A 64 99 AD 9F B2 BB D3 59 7B 92 ED FF B2 
[   42108] ch50 r0 a3: CC 2E 94 14 6B AA AA D4 24 A3 0D AA 28 AF 42 49 C5 09 AA AC DB 42 93 43 DA A9 42 22 A4 AA 9D 13 
[   42147] ch50 r0 a3: B1 28 52 52 55 5C 95 79 6D CD A6 C9 7B 2A 69 65 E2 1B 55 CB AA 95 45 11 2A AA 49 2C B4 55 0C 82 
[   42287] ch50 r0 a3: 21 2A 8A 61 05 04 91 41 6A A4 90 85 08 82 AC 8A 0D 14 53 04 09 84 10 6A 08 A2 02 22 AC E5 5D ED 
[   42311] ch50 r0 a3: 54 9D 82 73 26 9A 6B 51 49 68 0D CC B6 04 81 54 52 A1 55 52 89 56 EA 4D 25 A5 42 52 8A 05 24 28 
[   42332] ch50 r0 a3: 44 D6 92 94 35 22 54 55 89 C9 04 28 9B 68 22 A2 B2 A5 22 20 A2 9A 92 6F 44 10 F0 24 92 49 4E AE 
[   42373] ch50 r0 a3: 4A 94 A2 6A 72 1A 89 5A 49 62 8D 84 90 C2 94 A0 15 00 51 41 48 44 2A 04 82 CA 64 4A 48 B2 41 61 
[   42384] ch50 r0 a3: 9E 75 0B 2F 97 5A C2 17 10 A2 E6 EF 2D 90 2D 93 B6 0D 55 C2 2B AD 87 62 95 65 4E A7 39 8C 8E 7E 
[   42414] ch50 r0 a3: A6 D5 28 6B 65 82 12 D6 91 94 D3 0B 62 C6 11 54 A6 94 13 8B 24 2D 4A 6A B3 97 48 D2 14 95 15 7A 
[   42434] ch50 r0 a3: 52 85 2C 64 19 12 96 B0 9A 6C AD 6A 95 6A AD 84 A8 A5 85 20 D9 17 55 99 73 56 BA A3 49 AC 92 65 
[   42452] ch50 r0 a3: 05 9B 62 98 8D 05 6A 19 55 36 AA CA 42 A8 B4 34 46 33 52 A2 82 A8 4D 14 51 92 AA 52 CA 8A 50 2C 
[   42532] ch50 r0 a3: 0A 2A 94 B5 AA 56 92 22 2A A9 58 5A C5 2A 12 52 B4 29 72 AA C9 54 B4 D9 76 6F 56 B6 C5 A9 2A 5F 
[   42569] ch50 r0 a3: A1 6B 15 68 28 95 49 AA 4C E7 64 44 48 85 59 42 69 55 90 48 51 14 19 1A 50 A2 AC 50 43 04 54 6A 
[   42570] ch50 r0 a3: 88 89 41 0C 0C AA 95 4A A5 41 29 04 13 25 60 AA 24 48 36 5A 55 2A 51 AB 6A 8B 25 9B 45 6A 97 D4 
[   42583] ch50 r0 a3: C8 B4 19 1A 2A 94 A8 81 45 18 10 95 A5 24 59 6A 94 EB 5A AA 6D 1B 67 2D F8 EB 61 52 BE B6 BE 6D 
[   42606] ch50 r0 a3: 89 29 A1 42 08 81 14 1B 50 14 28 89 52 80 00 08 40 40 42 C0 C0 09 54 06 8A A6 43 28 48 85 0A 23 
[   42617] ch50 r0 a3: AC 2A AE A2 46 3D 51 56 A3 AD 14 23 1A 51 51 98 9A A0 92 8A A0 B1 59 4D 31 4C C1 01 65 44 51 A4 
[   42635] ch50 r0 a3: 1A 8A 10 A1 D7 4A D3 79 21 29 56 A9 A6 5E DA DA 73 52 AB DB AA D6 A5 6B A2 AA 95 9E A5 53 A2 D6 
[   42654] ch50 r0 a3: A9 51 09 25 68 0D 54 A0 71 AA 95 AA 94 1A 02 8A 92 4A 24 95 42 4A 24 D1 15 C3 54 A9 F2 AC 1E 92 
[   42740] ch50 r0 a3: A6 4A A5 65 56 A4 B5 5B A4 4B 54 C2 95 49 4A E9 51 5A B0 88 86 6D 57 B5 69 F6 68 D4 96 4B 6F B9 
[   42746] ch50 r0 a3: 50 AB 77 59 DA D5 D5 ED ED BE FE AD D7 B5 77 AA B5 AB 2A 7F 5A 60 45 0A 54 56 EA 75 75 36 A5 25 
[   42792] ch50 r0 a3: E8 4A 6C 16 8A 65 D1 55 D5 70 33 4D A1 B2 05 8E 47 05 E2 1A 2A 36 E5 67 6B 25 EF 97 72 42 DA CD 
[   42819] ch50 r0 a3: 0B 54 1A AA F4 AA 5D 2B A2 2A 76 AA 2B 4B 29 41 24 69 16 D6 B3 0B 52 46 94 51 94 2A CD 46 5A 5A 
[   42884] ch50 r0 a3: E2 CA 8D 29 52 CA 35 12 48 62 40 52 A3 55 2A 8D 63 C8 A6 02 AE B3 79 F4 AB 05 33 01 41 24 2A A8 
[   42912] ch50 r0 a3: 95 59 99 41 57 12 93 22 45 22 DA 82 ED 54 D6 8A D8 A6 49 57 55 AD 2A 92 2A AC AA 75 0A A5 CC C9 
[   42913] ch50 r0 a3: 7E D6 C6 B6 AA EA BD D3 6A 5E D6 EF 67 BD D6 6D 5F 6D 25 BD D7 6D D5 B9 77 B6 D5 A5 AF AD 58 EB 
[   42917] ch50 r0 a3: 12 B5 6A 94 AD 8D D4 74 2A 73 A9 42 A5 2A AB 4A A7 55 35 56 95 5A B2 95 D5 95 5A AA A5 6A 9A 95 
[   42987] ch50 r0 a3: E7 95 C1 5C D1 1A B3 91 43 57 24 A3 A4 4A A4 95 EA 2D 25 65 55 7A 48 F4 4D 44 CF 4D 4A 95 3D 56 
[   43062] ch50 r0 a3: 55 5A A1 A6 14 91 00 00 45 02 03 34 0C 08 98 94 E4 83 11 6C 6C 09 A9 10 08 90 1D 20 13 A5 02 00 
[   43096] ch50 r0 a3: 25 EA 8A E4 81 9E 0C 47 20 14 5C 90 6C AA B7 6A BA A4 42 12 4D 43 12 94 68 04 4D 91 48 06 54 AC 
[   43132] ch50 r0 a3: 48 90 43 70 81 70 44 52 85 2A 55 45 25 75 6F 5F 6E D6 DB A2 A5 E7 94 4D D2 47 8A 9A 94 92 35 52 
[   43136] ch50 r0 a3: D4 01 88 AC 44 85 5F 4A 35 0E C3 38 A2 40 89 42 8C 81 15 7A 2A AA 9D D2 DD AD 7B 28 CC 27 91 B0 
[   43151] ch50 r0 a3: C4 EA A6 AA 96 52 95 42 DD D5 BC 91 3A 55 2D D6 D5 19 A6 ED BB DA AA 7A D5 9A BB 6A 6B AD A9 4A 
[   43166] ch50 r0 a3: DA 45 0C 49 50 CE A1 0C 51 00 4C 45 55 80 80 09 36 81 5B 56 36 D7 C2 B4 92 49 0B 54 A5 81 95 54 
[   43209] ch50 r0 a3: 09 08 2C 8A 24 45 A4 A5 A4 2A 25 60 31 22 88 25 24 1A 18 A8 35 8D 50 02 93 50 66 22 D7 0A 44 A8 
[   43307] ch50 r0 a3: 40 25 6D BB 52 B3 40 8F F8 0A FA D9 A8 F8 51 55 BB 36 A5 55 36 D5 5A 65 48 81 2A 52 6A 93 6A AA 
[   43338] ch50 r0 a3: B6 38 8B 6B 93 E8 01 3F D6 75 9D 7F 9F 50 CC CD 18 FD 0A 83 40 9C 59 AD 30 EE 1B FD 97 A6 AF 3B 
[   43477] ch50 r0 a3: 49 2C 69 42 28 90 16 AB 21 01 E9 44 49 54 A5 4D D2 41 91 22 44 12 C2 91 43 5A AE 42 A5 E3 6A 2A 
[   43483] ch50 r0 a3: 24 2A 48 A2 A8 55 18 7B 04 AA 95 5D 52 5A AD 56 BB 2E A5 D2 AF AD 55 75 31 17 42 D1 62 D2 A8 14 
[   43565] ch50 r0 a3: 91 15 17 CD BF 56 DA 2D 14 6D D1 D4 08 B1 38 F4 45 3E B4 88 BD 5E 1A D1 04 B2 51 ED BA 2B DF F3 
[   43595] ch50 r0 a3: 84 49 45 25 04 68 94 25 A9 2A A5 68 21 1D 01 22 49 6A 10 A5 D2 25 6B 8A D6 D1 04 25 35 25 26 93 
[   43597] ch50 r0 a3: 12 4A 6D 6F 5C AF 69 55 56 8D BC A5 74 D1 24 77 BA 70 96 5C F8 16 AC 89 2A AC AA ED 13 C5 09 45 
[   43618] ch50 r0 a3: 52 55 52 45 7F FD D4 96 F5 FD F5 A4 20 AA 85 64 21 49 AA AD 8D 4F 2E 9A A9 8E EC DA EC 35 75 CD 
[   43668] ch50 r0 a3: B3 95 E9 A8 88 91 8F 6C A3 CE 5D 32 BE 06 0D 3E F9 64 06 DE AE 93 7F FF 7E FB 7E EF EF 5B 7B A1 
[   43678] ch50 r0 a3: 02 A9 11 01 00 A5 1A 6A BB 52 58 10 86 A5 94 CA 52 46 98 8A A9 54 B1 12 95 89 05 15 62 59 24 15 
[   43684] ch50 r0 a3: D5 2A A4 BB 55 08 AD 2D 14 95 91 86 45 5A DA 9A 99 55 4B B2 A5 59 88 34 CA 5B 45 6B 44 90 50 69 
[   43734] ch50 r0 a3: 94 FE D9 DA AD FB 35 2D 6B DA 82 D7 23 80 F1 0D 36 09 49 57 F0 F9 DE E6 54 F6 C7 F0 EF A5 1B F2 
[   43741] ch50 r0 a3: 43 A3 E9 98 7E 05 9E B8 4E 6B 50 E0 5C 4B 02 9B C7 55 6B 74 7B 05 B3 EC 1E 30 AA AB FB B7 AA B7 
[   43757] ch50 r0 a3: 25 75 8B 0D 47 3B FF B5 CD AD 43 AD CF 3F 75 26 30 83 66 C4 CA 71 2D 5D CA 73 B4 78 F3 B8 C0 15 
[   43758] ch50 r0 a3: C8 18 2F 82 88 7B 05 C7 E6 6D 4B 35 9C 14 6D 3C 49 77 B9 14 49 12 06 EF B8 4B 9E D6 C8 A3 BF 45 
[   43801] ch50 r0 a3: C8 52 02 91 71 02 A1 04 85 54 48 8A 44 10 A9 11 A2 49 C4 45 14 32 E0 95 0A D0 91 34 50 91 12 E9 
[   43846] ch50 r0 a3: 9C BF CD B1 7B FC C0 AF F4 A2 6C 94 3D EE EA 7F 65 8C 0D B3 75 DA 89 0F 7F 59 6A 24 D6 16 88 15 
[   44025] ch50 r0 a3: 05 5A 50 00 A2 44 31 4A 00 91 4A B2 81 92 2D 14 20 02 41 09 52 34 82 08 44 81 10 92 10 20 8E 8A 
[   44029] ch50 r0 a3: 77 25 67 35 DB 59 F2 A8 A5 66 B2 B5 59 46 3A 72 44 5A F7 45 B6 25 C5 48 86 CA BA B4 18 2C BA 1B 
[   44053] ch50 r0 a3: 19 26 97 30 15 51 7A BD DD 5D D5 EE F5 75 75 A8 92 63 3C 77 0C A7 D4 52 94 A1 00 48 D0 80 02 0E 
[   44110] ch50 r0 a3: 2A 02 FE F5 F9 77 6B EB 6E FE A9 9D 2B 25 8A B8 C8 D5 6A 52 53 B4 32 B5 2B B6 DB 3E 76 5A 92 2C 
[   44122] ch50 r0 a3: E9 00 28 C0 44 21 00 14 00 0B 49 15 0A 29 04 24 80 09 48 8D 56 A4 AA A4 D5 81 99 2A D9 0A D5 44 
[   44124] ch50 r0 a3: 4C 57 55 56 A0 C2 26 92 59 44 08 0A 20 16 0D 02 04 48 51 4A 24 94 A0 13 92 61 4A 45 12 A4 08 A4 
[   44166] ch50 r0 a3: 80 1B BA 4C 75 64 BA 58 08 E6 EE 54 DF 12 6D 70 E7 82 E1 3A F9 F7 C7 69 2A 51 2A 4C 97 4D AA 62 
[   44166] ch50 r0 a3: CA 74 46 CD 9A D5 07 4D 5C 93 59 72 5E A0 15 96 55 40 E5 D4 32 04 FB 78 4C C7 96 5A 72 29 25 3F 
[   44204] ch50 r0 a3: D5 4D 55 56 7F 5A A5 E3 25 28 2B 5D 48 C4 8A 53 4A 6D 5B 9F 49 EF 95 29 9A 02 A5 46 CE AA 86 AA 
[   44241] ch50 r0 a3: 41 42 14 02 22 14 4B 16 31 12 54 50 60 C9 0A 7E 38 99 24 7B 52 70 76 62 A9 75 B9 FE 50 6F 05 AE 
[   44262] ch50 r0 a3: A2 A1 56 4A 26 81 A9 05 4A 54 92 82 8A 35 52 41 22 24 06 13 98 25 4A 14 8A 42 96 19 04 AA 34 C8 
[   44267] ch50 r0 a3: AA 09 2C 8A 6B 54 A9 49 65 2A AB 4A 06 A8 11 12 A3 A7 21 21 6A 15 3A 55 DA 2C AB A9 4A D1 7A A9 
[   44278] ch50 r0 a3: 58 0A 82 95 48 A1 12 42 82 42 08 B2 00 AA 01 0A 80 5A 24 52 80 14 24 A4 29 2A 11 22 6C A2 05 56 
[   44309] ch50 r0 a3: 52 0D AA 4A 50 04 32 5A B0 8A D2 8A B1 A4 56 A6 2C 8A 6A 42 E6 4D A4 22 45 53 53 CA 92 5D 0A 90 
[   44313] ch50 r0 a3: 92 B7 59 8F 55 12 05 20 AB 5A AA D5 91 B7 D7 00 D5 39 2E D0 44 A4 92 8A DF AC E7 16 32 AA 94 45 
[   44393] ch50 r0 a3: 92 8C 85 13 10 F6 51 20 A4 B2 B2 30 53 28 51 55 30 A2 46 96 25 97 55 05 5C 44 DC 5A 99 A5 50 E9 
[   44394] ch50 r0 a3: AD 62 61 55 7A 6B 6A 61 94 91 56 A9 74 6A AA 25 8A 93 18 A9 3A AA 44 EA DD 91 51 57 6C EC 4E 15 
[   44473] ch50 r0 a3: 5A 55 A9 55 51 95 CD 24 51 35 54 AA A5 75 B9 AE ED F5 AB 97 85 D5 3A AA D5 D5 38 55 6B 55 FC 93 
[   44475] ch50 r0 a3: A1 44 0A 94 62 84 A1 13 42 51 15 12 58 8A 55 94 84 B5 4E 22 95 99 21 44 8A 5A A3 40 48 52 14 2D 
[   44496] ch50 r0 a3: 10 40 80 08 80 02 40 94 53 27 49 4A 11 54 54 50 AA A2 EA AA A7 DD 29 49 55 4D 56 55 AB 58 CD 35 
[   44500] ch50 r0 a3: 93 48 4A 42 55 A7 42 94 AA 52 6B 61 68 B2 AA A5 49 14 9C 99 55 42 B9 6A 2D A6 F8 A9 35 6A 4B DF 
[   44516] ch50 r0 a3: 4A 46 6C 08 09 21 52 3A 27 AD 5A F5 D2 AD 8D DC 52 54 92 49 6A 18 A1 51 D5 48 A9 14 8A 51 44 53 
[   44547] ch50 r0 a3: 22 A2 4B A4 A5 94 81 6A 48 D2 AD 21 53 AB 15 15 69 A9 28 45 5A D9 86 B6 D5 45 C4 90 8A 2C 35 5A 
[   44590] ch50 r0 a3: 10 A5 2A 51 24 AA 35 28 85 42 B0 9A 08 C4 44 00 88 22 21 51 00 B1 21 01 67 52 C2 B6 DA A8 AD 5F 
[   44632] ch50 r0 a3: AA 2A 31 4C 82 D4 88 C5 19 31 65 13 52 24 63 49 DD 29 0A AD AB 2B 1E 54 C8 2D D1 34 8A 4A 48 A4 
[   44647] ch50 r0 a3: 67 8B A9 CB 26 2A FA 57 D3 DC 0C AF A5 2B 4E 47 A9 82 85 03 74 9D 60 22 B3 BE 2E 57 BA 74 A2 62 
[   44676] ch50 r0 a3: 8D 25 64 89 61 B1 5F 97 59 A6 A5 D7 4A A6 12 55 3A 92 12 B5 A5 25 6A A9 22 49 69 54 58 B0 00 93 
[   44677] ch50 r0 a3: 08 B2 90 DA 2A AB 6B A6 FE 35 6A AD 8B AA 6D A8 AD 5F 35 7B 66 D7 7A 93 4E 9B 0D 5A 30 CE 74 97 
[   44712] ch50 r0 a3: 64 4A 69 4A A4 A8 D4 0B 49 52 54 C1 09 54 A4 B2 11 35 41 65 51 C3 B3 2B AA C5 15 04 94 45 28 E5 
[   44736] ch50 r0 a3: 51 A5 D6 D0 8A 1C C1 15 4E 5A 23 17 16 AA 7A B5 45 12 A1 45 28 AB 20 C8 42 79 42 AD 01 02 03 68 
[   44779] ch50 r0 a3: 52 A3 2E A1 52 29 11 25 40 15 0D 6A B0 92 49 42 52 AE 21 A9 25 68 45 45 92 12 45 54 84 B4 A5 8B 
[   44788] ch50 r0 a3: 00 01 68 91 55 D4 EC CD 64 B5 2A 2A DA 6A C4 A4 92 A2 DA D6 E9 06 4A 80 02 00 52 2D 4C 6A 22 05 
[   44845] ch50 r0 a3: B4 AA 85 56 9D 49 9D 15 CA D1 2E 9A EA D2 95 56 9A 6D 47 A4 AA 55 55 A6 4A 25 15 29 2A AB 2C 88 
[   44861] ch50 r0 a3: 38 14 54 54 69 40 B1 55 2B ED B5 B7 2A B7 2D 76 7A EA B0 F5 6F 9C FD F6 AD 2D 5D B1 56 6A E9 69 
[   44889] ch50 r0 a3: 29 2A 02 A0 48 21 08 24 21 24 68 81 8A 52 50 89 20 A0 45 50 32 94 57 36 A8 B4 88 A5 49 35 69 A9 
[   44900] ch50 r0 a3: 28 96 88 90 41 28 15 54 0A AB 0C 99 22 D2 2A 12 80 94 A2 AD DA D4 85 92 6B 29 36 92 49 1A D7 51 
[   44925] ch50 r0 a3: 34 51 45 15 0A C8 21 15 92 54 A9 50 A8 84 1A 01 4E 92 C8 80 06 28 44 0C 94 A2 81 00 26 EB AA D0 
[   44929] ch50 r0 a3: 85 44 09 17 06 26 22 B3 0E 95 A3 46 EA D5 6B B6 AD 3B 56 99 76 D5 22 C0 C8 3A B6 C8 B7 98 CD 20 
[   44962] ch50 r0 a3: 2A 59 56 31 41 A6 A8 10 49 0B 42 50 41 80 56 ED 59 04 56 A1 26 4A 95 4B 04 5A 66 AA 8D 8A C1 45 
[   45029] ch50 r0 a3: 93 2A 32 10 84 A2 55 56 2C 80 15 4A 11 26 08 28 44 49 19 59 08 36 6D 5D B5 7D 5A AC 2A 45 15 7D 
[   45040] ch50 r0 a3: AC 14 44 A2 48 24 C5 10 55 68 81 01 02 10 20 00 91 04 48 22 28 64 92 22 82 A1 12 48 0A BA 86 45 
[   45047] ch50 r0 a3: 90 02 88 A0 00 82 0A 68 A2 10 10 10 4A 24 01 28 68 00 20 04 12 A0 42 00 00 42 88 40 55 69 AB E8 
[   45052] ch50 r0 a3: B6 42 A1 4A 0A 52 28 41 AB 62 35 50 16 A1 E4 92 25 2A 44 10 A0 4A A4 A9 55 B6 46 F2 AA 49 92 6A 
[   45061] ch50 r0 a3: 91 53 55 50 84 8A 8A 68 61 25 92 04 54 24 44 45 55 44 1A AB 7F AC F6 EF D5 56 95 D5 EE E6 5A 98 
[   45099] ch50 r0 a3: 04 A9 4A 4A 64 A1 0C D5 44 A0 72 0E 21 F5 4A 92 AB 6D 8B 52 A4 AA 66 A6 9B E9 4D DC 91 6A F4 A4 
[   45127] ch50 r0 a3: 50 92 A9 4B 5C 14 28 5A 6B 47 E5 DA 7E 9B A1 5A 8D 57 FC BB 9E B5 E6 BF FB 3D EC 54 AF AF AD 4E 
[   45149] ch50 r0 a3: 01 12 DA 2A AB 61 4C E9 26 95 17 5B 24 2A 8B C1 25 2E 9E D9 45 56 EB A4 BD 3B 36 6B 92 05 7B 14 
[   45151] ch50 r0 a3: 15 69 65 B0 A2 62 ED 43 BA B3 54 2A E7 24 A1 44 84 3B 94 44 91 A0 2A 08 2D 0F 82 AD 24 68 14 52 
[   45166] ch50 r0 a3: 54 A6 A9 55 B9 6A A9 02 A0 A0 D1 0A 55 5A 9A EB D6 E9 CE C9 34 D5 65 D5 B3 6A E5 AD AA 95 A9 77 
[   45172] ch50 r0 a3: 41 46 44 15 22 43 F7 B4 D5 65 56 95 AA 4D E4 B9 9A B5 C5 7E A2 E9 AC AF 52 54 9B CA B2 91 5F C5 
[   45205] ch50 r0 a3: B0 88 2A 4A B3 A2 4A A1 2A F4 A2 2A 6A A4 28 01 44 6A 2B 32 55 24 94 F5 98 95 6A 1A 12 A9 10 23 
[   45232] ch50 r0 a3: 99 9A 2D AA 04 00 3B 52 05 6A D8 4A 89 0A 10 14 AA 35 61 04 28 81 29 50 94 A3 55 29 35 A6 D2 9E 
[   45240] ch50 r0 a3: 84 10 55 55 4A 91 51 54 A5 AB A8 86 28 D0 54 31 62 A8 4D EC FF AD 17 5B F5 6A FB 2B 6B AF 7F 87 
[   45252] ch50 r0 a3: 01 14 A0 04 4A 45 48 22 0D 4A A9 12 A1 2A 85 04 76 84 54 0A 35 29 9E 44 AB 35 9A 0D B8 E7 0D E0 
[   45352] ch50 r0 a3: 05 4A 16 94 96 A5 4E CD 28 AA AA 95 54 54 95 32 B1 44 8D 54 5A E4 F4 4E 21 AE 83 2B 19 7E 1D 5D 
[   45369] ch50 r0 a3: 84 55 4C 98 0B 55 55 8F 6D 65 AE B6 45 07 56 9D 65 B4 B1 6D 6A AA 91 55 76 DD 7F 6F FB 4C A8 CB 
[   45396] ch50 r0 a3: A6 B1 4A A9 02 A2 89 51 5A A5 28 84 AA AA B2 D6 18 89 43 79 B3 97 54 22 49 A4 64 45 AC CD AB A9 
[   45401] ch50 r0 a3: 9F 6D 5A FD DD 9B 6D F5 D6 CF 5B F5 9D BA F5 7D 15 57 6C CE A5 A1 32 35 21 2A A5 25 2B 06 16 55 
[   45446] ch50 r0 a3: AE 84 1D 49 BE 0A CA E7 24 AA 84 D4 D4 A5 48 A8 29 8B B5 A8 25 5A 2E B2 AC BD 92 B5 75 DD F7 65 
[   45467] ch50 r0 a3: 87 AC AB 5A 1A DA 56 15 71 0A 9B 52 51 A1 24 49 AA 07 55 D1 2B AC 25 51 67 08 85 45 53 41 15 29 
[   45470] ch50 r0 a3: E6 0A 45 60 8A A3 F5 6B 6A 36 A5 0A A5 A5 58 55 54 2A 5A AF 56 8E 96 C5 6A 9B D2 D6 AD 5C D6 C0 
[   45554] ch50 r0 a3: A0 28 52 4C 82 52 75 D0 08 28 8C 4C A6 4A 01 31 28 72 21 10 0A 55 24 C3 03 B4 10 CF 64 43 71 A1 
[   45571] ch50 r0 a3: 92 DC 28 AA 62 8A 96 BA D3 36 12 15 0D 42 45 58 8C AA 2A C5 55 2B 5A 89 08 A4 A9 08 0A 54 49 0A 
[   45574] ch50 r0 a3: 14 A3 19 AA B1 B3 E2 14 A4 50 5D 44 98 1A A5 7D 2A 95 4A 1B 6E B2 4F 92 C2 12 D5 25 5D AA CE BE 
[   45607] ch50 r0 a3: 29 24 83 ED EB 65 6D B7 BB FA FD DD 35 7D DD D6 F1 FA F7 5D AC B5 57 F7 F0 B4 AC 96 FB A5 15 AB 
[   45623] ch50 r0 a3: A6 95 89 13 00 29 26 46 A5 02 49 44 84 2A 44 A2 A8 35 62 34 D3 54 AD 42 48 55 40 B0 00 80 4B 55 
[   45637] ch50 r0 a3: 24 94 51 24 AD 52 AA 4A D6 35 55 B5 B1 4A AB 60 55 0B AB 2A D5 D2 A9 22 C5 5A D5 6A 6A B4 D9 55 
[   45655] ch50 r0 a3: 52 49 1A 2B 52 6A 55 2A 50 4A A0 B4 B1 41 2A 86 44 50 04 34 A2 15 41 44 A9 08 40 4D B4 A9 18 52 
[   45663] ch50 r0 a3: 62 64 8A 96 27 26 4F 41 70 8E F5 12 53 1A 90 B0 42 B9 35 24 58 91 99 80 83 57 39 28 B1 51 A5 4A 
[   45665] ch50 r0 a3: 80 44 28 2C 31 22 48 C0 EA 02 28 49 AB 02 A5 5E 54 10 40 88 20 14 35 4A 00 20 08 0A 80 89 21 02 
[   45672] ch50 r0 a3: 82 92 12 21 24 31 22 95 C8 8A 35 18 15 2A 94 2A A8 68 0D 49 15 6C 4D 25 2E A2 6A DA 11 54 EA 57 
[   45726] ch50 r0 a3: 04 B1 48 A8 AA EA 41 EB 2D B6 51 A4 28 A5 93 E9 65 AD 49 6C 64 CB A8 C2 9D 66 8B 56 81 56 53 AA 
[   45744] ch50 r0 a3: AA 16 50 9B 45 0B 4D 20 28 AA DA B8 C2 8A 54 49 6A 08 85 33 45 35 46 96 A9 49 89 14 DB 6A A9 55 
[   45747] ch50 r0 a3: 2C 3C 99 44 92 B5 55 36 B6 26 7B 2A 55 55 23 4C 92 8A D2 C5 6B A9 32 4D 54 61 55 65 EA 4A 94 D2 
[   45756] ch50 r0 a3: 89 5C A6 11 14 C4 45 C5 0B 29 4A 90 B5 A1 2A 4C 55 5A 44 52 75 7B 55 72 AE 94 32 EE 47 6B 0A 50 
[   45796] ch50 r0 a3: A6 04 55 4A 09 12 06 08 9B 02 8A 40 04 0B 00 91 4A 34 56 FF 96 6E AD 77 55 4F AD 5A F6 A5 2D 4A 
[   45810] ch50 r0 a3: 7A D5 A2 0D 5D DE 94 B4 3A 95 74 FB D7 EB 76 BB 53 A6 A4 9B F4 D6 AE A7 CA BD A9 BB 71 6E 54 DA 
[   45816] ch50 r0 a3: 65 3A 15 69 15 54 B6 68 96 14 6A 9B 44 98 02 93 7D 2B B3 96 CD F0 B7 36 AD FA 95 FE EC 1C 74 5B 
[   45846] ch50 r0 a3: 00 A1 24 05 04 44 42 00 11 15 79 AA 94 A6 6A 55 C1 55 2A D5 11 D6 AA 59 13 A4 D4 CF 6A 53 A8 9A 
[   45863] ch50 r0 a3: A6 A5 4A 65 1A 1A C7 69 AF 26 55 55 D3 C5 DA 74 A2 AB 76 F6 F5 B9 AA 58 0B 6A D7 5B A7 6A AA D4 
[   45869] ch50 r0 a3: A9 48 02 04 AA A4 0A A4 D4 A0 2A 02 12 8B 6B 90 A4 0B FD EA EF 7D 7F EF F3 FA BF 7F BD D9 6F B6 
[   45891] ch50 r0 a3: 24 04 54 85 2A 02 11 11 C2 28 06 52 42 20 22 00 44 19 04 14 60 48 22 04 42 42 24 80 04 49 00 00 
[   45906] ch50 r0 a3: 0D 2A 45 65 35 69 2D 4C D1 36 BA A3 A5 97 5A 4A 5B 52 D9 4A B9 AD 20 DA 25 92 AA 52 AA 57 BB 28 
[   45919] ch50 r0 a3: D2 35 2A F4 95 CC A4 92 AB 52 14 A5 2C 15 45 2A 35 29 A9 D2 A1 5D 24 51 48 B4 B6 A2 94 95 28 97 
[   45967] ch50 r0 a3: B6 AA 0A AD 3D 56 74 26 ED 49 D4 22 F5 45 6A B5 48 F8 AD BB 55 6D A7 EA DD 75 5D 2D D7 75 62 A5 
[   45986] ch50 r0 a3: 64 B5 A9 32 93 56 69 5A C6 94 AE A9 4A A7 22 75 6D 21 21 58 90 B6 F2 9A 89 2D 49 92 DA 54 AB 14 
[   46011] ch50 r0 a3: CA B0 E5 4A 95 47 59 F4 2A EA FD 45 ED A6 BD B8 FF 74 93 68 EA B4 2A 54 AB 2A BA B5 2A B6 C3 2D 
[   46033] ch50 r0 a3: C1 A5 5D 49 49 29 46 B5 D8 AD 51 2C D0 A2 1B A5 68 02 D3 35 0D 67 22 AC A1 59 54 95 5D 68 A8 E6 
[   46087] ch50 r0 a3: A9 59 2A A5 26 61 5A FA D5 D6 6D 2A AA A2 5D 64 B1 3D 65 6A 59 24 AA A9 52 5B 65 15 5A 9C 95 14 
[   46129] ch50 r0 a3: 55 94 E9 53 16 35 AA F3 D5 15 5C 40 95 10 36 B3 5B 88 24 04 48 85 5A 2A 97 6A 8E 59 9A EE F3 EB 
[   46173] ch50 r0 a3: 2D 38 A4 94 AD 67 15 02 B1 25 2A 04 94 57 70 EF 52 15 1A D2 AC 16 A5 D6 31 66 97 D7 40 36 3B 4B 
[   46193] ch50 r0 a3: B5 29 01 85 54 4A 29 42 91 29 14 92 50 58 41 A9 12 13 29 01 29 54 01 01 2A 34 8A 21 02 A5 00 AB 
[   46214] ch50 r0 a3: 4D 00 29 50 93 30 29 55 54 04 15 45 2B A8 A4 28 4D 24 24 80 05 55 33 2D 46 41 18 94 46 2E 4A 6A 
[   46256] ch50 r0 a3: A9 09 81 02 02 0A A9 0A 0A 24 82 51 B9 20 AA E5 0A 90 4B 69 12 99 6D 4C 75 4E 42 88 42 25 57 A9 
[   46365] ch50 r0 a3: 51 55 B8 95 FA 34 55 55 ED 4A 8B 5A 6A 32 55 81 58 6D A8 A9 0D 4A EA C5 5C D5 5B 6A 80 B8 92 AA 
[   46377] ch50 r0 a3: 2A AC 5C DF 69 62 9E 58 DA 66 29 06 EB AD 29 74 A4 A9 DF 69 0B 4A F4 5A AB 76 CA A5 BD 6D 66 BE 
[   46396] ch50 r0 a3: 48 12 54 A6 A1 23 48 2A 24 40 92 A2 11 24 A0 02 82 A5 6D 10 C7 0A 16 BD 06 89 08 A2 34 A5 A5 25 
[   46397] ch50 r0 a3: 06 15 2A A8 93 F5 2D CB 32 C5 32 AD 52 95 6A DD 52 CE AF 2B 25 BE 59 95 A6 CA D5 AB 4B 15 AA A2 
[   46460] ch50 r0 a3: B2 C6 2A AD 69 57 6C B7 6B DE F7 19 BD FD 6E D9 76 FB EA BF 37 77 AF 4D D6 EA B9 53 3E D5 ED 6B 
[   46462] ch50 r0 a3: 92 E9 29 56 78 A1 52 05 23 53 96 50 AA AA B4 E5 6A 52 11 C9 46 6A 64 49 49 59 7A 8C 58 8C 56 EA 
[   46470] ch50 r0 a3: 96 28 8A 94 4B 4E 86 B3 69 AF 49 21 B4 5C 99 A8 59 6B 53 E9 65 86 D8 51 53 67 AA 8A A4 5C AC CE 
[   46519] ch50 r0 a3: 35 10 6A 06 54 62 0A A9 22 AB 32 55 95 59 50 49 20 52 92 42 AA 49 04 C4 51 4A 89 08 34 A4 75 54 
[   46538] ch50 r0 a3: C9 A2 AA B6 AE D4 52 89 5F 5A 89 32 56 29 0A 55 2C 0A 82 AC 91 48 D5 11 12 93 12 84 A1 34 0A 98 
[   46551] ch50 r0 a3: 29 68 46 15 09 14 14 45 A4 84 CA 81 C0 02 04 41 0C 84 CA 94 D5 41 55 68 CC 08 A2 A5 54 AA 2A 57 
[   46734] ch50 r0 a3: 4A E8 AA A8 2E AE 4E 14 D6 A9 E5 56 36 55 2A 4A 51 6A 83 5A 56 BA 0A B2 85 55 24 B5 34 A9 2A AD 
[   46740] ch50 r0 a3: 54 86 04 52 23 B5 A2 00 95 8B 6C A8 6C 84 00 35 5A 53 41 08 25 25 76 42 BA 99 2F 2A 13 2D B5 4D 
[   46748] ch50 r0 a3: A9 01 42 02 15 C6 4E 06 6C 42 0A A8 42 D5 A9 36 C7 48 4A AA D2 25 A5 40 D4 2A 6A 24 82 B5 29 94 
[   46757] ch50 r0 a3: 24 01 2A 2A A9 41 6E A2 A5 69 29 25 21 02 42 5A A0 AA 57 B6 18 DA AA D4 3B 76 DB 77 AD C8 4D 94 
[   46798] ch50 r0 a3: 97 24 A5 AD 64 AC 91 22 98 02 52 15 8D 6A 8A 29 71 A0 91 5A AA 2A 8A A8 4D 15 4E 48 02 AA D5 53 
[   46811] ch50 r0 a3: 51 60 D9 21 1A 4D C9 66 B4 AE AA B4 5A 2A 92 AA 86 8D B1 DA AB 48 D2 D1 8A 4D 69 4B 0A A8 CD C5 
[   46845] ch50 r0 a3: A0 C8 A8 C9 28 52 04 84 2E 42 61 14 20 AA 92 40 15 4D 48 09 67 EE EB 2B DA B0 DD AB 8B 8E AE F4 
[   46853] ch50 r0 a3: B0 24 03 26 57 C1 5A D4 57 36 50 6A CD 7E D4 B6 F6 DB 5B ED 0A 8A 6B 5D FD 35 54 95 22 95 55 24 
[   46976] ch50 r0 a3: 5A 96 E0 9C D5 04 6A 87 6A 44 50 5B 4A 05 22 24 29 4E 58 54 4B 07 2D 54 82 95 36 A4 99 22 85 21 
[   46986] ch50 r0 a3: 2D 25 24 09 61 F5 A4 52 C1 21 25 44 46 C4 6D 56 AD 51 D2 B5 4A B6 D2 32 CA AC 67 E8 AB 32 8A AD 
[   47005] ch50 r0 a3: 94 52 A8 99 41 50 31 0A 44 95 14 20 92 43 54 88 2C 09 50 45 25 21 6C 51 00 62 03 40 28 20 10 89 
[   47019] ch50 r0 a3: 52 A4 10 2C B5 2A 5A 99 0A 2B 5D 55 15 A4 AE AB 56 B5 5E A3 2C FF 32 4A AB 6C 34 94 AD 25 2A 2D 
[   47027] ch50 r0 a3: 45 75 AA D6 AD 35 D1 54 94 A5 02 90 9A 8C A8 AC C9 64 69 D0 3B 63 52 A9 12 BB 2D 2D 95 2D 36 82 
[   47030] ch50 r0 a3: A6 F4 9A 43 11 20 A0 A0 22 A2 32 82 82 D1 09 02 95 29 4A 85 75 64 D0 4A 22 05 77 75 D5 75 AD 9E 
[   47032] ch50 r0 a3: A9 55 59 6D 28 C1 6A A9 29 28 A4 63 4D 50 68 D1 55 55 47 49 48 69 32 45 5B 51 62 C9 53 55 20 53 
[   47052] ch50 r0 a3: 91 2A 42 90 52 CC 98 42 B4 84 B4 20 14 90 AA AC 8A 96 A3 6A 55 10 90 32 8D 34 45 51 12 A9 D3 B2 
[   47123] ch50 r0 a3: 52 2B 44 88 98 8A 40 45 4F 32 91 69 32 BA 52 AD A4 C5 54 8C A2 80 8A 4A 84 CA 18 64 21 2A AA A8 
[   47134] ch50 r0 a3: 95 A5 02 28 A9 49 7A CE 92 C4 89 56 D3 BF 2A 92 52 A0 89 22 AA 96 ED 55 4A 34 74 54 CD 6A 44 D7 
[   47146] ch50 r0 a3: 49 93 AA 0A 8F 64 A1 68 D6 31 55 6C E9 BE AC FD AF 46 9D A5 35 6A 55 5A EB 47 53 73 95 39 52 A5 
[   47170] ch50 r0 a3: 96 55 21 02 92 90 50 AB 14 E1 28 12 83 24 6A 75 50 E2 56 46 85 44 91 6D 53 B5 26 15 DC D5 56 B5 
[   47178] ch50 r0 a3: 64 A8 3A 9A D1 18 51 C4 CA 12 A4 F1 A8 4A AD 6A A5 55 92 02 25 51 49 24 90 20 2A A9 68 AD 45 2D 
[   47185] ch50 r0 a3: 40 80 C6 C8 98 9C E4 92 56 89 22 08 37 1A A3 2B 0C 82 C6 A5 14 93 51 52 E9 6A 5D 50 8A A8 0B 2C 
[   47221] ch50 r0 a3: 55 4A 31 74 AB 2D 4D 4F D2 A5 AA 6D 3E D8 D7 6B 6A 55 16 AC AC 36 AA 95 34 A2 C2 8A 0A 22 84 A2 
[   47270] ch50 r0 a3: 5D 55 53 A4 A9 50 90 A4 B2 54 6D 4A C6 08 41 66 A7 EC D5 5A 88 AC 28 B8 AB 28 54 5D 55 AA AA D6 
[   47278] ch50 r0 a3: 4A 48 51 54 A9 40 CA E8 E4 6B 11 28 15 5A 91 41 17 48 A0 A8 D5 18 99 0E 8A D5 1E EB A2 BB AB AA 
[   47345] ch50 r0 a3: A4 99 D5 28 44 A9 45 42 94 AB 28 2A D2 A7 E6 3F 52 C1 03 59 28 A8 44 A8 D5 21 35 C9 00 58 12 26 
[   47445] ch50 r0 a3: AD 34 B2 51 5A 6C AB 46 58 0A B6 6C AA 2C 55 A9 65 9C A2 49 5A 5B 4B 29 2D A7 45 89 16 D7 40 D4 
[   47464] ch50 r0 a3: 2D 0D 55 40 22 05 75 91 BF DA D5 8D 4A B4 CD B6 DB D6 85 73 52 C9 EA DB A7 5F D5 7B B4 DA 3A B6 
[   47491] ch50 r0 a3: 54 96 A9 7A B2 BD 5A D1 AA AC 4D 5D 5D 7B AB 5F 6A CD F4 65 74 FD 56 DB 6D 55 1A A2 AD 50 80 11 
[   47528] ch50 r0 a3: AE A2 5A A9 29 42 15 88 91 55 4D B5 52 69 10 5A 1A A3 41 49 54 45 BC 86 B5 B0 94 50 96 4C EB 36 
[   47531] ch50 r0 a3: 51 25 70 34 62 26 14 80 55 50 88 95 A1 ED 4C 93 0B 20 45 30 B4 65 AA A9 56 E8 84 56 E2 B9 22 A6 
[   47547] ch50 r0 a3: AF 51 6D 48 12 68 0D 2A 84 A4 A4 AA 2A 8A 91 2D 72 D2 53 48 41 42 87 52 A3 6A A1 4B 46 5A A4 4C 
[   47594] ch50 r0 a3: 15 52 56 AD 55 07 67 6F 5C 6B 7D D1 4A B3 7E D3 D4 F6 FB CA F8 57 77 F5 36 DB 75 A9 3A CD 5A 76 
[   47629] ch50 r0 a3: A0 94 30 4D AA 11 AC AB 8B 21 12 44 A5 08 02 44 68 11 55 58 8B 0D 04 A8 4A 76 51 6D AF DE C9 52 
[   47645] ch50 r0 a3: 57 4A AB 72 B5 68 52 42 AA D5 0A A6 45 55 D2 AA DC 22 E8 B6 35 59 AA AD 5A C8 95 48 E9 09 36 A1 
[   47683] ch50 r0 a3: B0 4A AD 1B 95 54 FE 95 2B D5 F3 62 E5 EB F5 8D A7 6E AE F5 59 56 95 6A 6D 77 AB B5 56 DA A4 8A 
[   47698] ch50 r0 a3: 9B 92 25 AC 12 0A 0A 01 6B 4B 10 01 1A 5B 52 42 14 82 82 35 01 14 64 22 82 21 15 2D B5 B0 F6 54 
[   47776] ch50 r0 a3: 01 04 41 41 44 44 65 52 95 15 0A 4B 49 65 50 84 A5 A5 1A 97 36 D4 94 95 4D 77 4A 69 35 CA 4A B5 
[   47780] ch50 r0 a3: 24 94 20 84 DA 24 19 42 55 5C 5A 92 A4 90 4B 18 B5 55 25 2B 19 65 6A 49 28 AC E1 AD 53 44 8B 2A 
[   47784] ch50 r0 a3: 28 02 AD 21 48 4A 32 94 B2 11 01 32 2A 4B 09 50 15 21 45 52 D4 45 55 92 49 14 B2 5C 4A 5A 0C 74 
[   47802] ch50 r0 a3: 02 29 16 48 A8 97 6A 95 52 58 92 E9 55 14 0A D5 56 15 62 D2 AD 02 42 91 68 D5 95 09 0B 55 A6 A8 
[   47804] ch50 r0 a3: 40 A8 09 24 95 54 4C A4 98 43 55 00 11 15 24 2D AD 8E 8B 09 27 20 2D A8 FE 58 97 AB BF ED 75 97 
[   47885] ch50 r0 a3: 85 16 DB 36 AC AA C2 85 12 A5 A8 96 D6 D5 6C 35 D5 4B DC AA B7 59 E9 8D C8 EA BC 7B 34 2C 9C 4A 
[   47886] ch50 r0 a3: 0A 50 D1 00 51 AA 6A D2 74 B4 56 C0 15 92 6E DA 6A AA 81 31 49 12 95 5A 94 A9 48 AA 2D A3 98 54 
[   47902] ch50 r0 a3: 9A E2 BA 2C D1 54 8A 55 A5 5A AA 47 42 CA D6 15 40 B5 CA B3 34 64 55 44 62 E5 96 E9 5B 2D 15 2B 
[   47910] ch50 r0 a3: D2 84 57 50 73 74 50 5B 22 CA 45 01 9A 9D AB 5F F5 D7 53 A2 B5 55 5C B5 5D B5 56 95 16 AD B5 EF 
[   47938] ch50 r0 a3: A9 71 69 55 B2 55 11 54 95 52 A2 ED 51 46 AF 73 2D AA 75 72 D4 B5 0A 0E A1 95 BA 8A A9 D8 6D 2A 
[   47954] ch50 r0 a3: A0 4A 5A 95 2A 4D 18 86 51 3A AA AA AA A2 35 2F 34 49 07 55 D6 45 0C 10 99 6A 8B 6A 44 59 95 44 
[   47998] ch50 r0 a3: 20 00 20 40 04 02 1A 51 0A 6A 2C E0 D2 A5 25 15 50 45 32 AD 54 9D B1 A8 8A AA C9 62 A6 A9 24 92 
[   48009] ch50 r0 a3: 91 26 A1 4B 4A 14 14 92 BD 71 19 21 4B 4A 84 C9 C9 94 2A 22 90 93 2A D1 49 29 22 95 55 03 4A AA 
[   48015] ch50 r0 a3: A6 24 50 AB 72 20 22 74 22 C8 8F 48 05 36 40 01 A2 AA AA 96 CB 69 F7 55 54 4D 64 54 26 AD A5 D9 
[   48049] ch50 r0 a3: 2C B0 96 3A 36 B4 AA 6D A4 AD 35 4F A2 4C 99 B1 21 A8 A4 94 C5 42 56 A9 84 CD 86 A8 8A A0 C1 32 
[   48141] ch50 r0 a3: 55 54 AA 57 4A 55 A4 5A 85 55 D2 C6 9A 7D 2A 99 B9 85 A0 7A AA AD 28 A6 AA AD 2B 13 65 C9 4A B6 
[   48169] ch50 r0 a3: 95 40 AA B5 FE FB 75 DF 1E BA 2B 9B 69 25 50 4D 4C D2 CA AD 5D 74 D3 54 15 6A B9 6E 9C 2A AD 3A 
[   48194] ch50 r0 a3: A3 50 EC A6 21 1A 2B 92 69 55 31 14 2C 94 92 41 73 94 67 6A 13 D3 2E 4A 1A AA AD 34 AA 5D 69 AA 
[   48253] ch50 r0 a3: 21 85 E0 C8 96 02 14 56 52 6A 96 C3 C5 29 D4 8B 29 A1 1E A8 46 D5 1A 51 22 65 C2 A5 52 F4 24 AA 
[   48281] ch50 r0 a3: 55 61 48 94 A4 24 4A 14 72 49 62 D1 24 25 6D 5B 5A 95 CD 71 AC A5 9D 7B 5F 6D 6A CA A5 59 7B 56 
[   48293] ch50 r0 a3: 28 CE 35 0B 53 4B 22 2C B2 A8 5C 67 01 AB B2 8C AD 38 F5 55 58 6F B4 56 13 56 55 CF 6A B5 6E AE 
[   48401] ch50 r0 a3: 0A 82 1A A4 88 10 DA 5A 81 5A AA B2 2A BB 54 9E AE BF 0E 8F 75 AA E3 45 6B 46 1D 66 AE 85 BB 96 
[   48430] ch50 r0 a3: FF 15 84 68 AA 85 20 54 48 89 2A 28 54 D4 02 D2 84 05 B4 99 22 AD 28 AA 2D 5D 3A D5 75 55 28 B5 
[   48517] ch50 r0 a3: C1 1C 91 25 14 AA 0A 4C AA 62 AC A8 D3 48 96 B6 B6 B1 50 4A 8A A2 A4 8E 9A 95 4A 40 A5 25 4B 5A 
[   48525] ch50 r0 a3: A4 9A 8D 4A 8B 6C 95 4B 2D 5D 5A 4C 27 5B 91 6A 51 35 A2 A3 13 4A 76 8D 0B 2B B0 B4 A4 25 0A 5B 
[   48571] ch50 r0 a3: C1 94 AA 9A 89 AD EE F4 DB B2 AD 7F B7 6C 72 23 AB 48 94 92 0A 44 A5 22 41 36 95 09 2A A9 55 D6 
[   48599] ch50 r0 a3: 53 2C 12 A9 40 08 42 8C 75 56 FA 5E 2A CA 8C F6 A8 A2 75 57 3B 15 4A 9A EA A9 2B 72 A6 B5 2B 2D 
[   48659] ch50 r0 a3: 8A B8 5A 54 22 A5 52 82 62 B8 48 11 40 14 60 DA 92 89 30 38 32 E8 D9 AB 63 A4 CD 42 2B 10 0A 49 
[   48673] ch50 r0 a3: 94 5C 8A 15 0D 54 92 95 52 08 AA A7 7A FF EB 72 FB EB E6 F3 49 E2 DE BD D5 D5 DB 36 AD DB D5 7F 
[   48712] ch50 r0 a3: D9 0C 54 A5 22 32 11 02 53 16 5A AA A5 49 1A 69 4A 9D 55 75 53 55 44 95 A5 55 AA E9 D1 A6 8B 12 
[   48716] ch50 r0 a3: A1 05 2A 4A 58 4A 5A A4 92 CC 94 6E D1 A6 8A 73 5B 4B 8A 55 55 AB 5B ED E7 E5 49 F7 5B BB E9 D1 
[   48735] ch50 r0 a3: A2 51 09 27 42 AD 12 15 6D 4A 35 32 A6 58 E3 2C D4 29 62 54 D5 4A AD 90 7B 9A C7 D2 2A DA FA 55 
[   48786] ch50 r0 a3: 29 A2 95 79 DA EB 06 F1 4A 09 1E BB 35 76 75 1A 9D 13 D6 A5 2A 54 ED D7 D2 8A 94 F5 2B CD 5A A1 
[   48794] ch50 r0 a3: 56 50 AA B5 6C A1 CA 2A 95 EE 6B 29 66 CB EC AA 2E F7 36 BB 2D 2A A5 11 E4 55 67 6D 32 DD 35 57 
[   48797] ch50 r0 a3: 99 20 76 9E 6A 16 16 98 AA AB 25 34 64 B3 4C 4A F5 92 55 A2 4A 55 99 86 39 5A 2D 45 94 CA 56 A1 
[   48801] ch50 r0 a3: 67 5B 55 19 28 08 15 3E A8 D5 D7 58 41 44 DD AA E3 3A A5 2A A2 4D 2B 24 D5 52 82 AA B4 6D DA 8A 
[   48829] ch50 r0 a3: 96 6A 9A A2 83 44 AD 51 0D A9 02 AB 10 4A 61 51 5B 7B EC 86 AC 6A 8E A5 6C 4A 5C 5A 99 1E AD 0A 
[   48853] ch50 r0 a3: D2 AB 16 42 42 86 25 84 85 41 46 31 2C D5 39 28 C9 08 8E 8A AA A9 2C 4A 32 81 9A A0 54 6A AA 6D 
[   48872] ch50 r0 a3: CD 55 55 CF 27 75 69 55 A9 2B 96 55 15 22 D1 AB 4D 55 D2 45 AA A5 42 B9 8D 6C D5 20 A4 4A 54 AB 
[   48896] ch50 r0 a3: 88 28 BB 54 28 05 09 8A C9 4C 65 6D 04 1B 84 92 59 A1 85 5C 5C E6 49 98 87 56 B0 9D 5A 26 12 54 
[   48906] ch50 r0 a3: 50 95 4A D5 14 B0 44 83 EA 26 69 91 73 D2 9A 52 8A CE 05 43 28 8A 82 24 98 53 52 55 64 15 F3 6D 
[   49031] ch50 r0 a3: 9A BA 89 32 96 31 48 54 D9 15 A8 A9 55 11 51 2A 42 DB BC D2 A4 EA 58 B5 AB 4E 97 55 AA 4F 4D F8 
[   49070] ch50 r0 a3: E4 C7 12 E9 59 49 2A B4 54 E7 A2 C7 24 AC 1A C5 11 28 84 6A 62 D2 1B 52 1D 22 AA 93 D6 D5 29 92 
[   49086] ch50 r0 a3: 21 10 24 00 00 01 04 02 A4 40 10 00 80 00 80 02 09 40 04 A8 A8 00 00 40 04 01 10 10 00 80 10 A5 
[   49101] ch50 r0 a3: E4 51 4A 44 0A C4 C5 AA B5 72 AB A6 AB DA A6 3C B2 D5 D5 4F 32 89 C9 52 E9 D5 53 52 4A 9B AF 52 
[   49147] ch50 r0 a3: 31 51 22 59 18 35 60 6A BC 62 B0 84 4E 83 05 45 12 82 92 42 A5 32 08 95 62 C9 48 C5 4C 02 9B 51 
[   49168] ch50 r0 a3: 92 94 0E 28 A8 54 C5 28 02 55 35 5A 85 53 49 8A 14 A4 69 45 0B 48 8D 36 54 4D C2 95 1A 68 C9 29 
[   49181] ch50 r0 a3: B7 4A 05 D5 45 F9 B5 40 4E D4 BA A5 22 66 54 52 AC 62 A1 3A 95 43 6D 54 B5 2C B5 37 31 6B 56 D5 
[   49259] ch50 r0 a3: 00 01 94 68 84 65 60 40 02 80 80 13 06 DC AB A0 09 24 B0 35 53 8A 88 A5 12 A9 66 C7 FA 49 2E BA 
[   49392] ch50 r0 a3: B3 51 14 CC A5 5D 65 75 97 05 55 ED AD 46 96 A7 51 84 15 94 E5 4A 4B D6 51 5B B1 24 32 10 AD 50 
[   49399] ch50 r0 a3: AA E6 83 52 00 80 14 45 65 12 A2 AA 85 40 A8 91 08 8D 24 42 A2 A2 97 4A 4C 8C 85 41 23 53 21 69 
[   49414] ch50 r0 a3: 64 94 28 90 A1 74 AB 08 52 06 01 A1 25 8B 12 8A 69 0A 1A 94 1B 2C 14 21 51 28 AA 86 05 48 14 25 
[   49434] ch50 r0 a3: 59 39 59 66 52 8A A5 0B 34 95 24 CA 18 8D 44 51 64 14 A9 55 22 95 1A A2 52 45 50 41 54 44 D2 B1 
[   49437] ch50 r0 a3: 99 C0 D4 51 40 CD 5B 49 99 69 65 51 6A 55 2C 95 4D 5A CC A9 A7 73 92 5A 9B 6A 75 76 7A 6D 35 44 
[   49464] ch50 r0 a3: A4 2A 52 55 0A 53 56 EA 3B DD 6B E8 AA 95 6D 32 49 3A 5A 6A 9B 49 64 32 18 D8 D6 92 59 4A 44 E2 
[   49524] ch50 r0 a3: 89 A4 55 71 D5 2A 62 D5 2F 13 45 55 46 A9 4B AD AB 59 14 5A 4A 69 6E AA E2 71 5A DA A3 35 2E 59 
[   49619] ch50 r0 a3: A3 48 40 01 02 55 31 11 2C 15 02 13 00 A4 02 30 00 22 11 4A 44 20 80 88 8B 54 A5 E8 6D 52 DB 55 
[   49637] ch50 r0 a3: A9 57 23 16 89 46 91 12 51 56 6B 45 22 58 05 27 01 4A 25 24 52 CB 42 49 50 72 89 42 A9 92 89 4D 
[   49645] ch50 r0 a3: C2 14 EB 55 43 35 55 56 C5 65 71 D7 AA A1 25 54 3A 2A C9 34 92 D6 CB 29 C6 4D B5 6D 76 D5 2B 65 
[   49656] ch50 r0 a3: 77 55 CB BF EE BF 47 BB FA F3 7D EF D5 5E DA AD 97 BA BE F6 EE FD 6D DA F6 DB 75 D6 EB 7B ED BE 
[   49691] ch50 r0 a3: D5 55 B9 6D 31 95 22 ED 35 CA 7A AD 55 6C 7E B0 92 68 AD B3 32 52 6E 96 84 94 16 95 96 A2 42 19 
[   49747] ch50 r0 a3: 34 A4 E0 54 92 AE 5A C4 A4 DA CA 4C 6A 7A A5 62 AD 36 D5 88 D5 82 05 68 96 A7 13 4A AA A4 B0 8F 
[   49754] ch50 r0 a3: 55 BD 2A BD 35 4A 53 79 0C 90 13 46 1A 54 40 73 14 15 32 A8 54 1A 8A 20 44 AD 75 29 5B 66 E6 E9 
[   49781] ch50 r0 a3: 78 A7 79 65 86 46 92 41 45 5C 17 23 8D 88 A6 8A A2 88 8D 10 DD 15 6A 82 D5 12 D5 2B 12 69 A5 44 
[   49781] ch50 r0 a3: B5 52 AC 34 28 2C 08 55 0C 0A 52 80 28 8A AB 0A C4 52 9C 42 40 54 A2 57 02 A9 A8 24 9B A4 35 29 
[   49843] ch50 r0 a3: AA 22 0A A6 52 A0 2A A2 B4 44 36 72 89 A2 AA 40 B5 75 2A 8A 9D 72 0D 66 D3 B6 2A AA 3A CB 8B 5B 
[   49851] ch50 r0 a3: 95 AA AD 2A BB F8 BB 61 4A 8D D9 36 72 CD 65 CA B2 95 45 AC 4D 2A AA AA 91 51 12 85 24 2A 92 49 
[   49881] ch50 r0 a3: 00 00 00 25 A4 82 AA 50 48 AA 6A 8A CA 54 64 54 12 A3 40 B2 6B 76 AB 1A BB ED B2 BA DB 55 5A BD 
[   49922] ch50 r0 a3: D0 4B 65 06 85 0C 45 A0 8A 42 86 A9 88 52 AD 32 D8 09 52 75 4C 95 71 5E A5 24 45 20 25 A5 49 95 
[   49947] ch50 r0 a3: 42 D4 EA 66 D6 AB 52 8A EB 8A AA 9A A5 35 2D 6C 95 52 AA 92 42 8D 0A 2A 2A C5 4D 4B A8 6A 4E 85 
[   49995] ch50 r0 a3: C1 25 42 0B F4 EF 5F AB 5D AA AB 59 D6 D5 AA D2 9D AC 96 FD AA CA 9A BA 50 CE B6 54 72 DA EB AA 
[   50052] ch50 r0 a3: 59 52 AD F6 49 75 14 53 15 29 50 08 48 4D 43 5A 26 49 85 2A ED 6B 2D 16 5D 75 D1 64 BB B9 35 56 
[   50145] ch50 r0 a3: 4E 9D 92 D4 A9 2A 11 55 22 1A 52 A8 2A 62 8A 65 92 AA 14 15 35 04 0A 29 15 2A A4 74 8A 43 14 22 
[   50168] ch50 r0 a3: 0E B6 C6 86 5D 57 52 21 DB AD 1B 57 48 8D 35 D8 BF E6 AD 99 6C 2B 91 5E B1 46 95 D7 02 95 CC 28 
[   50198] ch50 r0 a3: AA A0 2A D5 10 54 4A 84 48 85 05 44 11 4A B3 28 2C 62 55 0A 24 0A 29 52 59 69 06 2A 35 4A 85 55 
[   50234] ch50 r0 a3: 42 50 08 94 00 92 A2 50 20 10 44 AB 56 2C A2 AA A8 6B 6B 55 64 A2 44 92 CA 81 B2 BC 50 55 A9 49 
[   50249] ch50 r0 a3: 19 53 CE C2 63 8A C9 1D 57 62 35 80 40 A5 56 01 72 95 88 A0 96 50 AA CA 53 4A 96 D2 57 64 C5 65 
[   50273] ch50 r0 a3: 92 4A 30 AC 79 5C 88 25 45 54 D5 30 68 A8 27 40 68 96 02 91 25 52 0E 82 41 6A A5 74 58 62 04 EA 
[   50339] ch50 r0 a3: 54 A4 15 42 16 50 2B 4A 14 39 82 A8 D9 13 54 7A E2 95 5B 39 1A C1 5A 68 49 36 EE AA 55 23 D2 18 
[   50346] ch50 r0 a3: A1 55 32 49 48 41 54 84 89 51 52 B4 44 6D 09 02 A0 DB 4A 4A 41 A8 91 08 C0 15 12 12 A2 0D 02 01 
[   50367] ch50 r0 a3: A6 53 41 62 9A 6A 12 8A 8E E3 61 54 2A 6D 92 A2 89 9A 0F 89 0A C2 DE A5 68 54 AC D2 C9 5B 66 BB 
[   50369] ch50 r0 a3: 55 DF EF FF BA A2 FB 6B 52 00 29 28 4A 51 1A 10 35 14 74 04 49 0B 24 89 25 1A 18 0A 0B B5 92 94 
[   50372] ch50 r0 a3: 58 57 51 52 B0 AF 2C 91 9D 02 08 15 20 75 2B 02 04 48 1C 4E AC 28 6C 8B 8F 21 DA 66 A6 94 29 A6 
[   50443] ch50 r0 a3: 55 62 2A 32 81 52 04 55 15 B5 54 DB D6 AD 72 BD 56 7A F6 AB 55 1D 29 D6 A9 F8 ED 52 B5 ED 46 DC 
[   50444] ch50 r0 a3: 89 55 6A 55 25 08 5D 64 A6 78 2A 8A BA 5D B6 AE D4 A1 2D B9 6B 32 15 DC CA C5 4A 42 45 AB 0B 9D 
[   50450] ch50 r0 a3: 11 49 40 68 48 A0 04 08 C4 84 44 58 55 01 41 09 68 86 0A 49 0A 0A CA 08 43 29 54 7D 30 44 C8 6A 
[   50470] ch50 r0 a3: DB FD B0 41 5D D7 BC FF 3B 75 55 BC ED BE 7F F6 DA B6 54 AD 59 21 08 BA BB 82 88 B6 4C 63 08 55 
[   50489] ch50 r0 a3: 90 14 12 10 48 E8 29 22 09 58 40 99 09 10 90 0C 14 92 54 09 45 12 84 62 0A 04 94 0A 42 14 45 14 
[   50496] ch50 r0 a3: 44 20 21 66 2A 44 5A C9 27 A1 6A E4 54 C5 46 5B 4F 45 55 AE B2 AA BD AD D5 1E 4B E5 4D 85 4C D6 
[   50497] ch50 r0 a3: 92 45 21 24 19 EA 12 64 2A 94 32 AA A9 A6 55 66 B5 58 C0 90 08 14 03 04 12 84 0D D5 18 64 24 88 
[   50501] ch50 r0 a3: 00 80 99 21 8D 8B A0 69 A7 61 DD 19 20 48 C5 95 41 94 98 56 8D 5F 0A 37 15 D1 1C 76 80 88 80 37 
[   50504] ch50 r0 a3: 50 AA A5 0C B2 6A 95 B2 7B 6E 95 B6 CF 79 6A 9B 6D AC F3 53 53 BD 75 AD A8 F2 6A B5 EA A8 AB C4 
[   50524] ch50 r0 a3: 52 05 55 65 5B 76 19 3F 53 CA 6F A9 D2 B6 79 BF 27 55 4B 6A BB 2F BE AA B5 AD BC D5 54 8A C6 DE 
[   50525] ch50 r0 a3: 45 48 11 22 60 D2 92 44 64 45 A9 48 82 A9 49 2A 82 96 25 3A BA 85 2D 41 C1 17 A0 8C 41 F5 96 A9 
[   50573] ch50 r0 a3: 86 C2 60 A8 65 02 A2 15 09 AC 1A 82 82 41 2A C0 22 8A 81 0C AA 3A 55 1E 0D 93 5A A9 B5 7A E5 21 
[   50584] ch50 r0 a3: CE 6A 45 27 3D 6D EF C2 3B CB 44 08 1A 9A AA 1D 66 D5 35 56 9E AE E0 0A A4 ED EB E3 5C 55 D7 D6 
[   50599] ch50 r0 a3: 45 4D 14 24 42 58 AA 2C AE FA DB BA C9 96 D3 DD DA D5 87 BC AE C5 DD 42 4D DD 57 76 BA 89 53 EA 
[   50621] ch50 r0 a3: 20 6A A5 0D 45 22 89 76 A9 25 28 94 A5 29 72 91 13 8A 0C 62 2F DA BB 77 BB 79 ED B5 75 9B BC D7 
[   50663] ch50 r0 a3: 28 0D A8 A3 12 B2 C5 06 14 54 55 A7 10 BA A5 61 4A A6 15 2A 95 03 65 4A 34 D6 03 5A 71 A4 42 2A 
[   50683] ch50 r0 a3: 33 35 D6 A9 35 D5 C1 11 2A CA A4 CA 10 EB 0A 84 EB 02 56 B6 B4 BB 59 7B 4D 36 DE B0 02 A9 AB 6C 
[   50702] ch50 r0 a3: 01 72 D8 9B 56 A9 52 54 55 25 2A 6D 8D 53 8A 14 B4 DD 2A 95 25 2A 2E A2 2A 92 54 29 37 24 E8 B5 
[   50740] ch50 r0 a3: 21 32 B5 08 05 94 09 48 0A 50 81 54 46 6A 64 28 92 41 25 05 54 84 19 46 E8 C0 8A 28 C1 44 A4 10 
[   50761] ch50 r0 a3: A5 28 49 44 23 AA C9 10 30 2A 39 5E DD A7 0D 2A 6B 92 6C 95 6C 55 51 2D B3 10 AA 8A E9 25 54 AE 
[   50777] ch50 r0 a3: 4A 81 88 42 84 29 5A 12 83 25 84 C2 29 82 20 C8 49 24 08 98 24 A8 26 2C 91 34 0A B1 A8 68 AA 85 
[   50811] ch50 r0 a3: 10 AA 95 14 A5 77 AF BE CD D6 FA FB EF 55 A7 7A A9 2E 92 AD D5 54 1C 59 00 B5 55 11 14 1A A9 4D 
[   50813] ch50 r0 a3: 8A 4B 39 36 A5 55 AC 56 AD 6A A1 F2 A5 7A A8 12 68 45 02 19 B4 43 E4 AA 9C 42 83 A4 D4 C9 D5 4A 
[   50902] ch50 r0 a3: 3A FB FF FA FA F7 FF FF FA EE B6 FE FF BE FD FE BB FF D6 DF FB F7 F5 A2 25 25 A5 AE AD 5D AA 57 
[   50920] ch50 r0 a3: 03 AD 81 1A A2 A2 95 99 5B 40 83 A5 0B 94 64 61 42 92 A1 01 04 AA 69 D0 AC D9 A0 6D 44 D8 09 55 
[   50940] ch50 r0 a3: 94 51 4A 55 84 A9 69 69 25 44 07 30 2C 36 A4 8A A1 B1 42 12 C6 32 61 44 B5 56 D1 BF 1A D1 5A 54 
[   50954] ch50 r0 a3: AA 01 11 A6 2A B4 81 20 AC 25 85 49 24 A0 74 62 D1 12 51 10 8A 89 6A C0 CA 21 22 A1 2C 88 AA 45 
[   51046] ch50 r0 a3: DA 33 A4 48 65 12 24 8D 09 11 22 8E BA AD 6D 5D 49 FB 42 DD AD 0B 3A 6E EA A6 8A BA 8E D6 02 CD 
[   51052] ch50 r0 a3: 99 54 88 94 32 52 BD 75 54 AD 24 52 A5 B7 A5 15 45 26 49 54 B4 ED 56 B1 AA B5 74 24 14 8A 52 92 
[   51067] ch50 r0 a3: 49 2A 8E 88 CA 05 50 24 49 01 28 24 01 00 91 A6 A4 28 6C 10 44 88 80 81 4A 10 22 24 24 08 90 24 
[   51085] ch50 r0 a3: 00 A8 44 40 0B D4 00 04 B0 10 8A A8 AF 6A CB 2D 75 55 B6 BD B8 B9 DA A6 92 F6 57 5A 4A D4 D5 56 
[   51160] ch50 r0 a3: 0A 17 14 D0 B1 45 10 81 6A 8B 00 24 86 5D 14 13 08 4A 01 14 40 37 77 BB 3E B3 51 05 54 AD 15 E9 
[   51195] ch50 r0 a3: 2A 25 81 4A C6 55 55 54 20 C8 10 B2 20 49 2E AA 98 D4 22 D2 4A A9 4C D5 32 DA 9B AA 92 B5 B1 20 
[   51229] ch50 r0 a3: 74 50 D3 A5 32 88 CB 67 26 C8 3E ED 52 8F 26 BE 54 BA CD 0D 5D 88 AA 49 64 4B 25 A8 94 69 65 01 
[   51232] ch50 r0 a3: A1 56 89 51 6F 79 77 57 7D F3 56 B5 39 B5 B5 BE BD 7B 69 5E EC 4F CF 17 6F 5D B4 DB CB F4 D1 AA 
[   51260] ch50 r0 a3: AA 95 44 D2 AD D5 2E AA B5 2A 5A AE B4 EA 08 90 C5 4B 28 51 F6 56 24 C0 69 AA A5 C4 96 2A 47 59 
[   51269] ch50 r0 a3: 48 55 4A 97 7A BF FB 5F E5 53 4E B6 92 B2 F6 9D A7 6A 6E AA AA 54 00 00 08 00 81 50 22 AA 94 A2 
[   51277] ch50 r0 a3: A8 50 A5 28 8A A6 08 4A 88 52 80 A9 09 54 55 A6 B4 F4 BB 3A DB BF 54 AA CA D8 AA A8 98 AB 98 A4 
[   51315] ch50 r0 a3: 9A 11 89 49 09 11 09 60 A8 77 22 95 55 23 D6 B5 16 52 A4 E9 75 37 92 B9 DB 4A AD A2 AD D7 35 D9 
[   51321] ch50 r0 a3: 00 00 88 10 00 00 00 00 00 44 00 00 00 00 00 20 84 54 2A 35 29 49 6B 04 D0 99 2A 91 1B 13 D4 AF 
[   51337] ch50 r0 a3: 81 28 82 29 CA AA 52 46 96 C8 13 A4 96 94 A5 4A A4 42 A2 04 29 23 4A 40 52 4B 99 45 56 9D 4A AB 
[   51359] ch50 r0 a3: 00 28 A9 14 90 55 44 44 81 24 94 92 44 94 A1 33 2A 9A A9 5A D5 24 E9 52 8A ED 4A 62 AA 95 58 D5 
[   51395] ch50 r0 a3: 55 E7 A5 2D 06 09 25 92 93 53 53 06 66 D2 8F 5B 0A AA E9 09 17 52 4D 53 95 45 98 AB 4A 99 39 57 
[   51421] ch50 r0 a3: 62 AA 2E A4 23 48 E3 52 92 52 8A 0A 6A 22 BA 3A BD 97 31 4D A8 D4 49 68 51 44 D5 45 80 B1 6A A8 
[   51424] ch50 r0 a3: B1 02 8A 45 A2 29 4A 2D 25 59 42 55 AD 4A D5 29 52 A4 4B 5A 56 A1 56 6D 3B B3 55 AA 50 D2 2D A2 
[   51426] ch50 r0 a3: B4 AA D5 2C B9 7E 5D EC D7 5D 35 EF 6B CE 2D 9B 2B 96 57 C9 CD 75 55 6D 51 12 1A AD 55 5D 2E A9 
[   51494] ch50 r0 a3: 25 02 41 A0 42 80 45 08 00 AB 55 AB 5F AF BB BF FD FB EA DF FF F5 EF FF 5E 16 8D 4C 5D 15 2B 6B 
[   51531] ch50 r0 a3: A8 AA AD 4C B9 AE AE DF CA D2 AB 75 EB EA EA 17 56 BA 24 B1 EF 55 55 6B 59 52 AA AD 25 6A D2 5B 
[   51551] ch50 r0 a3: CA 04 20 19 C6 E2 2A AB 11 54 A4 88 A8 3A 29 01 22 AD 28 26 22 15 5E 6B 2C 61 B8 B4 62 B5 A7 A4 
[   51582] ch50 r0 a3: E2 6B DC 9D 60 75 CA B8 FF F1 F8 FF 80 07 56 F5 D8 A9 FF F9 FB 6B 6E 5E 54 BE F1 E8 EF E6 B7 AA 
[   51651] ch50 r0 a3: 49 A4 B9 06 21 12 94 13 12 86 4A 14 96 85 2B 05 84 56 14 25 28 40 AA A0 24 84 22 88 10 9A 02 81 
[   51676] ch50 r0 a3: 52 40 25 03 95 D2 C0 44 54 45 48 54 A9 E8 08 9A C2 45 32 6A C2 49 35 4B 62 64 AA C2 B9 05 55 12 
[   51688] ch50 r0 a3: 16 9B 22 51 00 14 D7 6F 7D BF B7 AC A9 D5 B5 76 AB 49 76 F6 FB 55 92 AA 48 D2 94 2A 05 0A 54 AE 
[   51706] ch50 r0 a3: 55 02 D5 62 53 52 2A 5A D4 53 4A D6 40 9B 66 A8 45 EA DA 94 C5 2C 4A 60 4A 55 4A 0B 68 4A 8A 89 
[   51732] ch50 r0 a3: 86 C0 0D 65 1A 48 02 92 8F A5 C1 9B A8 D7 DF F7 FA D6 BD 7F F5 59 FB B7 57 55 6C 6D FD 64 FA 52 
[   51753] ch50 r0 a3: 46 68 B5 A5 77 5A EB B5 D2 A5 5A 30 7D A1 55 6E A6 AD 77 59 54 DB 12 E4 77 25 4C D1 F1 55 56 91 
[   51782] ch50 r0 a3: D4 52 79 92 C2 CD 52 76 D2 B9 0E F1 4B FD 8C A3 55 5B 5F DD D7 5E 2E 89 6D 5D 6C B5 DC EA BD 2B 
[   51797] ch50 r0 a3: 40 61 4A 6D 35 6B 52 A8 5B 68 8A 4C A9 12 B2 13 52 92 CA 96 7C 59 98 B5 52 2C D9 AA A5 D5 26 54 
[   51852] ch50 r0 a3: 16 4A AA 94 CD 15 96 A1 55 A9 45 96 49 4D 06 91 9F 5D AB B9 41 89 5A 90 B4 8A 96 AD 4A D4 D9 5A 
[   51853] ch50 r0 a3: 6A 97 13 2A 92 A4 94 24 24 2F 79 4D 2A E7 36 EA ED CB BF 7A D5 A5 2D 55 54 65 AB AA A5 DB B5 5F 
[   51856] ch50 r0 a3: 57 C5 4A 44 80 A8 FA 55 A5 4A 76 95 9F 2B BD 59 CA BE DB 4A D5 B5 CA C5 2A F4 95 8A AC A3 5A AD 
[   51861] ch50 r0 a3: 10 AA 95 2A AA DD A1 D5 DB 3A A9 4E 56 DA EA 1A 5D D7 5B 2A EF AB 5A E5 5D A6 BF 75 58 BD D5 6B 
[   51914] ch50 r0 a3: 31 40 D5 AE 41 81 20 45 29 24 AA 6A 97 D2 1A AD 66 65 8B A2 AD 5C AD 4D 6A 8D 73 6D FA 8B 1B 56 
[   51955] ch50 r0 a3: 52 96 8C 22 56 8A 64 93 20 A8 89 2A 88 A5 28 A8 C4 B7 5E 55 82 B4 2A 92 94 A9 51 9B DF F3 51 52 
[   51997] ch50 r0 a3: 55 A1 00 AA B5 54 11 23 42 EA C4 A7 A7 B8 4C 54 31 E4 A7 6B 6D 44 E9 5A A6 56 BB 6A A6 99 43 52 
[   52006] ch50 r0 a3: 10 5E EA FF 69 FD 75 EE EA A0 0E 59 64 14 5B 84 AC 46 F6 67 42 AD A5 14 0C C1 56 58 20 45 C5 56 
[   52108] ch50 r0 a3: 1A D8 32 12 9A D0 A7 D8 D2 51 D4 4E 8E 84 91 31 35 B4 46 AF 3D A1 4D DA 56 11 BB 49 A9 60 AB 59 
[   52183] ch50 r0 a3: 34 43 0C 72 26 CA 32 D4 12 86 C4 8C AA 97 25 AA 6A B4 95 50 4A A1 A8 76 84 48 44 0A AA 95 16 A0 
[   52194] ch50 r0 a3: 23 44 EE 42 4D A9 2A 64 A5 11 72 CC B6 2C 94 C9 2C AE 4A A5 45 FA E8 2A 15 51 75 2A D2 D6 42 35 
[   52218] ch50 r0 a3: E5 2A CB A9 BA A3 46 6A D4 AA 56 A5 AD 69 11 D2 AA A4 8B 9A A9 48 E5 6B CE D3 6A 5A B9 2B DA D2 
[   52261] ch50 r0 a3: B9 2A D5 4A 62 CA A5 25 15 6A B4 95 DA 8A 22 24 14 AC 63 4B 54 2A 54 0C 4A 53 01 1A 66 51 32 64 
[   52274] ch50 r0 a3: 83 44 8A A9 A9 2A 4D 29 55 38 99 AE D5 56 DA 55 55 BA B5 74 35 AE 5B 35 A2 B6 54 A6 A2 8E 55 57 
[   52281] ch50 r0 a3: 44 AA 8B 59 7F 6D 5A EE BE F5 B7 FA 8A CE 4F 56 AD EA F2 D2 9D AA 29 2A AB 35 D5 69 55 AE 45 AF 
[   52298] ch50 r0 a3: 04 91 4A C4 48 C4 58 BC AA 54 A4 A5 88 4E 80 8B 11 D4 6A 90 A6 2A 8A 94 D2 72 A5 21 24 84 A9 5A 
[   52329] ch50 r0 a3: 31 5A C3 2C 2A 40 0A 00 2B 40 80 B8 CF 54 00 92 16 5B 04 2A 50 49 11 4D 28 54 19 0A D2 C9 02 14 
[   52336] ch50 r0 a3: 55 C5 CD 13 14 49 9B C9 16 96 89 09 31 55 B0 26 12 15 89 55 D2 8D 4F F0 2D 2D 90 6A E0 AA 68 A0 
[   52415] ch50 r0 a3: C4 AD A9 50 D4 B2 62 A5 53 7A 4A 86 A1 2D 49 14 1D BF CB AD A5 F5 BB D7 BF 6A BB 79 6F 5B CF 44 
[   52505] ch50 r0 a3: 20 A4 59 12 AC E1 00 5A 4A 4A 88 92 AA 29 6D A8 A0 12 24 9A 04 49 16 54 A9 54 C1 5B 4A 4A 89 63 
[   52585] ch50 r0 a3: D2 AA D4 5A AA 6C 2A 0A 49 64 A3 5A 45 4A 9E 66 96 2A C9 96 9A 44 7A AA 91 54 D5 55 56 D5 17 5C 
[   52612] ch50 r0 a3: 94 AA 9D 15 14 B2 AA 71 95 AA 85 A0 25 45 AD AA 9B 4A CD 55 5D 16 AA B5 2D 2A AA 6B 21 5B 68 AB 
[   52616] ch50 r0 a3: 28 D2 40 EB 40 12 41 34 15 4A A2 A0 5A 42 9A 96 B6 12 A2 85 8B 8E C5 51 56 C2 11 50 13 45 29 85 
[   52639] ch50 r0 a3: D5 5D 97 94 29 2A D2 86 5A 43 2E AD 35 30 CA 8E AA B4 23 45 52 B7 31 6F AC C8 A6 75 4A 94 59 08 
[   52664] ch50 r0 a3: A0 82 88 A5 58 4A 56 21 50 B2 15 52 50 D4 51 28 75 6B 5C 5A 45 02 6A 2B 1E 59 5F 35 BB 7D 6F 5F 
[   52717] ch50 r0 a3: A4 D9 B1 52 91 A2 D7 26 52 C9 55 52 96 A8 A4 4A A5 19 72 5A 46 B2 48 61 13 16 4D 43 69 43 4A AA 
[   52751] ch50 r0 a3: D5 45 6D 2A AD 1B 49 A9 65 44 D2 B0 D9 36 AA AA 54 AA A6 2A 55 16 25 62 DA AA 52 95 5D 35 AA 32 
[   52754] ch50 r0 a3: 08 25 A0 91 0A 55 2F 32 A9 E4 8D 4A D3 1D 24 1A AA A0 D5 0A 4A 69 6D 4A AA 88 4A AA BD BB D0 A0 
[   52766] ch50 r0 a3: 36 D7 FF AD DE FE AE D9 7B DF 8E 9E 7D 6E CB BB FE 2C A8 AA 54 88 C9 51 D5 51 49 41 26 22 56 E9 
[   52803] ch50 r0 a3: 02 4D 32 A9 43 2C 8A 74 CA B6 AE A1 7A 85 0D 24 54 CA 6B 65 89 AD 33 42 4B AD 95 69 12 42 8A 14 
[   52827] ch50 r0 a3: 32 9D 42 34 B6 44 89 81 6D 03 75 29 6D 26 DD D5 B6 AA AB 75 9F 09 35 45 46 60 68 92 8C B2 65 B5 
[   52844] ch50 r0 a3: A8 A9 55 56 A2 52 9B 55 58 AB 6D B5 A9 CA AA AD B6 AA 76 AC AD 8A EB 6C D5 F2 40 AB 4A B5 A6 C9 
[   52860] ch50 r0 a3: 4D F4 A9 B5 B1 6A 3E 46 DD 69 BA A5 57 9B 66 AA 2D A6 A8 56 8A 37 57 4A D4 94 AA A4 ED 2A F0 93 
[   52881] ch50 r0 a3: 00 01 94 49 44 82 43 9E D6 92 1A 90 54 2A AE 9A 65 45 55 71 90 4A 25 40 00 00 C9 52 10 90 D3 28 
[   52893] ch50 r0 a3: 2A D1 AC 45 48 09 0B 76 68 6D 86 5A C2 B0 E9 5A 80 BC 9B 32 12 95 81 8B 46 9C A2 52 62 AA CD B2 
[   52903] ch50 r0 a3: 58 EB 25 48 A5 52 B5 31 56 37 1A 97 49 15 7D D4 E7 74 EB 1A D7 6A B3 9D 16 57 76 AE 5B A1 DF 1A 
[   52914] ch50 r0 a3: 49 1A 84 AA 92 95 59 54 99 51 55 48 8A 57 29 92 04 A5 0E 2D A2 64 49 64 92 95 50 27 40 42 AC 49 
[   52919] ch50 r0 a3: 84 84 96 11 14 92 59 C5 08 99 29 23 44 A4 44 19 B5 8A 28 A5 08 22 32 53 54 AB 44 2A A0 51 24 16 
[   52946] ch50 r0 a3: 16 A4 A9 52 52 AA 5A 92 51 22 21 29 56 A8 22 28 99 25 45 2C 97 2D 8A 2A 84 D5 AB 32 4B 46 95 53 
[   52957] ch50 r0 a3: 91 52 AA D5 35 D5 14 B5 5A 2F 14 21 AA B8 82 AA 92 55 4D 2C 28 6A B4 A8 A2 92 55 41 4E 35 48 B5 
[   53021] ch50 r0 a3: 56 0A B4 B4 23 37 12 CD 1A 2F 89 20 A6 4A 6B 28 6E A6 56 E2 49 B5 6D E5 6D A8 54 EE DE A9 4D 6B 
[   53046] ch50 r0 a3: A0 4E EA 4C 9A 6A 55 66 21 A3 43 10 8A 5A 85 8D 55 2E E8 55 42 D4 A6 AA 94 AB 28 45 24 52 E0 62 
[   53058] ch50 r0 a3: 92 45 51 08 69 22 B4 25 25 94 52 95 09 52 B5 26 96 49 4A 16 D5 4A 89 48 6B 29 4B 72 84 AA 4A AA 
[   53098] ch50 r0 a3: AA D2 A2 6B 89 6A 82 42 22 12 2E 92 8B BD 34 0A 80 A2 BA 8A 2D 02 8C 2B 1A 12 54 4C C8 6B 25 50 
[   53099] ch50 r0 a3: AA B4 21 32 68 AA 2A 55 69 49 04 55 13 55 45 39 52 25 55 54 92 A0 A5 85 33 AF 52 A2 14 32 97 B7 
[   53157] ch50 r0 a3: 43 2B 05 03 49 15 24 94 30 22 90 54 A8 0D 40 0B 21 62 00 28 A0 48 8A B5 55 2A 84 40 54 11 14 41 
[   53175] ch50 r0 a3: A9 29 14 26 51 11 25 22 A8 A5 2A 42 AC C4 52 69 4A 15 94 A8 C2 20 42 53 C1 54 92 8C 88 B5 2A 2D 
[   53190] ch50 r0 a3: A6 54 12 C9 43 29 3D 52 4C 73 5A D5 B5 6E 98 A1 52 2B 6F 5A ED 6A AA DD AC AD 9B 45 AB DE AA 11 
[   53196] ch50 r0 a3: 8A 25 25 D1 63 25 60 95 4C AD D2 B4 DE D9 25 56 25 75 55 A6 56 2A 5A 8A 96 0A 49 50 A9 6C B6 D5 
[   53220] ch50 r0 a3: A4 92 4A AA 54 96 22 A5 36 55 82 A4 23 2D 4A AB 12 55 42 A4 69 54 DA 9A D2 BA EE 6F F4 D3 55 74 
[   53223] ch50 r0 a3: 88 51 B3 56 D6 57 02 6A A5 2C 92 A0 A6 89 4A 24 96 01 6A 4A 95 AC 59 1A 68 D4 84 BA 48 A0 42 A2 
[   53255] ch50 r0 a3: B0 5D 2D 24 B7 B5 0A EA 8B 6A 7B 5D BB 0D A9 59 D6 BA AA 52 10 AA 55 49 24 04 81 9A 25 50 08 C9 
[   53308] ch50 r0 a3: B6 EE E5 AB 48 B2 CD 4C 52 A9 AB 21 6A D5 6B 35 71 32 F5 6B B4 BF 5D 50 E7 D5 69 C9 D6 A9 4E B7 
[   53333] ch50 r0 a3: 14 25 56 B0 15 A9 68 A6 D6 85 AB 0A 90 A8 4A 10 A7 54 8A 02 A1 A5 14 42 95 10 48 A9 00 B6 A5 FA 
[   53339] ch50 r0 a3: 44 43 D2 8A 2C 80 5A 84 48 2B C9 20 08 98 A8 D0 32 43 36 C0 0A E9 24 23 68 56 94 40 10 31 01 28 
[   53341] ch50 r0 a3: 4D BB D5 ED B7 6B 79 BD 57 36 6B DC A7 5E DA A9 48 43 44 10 C2 B8 09 23 91 15 44 84 35 2A AB 56 
[   53345] ch50 r0 a3: 90 40 95 12 22 84 84 82 54 29 4A A6 52 2A A0 A5 2D 26 96 05 52 8D 42 D8 9A A4 89 6D 02 41 03 20 
[   53359] ch50 r0 a3: 1C 09 55 0A AC A5 00 68 A5 B5 B2 9A A8 AA A5 5B D5 EA 89 4B 69 60 91 A1 52 B4 6B 4D 51 51 AA D2 
[   53376] ch50 r0 a3: 15 20 D2 56 11 00 01 00 A9 06 AC 52 2A F1 5A D8 CB 6D 97 52 0D DA C9 6A B0 6A 53 AD 39 D1 73 A1 
[   53380] ch50 r0 a3: B1 E2 65 15 55 08 B8 A5 A8 8A A5 46 C2 10 05 2C 8A 28 11 52 89 55 48 50 AA 2D 22 A8 D5 49 43 45 
[   53407] ch50 r0 a3: 2A 8C 99 28 DB 58 50 A6 AE 15 52 25 54 8A 45 58 12 AA B6 64 A0 5A 4B 46 32 5D AA AA 4F FD 5B B1 
[   53409] ch50 r0 a3: A8 89 AA B4 1C 89 11 AA 8A 54 AA A4 11 C4 4D 2A A9 7A 9A 36 40 34 89 55 4D D4 25 28 2C 4A 61 2A 
[   53424] ch50 r0 a3: 25 21 41 41 55 48 85 22 84 41 A9 42 AA 81 6D 48 60 A5 49 B2 51 18 82 47 23 54 A5 53 52 2A 12 C0 
[   53465] ch50 r0 a3: 99 27 11 45 41 41 6A 86 41 50 62 92 9A 45 26 54 10 D4 4A 01 44 0C 42 69 02 40 92 94 AC 55 A3 24 
[   53517] ch50 r0 a3: 73 62 19 6A D1 49 22 4D 52 29 9A AD 55 A4 AB 56 FE C7 7B 61 4B 52 D4 ED 5B 6C AA CD 52 EB 79 A9 
[   53518] ch50 r0 a3: B1 12 24 4D 24 E2 18 E5 21 2A 91 52 4C DA 4B 5B 44 A5 AE 95 22 45 0A 42 C4 5C B7 A2 4F 22 A5 52 
[   53523] ch50 r0 a3: D4 50 C2 29 48 09 46 80 8A B8 91 50 1A 61 B5 5A 49 51 51 13 49 56 52 5D 59 AB 8E B3 97 50 5D 55 
[   53541] ch50 r0 a3: C5 45 4C 92 2B 0A 52 41 63 42 95 23 31 AA A8 E9 49 4A 56 89 0A 25 64 0A AA B5 2A 28 2A 45 61 09 
[   53552] ch50 r0 a3: 85 04 28 88 AB 43 66 26 85 52 6C 10 E9 15 64 D0 82 37 94 11 5B 1A AA 89 25 8D 74 A9 65 4D 3D 5B 
[   53567] ch50 r0 a3: 46 52 81 55 21 6A D2 AB 5C A8 E9 57 12 75 76 55 09 DC 9A AB 4C B5 9A D2 57 08 49 1A C4 84 B5 5D 
[   53572] ch50 r0 a3: E2 6B DC 9D 60 75 CA BF 1C 00 3F 03 F0 00 54 FD ED A3 44 AD 86 DF A9 ED 7D 4C 8F AF DE 6D 7D 35 
[   53594] ch50 r0 a3: 55 92 00 68 51 84 A2 A2 AA 12 88 41 12 42 01 54 90 04 24 69 A8 91 28 10 50 55 54 90 49 32 81 40 
[   53600] ch50 r0 a3: 2F 4C 24 28 4A 4A 2A A0 52 C4 55 14 C7 2A 94 C8 25 49 C4 13 12 15 22 45 35 CA 4A F1 05 54 DE B6 
[   53601] ch50 r0 a3: 25 02 4A 53 0A 4A 2A 4A 94 02 41 4A 29 44 4A D2 2A 34 68 CA 92 8A 28 86 4A D4 23 08 C8 51 05 24 
[   53623] ch50 r0 a3: 26 89 4B 55 90 A9 85 82 35 4A 92 A1 01 13 52 38 6A 13 51 24 52 53 36 09 44 89 0B D2 AC 49 63 54 
[   53626] ch50 r0 a3: 4A 26 D5 12 91 55 28 A5 A8 5A 52 E2 89 45 AA CA AD B6 A4 47 CA B2 8C A5 52 C4 25 35 75 4B 55 47 
[   53733] ch50 r0 a3: 95 54 A4 42 E2 4C 98 C5 2A A9 55 BA DC 95 B4 BA A8 9A D6 6A C4 B5 14 74 D6 B5 69 66 D5 74 AB 53 
[   53787] ch50 r0 a3: AD 4A B2 99 EB AA C5 15 0A 54 54 88 DD 5A 95 51 51 48 AA 59 32 A5 52 55 2B A9 49 42 94 D2 A3 54 
[   53850] ch50 r0 a3: A2 10 48 81 10 2D 21 41 50 C2 E5 5A 0A 01 0A 4A 99 48 42 14 89 94 98 21 80 56 52 10 7F 5D AB EA 
[   53856] ch50 r0 a3: 49 45 12 56 04 A9 A8 48 76 C3 61 35 4E 5A AA 15 14 A2 28 D2 A5 32 E2 D5 A5 25 AA D5 50 4A 5B 25 
[   53880] ch50 r0 a3: 0B 04 8A C4 C1 89 4C 22 CA A8 55 55 55 52 A8 96 B5 A6 AD 74 94 AB AA 3D 25 52 D4 CC 85 48 89 49 
[   53932] ch50 r0 a3: 54 AA 95 3A 85 52 B0 C5 A2 32 22 12 64 8A AA AF 4B 98 22 22 A8 B8 13 B1 9E 22 D5 4A E2 14 44 AC 
[   54028] ch50 r0 a3: 29 55 35 19 A3 55 68 AE 59 6A 54 96 AC 92 98 9A 11 A5 6A 95 2D 52 94 B2 E8 55 4B 77 4A B2 6B 66 
[   54069] ch50 r0 a3: C2 6B 90 99 60 65 0A A4 00 0A 00 02 40 20 07 F5 3D 7D 9B EE EB BE D7 7C 57 B5 72 9D DB DB 9A EA 
[   54069] ch50 r0 a3: C2 6A 18 93 40 65 8A A0 12 00 20 02 40 24 57 AD 75 72 DA FC 4A A0 C9 CB 46 92 6D 12 A1 76 4A 52 
[   54082] ch50 r0 a3: AA 50 A8 DA FA 2A AD BD F5 B5 A7 4B 57 77 2C 99 76 D5 AD B7 D5 6A AC 7F 5C BE AB B4 32 62 E7 FA 
[   54086] ch50 r0 a3: 49 6B 5A 55 2A 4A 14 AE 56 49 B6 0A 84 A8 B9 CA 04 46 72 AD 97 4B 35 02 5C 54 AA 52 2A D5 15 11 
[   54091] ch50 r0 a3: 90 98 11 13 48 91 52 4D 12 A4 EA 52 D5 08 21 08 D2 AA 4E 90 C8 96 8A 12 52 50 A4 A4 4A 54 D2 A9 
[   54122] ch50 r0 a3: D2 64 15 09 2A A9 21 25 54 42 C1 36 41 56 D4 02 A3 4D 52 89 94 0A A1 16 8C 8C 3A D5 BD B3 AD 2C 
[   54162] ch50 r0 a3: A4 EB 46 AD 54 6A 2D 58 29 51 89 AD 54 D6 C9 17 6D 78 D2 B6 4A AA B5 59 37 55 2A A4 B5 42 C0 5A 
[   54212] ch50 r0 a3: A2 D4 24 A5 13 27 AE 16 AA A5 94 0E 1A A9 33 20 B4 8E 60 54 A0 1B AB 53 AD C9 6D 4D 50 AC BB 52 
[   54226] ch50 r0 a3: 50 0A AD 38 09 50 E7 56 C9 45 EB A7 57 52 BA A8 B3 76 94 55 8A 55 29 A7 AA A7 47 B5 6A 93 75 02 
[   54269] ch50 r0 a3: A2 A8 00 A9 A4 61 2A B2 AB BB EB 66 A9 5A E2 FE BB 7D 55 57 AD 56 AD 49 76 D5 2A D5 4D 52 EA A5 
[   54310] ch50 r0 a3: 09 15 32 90 92 45 D5 7A 8A 6A 48 2C 5A 83 75 54 92 DB 4B D7 55 2D 9F 55 59 20 FD 0A AA EA CD 0F 
[   54323] ch50 r0 a3: A9 55 51 2D 45 22 A0 84 12 8A A6 9D 2B 57 AB 64 0E 4A B0 5D 71 76 4C 2A AA CA A4 57 13 8A A6 17 
[   54357] ch50 r0 a3: AA 88 AA 1B 42 B1 14 AA 40 58 85 22 E8 55 05 74 55 62 59 55 09 02 11 16 4B 5C 54 B5 64 26 C2 94 
[   54362] ch50 r0 a3: 61 CD 0A 40 59 40 94 25 6A 9A 41 60 95 2A AC 92 05 54 A5 65 19 8A 56 E2 C3 74 95 51 6E 52 04 61 
[   54380] ch50 r0 a3: 51 54 84 96 69 49 51 69 A6 6C 5B 30 41 50 D4 C5 49 49 75 A9 AE 5E D7 7E AA 6C 75 35 53 52 B6 E3 
[   54412] ch50 r0 a3: 80 28 34 60 EA C5 42 80 8A 49 0A 55 24 42 0B 1A 42 A1 A0 A4 20 75 B0 99 02 CA AA 8A A2 4D 64 0D 
[   54464] ch50 r0 a3: 80 2B AA 24 A0 A1 52 14 D1 29 08 A8 0B 52 14 41 00 94 A2 95 4D 08 9B 2A 95 44 D4 C5 20 06 A0 51 
[   54467] ch50 r0 a3: 0A 2A 16 22 4D 00 84 07 FF 55 6C 78 35 FA 51 22 F5 98 2D A5 5F 0A 8C AD F4 50 89 6F 57 37 35 DA 
[   54520] ch50 r0 a3: 95 44 18 42 42 A0 48 84 A2 40 A9 0A 85 51 92 15 42 50 8A 4C 92 89 08 93 10 25 60 11 20 B2 96 98 
[   54531] ch50 r0 a3: 54 55 52 A5 57 54 A5 EB 6C 59 D6 A5 35 AB A9 4A 55 3F B2 D1 4A 95 55 40 29 51 B0 50 A9 03 6A 51 
[   54553] ch50 r0 a3: B4 A9 35 50 9B 45 52 D3 25 0A 85 55 F5 96 0D AA C9 72 B4 AE DA D6 9B 5A AC 93 22 A6 AA F6 C2 51 
[   54574] ch50 r0 a3: 54 4C B2 2C B2 32 0A A9 44 D7 2A 95 48 45 65 22 5A 35 5D 51 2B 1B 16 6B 89 53 90 52 6A 62 52 B4 
[   54636] ch50 r0 a3: 51 58 05 75 90 48 94 80 21 26 55 89 44 C9 28 14 12 30 8E B2 0A 94 42 1D 29 36 41 28 95 94 62 A2 
[   54659] ch50 r0 a3: 01 85 48 A3 22 51 FE 92 45 05 45 10 61 26 C8 A5 10 14 3E AB AE AA B5 55 53 6C ED 5A BD B3 F5 55 
[   54665] ch50 r0 a3: 84 40 80 50 11 14 05 14 81 94 99 94 A2 15 15 2A AD BD 75 A0 A9 5A CA A5 C8 43 15 2A 89 51 69 22 
[   54670] ch50 r0 a3: C2 14 95 A8 E8 32 A0 82 41 02 95 85 04 2A 50 C4 00 0D 59 08 25 52 81 12 25 46 A5 25 22 30 22 92 
[   54686] ch50 r0 a3: B5 31 6F 65 51 72 DD 55 6A 5B CE D9 85 84 2E CB 35 13 7C B1 B6 CB B6 2A BD 61 94 DE 55 63 D2 56 
[   54747] ch50 r0 a3: 49 02 94 09 49 68 51 0A 55 0A 6A 28 8B 52 04 52 94 6A 48 82 92 2A 37 C7 6A 55 A1 14 2C AE 5A 6A 
[   54748] ch50 r0 a3: A2 CA 92 34 85 14 A2 A9 3A C7 4D 04 8F 24 68 65 A2 56 B1 12 AA 14 33 9A 83 4A E5 BB D0 B0 C6 59 
[   54772] ch50 r0 a3: 8C 76 8E CA 88 0E EE EE EE 45 D4 49 F6 9A AA AA AB AB 2D 55 AB D5 55 53 F6 7B 75 FA BB 5B 6D 2A 
[   54781] ch50 r0 a3: F6 AA 92 AE D9 6A AA 52 AB 94 AF 36 56 A6 CB 51 81 E8 95 9E EA 49 55 6D AE A6 DC ED 26 75 CA BB 
[   54808] ch50 r0 a3: 28 4A 24 6A 09 1A 52 A8 9B 11 A5 66 8A 69 44 A5 65 AA AD BC 59 BA B4 15 B2 96 DA A9 53 55 31 0D 
[   54873] ch50 r0 a3: 11 4A 8A EB 22 B6 04 65 12 A1 74 94 74 EA B6 A9 35 75 72 F6 8B 57 57 A6 DA EA DA BD 35 49 DB 33 
[   54906] ch50 r0 a3: 05 22 64 AD 0A 25 34 94 AA 2A 84 A4 00 A2 D4 08 14 46 21 00 00 10 14 28 10 00 25 12 4D 40 51 00 
[   54957] ch50 r0 a3: 95 0A AA 5B 12 65 99 71 5D 55 2B 56 DE AD D9 95 8B 6B 5B 95 5A 55 8E 16 B4 C5 B6 79 AA AD 0D 0D 
[   54964] ch50 r0 a3: 0A A5 24 8B 12 28 B4 D0 34 2A AB 54 11 24 B9 D1 4B 25 52 98 19 50 AA 21 6A 56 D8 A3 68 24 B6 56 
[   54969] ch50 r0 a3: 88 21 24 4A 28 D1 41 0C 61 30 4C E4 CA 58 90 18 A2 50 28 B1 21 41 98 80 0A 50 C2 AB 06 00 88 48 
[   55199] ch50 r0 a3: 8A 25 BA 91 68 88 29 5D 4D 35 55 AA 92 A4 05 5A 5A 15 B5 23 55 2D 68 B7 68 B4 BB 62 D9 AB 62 92 
[   55231] ch50 r0 a3: 70 25 68 AE 0A A4 D5 4A B9 14 B5 13 BF 10 E2 45 7E EB AA 2B 1B 52 B8 2C B6 BA A8 AE A8 AC 4A E5 
[   55234] ch50 r0 a3: 4A AA 5B 64 AB AB 46 82 B8 75 AD 42 11 10 65 30 66 A7 13 21 43 D1 5B 57 ED ED AA 76 D7 D4 AD 5B 
[   55259] ch50 r0 a3: A2 A1 49 34 44 10 2B 22 12 2B 54 4A 52 56 8A A8 49 24 82 03 54 A1 12 A8 AA 94 2C 5B 68 04 2D 35 
[   55300] ch50 r0 a3: 90 94 A1 56 92 20 09 48 24 74 32 B6 A9 4E 88 4A 55 44 3A 4A 05 12 42 2A 08 45 40 AB 24 A6 8C 82 
[   55305] ch50 r0 a3: 92 95 59 6D 68 AA 11 6F 85 56 94 25 A1 44 24 21 56 5A 24 9C 70 24 42 FF 52 AD DE AA DB 57 65 5E 
[   55311] ch50 r0 a3: 90 AA 95 2A AA 55 49 A2 52 F6 AE 6B 61 22 CA 41 50 E4 93 2A A9 C8 81 4A AA 56 12 2A B2 B5 54 93 
[   55322] ch50 r0 a3: A8 92 4A 59 19 58 31 2B 69 05 41 69 2C 4B 51 51 54 AA D7 15 5D B0 D1 51 55 22 52 E3 B6 B6 85 AA 
[   55356] ch50 r0 a3: 00 00 80 10 55 14 20 28 2D 15 7D FB D5 BE FA FF FF 7F FD DF FB FF FE FB FD FF FF E4 12 85 85 80 
[   55367] ch50 r0 a3: 82 40 35 05 D2 00 88 4A 34 52 22 90 48 E9 25 14 92 03 83 61 A4 85 8A 52 8A DD 3E 8D 91 74 96 8D 
[   55394] ch50 r0 a3: 12 00 50 05 AB 49 06 0B 01 5D 42 95 4C 54 46 85 1E 55 84 94 4F 11 28 28 B2 DD 41 62 41 29 CA B5 
[   55440] ch50 r0 a3: 85 14 83 28 82 A4 8E 80 65 41 54 04 AF A9 0D 49 15 25 92 4E 21 4D 0C 89 09 2A 15 4A 58 C9 74 8B 
[   55478] ch50 r0 a3: 89 4A 8D 11 15 89 22 82 85 85 55 40 65 25 01 14 48 56 A2 A6 22 11 28 72 2A 15 6A 65 52 5A 85 68 
[   55512] ch50 r0 a3: B5 FD 2B 55 F5 35 BB DE A5 56 51 45 75 55 5A D2 EA 93 26 5C EA 35 5D 9A E8 A2 A5 15 AA D7 EE CE 
[   55528] ch50 r0 a3: 12 B5 7B 46 5A A1 42 B7 5A A8 AD 74 A2 AD 56 68 D1 4A AA B9 AC 85 51 67 26 AB 6D 29 9A 5A 8A F2 
[   55543] ch50 r0 a3: 53 64 04 B5 69 81 24 2A 51 05 62 94 AD AE A1 89 24 65 A2 8B 4A 42 55 1A 22 59 95 44 48 97 8A 9A 
[   55566] ch50 r0 a3: 33 B4 81 59 59 27 15 51 9B 56 55 97 44 C9 5B AA 9A EA 51 A9 6A 53 51 AA 55 94 AA 8A CB 8A 51 55 
[   55594] ch50 r0 a3: 44 D4 B8 B0 13 17 20 B9 A5 D4 83 35 19 D8 01 BE 94 62 1F 15 6B 65 A4 12 B5 59 16 6A 72 52 4E 4C 
[   55598] ch50 r0 a3: A1 6A A8 52 A0 4A 44 D2 93 AA 26 22 CA 08 20 28 94 0A 0A 0B 7C 94 AC 89 40 2A C8 B2 E1 AA 49 4B 
[   55640] ch50 r0 a3: AA 09 6B B8 04 AA 12 AA 24 9D D2 8A AA 5A 56 49 2B 1A 88 CA 60 AB 29 54 86 65 2D 2A 6A 91 25 52 
[   55659] ch50 r0 a3: 9B 40 D7 55 14 A8 95 46 85 4A EA 29 5D 99 6E A8 8B E9 53 51 7D 55 58 A4 2B 11 28 A9 2A BA 85 B1 
[   55664] ch50 r0 a3: 55 2E 95 A5 17 A1 56 2A 55 57 50 45 2C 9B 53 56 2A 9B 25 9A 72 AA 45 51 69 58 A0 CB 15 49 A6 B4 
[   55731] ch50 r0 a3: 95 46 D2 56 23 5A 40 DC 04 32 88 24 98 48 21 AA 51 12 A5 72 5A 29 08 2A C8 62 59 0D 11 AA 49 45 
[   55732] ch50 r0 a3: 95 42 69 AA A8 82 2A 54 81 5D 45 06 AB 3C 0F AA 61 B1 5A A4 BF 4B 54 66 D5 5B AD 52 96 AE D6 C2 
[   55751] ch50 r0 a3: 98 02 8A 91 29 54 45 52 55 42 CA 86 21 8C 95 13 D8 5A D4 52 14 48 89 1A AD A6 A1 28 89 56 2A 40 
[   55792] ch50 r0 a3: A1 54 D0 C5 80 C9 4C D2 19 AD 80 B4 5A 86 94 85 52 B4 D1 15 AA 45 55 4A 41 55 45 53 D1 6B A2 3E 
[   55797] ch50 r0 a3: D0 55 0A B0 C1 02 2C 94 21 42 A8 AA AE 09 5A 98 A4 AD 45 40 D0 8E A4 2A 94 91 C4 E0 CB 44 4A E2 
[   55904] ch50 r0 a3: A8 AA A5 48 AB DF 4D 72 EA 1C AE E9 2A AD AD B6 EB 56 5D 2B 7C CA AA AA 91 55 2A A6 59 54 4D D5 
[   55959] ch50 r0 a3: A8 C8 61 54 C2 24 A9 0E A6 55 44 09 55 B4 70 A0 B5 0A 44 62 90 96 D2 A2 0A A8 D1 46 45 90 85 D6 
[   55984] ch50 r0 a3: 32 98 8D 54 85 A9 01 42 9B 22 D5 55 D6 55 DB 77 55 6F 55 AE DA 9C AB 6E 9D 56 5F 5B 5A 7D 67 56 
[   55987] ch50 r0 a3: 20 A2 48 A4 CA 91 41 49 24 97 5C 6C 80 89 0E 85 01 21 22 54 82 02 B7 7B 55 AE A5 59 9E 5A A6 89 
[   55989] ch50 r0 a3: 22 89 0A 92 18 34 14 82 4A 91 2E BD 9E E5 76 B9 5A F2 CB 45 AB 6D D2 AB 55 B6 FA A1 6A 94 DE DD 
[   56018] ch50 r0 a3: B4 4A A2 AA 52 2A 2A B1 51 44 C9 28 41 2E 85 15 39 05 5A 58 A9 AA B4 22 76 A6 55 52 5A 2E 96 A9 
[   56086] ch50 r0 a3: 40 55 22 0A 5D AC 87 6A DA 2E CD D6 5C 5A 49 57 C9 6B 5B AE 9D 14 4F 64 A5 2A 69 4C AA 88 2F 4F 
[   56089] ch50 r0 a3: ED 0D 2A AA A9 E5 0A 89 47 40 5B 54 88 96 92 2B 44 2A A9 56 55 52 AA 96 8C 8A 8F 6A B0 4A A2 56 
[   56137] ch50 r0 a3: 55 5D 69 3B 88 10 8D 22 21 20 85 0D A4 48 0A A8 D0 DC 52 19 A0 55 05 0B 40 A2 14 90 93 22 D6 C2 
[   56198] ch50 r0 a3: 00 88 00 01 22 42 80 28 8A 24 80 02 28 0A 28 8A 0A 16 08 08 A2 80 00 A0 42 50 01 05 02 01 04 09 
[   56207] ch50 r0 a3: 95 2B A9 54 A5 45 44 5C A0 A4 C5 15 55 0C AD 95 40 49 49 49 44 52 22 A5 6A B3 6C 8A 46 A5 0A 75 
[   56241] ch50 r0 a3: 4A E3 70 B2 C0 12 44 4D 5A 89 09 40 94 21 94 0A A1 4A 93 68 A6 F3 40 ED 00 0A 02 A4 A8 12 48 55 
[   56247] ch50 r0 a3: 2B 7E FE E5 2C E9 8E E9 57 57 6D BF BE D9 5B B2 97 AD 56 D2 BA 5A 56 BD 5C DD 4E E1 4D ED B6 FB 
[   56349] ch50 r0 a3: CA 36 2B B6 AD F5 4D 52 AD 72 D5 2D ED 92 D5 5F 56 DF 55 A7 D3 52 AC DF 5A AB 06 74 AA 4A 09 32 
[   56369] ch50 r0 a3: AD 44 48 28 A8 46 77 69 55 AB 58 78 AD 26 8A 95 75 54 90 B6 89 D2 6E 04 08 1A 48 09 28 8A A0 A0 
[   56399] ch50 r0 a3: 54 55 2B 49 2A 93 2A 22 A5 27 A9 55 53 2A DB EB 55 1D 54 60 65 8A CC 6A 54 D1 ED 2D 55 BC E8 6D 
[   56424] ch50 r0 a3: 43 EA 94 88 E2 A8 98 CC F7 93 6A D2 AD 19 23 DD 9C A2 54 D6 48 56 93 6B 72 B5 B6 AA A5 59 72 50 
[   56444] ch50 r0 a3: A4 7F 40 40 44 B0 84 8B 70 45 2B 62 4A 80 50 52 A2 74 A4 05 10 57 42 22 20 68 20 60 6A C4 B1 72 
[   56466] ch50 r0 a3: 05 02 45 8A AE AF 22 28 87 08 E9 28 C2 B2 D2 88 24 C9 12 A0 A4 2B 16 0A 54 29 68 61 05 17 54 85 
[   56473] ch50 r0 a3: 82 C4 09 11 04 50 29 34 A6 1C 15 5C AA D2 AC B8 97 2A 22 BB 6D 56 2E D4 8A 91 21 2A 4D 3A C4 99 
[   56485] ch50 r0 a3: AC 68 9B D3 28 BB 18 6B 2A B5 14 BD 2D 99 52 A5 4B 34 DA 29 1B 10 10 55 24 76 BD 38 42 AB B5 4C 
[   56591] ch50 r0 a3: A2 2B 37 A1 24 08 8A 2A B2 6A 50 2E 55 49 6B B3 40 A7 21 52 A4 DA 8A 92 88 A5 94 A2 B1 53 25 31 
[   56594] ch50 r0 a3: 54 55 49 2A B4 AA AA 80 AB 52 50 A1 29 55 95 AE AD 4A 5B 1A D4 2F 5B 2D F5 59 55 AC 49 55 CF 5F 
[   56641] ch50 r0 a3: 21 30 88 58 59 50 0A 29 29 C1 28 50 42 05 44 A5 51 54 5A 25 79 AF 27 14 AB 55 50 8A D2 52 2B 29 
[   56643] ch50 r0 a3: C1 08 24 20 88 B0 0C 22 41 42 14 A4 20 FE FE ED A6 FA FF DF AD AD EA AD AA 54 D1 2B 57 AC A5 56 
[   56651] ch50 r0 a3: 4A 56 8A AA A2 A9 94 AA 50 2E AE 71 5A 60 CB 75 D4 1A 34 AA 81 A6 A9 5C 6E 59 5B 54 8A B4 E4 92 
[   56688] ch50 r0 a3: 42 21 49 16 95 05 0A 67 BA 89 B5 DA DF BE B5 E5 5F F9 75 DE BF 0E B5 FD 96 BB 7B 7D 45 14 29 08 
[   56759] ch50 r0 a3: 02 B9 2A A2 16 07 EA AC 49 A6 8B 91 21 A9 5A 04 42 A1 6D 19 30 64 12 A0 48 AC 74 A0 33 D0 80 3A 
[   56806] ch50 r0 a3: 8A A3 2A B4 85 94 D6 0C AD 25 64 B4 82 A4 AA 14 91 52 81 3B 27 46 A0 21 12 29 1A 3A C4 AF 16 A2 
[   56807] ch50 r0 a3: 0F 57 4D 47 51 50 2A 0A CA 54 EA 22 16 69 2B AE 32 AA A2 A7 55 55 0A 56 AA 2E B5 49 1B 45 74 6B 
[   56808] ch50 r0 a3: 10 D6 5A D1 21 02 20 06 09 49 23 00 40 11 02 50 20 51 10 85 88 84 C2 49 55 67 55 45 2D 57 13 23 
[   56809] ch50 r0 a3: B6 AC EA 75 67 A8 2C 51 55 14 08 A5 0D 53 54 A5 6F 51 6A D7 CA 50 AB 56 56 CA A4 A9 88 D6 B6 11 
[   56903] ch50 r0 a3: 2A C9 05 11 36 30 56 AD 25 55 A3 9A 58 CC 48 AA 23 96 AA A6 A9 2B 0A B6 96 88 99 AA 7A 5B 55 C4 
[   56949] ch50 r0 a3: 44 A0 85 05 2A 90 20 01 21 49 44 14 B0 48 14 44 84 08 02 28 81 08 22 C2 50 29 22 02 02 00 B0 90 
[   57008] ch50 r0 a3: 54 54 A2 2A AE AA 2D 9A D5 27 6A 6B 25 54 95 A9 92 D3 D7 5B 55 D7 79 76 7F CD CF BD AA EE 98 5F 
[   57013] ch50 r0 a3: 12 A5 29 29 08 50 20 A0 AA 12 54 91 24 11 45 08 A5 50 80 90 A0 29 60 40 22 67 69 05 11 25 28 6A 
[   57059] ch50 r0 a3: 94 9A 95 28 AA B5 46 EA 56 A9 AE 05 A5 F1 B3 92 A9 BD 48 98 20 AA 00 00 00 22 90 48 02 0C 12 8A 
[   57078] ch50 r0 a3: 99 4A 4C 94 11 21 84 D4 94 C4 A1 52 C9 09 54 AA CA 34 5A 94 37 BA A8 EC D4 1A 52 68 B2 55 56 15 
[   57095] ch50 r0 a3: D4 54 82 85 6C 90 01 42 57 23 4C 48 48 A2 9A 05 09 53 04 51 58 34 C5 22 12 95 B4 55 47 20 52 89 
[   57147] ch50 r0 a3: 5D AE 5F BE BD FD B5 4F 48 34 39 43 B4 32 40 83 83 85 43 34 10 47 A8 05 A4 24 EB 56 08 29 42 A4 
[   57187] ch50 r0 a3: D5 92 47 51 42 96 8A B2 96 89 16 24 AA 9D 5B 38 FD 66 AE A9 B6 92 54 CD 5B CA F2 ED AB 93 98 2A 
[   57197] ch50 r0 a3: 55 37 B5 AC 16 2F BA D0 6A CB AB 74 E1 49 B6 DA 2A D7 A6 49 1E 54 D9 5E 5D 60 54 E8 2B C7 BC 15 
[   57212] ch50 r0 a3: C0 EC 95 6B 52 D6 5C 85 54 DB 58 B4 D5 65 15 59 46 88 B7 BA F2 96 D2 2D 08 D9 D7 9A 24 B2 6A 5A 
[   57271] ch50 r0 a3: 64 A2 A5 08 D5 EE 74 68 BA 50 D6 3A DB 66 A5 2D 81 73 D2 8D 83 B0 EE 28 92 62 62 83 62 B5 4E 56 
[   57325] ch50 r0 a3: A9 A5 74 4E 40 32 A9 2B 58 41 4A 54 A6 98 95 5C A6 50 CA A2 6C AB 29 95 94 A5 54 5A EA 69 A1 18 
[   57356] ch50 r0 a3: 11 24 65 2C 2A AB 89 14 53 41 29 50 C4 93 2D 4B 01 28 20 24 50 49 A1 4D 20 A0 A1 41 26 A0 87 42 
[   57399] ch50 r0 a3: 23 11 29 2B 75 75 B6 A9 D5 F4 B6 FD B4 A5 ED AD 6F DA AB BB 7A BB 55 52 EF 35 55 CA FA BA CB 2B 
[   57427] ch50 r0 a3: 04 12 92 E8 B1 56 A5 CB 45 54 A3 54 96 AA AD 9D 52 A2 52 89 9E B8 05 55 CD B4 5A 3C 75 AF C8 9B 
[   57494] ch50 r0 a3: 95 0A D4 82 28 94 C1 52 85 20 E6 98 A9 2C 04 A0 AA 13 22 54 41 A1 00 02 05 B4 20 60 25 39 20 10 
[   57515] ch50 r0 a3: 11 8C 08 A8 AC 42 C2 89 84 19 40 E4 28 80 22 42 E3 60 D5 4A 24 09 02 82 0E 2A D2 98 28 97 65 28 
[   57517] ch50 r0 a3: 00 10 00 00 02 28 82 65 20 99 14 28 B1 40 AB 8A A4 00 64 34 45 54 50 52 94 D0 16 68 2A 49 61 55 
[   57552] ch50 r0 a3: AA 42 A9 28 53 29 5C 0C D3 4A 96 89 40 A9 36 33 44 20 C9 36 06 A9 29 51 1E 45 2A 4A 94 94 81 55 
[   57637] ch50 r0 a3: 21 4A 55 69 51 52 A5 7E 9E BC BB 55 6D 36 9D 66 7E 4A BC 19 2A D8 79 64 91 3E 46 6A 4A 26 9A 5A 
[   57653] ch50 r0 a3: 28 89 A5 5D 54 C4 64 69 25 01 A6 44 8A 15 55 61 55 59 24 BC B4 B5 AE AB 7A 56 F4 59 9A 9B 35 00 
[   57662] ch50 r0 a3: 51 B8 29 0B 0A FD 64 15 55 5B 0E 6A 05 B9 8C D0 AB C9 38 E8 11 D2 10 75 45 66 C2 84 47 01 50 31 
[   57667] ch50 r0 a3: 10 8A 95 0A 55 84 94 A3 64 34 A9 34 0A 40 E8 B3 6A 9A D0 A9 49 52 94 20 28 4B 42 D1 54 D5 32 46 
[   57672] ch50 r0 a3: AA A2 61 49 54 02 21 31 5A 32 1C 8B 25 A9 55 A8 4B AD 55 75 75 55 5A 55 D2 EE 9F 99 4A C9 5D BE 
[   57686] ch50 r0 a3: 80 C0 42 50 82 80 24 50 97 CD 3B B5 4B 26 B1 B7 4A 2B 55 4D 2B 1A 8A 5F 5C D2 D6 AE 52 A1 88 EA 
[   57689] ch50 r0 a3: 30 45 08 52 C9 21 50 21 16 24 29 33 54 31 16 91 05 42 4A 05 55 42 AA 69 40 2B 50 91 25 E1 48 09 
[   57760] ch50 r0 a3: 2A A9 56 C5 1A A5 A4 AF 93 D5 51 34 E9 16 B5 CB 6D DB F2 49 69 58 A8 5D EA 89 64 E9 84 52 D2 AA 
[   57784] ch50 r0 a3: CA 89 AA AC 54 95 48 59 34 F4 42 94 80 D5 5E A5 AC 85 A4 C6 90 0B 4A A8 33 B0 44 54 49 14 52 AA 
[   57791] ch50 r0 a3: 5D 5A D2 95 35 2A 91 25 84 53 75 28 83 56 0B 10 4B 69 42 48 AA A2 55 35 1A BB 52 5B B5 15 3A BD 
[   57794] ch50 r0 a3: DB 6A 92 41 5A 25 13 64 2A 8A AB 15 32 61 5A A9 AA 94 8A C9 B2 55 08 9D 8A 51 70 2B 2B 4B 02 13 
[   57805] ch50 r0 a3: 72 26 94 24 46 29 0A 95 42 B4 5D 75 B3 DE D7 76 B4 77 85 AC A4 F4 E9 75 5B DA A5 97 AB 3E 9C D9 
[   57845] ch50 r0 a3: AA 52 DB 5A 2A AA AD 25 62 AE 81 4B 78 EB 30 29 52 92 11 04 A9 A4 44 94 74 25 55 62 6B 4B 16 AA 
[   57866] ch50 r0 a3: 64 0A A2 85 40 88 44 00 AB 11 40 0D 29 96 DC 2D 6A E5 6F C5 75 55 18 C6 51 23 59 17 0B 49 50 AE 
[   57920] ch50 r0 a3: 11 32 94 96 0A 2A 5C 88 84 A5 A9 55 59 88 92 86 AA 94 54 10 13 38 A4 5A A1 54 08 8A 5A 07 A5 2A 
[   57944] ch50 r0 a3: B2 42 49 14 93 D0 0A B6 96 73 49 49 8B 51 48 D3 29 10 4A 44 04 0D 57 FC DA ED 1D F7 B7 D6 FF 5C 
[   57952] ch50 r0 a3: AB 56 59 16 68 D9 8A AD 56 BA 95 55 A5 55 98 D5 58 CF B2 AD 6B 6A 88 A4 4B 1B 4E AA D4 D0 52 89 
[   58042] ch50 r0 a3: 08 15 4A 05 51 22 12 44 15 4A 91 41 28 28 48 25 AA 24 A7 4C 4A B5 7A B9 6A 8A 47 66 EC 15 95 55 
[   58118] ch50 r0 a3: ED 55 56 CC 90 36 A2 A5 96 B1 53 4C A1 80 A5 88 1A 29 80 C8 89 49 29 84 4B 42 C5 56 D6 AD 4A 54 
[   58131] ch50 r0 a3: 59 46 9D 6D 93 55 51 53 2A AA 48 B1 65 DA A5 45 15 0A AB 57 4A 75 7B 6F 4A 5E B2 D5 67 50 DD D5 
[   58177] ch50 r0 a3: D8 89 00 8A A4 90 C9 2A 16 51 02 80 5A A2 2A 91 1A 29 45 53 58 2C 51 AC 24 A9 6A B2 0A 46 AD 30 
[   58191] ch50 r0 a3: C5 29 42 9A 48 AC D0 97 34 09 55 45 59 D5 01 54 86 AA 62 CF 55 52 E5 6A 37 45 2C 55 5D 28 95 55 
[   58223] ch50 r0 a3: AD 12 25 4A A8 45 2B 00 95 54 AC D7 5A AA C9 5F B4 F6 6A D2 53 6E D6 E9 2B 5A A9 5C 96 E4 AB 69 
[   58252] ch50 r0 a3: A9 4A 8E 55 AA 85 43 5B DA C9 56 AE AB 72 EC 99 AB 5D 54 6D 5A 52 BA BA D3 5E D5 74 ED 6B 45 5B 
[   58254] ch50 r0 a3: 83 70 28 01 97 AA 63 49 11 95 0A A2 52 21 21 22 2C 80 52 46 6A A4 A8 9B 56 AE 0A C4 4A 01 40 AD 
[   58378] ch50 r0 a3: 54 2A B6 AA 96 A3 52 B1 84 93 AA 55 21 44 52 49 69 09 54 94 B2 46 A6 8C A9 79 11 50 93 34 29 9D 
[   58393] ch50 r0 a3: 26 4B 85 52 8D 48 8A 9E 58 14 50 AE D5 6B 36 BB D6 A2 0E 75 AB 57 DD BA EA DA D6 A6 EB 2D 6A 8A 
[   58459] ch50 r0 a3: D0 4A 02 81 4A 12 90 A1 15 25 A4 4A 52 B5 D7 57 1D 55 7E B6 D7 6D 69 5A 5A 52 AF BA DA 6B 0C BA 
[   58484] ch50 r0 a3: 92 44 25 6A 96 43 01 52 20 50 25 02 45 22 C8 42 10 A5 44 41 42 40 20 10 15 10 C5 00 84 6A B5 08 
[   58501] ch50 r0 a3: AA 6A 4B 0E 55 81 32 2A 2A B5 88 16 72 AD CA 97 95 AD 35 42 AA D6 D1 BA EA 32 D3 85 08 C4 40 B2 
[   58544] ch50 r0 a3: A4 BD DC 94 84 98 82 5A 42 8A 52 30 54 8A 48 BA 62 B4 D5 2A C1 49 56 D5 2E 90 44 2C 55 11 33 05 
[   58550] ch50 r0 a3: 89 B0 78 84 AB AC A8 D3 56 AA 94 9A B5 8C 96 55 A3 69 2A A5 8A DE 56 B9 5A 55 AB CC 55 4B 55 28 
[   58565] ch50 r0 a3: 99 2B 47 28 E0 2C 19 48 08 08 B2 9B 22 53 1A 90 93 C9 44 E3 D8 55 96 48 10 21 75 24 2A E9 52 92 
[   58628] ch50 r0 a3: 09 29 52 A9 6D 96 E5 13 A2 77 A9 06 57 62 2C DA BA D9 AF D3 69 5A 8B BB BE B3 DA BA 5A DB AD 92 
[   58733] ch50 r0 a3: A8 A8 A5 2B 4A 49 26 A8 A2 94 94 06 19 15 6D 8A 55 A9 45 4B 70 A4 61 69 48 64 B2 AA DA 25 AA A2 
[   58746] ch50 r0 a3: 42 89 B5 24 A9 1E 54 A2 B5 60 42 57 68 B8 2A 2B 6D 45 42 8A A8 29 2B 6A E9 08 B5 44 63 6B 0A D1 
[   58767] ch50 r0 a3: 40 51 44 AB 75 A5 35 A1 D4 D4 CB 1D 0C B5 54 CD 62 7B 5A A4 B3 D5 15 5A 95 4A DA EA 97 75 55 5A 
[   58784] ch50 r0 a3: BA 48 47 EA 48 49 A1 43 A2 93 95 CC AF 58 A6 D9 30 8B 54 58 C4 12 D4 91 23 68 6F 0B 12 CE 98 92 
[   58804] ch50 r0 a3: 84 85 25 12 00 15 1A 05 45 B5 4C 35 4D 56 D2 A9 54 56 BA 8B 37 5E 54 3C 84 EB 43 2B 5D 05 58 A5 
[   58836] ch50 r0 a3: 10 41 29 28 C4 55 02 A1 44 A4 0C 8B 04 24 92 A5 45 93 97 6D 4F 6A AD 50 B6 AE C2 DD 95 26 C4 9B 
[   58839] ch50 r0 a3: 24 42 ED 52 51 5B 96 46 09 15 65 51 2B A8 E7 4A 92 69 56 CA 65 25 55 54 92 B1 51 3A B6 6A 94 68 
[   58848] ch50 r0 a3: 56 50 09 8D 40 55 48 85 26 A9 8A 80 AF 88 21 62 42 52 88 08 35 48 25 41 45 15 54 25 88 8A 40 10 
[   58960] ch50 r0 a3: AB 48 12 A8 11 08 44 24 88 25 A5 55 21 6A BB EA 9A 5E AB 5B EB 64 BB 59 BF A5 55 4B C8 9E 98 D2 
[   58968] ch50 r0 a3: A8 AA 59 15 55 12 A6 42 54 C0 99 30 23 52 95 40 95 54 C8 75 AA B2 9F EE AA 9A DF F4 D8 8D BA D5 
[   59051] ch50 r0 a3: 10 A8 95 65 24 64 51 A9 55 50 39 37 25 19 4C 91 29 16 8B 21 81 06 48 88 95 75 A5 42 B2 74 9F 2D 
[   59089] ch50 r0 a3: 62 14 11 11 20 90 94 04 20 95 A5 4A 91 55 44 A5 92 A9 60 52 B4 82 52 29 BB 56 D2 8A D7 15 55 B2 
[   59096] ch50 r0 a3: A5 A0 A4 A8 91 00 4A B2 DA AC D6 95 C8 D9 AF 49 2B 6B 51 6A A9 5A A2 54 A1 2F D4 B8 99 52 6D 69 
[   59116] ch50 r0 a3: 01 28 29 B5 62 A2 80 8E 91 62 AA 48 44 CA 6A 50 A8 D5 4E A9 6D 95 BD 23 53 55 6A BC A4 AF 82 49 
[   59118] ch50 r0 a3: B0 2C 96 57 25 6A A5 54 21 2C 16 9A 9A 72 A8 A2 B2 CB 68 A8 13 74 26 B1 99 63 A8 AE 84 A8 A5 12 
[   59152] ch50 r0 a3: CA 34 A2 E1 A0 36 35 D1 37 7B 4C 4D 56 B2 B7 96 CA D2 A4 2D 84 51 55 6A C5 4A C3 5D 52 B5 68 56 
[   59169] ch50 r0 a3: 69 D6 AB 55 2D 65 49 4A 53 11 2A 55 4C AA B5 2A 22 B5 1B 5A CA AA A0 AA 23 4A A8 64 03 B3 50 44 
[   59170] ch50 r0 a3: 96 6C 93 4B A0 8D 15 51 64 1B 28 A8 D2 AA 34 14 04 2D 6A D2 4D 66 12 93 15 65 A9 10 35 C9 72 EB 
[   59178] ch50 r0 a3: 8D 08 8C 15 BA 80 68 55 40 79 34 D4 9B CA AA 90 43 1C CB 10 A2 24 0A 94 74 A0 4A E5 52 AA D5 49 
[   59189] ch50 r0 a3: 71 52 2A 55 37 8A AA 2D AE 89 53 B4 AA EE 85 DD 95 73 75 65 AA 76 B5 47 D2 5B 77 6B 75 B5 6F 2B 
[   59207] ch50 r0 a3: AA 68 B6 53 95 6B D9 96 B2 28 DA 4D B6 A9 6D 14 D5 55 B6 F6 F5 4A ED 4A AE A9 CA 94 B5 57 45 95 
[   59211] ch50 r0 a3: 48 AA 90 A8 21 51 30 D2 AF A5 10 92 D6 AA CC 23 77 54 D4 85 0B 57 23 6D EA AA 93 42 AA D5 45 D2 
[   59225] ch50 r0 a3: 44 01 0A 1A 50 90 21 05 62 44 80 A1 A9 0A 2A 12 99 14 1A 00 16 92 90 80 0D 12 18 20 02 A8 4A 01 
[   59254] ch50 r0 a3: 11 05 A9 48 41 25 08 8E 80 B6 44 80 A1 45 54 AA 52 2A 08 15 1B 50 A8 A4 94 6A 49 89 20 2A A1 04 
[   59271] ch50 r0 a3: 2A 24 E5 92 16 D6 35 59 69 50 6A 0A D8 B1 91 47 AA 3A AD 59 37 29 57 96 B5 57 5B 58 DF DA BD 6C 
[   59303] ch50 r0 a3: AA 22 51 25 7A CD 4D 4D 26 5E 3A A3 2A A2 AA 06 A5 75 2A A1 75 7A A3 4B 49 4A 06 9A 94 80 2A DC 
[   59318] ch50 r0 a3: 00 00 00 00 01 15 5A A2 B6 A4 01 68 93 8C 70 94 A2 50 00 00 00 00 00 04 40 10 40 00 08 50 85 0A 
[   59331] ch50 r0 a3: 91 25 55 12 E4 1A D0 95 BA AB 2A 90 AC AB 36 54 22 2A 6C 55 E0 C5 5E 52 A5 6B 52 DA 8A AA B5 55 
[   59354] ch50 r0 a3: 16 09 12 C5 41 58 12 41 08 0A 8B 46 55 54 54 F7 44 35 52 BA CA CE 36 A0 95 6A 91 40 78 06 8B 14 
[   59358] ch50 r0 a3: 04 22 25 16 85 41 3F 40 88 25 53 9A D2 AA 59 0E 09 4B 0A 99 BC AD 30 5A 59 0B 69 16 E8 D5 4B 4D 
[   59372] ch50 r0 a3: 00 80 89 49 B6 69 4B 4B 72 61 54 55 20 D4 C4 A0 EF 2F C9 19 31 88 83 2C D7 00 E7 71 16 A5 99 CA 
[   59422] ch50 r0 a3: 01 02 AC 5A AD A2 D6 AD B0 51 1B BB 5A 46 DF D7 DF 6D AF 68 DE A7 B6 AD DE AF DB D5 9B 6C 29 D5 
[   59444] ch50 r0 a3: E9 53 2A 9A A9 29 0A B9 50 93 4D 4C 8A 0D 50 4D 58 86 94 A6 4E 52 45 A8 CB D5 B3 6F DC 65 ED F7 
[   59466] ch50 r0 a3: F3 2A A6 A4 D6 0D A0 95 D0 95 14 A7 6C 30 A5 98 1A A5 4B A4 E9 28 8C 82 0A B5 04 15 36 49 AB A4 
[   59481] ch50 r0 a3: 52 86 46 41 18 5C 09 49 49 46 A5 28 53 40 82 9A 51 69 96 12 25 92 04 68 54 45 15 09 8A 50 54 90 
[   59542] ch50 r0 a3: 0A 05 2A A9 69 55 1D 49 2D D1 0A 35 25 5B 56 A6 D2 A8 95 2A 95 08 95 FA 91 8C 15 34 45 43 2A 44 
[   59676] ch50 r0 a3: 14 85 51 24 8A 56 50 90 25 55 56 09 0D 16 14 59 21 5A D4 93 5D 11 CB B5 5A AA 49 57 41 AA 56 A5 
[   59694] ch50 r0 a3: B1 49 12 DA 41 5A 83 52 A5 D0 B2 E9 80 95 5B 55 DB 54 90 C8 2A 87 45 2D 70 2C 94 0A 49 52 99 58 
[   59714] ch50 r0 a3: 1B 24 D2 89 61 1A 26 9B 51 45 24 86 55 4A 29 21 54 E9 95 49 2C DD 2D 14 A5 2B 54 B2 D2 DB 3B 75 
[   59728] ch50 r0 a3: 8B 41 0B D5 22 75 46 1D 93 52 94 11 15 5A A1 52 B9 41 9C 9A 90 36 6A 12 57 95 64 A8 CA 0A 85 21 
[   59912] ch50 r0 a3: 57 15 5A AC F5 55 D1 24 B5 53 45 08 A9 55 5C A9 64 CA D2 DA 69 B4 D5 5A 16 94 C8 A4 A9 4A B5 54 
[   59927] ch50 r0 a3: 5B 0B 52 A1 94 C5 55 12 1C D5 6C 23 AA 90 94 A9 92 42 B2 B4 AA 6A A8 8D 3C 5A 93 2A 9A E6 D5 44 
[   59952] ch50 r0 a3: 85 2A A8 52 D5 6A B0 40 50 02 82 14 92 CA 65 13 31 29 5B 4B 73 AE 7A A3 4D 64 B7 B9 2B 53 7A BA 
[   59972] ch50 r0 a3: AD 4A B5 32 81 95 44 AE B8 11 74 E3 4C C2 4D 62 A2 94 AA EA 95 23 42 D4 84 4A 1A B5 8A 16 16 CA 
[   59983] ch50 r0 a3: AD B3 AF 55 23 AA D0 9A 64 EB B4 9B 4A 5A 49 1F 56 F4 9D D7 55 2A 8B 5B 5A A4 AD 49 7B 5D 57 34 
[   60117] ch50 r0 a3: 08 B2 88 81 40 24 4B 20 54 88 42 45 10 90 A4 30 00 95 6A A4 4A 80 AA 22 29 A8 A2 A5 44 80 12 4F 
[   60142] ch50 r0 a3: 00 01 10 48 02 00 0A 00 04 12 B0 E8 B6 B5 B8 94 E8 B1 24 28 66 A2 52 54 AA 6D 09 0C 92 45 70 56 
[   60202] ch50 r0 a3: A8 AB 55 54 AA D7 5A B4 B6 EA AA AB 5D 1A DA AA B5 4E B2 5A 95 B5 55 40 2A 2A B4 CB 0C 55 54 55 
[   60238] ch50 r0 a3: 4C 80 8A 90 45 71 6A 05 08 C9 1A 95 69 2B 50 29 04 54 45 25 22 2C CA 54 A8 89 4B 44 94 82 A0 9C 
[   60243] ch50 r0 a3: C1 AD 06 D5 5B 65 FA 76 5C CA E5 55 D5 56 73 5A BD 16 BB 14 83 49 5D CF A9 75 A8 14 B6 2D 92 A5 
[   60307] ch50 r0 a3: D5 36 E9 29 56 2C A4 01 15 5D 50 35 2A 9C 89 15 84 4A 2E A7 59 28 DC 75 4B 63 39 6A F8 FA 5A 6E 
[   60337] ch50 r0 a3: 08 C2 5A 5D 96 07 2D 5A 2E 69 41 4C E4 E5 15 36 BD A6 F9 22 56 52 6A D5 4C BD D5 B3 48 99 39 49 
[   60347] ch50 r0 a3: 52 56 81 A4 82 D1 20 02 42 56 84 16 29 0A 95 45 D6 95 13 4B 04 C5 0A B0 A4 42 CA A5 4C A5 4A 80 
[   60363] ch50 r0 a3: A4 AA D5 95 29 08 D5 58 2D D4 16 15 69 ED 54 7A D2 AA C8 2A F3 D5 AE AF 56 55 4D 51 84 AA C6 54 
[   60382] ch50 r0 a3: CA 74 A2 55 A1 A9 2A 95 AB B2 94 AE E4 69 B1 AB DA A8 6D 59 75 EC FB 65 BA 0E 25 B6 5A 5A BA 56 
[   60392] ch50 r0 a3: 51 96 65 42 9A A2 19 26 56 D9 22 AA A5 5A 34 EA 91 7A AE F4 94 B5 FA 84 BB A9 76 AF 6D 7C BD F9 
[   60445] ch50 r0 a3: 54 29 52 94 A2 48 AA 53 54 C8 FA 8C 4A D5 AC 4A 4B 19 04 A4 2B 2D 40 E8 9A BA 69 66 54 52 16 2D 
[   60450] ch50 r0 a3: 54 66 CB 55 56 46 B6 54 8D 4A 55 8A AA 90 AE A9 C4 A4 74 A9 DB 53 4D 82 A8 00 19 F0 9A CB A2 AE 
[   60469] ch50 r0 a3: 6D 48 08 6C 42 B0 57 46 D7 53 35 1A 91 46 6D 6A A1 89 4A 58 AA 64 EA 13 52 D1 AA 13 09 62 A9 01 
[   60481] ch50 r0 a3: 45 A2 9A 52 A5 40 49 15 48 84 88 50 15 32 E1 53 40 A9 55 DA B6 A6 AD 6A AA B6 8A AA 55 5A A9 52 
[   60486] ch50 r0 a3: 6A 4A 54 54 41 06 4C 19 2A 89 54 9D 14 46 4A A4 4A 55 75 0C A8 A2 82 D4 A9 40 81 45 2A 55 30 86 
[   60489] ch50 r0 a3: 98 21 09 51 15 28 A5 54 A6 94 36 0A 22 11 D2 24 21 15 56 A4 25 09 56 95 55 3A 52 A9 B7 A8 AA AB 
[   60491] ch50 r0 a3: 34 D2 41 86 49 4C 55 25 72 15 29 29 D2 32 02 AD AA AD B6 65 55 65 B5 29 F9 22 2E 9B 1A A9 96 44 
[   60502] ch50 r0 a3: 10 0A 55 C9 5C A9 51 23 60 16 8E FB F7 FF AD D7 FF FF FD FF EB AD FF 6D 77 67 B6 FB 6C F3 47 B6 
[   60544] ch50 r0 a3: D5 20 A6 94 52 93 5D 75 1D 16 C9 25 02 B6 AD 45 6C 85 6C 54 84 B2 89 22 51 4C F2 D1 AD C5 0D 64 
[   60594] ch50 r0 a3: 41 84 8A AA DD 4B AA 8D 2C B0 6B 5C 96 D9 5B 52 A4 59 6A 5C B0 59 55 8C AA A9 22 9B 8A 81 B5 49 
[   60599] ch50 r0 a3: F6 5D 16 AA D8 A5 36 D5 5A A5 53 77 A5 68 9A AB AB 0B 8D 4E 16 4D 5D 16 17 5F AE A8 95 2A 95 6A 
[   60608] ch50 r0 a3: 29 36 AA 72 95 46 48 14 D7 06 EA 10 4C 50 6D 06 B2 4A 40 CC 22 61 8C 06 2D EA 01 15 39 2D 5A 95 
[   60650] ch50 r0 a3: B1 32 55 6C C4 B4 5A AB 33 AA 6F 6E BA F5 D5 71 5C B6 E7 6E 25 2E 22 B5 9A DD B2 D3 57 56 B4 68 
[   60697] ch50 r0 a3: 48 AC 59 29 28 42 AA B0 55 25 29 65 55 82 AB 2A 68 D0 B4 25 61 6C A6 68 89 52 CB AB 2D 6A A9 25 
[   60703] ch50 r0 a3: 10 95 70 98 90 2D 2A 42 AE EA A8 A9 73 BD AD DA A6 BD EB 33 59 52 95 B2 AB 5B 46 B7 75 40 52 90 
[   60740] ch50 r0 a3: 2B 25 41 08 4D 26 92 0B 41 12 F4 A5 6C 14 79 11 1B 51 CA 6C 98 C2 4D 26 E3 56 A6 16 E6 23 4A D6 
[   60776] ch50 r0 a3: DB 55 25 8D 9D 59 4D 6B 55 34 40 50 48 54 52 92 A8 46 25 09 0B A9 33 A1 2D 23 AA A9 55 5D 4A 56 
[   60813] ch50 r0 a3: 26 05 1D A8 43 52 05 4F EA E9 AD AA E7 57 56 DA CB 73 7A 8C F7 65 55 65 DE DB CD 5D 5D 2A D2 FD 
[   60907] ch50 r0 a3: A8 AA 95 28 BA DC EF 36 EB 55 6F 7D 5C D7 BF 0F 35 AF EA 51 B9 D2 B3 59 B7 99 5E BF F3 5A AA AE 
[   60908] ch50 r0 a3: 78 0B 15 50 94 92 88 D6 A5 09 C8 C9 52 84 BC 32 25 42 54 A8 89 14 59 51 56 5B 4C 84 AA AD 46 51 
[   60971] ch50 r0 a3: A2 D9 5A FA 5E 6B 5A 51 5D 2D D7 5A AD 69 16 DD BD 57 27 5E DD 75 6A 8A AA 94 9D 55 E2 05 09 0B 
[   61035] ch50 r0 a3: 95 45 24 AA 54 04 2B A6 46 C8 2B 35 15 14 92 81 28 55 21 50 94 14 80 DA 2B 14 28 A5 55 E4 9A AA 
[   61051] ch50 r0 a3: 08 44 C4 42 A8 A2 14 32 06 A4 36 C0 54 AA 50 55 E1 42 8D 50 C8 5A AA D4 88 57 19 09 6A 54 EC A5 
[   61083] ch50 r0 a3: 13 5A BC 02 89 76 54 15 5A 50 4A D9 A5 9A AA E5 10 A3 8A A3 D4 B5 6D 5D F7 6B 9A AF BD 09 AA 3D 
[   61093] ch50 r0 a3: 00 AA 20 85 44 06 93 AC 53 01 93 46 D2 82 28 AA 28 28 29 54 C6 B2 C4 D3 5A D4 22 8A D4 10 2B 4D 
[   61113] ch50 r0 a3: A4 90 8A 88 4D 54 15 25 1E AC A2 DB B5 D7 91 55 A4 40 4A B5 44 81 24 54 48 AA B3 30 F6 A5 A4 45 
[   61122] ch50 r0 a3: 0A 81 23 15 22 48 C1 65 22 A0 C2 02 A4 45 AD 48 17 6E FA BF BF B5 9E FB EA E3 7D 1B 57 D6 77 6B 
[   61194] ch50 r0 a3: D8 B5 4D 4A 94 54 AA AA 09 46 E4 90 51 2A 44 41 95 86 34 AC 21 54 22 A9 14 92 20 4C 11 51 59 34 
[   61199] ch50 r0 a3: 61 04 56 45 4A AA D6 95 41 79 B4 89 B6 E9 A5 7D C9 D2 C5 AE AA A5 2A 87 65 58 F4 8B 68 50 AD A5 
[   61250] ch50 r0 a3: 40 A1 42 B3 2C 53 6B 75 4B 15 52 EA 95 45 55 28 A8 A5 08 2A A9 20 52 A8 55 12 A0 54 00 14 08 28 
[   61307] ch50 r0 a3: 4C A3 12 A8 25 30 89 44 0A A0 A2 8A 49 32 45 AD 08 14 51 A4 45 12 1A 4B 52 42 65 12 D2 52 89 A2 
[   61352] ch50 r0 a3: 9A 93 45 45 4B 62 AD 92 95 2B 0A 62 88 94 21 09 4A D5 15 4A 53 52 B5 52 A8 AD 56 11 4A D2 42 4A 
[   61366] ch50 r0 a3: DB 4E BD 56 AB 7C AD 6F 57 26 DF 6E 6D 2B 54 96 B3 13 56 AF B6 AB 9E 8E D5 BC AA E5 4F 1A 55 66 
[   61381] ch50 r0 a3: 69 62 24 A2 49 29 44 05 62 02 92 16 2A 90 B1 A4 22 0A 14 22 08 0D 13 0A 48 75 09 E9 12 A3 41 6D 
[   61411] ch50 r0 a3: 0A 34 CA 5D 9A C8 52 6B 51 24 59 6A 6B 26 A9 34 92 55 61 4B 65 2B 40 54 DA A2 12 95 0A DB B6 51 
[   61420] ch50 r0 a3: 80 52 31 5A 94 AD AB 8E 9A 35 55 7B 09 A4 BF 96 56 55 6A AB 59 5A 93 2D 2B 3D BA AE 43 67 5C AA 
[   61433] ch50 r0 a3: 20 09 30 14 81 20 AA A1 C6 B1 4F 50 DB 0A E8 AB 2A 45 00 A8 11 03 08 0A 89 2A 14 50 00 A9 8D A2 
[   61447] ch50 r0 a3: 00 80 04 0A 00 25 AA 2A B6 A6 76 4D E8 2A BA 4B F5 35 AD D7 BD DD 73 DB EF FC 7F DA DA BA EF AE 
[   61453] ch50 r0 a3: 82 49 16 A4 E7 3E 9A 74 D5 4A A9 2B 86 A0 A8 6A 28 AA D5 94 69 14 55 56 B1 6A 28 2A 0D 62 59 00 
[   61458] ch50 r0 a3: 0D 28 69 4A 69 25 22 A3 2D 70 54 98 9E D1 21 4B 42 9A 48 15 20 B0 C8 18 59 20 04 44 D1 40 29 49 
[   61504] ch50 r0 a3: 82 82 65 AA 04 25 4B 4A B2 0A 64 98 94 0A 94 A1 02 D4 0D 34 82 14 1A 2C 22 2A 80 19 14 B5 1C A0 
[   61507] ch50 r0 a3: 00 91 24 55 25 0A 45 50 4A 0A A2 45 4A 91 4A DC 75 FE E6 AD CD 4D 75 DD D6 7D 66 FB 6D FB A8 EB 
[   61554] ch50 r0 a3: C6 16 42 50 82 D5 87 08 14 25 A8 4E 90 55 04 A6 D4 23 44 00 02 24 44 80 4A 20 4C 24 23 A4 A1 65 
[   61566] ch50 r0 a3: 2B 0A 75 A9 25 AB 6A D2 4A 4A EA C9 5A AD BA BA D5 76 65 ED A9 4D 96 DE AD A9 A2 D2 DE 37 5F B7 
[   61571] ch50 r0 a3: 54 B5 56 D2 C4 D4 99 A5 08 BB 41 41 ED 42 56 78 9A 35 2D AD 59 D9 BB 5B 25 57 DD AA 99 48 D2 A5 
[   61619] ch50 r0 a3: 89 44 82 89 10 49 1A 4D 28 02 C8 A5 A9 74 49 A2 82 45 27 AA B2 AA B6 DF 15 6E 45 55 05 AF 3A D2 
[   61641] ch50 r0 a3: 54 59 C2 B6 AA 55 61 2A 85 4A 6C 1E 49 51 B9 2D 52 57 A1 57 B5 AC BD EF BB 4D CF EA A8 5A DD AF 
[   61653] ch50 r0 a3: 40 10 88 80 11 02 84 41 11 60 20 08 08 02 00 84 20 0A 05 00 20 90 2D 11 01 00 08 01 02 00 50 8A 
[   61662] ch50 r0 a3: 95 E6 AB 3B 68 4D 0D 40 00 20 11 20 54 08 00 0A 24 00 06 4A 4A 89 51 34 D5 15 50 4A 82 B4 95 07 
[   61700] ch50 r0 a3: F5 05 55 D4 56 BB 4D 59 47 37 4A 52 43 6B 53 3A DD AD 36 A8 4B 22 24 B5 4D 52 25 52 75 9A A9 55 
[   61702] ch50 r0 a3: 1A A9 04 D8 32 D6 B2 E7 7F FF BB FF FF FD FF FF FF DA 60 2A 4D 62 AA E2 64 25 09 34 4E AA A4 A9 
[   61709] ch50 r0 a3: 3C 16 EA A5 6E EE FB 3D 6A AB DE FD 77 4C 58 EB 6F E7 6F D5 4F 5A AA D5 E6 D7 EA 5A DF CF 5D AA 
[   61714] ch50 r0 a3: 06 50 44 94 15 4D 56 A2 40 46 33 35 4D B2 92 AD D0 C1 86 8A 4C 84 A0 21 2D 08 99 52 15 0C 55 4A 
[   61715] ch50 r0 a3: AD 12 8C 29 48 55 55 16 95 23 44 01 88 B2 A9 A6 23 2B A6 92 A9 6A 48 B5 02 91 2A 54 43 18 29 2A 
[   61813] ch50 r0 a3: 22 AC C8 C0 A2 40 91 21 64 42 51 24 05 48 00 91 05 40 A4 02 08 D4 40 24 21 4C 22 60 AA 2B 44 2C 
[   61824] ch50 r0 a3: A0 00 05 01 40 41 00 00 82 08 40 84 50 AB AA 55 46 29 4A 14 AA 0B 16 45 20 54 A5 D0 48 BB F7 B4 
[   61825] ch50 r0 a3: 87 33 E2 55 55 6A EA 85 6C DF 6D AE EA C5 55 5D FC 6D 36 74 F5 6A A9 DA B2 6D 29 57 4B 51 74 65 
[   61846] ch50 r0 a3: B1 29 24 48 21 02 90 C1 2B 51 05 C8 A0 24 A5 53 3E FF 7B E6 E5 5A 4A AA A9 D4 BF 6B A0 A9 C5 AA 
[   61854] ch50 r0 a3: A4 A6 12 AC 25 25 D4 A2 AE 2A DA 13 CB 25 8A 6A 2B 2C CF 4A 68 BA AA A8 29 6A 6A 69 55 35 2C 8E 
[   61859] ch50 r0 a3: 20 B0 14 AA 4D 54 55 15 94 63 09 92 97 5B EE A5 D7 F9 EF FD AE AA AA AA 6A D5 5A 65 A9 2B 75 BA 
[   61925] ch50 r0 a3: EA 94 54 84 A9 45 31 AA 61 31 01 52 2B 05 65 44 B5 0A 04 29 8A 55 29 19 A9 29 52 52 B3 59 55 4A 
[   61927] ch50 r0 a3: 52 A5 11 47 54 AA EA 49 28 39 12 51 06 45 97 2B 18 AD 2C 04 C2 99 56 11 5A 96 B9 6A 2A 22 24 54 
[   61967] ch50 r0 a3: D5 6A 96 85 09 53 92 DA D9 4A 6F 2A A1 94 AC 5A 28 32 60 99 46 E8 55 61 15 14 28 51 12 51 64 69 
[   62002] ch50 r0 a3: 12 59 29 91 10 96 13 29 42 86 C2 49 44 10 44 92 10 09 2A 84 58 40 48 40 14 32 01 F4 56 CD 36 F6 
[   62044] ch50 r0 a3: 02 51 22 28 D9 69 25 15 33 25 A9 32 C4 49 A9 2B 44 85 2A D4 09 4A 28 A4 55 4E 8A 4D 54 EA 97 04 
[   62060] ch50 r0 a3: 10 A6 14 41 54 A2 60 9D 49 0A 25 22 45 AF 08 D0 4C AA B4 AA 53 28 46 58 A2 C1 97 28 8A 8A 98 09 
[   62077] ch50 r0 a3: 00 10 82 89 42 82 80 00 61 19 53 52 39 88 59 75 8D 6A DA 9A 51 EE BF B7 EC D5 9A 03 3E EF B6 EB 
[   62079] ch50 r0 a3: D5 82 16 44 06 52 A1 4D B4 84 9B 87 5D 44 C4 6B 55 54 32 AB 2C AB 9E BC A7 D2 B5 55 75 7B AC A8 
[   62083] ch50 r0 a3: 89 20 80 F0 14 D7 22 91 14 AA 39 59 D7 40 B6 85 01 61 20 91 16 AB A6 B9 D5 DA 7F F6 5F 55 5D 55 
[   62114] ch50 r0 a3: A8 AA AD 4A AE 98 AD 65 5B 3A E5 56 CC AD A9 34 8A 9D 15 5A 90 AA AA 80 34 4B 4A AA 86 A9 0C 01 
[   62119] ch50 r0 a3: 31 B5 A6 C5 57 6A BD 0C 49 E9 95 6E 93 4D 55 AA A9 55 0D 71 34 AE C1 52 C3 45 29 52 AA AD 45 B6 
[   62225] ch50 r0 a3: 26 E0 20 B4 12 50 2A 4A C4 28 5A 9A 0A 9B 26 92 71 35 21 92 84 65 48 19 4A AD 1A 06 8A 90 61 45 
[   62243] ch50 r0 a3: 6A 88 8A 55 54 4A 25 09 A1 2A 96 D7 25 A1 25 2A 95 12 45 14 15 42 A8 90 A2 4C 55 59 40 5E D1 25 
[   62249] ch50 r0 a3: 02 51 2A 95 5A 54 AA B5 56 C9 55 E5 96 44 53 49 94 8D 9D 5C CB BA D5 40 01 54 4A 86 46 2A A2 5A 
[   62291] ch50 r0 a3: 09 2E A2 A2 44 02 52 44 44 A4 CA 89 52 83 54 00 5D 52 82 0A 0A 68 54 85 00 16 D4 9D 5B 6A 40 6A 
[   62301] ch50 r0 a3: B7 B9 43 67 15 8A 16 C2 68 76 CA D2 95 24 4A A2 6B 11 AA AA CE B4 A8 C5 51 4A EA D1 73 2D 55 56 
[   62310] ch50 r0 a3: 08 4A A6 96 95 BB 76 AD 75 49 B2 CD 6A 02 60 A0 8A 9B 2A B5 51 B4 A9 14 A6 C5 A3 53 1B 0A 6B 4C 
[   62317] ch50 r0 a3: 1A 0A A4 A6 C8 85 0D 2D EB 54 44 54 8A 59 50 DD 23 5E 6D 5D 73 55 F7 64 AD AE B4 DC 77 37 7D 77 
[   62332] ch50 r0 a3: 04 00 90 08 90 10 52 A6 96 95 A2 08 04 51 14 02 20 94 84 A1 0A 04 24 2A D6 2D 6A AB 48 46 2A 90 
[   62353] ch50 r0 a3: 98 26 3E AE 94 A6 35 85 52 55 81 1B D1 44 68 51 DA 14 69 29 B4 76 95 17 2A 0D F2 07 75 14 B8 9B 
[   62357] ch50 r0 a3: 85 76 B7 27 1A 35 58 AD D7 AA 80 AC 0B A6 D2 AA 55 92 DA ED 55 A9 5B CC E5 B5 54 B7 DA AD 95 CA 
[   62438] ch50 r0 a3: 05 41 00 22 82 80 89 50 20 40 91 09 8B 48 B0 6A 45 29 90 56 C0 0A 7C 5E D5 A6 BB AA 92 DB A9 CB 
[   62444] ch50 r0 a3: 00 20 48 40 00 08 15 05 96 84 32 53 6E B6 68 52 59 48 B7 AA 2A 92 EA 92 00 00 22 08 40 25 10 20 
[   62486] ch50 r0 a3: A5 4A 95 55 41 48 A5 B2 84 66 90 51 12 A9 26 4A 2A 21 26 2A AA 52 15 41 5A EA 92 63 26 A1 03 28 
[   62497] ch50 r0 a3: 42 11 68 B1 55 D5 D9 A5 4A 57 46 51 84 75 34 CB 5B 6E F5 A1 58 A2 4A 80 02 A8 95 0D 8A 53 26 50 
[   62593] ch50 r0 a3: 42 22 08 51 48 A0 30 90 04 20 08 41 11 22 00 4A 69 08 84 A0 10 28 48 56 40 09 09 09 02 24 24 01 
[   62602] ch50 r0 a3: 0A 04 A2 A4 91 24 01 66 89 52 6B 35 95 D2 AC AC 84 D2 87 5A 01 6A 23 39 D4 42 15 92 12 32 7D 6B 
[   62641] ch50 r0 a3: 14 41 40 A9 4A 92 56 08 52 AA A5 45 52 84 65 0A DD 57 30 49 28 0A B6 F5 66 8C BA 65 14 A4 2A 88 
[   62647] ch50 r0 a3: A1 2A C0 BA AA 09 53 20 2A 58 84 59 40 A4 00 80 BD DD 7A DE B7 EF 77 DA 7E 59 5A DA B9 DF B7 57 
[   62652] ch50 r0 a3: 00 00 88 24 01 00 05 00 02 09 4A A5 24 A5 94 A8 E5 5E D6 54 65 A5 48 12 AF 25 3A 45 53 48 52 A9 
[   62714] ch50 r0 a3: 51 20 12 82 20 A4 49 04 20 20 02 11 51 41 49 5A 82 4B 04 85 55 7D 75 B7 16 05 59 26 B5 6D 72 AD 
[   62722] ch50 r0 a3: 65 3A 25 19 5C B8 4D 46 86 05 4B 9D 54 B0 04 90 91 08 14 00 00 2A CD D3 35 D3 04 02 2B 31 70 0B 
[   62729] ch50 r0 a3: 00 01 49 15 5A 14 A5 26 81 44 6B 42 0E B4 25 42 5A 18 64 29 0E E2 AD 00 00 00 52 04 05 0D 40 04 
[   62732] ch50 r0 a3: 00 54 45 20 89 14 29 04 10 4A AC B7 6B AA AA A9 65 46 C6 C3 51 2A 4A 90 DA 0D B9 4A AB 11 E2 82 
[   62760] ch50 r0 a3: 98 4A 56 45 91 69 3C 68 E3 51 46 01 05 00 25 29 AE 01 04 57 56 09 05 82 A0 2A 42 D8 50 20 46 85 
[   62769] ch50 r0 a3: 04 AA A5 55 29 4B 73 C0 DD 9F E4 28 8E 34 A5 6B A3 FE EC E9 AD F9 95 8C 2D EA 82 D7 23 80 F1 0D 
[   62782] ch50 r0 a3: 00 02 20 90 04 00 14 00 08 25 4A 15 16 8B 85 BB 45 5B 56 2E DB 6A ED A4 CD 16 5B 96 2C 26 D4 A9 
[   62785] ch50 r0 a3: 56 21 51 3B 28 C1 68 91 96 AD 29 22 8D AE 95 13 53 91 52 5B 42 5C A4 15 50 52 55 48 2C A8 D4 02 
[   62798] ch50 r0 a3: A4 91 0A D5 49 12 DA B5 73 5D 6B 01 A1 71 96 D5 2B 2E 94 96 55 67 AA 66 EC 9A AF AC DD 96 B4 AD 
[   62827] ch50 r0 a3: B2 6D 51 52 C2 CB EA 35 95 4A A9 4C 8A 65 95 55 54 CD A4 56 93 48 E8 95 2C 2D 52 AD 7B BA DD 7A 
[   62832] ch50 r0 a3: 13 13 48 B9 56 D5 4E AB CA A9 58 32 AB 9A EA 6E EE 57 2A A9 D5 5B 5B 8B A8 AD 57 5B 34 AA 4D 64 
[   62840] ch50 r0 a3: A9 A0 1F BF B7 EE FD 6E FB 5B AB 36 F6 DA B7 D5 F6 DF AF FD BD 5D 7E 76 DB BF 6D F7 5F 7A EF 7D 
[   62850] ch50 r0 a3: 5B AA 2D D5 45 33 06 A6 02 6A 21 50 EC 85 B3 10 A8 D3 4A 8A 45 36 94 55 2A 3A 94 93 01 4D 96 58 
[   62852] ch50 r0 a3: 00 02 20 90 04 82 14 00 08 25 2E B5 7D 19 39 53 92 29 AE 84 DC 85 1D 5A D4 D9 CA 57 09 D7 11 98 
[   62853] ch50 r0 a3: A8 54 A8 AF 6B 6A C5 7B 56 DD AE 52 A9 39 74 4D AD B5 D6 B5 24 9A D0 AD F5 AA 6D A9 A9 54 A5 57 
[   62921] ch50 r0 a3: 01 44 90 52 95 14 05 14 28 04 34 4A 26 91 13 54 21 D4 E1 A2 95 2A 92 A5 36 88 55 A7 1E 98 12 DA 
[   62923] ch50 r0 a3: B4 22 42 05 3A A8 B5 71 5A 89 B2 7C 64 8A F3 50 D3 A3 AD A8 B2 84 21 16 44 BB 4A 9A AB A4 3D 2A 
[   62944] ch50 r0 a3: 80 2A 55 5A 05 49 34 95 B9 76 93 88 6A DA 94 A6 DB 6A B2 75 12 BD B3 95 03 62 34 5A 0C 9C 14 95 
[   63005] ch50 r0 a3: 44 5A 12 57 25 3A BA CA D9 29 55 5B 7D 69 59 0B B4 A9 EB 45 6C 70 A3 57 29 35 6A AB 55 CA 8A DD 
[   63014] ch50 r0 a3: 00 03 58 B5 B9 12 A2 9A D3 58 DB A4 B2 A4 20 4A 8D 5B 26 90 AC 8A 54 AA D5 38 96 84 49 35 55 1C 
[   63042] ch50 r0 a3: 40 DB ED E9 AE 56 AC E7 52 D5 5A ED F5 5D 5C 54 4A B5 6B 56 BB DA 09 41 56 82 AA 95 2A 89 17 71 
[   63052] ch50 r0 a3: 00 08 08 20 00 08 00 00 00 03 25 31 AE A3 5A D1 41 53 25 54 A6 A0 AE 34 8E B4 8A 54 D7 7F 5B 95 
[   63053] ch50 r0 a3: 00 02 20 90 04 00 14 00 08 25 3C 53 81 3A 2A 95 F1 54 6D 7C CD 5D 3D 8E B7 DA D6 E9 50 99 52 86 
[   63056] ch50 r0 a3: EC 3A 6A 74 9A 89 56 55 F5 53 54 D7 43 19 34 AA A5 3A 5D D7 56 46 C9 25 68 B6 F9 59 52 56 B5 8D 
[   63058] ch50 r0 a3: 82 12 29 09 8A 85 55 44 80 A8 62 49 21 49 49 DD 52 7F 62 BA B3 54 E6 E7 9D 6A A5 2A 96 A4 B3 2D 
[   63065] ch50 r0 a3: 52 E4 16 04 22 88 47 20 A1 4B 26 35 A8 54 48 55 68 19 31 30 88 C9 55 55 52 8A A8 42 89 96 A9 69 
[   63082] ch50 r0 a3: 00 00 08 80 00 02 00 00 11 06 92 48 00 00 00 4A 8B 56 85 9C 92 96 29 D1 C5 0A 1D E2 DC DC 15 68 
[   63121] ch50 r0 a3: 00 24 48 29 02 2A 0A 8A 94 41 46 81 4D 8D 68 B0 12 A8 8C 48 58 94 A9 46 12 54 2B 11 A4 4E 94 14 
[   63144] ch50 r0 a3: 8A 53 AB 5D 26 94 AD 1A 52 9A D5 6A A9 D4 55 5B D7 5A 52 95 4A B5 AA 8D 5A B7 62 CC 99 AA A9 4C 
[   63146] ch50 r0 a3: 33 2B 64 5D 2B 17 4B DA A6 2A D7 55 9E 3A BB AD 8C 6E DD B4 56 8C 99 76 D2 9D 14 52 6D 83 B4 20 
[   63152] ch50 r0 a3: 08 54 94 A8 28 AB A8 A6 59 76 DD 94 BA F1 4E E5 65 3B 5D 55 AD DB D3 A2 DF 36 B2 EE A6 FB 2A FF 
[   63158] ch50 r0 a3: 94 40 00 A9 52 81 12 9A 1C 90 2C 94 A0 94 92 23 46 A9 29 D6 D4 DA 94 D0 B5 24 B5 54 EC 2E B7 2E 
[   63192] ch50 r0 a3: 28 1A 6E 98 44 A4 88 9A 50 26 A5 4A E4 4A 49 13 89 52 95 AA 32 2B EB 97 C1 76 EB 5A AA 52 DD 3A 
[   63204] ch50 r0 a3: 55 5D 2A 48 92 4C 90 8B 51 29 4A D4 AA 94 DC B2 AD AA 54 9A A5 45 C2 C0 B0 2A 2A 52 B6 29 15 36 
[   63217] ch50 r0 a3: DB 53 7D A5 6F B3 BA BD 5F BD 25 9D BA D5 7E 96 AD 9B EB 77 75 19 5E B6 FB A6 9E B6 DF 76 D5 6D 
[   63228] ch50 r0 a3: 9A 95 6D F0 65 ED 2D 8E D9 34 A4 B5 2D 49 72 95 63 20 A4 02 91 54 AB 14 A4 B8 21 4A A6 A2 80 AA 
[   63232] ch50 r0 a3: 54 97 55 51 70 59 54 88 D2 4A 49 61 92 55 44 04 04 41 00 00 20 89 00 55 54 F1 52 E5 A1 4A A9 4A 
[   63241] ch50 r0 a3: 00 29 12 0A 52 AA 82 AA A5 11 12 BB 24 D4 AA 4B 4A AA AA 92 DA A4 5A F1 5B 5E DB AD DB 32 56 E8 
[   63272] ch50 r0 a3: 00 02 20 90 44 00 14 82 08 25 35 39 44 2D 35 6A 44 2A 85 42 26 A8 A0 12 97 52 34 15 A3 21 95 52 
[   63274] ch50 r0 a3: 8A D3 AD 84 55 AB A4 09 85 C2 33 A8 42 88 0B 08 98 26 05 E1 12 8C D4 E3 54 F7 93 C8 AC 56 2A DA 
[   63330] ch50 r0 a3: 8A D3 65 05 88 35 20 AA 95 98 45 29 26 8A A8 24 C0 90 08 44 12 55 12 C6 45 AA 51 4D 80 2D 51 42 
[   63331] ch50 r0 a3: 52 C9 06 AA 13 66 58 C9 54 65 15 4A 42 B5 64 03 47 44 6A 90 55 25 AC B5 24 B5 4E C9 ED 6A 2D 15 
[   63332] ch50 r0 a3: 00 21 22 48 44 0A 14 82 08 25 5A 92 8C 52 B5 58 D4 55 4A AA AE A9 2A 59 55 AA A2 E5 7B CB 22 E6 
[   63361] ch50 r0 a3: 00 00 10 00 40 00 20 00 00 00 02 E8 80 25 22 A4 A5 48 B5 28 24 6D 44 B4 48 44 A2 5D 42 4A 48 AB 
[   63366] ch50 r0 a3: AA 15 85 54 2A 52 5A 45 82 CA D2 56 4B D2 56 93 93 55 02 D6 C0 9E 04 09 AA 99 AA 44 34 21 05 52 
[   63367] ch50 r0 a3: A0 AA AD 4A B2 DB 35 DB 48 A0 8D AC F7 EE D6 DD DF 9B 4F AF 7B 55 55 51 15 2A B5 44 C4 52 AA D6 
[   63382] ch50 r0 a3: 00 2A 22 90 44 8A 14 82 08 25 37 45 2F 18 A6 3B 62 AA AA 95 4D 59 0A 49 53 A6 6A 79 44 2B DD 09 
[   63449] ch50 r0 a3: 20 80 0A AB 9A 2A 8B D9 D4 A1 2A A6 6B 9C 55 72 62 56 0C 84 CD 45 69 66 45 28 8A 85 A5 9A 54 91 
[   63547] ch50 r0 a3: 08 2A 01 56 47 B4 E5 75 AD FB AF BB 5F 62 C2 BD BA F7 D9 F7 EE BF 75 BB 57 2F BF D1 BA D6 EB D9 
[   63557] ch50 r0 a3: 68 52 81 F2 AA 42 51 0C 55 4D 62 97 28 A9 56 B9 2E 51 6D 55 AB 4D F4 CD AA D6 AB DB ED 79 9A 1A 
[   63562] ch50 r0 a3: 00 02 48 28 49 42 B2 B6 A9 58 8E 34 42 AB 10 00 00 00 00 00 01 00 00 04 00 06 94 30 44 5A 44 A9 
[   63578] ch50 r0 a3: 55 5F 1A 6B 4E AE 4C A9 6A CD 2A 96 AD 55 EE 8C 65 3A B2 58 EA 8B 94 A8 8C 5D 59 6D 15 A9 5D 2A 
[   63607] ch50 r0 a3: B0 30 8A 60 74 2B 0B 24 57 C9 2D 22 A8 4A F3 54 82 0A 4A 40 86 81 94 2B B1 43 59 25 9E B2 15 00 
[   63613] ch50 r0 a3: 00 42 44 90 04 0A 28 80 08 45 75 44 49 D8 D2 51 55 76 A9 12 D6 4D 25 6D 58 95 36 53 79 3D A9 44 
[   63654] ch50 r0 a3: 21 07 49 4A A4 50 A9 1A B4 04 42 2B 54 52 8B 6A D5 E4 A4 58 9D 9A A2 05 72 3D 76 F7 2A FF 7D FD 
[   63711] ch50 r0 a3: 94 A2 85 50 01 83 42 4C 15 00 00 00 00 00 00 00 00 00 00 00 08 55 15 32 09 04 98 C2 40 60 AA 9A 
[   63765] ch50 r0 a3: 42 31 95 4A 12 8A 92 4A 55 14 16 95 54 C4 C9 D5 50 5A 41 2C 43 48 45 5B 56 D7 75 67 6A D8 9D 6C 
[   63782] ch50 r0 a3: 2A 88 47 6A 24 B1 20 00 14 24 A5 52 00 10 24 09 68 DD ED EA B3 01 97 7B 42 8E 1A A1 52 41 9A B5 
[   63789] ch50 r0 a3: 80 49 40 92 82 00 12 51 10 50 2A 15 40 11 14 A9 10 89 A2 40 80 25 40 14 84 30 08 A8 15 57 56 D5 
[   63801] ch50 r0 a3: 00 09 10 0A 42 8A 80 A2 85 00 A2 AA 55 A5 4D 64 AB 16 96 A2 12 CA AD FA F6 C9 AB 63 46 A9 4A 4A 
[   63876] ch50 r0 a3: 54 29 44 2C 0A 09 DA CA 91 D6 9A 73 55 AB E4 8B 56 82 AC 14 AA AA 29 5C AD 2D 75 DB 76 1D 7A 92 
[   63878] ch50 r0 a3: AA 15 CF 56 EC D2 55 4C A4 DE 8A 55 45 5D CB 25 39 A2 A9 5D AB A9 A9 0C 4B 4B 74 EB 84 52 D2 5A 
[   63917] ch50 r0 a3: 20 A4 00 42 25 32 00 64 44 92 09 65 59 25 26 54 40 0B 55 40 A1 02 08 A4 25 22 8D C2 10 14 01 08 
[   63931] ch50 r0 a3: 08 00 22 09 48 10 50 54 50 A0 0A 33 49 A6 45 9A D5 28 52 A6 9A 97 54 2C 25 AC 56 A2 40 31 7A 2A 
[   63933] ch50 r0 a3: 00 00 10 00 00 00 08 00 00 02 13 56 54 AA AA D8 F5 6A 96 AD 70 DB 34 A5 69 2A AE 6C D5 28 E5 3A 
[   63943] ch50 r0 a3: 02 12 82 22 42 58 90 21 69 11 A2 00 80 00 50 41 4A 28 40 81 54 41 55 C2 89 00 0C 08 28 48 80 01 
[   63955] ch50 r0 a3: 29 51 22 69 22 32 88 68 54 42 89 AD BA A5 68 B9 DD AB 15 54 DA 95 24 35 4D 2B 2C 56 D9 DB 4A C9 
[   63957] ch50 r0 a3: 81 A1 26 81 0B EA BB DD 69 D6 8D 59 55 4A B7 0C 94 D6 2A 46 AA AE 8A 45 2A 28 54 48 13 51 48 8B 
[   63964] ch50 r0 a3: 9A F6 8E C4 5F AD 51 52 92 B2 AD 4C 8A B4 C2 52 0A 52 46 A8 22 45 45 22 AA 55 AA AC AB 7D 6B 5C 
[   63966] ch50 r0 a3: 58 D5 1D 76 B4 AA DD 36 4A AD 11 AB 75 A9 3A 2A 15 42 29 55 08 72 55 0A 94 10 A2 C8 46 81 91 49 
[   63978] ch50 r0 a3: B1 5B 4A EA AE 55 2A 9C D6 D5 33 7A 6A A3 CD AF F5 65 BB 21 4A 35 75 57 B0 E7 3B A4 52 BD 40 AA 
[   63997] ch50 r0 a3: 33 71 45 09 4A 91 33 0A 46 6A 55 65 28 19 55 12 B2 41 1A 28 AA A5 AE 95 6E 5A B4 A0 46 AB AA A6 
[   64011] ch50 r0 a3: 8A 56 AA D4 D3 52 B8 62 4A CF 29 13 98 AA A3 D0 A8 08 54 CB 08 44 C2 A4 8C A2 8B 0F 2B 46 5C 12 
[   64019] ch50 r0 a3: 82 6A 14 99 60 4D 0A A8 A0 4C 20 80 0A 28 0E AA 13 29 6D 55 23 19 26 A4 10 48 34 91 49 08 C6 A8 
[   64020] ch50 r0 a3: 82 6A 18 99 40 4D 8A A4 88 40 06 11 56 00 57 6F 75 42 A5 5D 42 55 18 AA A4 AA 96 8A C0 84 B5 96 
[   64035] ch50 r0 a3: 00 02 91 22 B2 15 11 94 92 CB 09 94 9D 10 5D B6 29 2C 33 75 6D 36 ED 55 4A AD 29 0D 7A B3 39 22 
[   64050] ch50 r0 a3: A9 16 90 A5 25 77 AB BB 5D 72 EF BE AE B7 F6 D7 7E FB EF AE AE F1 50 29 28 94 2F 80 4B 6D BD F2 
[   64079] ch50 r0 a3: 40 44 42 11 02 A1 14 0A 8A 90 90 13 30 15 A9 92 D5 9D AF EC FB 6D BF AF EA FB AB 5F 6F EB AE 88 
[   64087] ch50 r0 a3: 36 45 52 11 1B B8 72 16 6A CA D5 37 D1 A4 09 4A A7 A5 0A D4 35 E6 AC 55 5A 5D 6B 65 62 51 2B A1 
[   64130] ch50 r0 a3: A4 A9 44 A2 15 10 46 80 8A 14 95 42 B8 52 B5 17 4C B2 D7 FB 72 B5 36 B4 F5 B2 8B 48 A9 AC 51 13 
[   64142] ch50 r0 a3: 35 1A 92 44 80 00 00 00 00 00 20 00 00 00 02 95 B6 AC 99 35 54 EA DA AA 52 CD 23 55 28 CA B2 AE 
[   64196] ch50 r0 a3: 2B CF 6A 5D 4A 5B 42 AC B4 03 0E 4B 06 69 D9 9C 18 C5 29 5D 49 A0 98 A5 55 8D 46 94 48 D2 99 AA 
[   64198] ch50 r0 a3: 29 49 10 84 4A 91 C1 14 22 C8 81 2A A5 59 56 05 02 D1 41 10 28 AD 56 54 56 C2 AA 6A D9 64 56 96 
[   64236] ch50 r0 a3: 4C 3A EA AB 6D D2 AA AA 5D D6 EA 7D 5D 54 45 2E 29 74 23 76 6D 29 54 A6 A8 D1 4E AE 95 66 8E 5A 
[   64251] ch50 r0 a3: 2D C2 34 A8 CF 49 41 69 62 AF 52 52 BB D4 B7 DB 55 8B 65 5C 2F 4F CD 55 57 3A B3 22 98 5A 31 5B 
[   64257] ch50 r0 a3: 94 BD 76 B9 5A 5D 35 4A A6 D5 8A 31 50 E1 49 B6 42 61 14 6A AD 28 55 D4 95 A9 0A 4C 4A A4 A5 A9 
[   64259] ch50 r0 a3: 4A AA A2 91 59 92 3A D5 35 4B A9 8D DB 6C AD 4B B5 ED 5B 96 97 7D 96 A5 59 56 DE EF A9 5A B8 D6 
[   64281] ch50 r0 a3: A8 00 82 08 A0 55 2A 94 0A 94 28 0B 4B B6 54 26 C9 D4 20 4C D9 9D A0 82 91 58 84 6A 90 5A 52 1A 
[   64288] ch50 r0 a3: 10 28 11 A2 92 51 15 5B 75 4A 51 5F 4D 6A 9A 94 58 5B B6 DA 95 4B D5 55 AB 5A C9 79 92 EC 6B 4B 
[   64296] ch50 r0 a3: AE 2F 87 33 64 59 52 51 5B 06 68 73 12 05 38 28 58 4A 02 E2 48 02 D5 B2 D4 06 AA D1 AA A9 02 2C 
[   64309] ch50 r0 a3: 29 54 AA 25 16 A6 B5 B1 A6 63 14 E5 5B 49 2D 68 43 E9 94 55 B9 B3 55 AD 9D 57 69 35 AA EE E5 4A 
[   64318] ch50 r0 a3: 68 20 A8 22 10 E8 80 29 14 2B 22 24 D2 65 30 82 67 29 44 A4 55 1A 40 24 80 28 28 55 40 AB 95 2C 
[   64331] ch50 r0 a3: A5 45 00 E9 5A 49 94 96 36 D7 5B 0A 85 6F 59 5D 76 D2 84 96 93 B1 52 99 45 A2 D1 0B 5A AD A1 11 
[   64355] ch50 r0 a3: 00 61 09 27 44 05 29 29 15 20 4A 16 C8 08 40 88 10 15 41 04 54 20 09 65 14 89 20 2A C9 28 43 CA 
[   64366] ch50 r0 a3: 55 24 08 44 91 59 35 2A BA 4A AD 52 45 4D 2A 23 12 85 62 24 BA 92 97 2A F5 0B AD A8 52 8E B0 2D 
[   64367] ch50 r0 a3: 98 4A 2B 03 40 92 4A A2 89 12 C2 14 88 4A 88 A8 8A D1 43 01 68 A5 06 84 B6 33 30 42 51 45 21 86 
[   64417] ch50 r0 a3: 51 2A 92 44 28 C5 92 DD 74 B1 55 34 95 69 2B 55 84 DA 9E EA B5 5A DB 0B D5 55 32 AE 92 A9 2A 42 
[   64419] ch50 r0 a3: 46 97 56 E5 31 37 4B B4 55 5B AA 52 66 AB 20 AA 4E BF 50 94 8C 9B 56 C6 58 F2 94 A4 3E 97 B6 58 
[   64432] ch50 r0 a3: 08 44 6F E9 6A B5 3A D7 AA 2D 57 4D BB 8B 66 DA B5 BF 5E D3 DB 54 95 56 54 C5 69 11 69 62 00 00 
[   64455] ch50 r0 a3: 4C AB 74 A9 54 D6 0A C7 72 DD 4A CC 14 DE 94 AA C8 54 C8 E4 54 B6 2A 55 52 95 B5 8A A7 6D AB 57 
[   64472] ch50 r0 a3: AB 54 A6 85 2D 28 40 28 05 2A 8E C6 15 4A 89 51 40 45 54 A4 A9 A4 AB 49 56 99 60 3A 51 6A 8A 42 
[   64500] ch50 r0 a3: 00 50 10 44 05 00 42 12 05 01 60 82 29 44 09 40 A1 62 94 02 21 00 22 00 04 13 40 89 00 84 10 72 
[   64502] ch50 r0 a3: 24 10 6A 10 30 12 A2 D4 CA AD D1 95 56 49 A8 11 55 14 96 A9 2C A9 14 83 39 76 55 12 78 CA C6 12 
[   64527] ch50 r0 a3: DD 4B 28 A8 8C AB 57 DE 0A 12 A8 D2 A9 04 A9 1C DA 25 96 44 91 AB 14 B2 52 92 54 AA A5 A3 D1 4D 
[   64542] ch50 r0 a3: DC 94 61 47 4A 62 F5 D2 25 22 45 25 A4 A7 56 B4 48 32 40 05 51 24 BD FA 6D 52 61 44 8C 95 16 42 
[   64542] ch50 r0 a3: 00 00 00 01 02 00 00 00 00 02 A6 B4 56 76 69 2B AD A5 89 54 AA CE 92 A8 A5 00 1A 5D 29 A8 B4 D7 
[   64545] ch50 r0 a3: B0 D2 4F 65 29 59 AD 65 6D 3B 25 4A A6 A1 6B AD 75 15 5B 5A 84 55 A8 2D 2A A8 93 8A A5 77 75 95 
[   64577] ch50 r0 a3: B5 29 32 B9 29 12 94 A5 34 79 B6 A0 4A 80 28 50 AD 54 32 A8 9A 34 46 6A 54 28 66 D3 0B 54 61 52 
[   64616] ch50 r0 a3: A5 44 79 56 61 52 95 18 D5 AA 6A AE 85 5A 6F 93 15 6A B5 44 AB 23 35 D5 2C A4 AD 2D 6A AB 69 28 
[   64651] ch50 r0 a3: A9 42 8A C0 F0 55 C5 D1 11 76 C9 1B 32 D5 04 15 AE EF EF DF D7 6B DF CF 6D B6 B7 CF FD F4 DF 55 
[   64691] ch50 r0 a3: 00 00 80 10 82 48 05 0A 14 05 32 66 51 85 50 90 B8 65 60 28 DC 55 32 AA D4 95 14 93 6B 69 59 1A 
[   64739] ch50 r0 a3: 61 5A A2 A7 59 4D 2A CB AA 53 0D 51 50 A2 4C B6 49 45 D5 22 32 96 15 6A 6A 50 D6 D4 A8 92 92 26 
[   64747] ch50 r0 a3: 24 AA 42 85 14 8B 12 92 9A 8A D1 50 23 0C 55 55 7A F6 B6 AA 75 AB 15 08 AB 55 CD 60 13 5D A9 90 
[   64750] ch50 r0 a3: B0 35 5A 9A D5 96 D9 5E 6A 95 D5 7B 92 BB B1 56 65 34 B4 D1 19 0D 53 49 4F 60 8A E8 4D 13 02 47 
[   64755] ch50 r0 a3: 40 82 B5 29 54 C8 A8 A2 D2 E4 14 A5 50 98 46 AA 35 D2 AB 5B D5 59 2D 5A 39 56 D8 2A 65 6A D4 EA 
[   64821] ch50 r0 a3: 00 21 0A 05 10 A2 40 51 42 80 2A 33 56 8B 15 55 A9 1A 58 4A AA DB AF E5 55 97 EA D7 AB E8 48 89 
[   64910] ch50 r0 a3: 85 55 48 15 09 70 89 8B 25 4C 92 CC 75 00 97 E5 24 82 B0 E3 19 6D 0A AC 94 2C 27 87 79 23 0C 4D 
[   64921] ch50 r0 a3: 30 9F 5E EB B5 AB 7E ED BA BB 5D BF AF 7B 5F 56 D7 BE B5 EA F5 EF B5 EE AD B5 BE B5 EF 6F 75 DD 
[   64942] ch50 r0 a3: 8D 44 28 A1 5A 76 BB DB 54 6A A9 5E D6 DD 2A B5 73 5E B7 54 D5 6D 54 93 68 4B 14 AC D8 AA 88 98 
[   64980] ch50 r0 a3: C0 82 12 95 75 B0 51 A5 38 86 AB 55 64 95 5F 0D 2D 4A BD 7A 2C B1 0A AD 5D 6B 4E 4D B6 55 E1 96 
[   64986] ch50 r0 a3: 45 8A 9A 9A DD 69 0C 55 0A 02 06 CB 29 8A 4D 2D 51 04 01 45 A8 28 AA BE C8 D2 A9 16 A6 0C 48 52 
[   64996] ch50 r0 a3: 5A 94 86 40 A4 82 91 48 A2 24 27 54 A4 CA 54 61 2A 85 91 54 84 A4 AA 14 90 4C 84 1A A6 89 AC 6A 
[   65003] ch50 r0 a3: 4A AB 34 59 1A 4A BF 91 B5 52 97 6E DD 6A 95 5D 5A 95 56 AA A5 7B 6A D2 CB 43 56 DA 51 6A 95 2A 
[   65020] ch50 r0 a3: 45 44 82 63 29 CA 92 A9 41 58 08 82 25 B0 54 20 8B 49 95 56 C2 10 A1 52 0A 2A EA D1 AA 99 12 AA 
[   65035] ch50 r0 a3: CA AE 41 EA A9 43 5A 55 58 C5 00 22 AC AA 29 88 AA 45 78 CB 8A AA A8 A5 22 11 8A 32 29 54 AA 52 
[   65040] ch50 r0 a3: B2 4A 90 28 01 4A 84 82 10 2A 28 12 A1 25 50 00 A0 21 21 0A 88 81 03 28 00 10 28 20 51 21 93 12 
[   65079] ch50 r0 a3: CD 54 A0 AA AB 16 2D 44 B4 31 69 64 41 C5 12 AA 22 9D 6A A8 8C B4 AA 92 52 4A 31 68 62 B1 5A AD 
[   65122] ch50 r0 a3: 05 0A 4A 52 01 0A 5A 95 55 2D 17 7A BE D5 62 B9 71 5A 85 3F BF 46 0A 86 AC 25 6E AB 65 2D 54 6D 
[   65131] ch50 r0 a3: 44 55 10 69 14 42 54 88 34 55 AD DD 7B CE 6E 8B 6A 69 7D 44 89 DB 49 75 52 AA B6 AE EB 27 46 B5 
[   65172] ch50 r0 a3: 00 00 00 40 02 00 05 11 00 02 92 48 88 62 97 32 51 85 14 17 22 88 55 EB A5 96 D4 B6 DD AB 35 B5 
[   65187] ch50 r0 a3: 29 5C 22 00 25 5B 16 4B 6B 23 40 41 21 02 48 56 92 28 12 29 55 42 50 23 84 29 A9 44 A0 14 56 A9 
[   65224] ch50 r0 a3: B4 B2 96 AC 16 4D 8C E1 5B 15 5A 9A 55 55 4A B3 8A 66 6B 5A 95 4A AC C5 2A 2A 3A 99 2A 55 6A D5 
[   65311] ch50 r0 a3: 5E 2A 05 26 57 2A 4A A2 4C B1 42 14 4B 78 95 BD 4A 48 85 13 1B 6A 0C 16 62 51 F0 B6 A2 5D 90 2C 
[   65373] ch50 r0 a3: C1 A5 65 39 68 00 6E 91 90 90 92 BB DB 35 0D CB 99 2A 6A F7 72 B5 DA AC D4 D9 AE 65 3D 3B 7B D5 
[   65393] ch50 r0 a3: BB 28 D4 85 6A AA 4B 41 29 94 13 22 4D 58 D4 8E B5 C3 D5 57 99 55 10 44 CE AA EB AB 52 AA CA 44 
[   65399] ch50 r0 a3: 00 98 02 10 1D AA 9E A4 DD 3C A6 95 B5 54 26 B9 48 DA 54 12 E8 AA E8 B2 B6 ED ED D8 AC 96 D5 AB 
[   65407] ch50 r0 a3: 92 4A 52 5A 84 95 12 C2 DB 0D 49 09 34 AA A5 2A 1A 5A 6A B5 95 56 A8 D2 A3 AA B8 A5 4A A3 40 92 
[   65429] ch50 r0 a3: A2 81 01 49 43 28 11 2A 26 50 AC 91 2A 1A 34 13 94 65 54 46 AB 4A BD 0A 57 53 5D 5D 4C A6 5E C3 
[   65448] ch50 r0 a3: 75 49 22 BB DA 79 9D 6D 9B 52 EA FE B3 6B 89 6F D7 ED A8 B9 CF 65 2C 84 AC F6 DE F4 DD 4D 2B 53 
[   65469] ch50 r0 a3: C5 4A 31 16 CC AA D4 40 D2 B2 68 8B E5 C2 22 AD B2 F1 11 5E 91 74 D2 AA A1 49 49 22 12 54 41 48 
[   65494] ch50 r0 a3: 5A 44 59 2E 5A E3 24 82 65 6A D4 E8 8D 53 37 64 DD 35 94 69 AB 65 53 09 49 D5 69 D5 90 87 69 5B 
[   65499] ch50 r0 a3: AF 4D 55 4A FE CA AF 35 8A 95 28 95 BA 92 15 2C B2 A1 3D 3A 9C 72 35 34 20 C9 55 29 4A 94 6A 41 
[   65564] ch50 r0 a3: 95 46 89 96 49 05 69 8C 14 95 54 31 29 52 25 66 0A A8 25 54 B9 A5 42 AD CE A5 D9 B3 8A A5 51 66 
[   65594] ch50 r0 a3: 26 94 40 54 AC 94 81 2C 56 12 12 A9 62 59 D5 12 88 81 20 A4 0A 8A 04 A8 10 A9 22 9A 0A 16 AA 88 
[   65633] ch50 r0 a3: 44 2A 42 23 8A 84 11 15 4A D4 32 8C 95 8A A6 10 B4 75 1A 0A 95 54 35 0A AE AC 49 31 AC A9 99 D9 
[   65660] ch50 r0 a3: 24 D1 80 10 84 21 21 54 84 26 49 61 62 2A 21 D1 43 4D 2F F2 FF 5D 7A 7D 97 6A A6 5B 65 6D 6A 82 
[   65673] ch50 r0 a3: 29 01 0B 4A 02 29 15 11 25 09 41 96 49 51 34 A8 49 05 95 93 25 AB 15 32 A2 9B 24 62 A2 AD AA F5 
[   65692] ch50 r0 a3: 28 AA 95 0A A9 6F AC 96 5C B5 0A B7 49 5A A5 B5 8A E9 63 24 9A D4 AA AA 81 50 A9 10 4B 2A AD 95 
[   65717] ch50 r0 a3: 42 41 51 52 32 92 42 10 21 AA 68 A5 52 80 AD 92 AA 0A 81 24 2A 05 00 0A 20 5A C4 A4 34 90 AF 96 
[   65749] ch50 r0 a3: E7 6D 7D AA AD 25 4E 95 75 51 AB AA 73 AA A5 93 08 10 A5 2A E6 AE D3 D5 A4 AB 56 9A 65 54 3B 59 
[   65752] ch50 r0 a3: 11 4A D5 58 D1 54 A8 55 04 36 A6 DA 4A 54 A1 6A 45 A4 40 D2 AA 92 AA 4D 94 9C B5 25 54 2C 49 29 
[   65824] ch50 r0 a3: A1 16 A4 AC 55 EA 41 CB 59 BC 16 92 16 AB 45 23 A4 89 DC 8A BB 85 56 AA 08 00 12 8B 05 51 27 7D 
[   65838] ch50 r0 a3: 93 7A A1 1E 25 51 A5 2A D4 91 09 10 AA 82 14 2A 48 54 A4 4E A4 D5 18 D6 9A 26 9A AD EC A2 56 A8 
[   65868] ch50 r0 a3: 9B D5 65 44 B5 2A DA BA BA 4E AB 11 5A 7A 44 A0 A4 51 49 77 33 2A F4 D7 BD 65 AE 8D 52 6E AF AD 
[   65928] ch50 r0 a3: 82 06 95 A8 85 26 23 0A 22 45 12 D2 20 BA 01 01 46 32 D0 14 05 50 B4 82 80 51 50 20 B4 46 09 92 
[   65931] ch50 r0 a3: B6 A2 A7 AA 95 9E C7 4A 69 D9 E8 B4 B9 D6 92 EC 20 A8 5A D9 65 64 BC A1 45 05 69 95 4C AA 66 55 
[   66015] ch50 r0 a3: BA 99 53 E5 65 55 46 CD AA 5D 35 45 49 6A D6 AD 52 B2 AE B8 46 B5 56 B9 92 B3 12 CA AB BD 0A 8A 
[   66029] ch50 r0 a3: 92 92 E9 08 BA B2 98 6C 94 75 2A E1 02 CA 60 B2 B3 92 49 4C 24 B4 76 53 D5 65 44 B5 4E 99 6A C8 
[   66029] ch50 r0 a3: A5 95 4C 82 C2 D5 A5 52 A4 0A 95 43 12 12 01 48 35 98 54 81 44 A2 A1 55 6B 2D AC D2 EB 94 69 2D 
[   66066] ch50 r0 a3: 2A 26 55 A2 64 59 E6 D1 5B 46 AD 22 49 29 41 4B 12 6B 56 05 D9 10 45 8C A9 DB 18 94 98 82 D5 6A 
[   66105] ch50 r0 a3: 69 60 42 A6 51 4A 49 56 CD 55 EA 92 B9 15 56 8D 2A D5 66 A8 B5 E6 2D 35 64 08 55 AB 65 4E A8 A1 
[   66118] ch50 r0 a3: 10 94 AA 98 C3 21 56 ED BE BF DB DD B3 6D FF 67 26 AE FC 5A DD 28 E5 A8 B0 CD 5B CF 51 D7 35 16 
[   66141] ch50 r0 a3: 96 C0 30 A8 25 29 95 15 15 52 4E A8 AA 91 4B 2D 83 5B 2F 28 F5 55 EC F1 48 A2 AA C1 F4 A7 47 74 
[   66206] ch50 r0 a3: 95 3B 85 35 DB 9B 56 56 FA B3 BA B6 69 D5 EB AA 66 A9 6F F3 55 69 CD F4 9B 55 EE CC EE BA 6D B5 
[   66232] ch50 r0 a3: 58 84 B2 84 70 30 41 45 72 55 82 46 2B 49 74 A9 55 4F 53 54 55 B4 95 A9 69 64 05 5A B5 65 74 DD 
[   66259] ch50 r0 a3: 53 D1 55 8B 22 64 45 6A 52 C2 6A 24 A5 44 20 44 20 81 35 42 68 20 80 E8 50 81 2C C2 41 25 51 15 
[   66363] ch50 r0 a3: 34 A5 11 88 B3 30 08 94 2B 51 0A 02 40 85 0A 81 2A 83 65 29 54 55 08 4A A8 12 2A 34 8A 22 8B 20 
[   66370] ch50 r0 a3: 44 B6 AC 54 8A 6A 4E 9A 53 AC 92 82 57 6A 35 19 55 61 51 5B 48 09 2A 58 9A 9E 54 DD 48 97 35 2E 
[   66385] ch50 r0 a3: D5 74 04 AA A6 55 31 A1 21 15 00 B5 96 D1 AA 86 8D 2B 56 D5 B6 B5 6A 2A AE C7 6A 5A AB 58 EA 2F 
[   66403] ch50 r0 a3: 12 96 2B 61 52 65 42 09 10 AB 54 91 01 0C D2 54 91 25 AC B0 9E 15 0A A9 32 42 43 42 55 28 D6 24 
[   66469] ch50 r0 a3: 44 91 A8 14 A9 0E BC 80 8D 45 95 40 12 99 29 35 02 AD 92 D3 07 4D 2B A2 11 24 88 52 8A 8D 04 41 
[   66471] ch50 r0 a3: 43 08 86 A8 43 88 D2 CA AA F7 55 56 34 CE 5B 84 66 B7 2E 94 85 FA 59 CF 69 2D 4A D4 2B 42 32 5F 
[   66474] ch50 r0 a3: 51 49 AC 06 84 28 96 A9 A1 4B 45 55 56 A8 93 4A 1B 6A 9A 6A AD 92 D6 42 39 5A 96 29 8A B4 AA C8 
[   66525] ch50 r0 a3: 25 4B 15 D5 4A 53 55 D5 B1 3A 65 54 2D 53 30 3B 2E B6 42 95 22 BE A9 43 50 2E C5 69 52 2A B8 F4 
[   66619] ch50 r0 a3: 45 41 AB C9 A1 55 1C A9 24 B5 81 54 5A 64 8B 2C 95 61 68 BD 50 A8 F4 CA 5A AD 56 93 19 AC B0 68 
[   66670] ch50 r0 a3: 4A 15 2B D4 92 A1 59 02 04 68 AD 8A 68 A2 8A 54 D5 52 22 96 96 92 28 B3 2A 81 97 54 A5 56 A6 DA 
[   66674] ch50 r0 a3: 35 3C B0 25 50 4A A5 A2 80 43 14 32 82 09 2E 21 15 52 D0 D5 22 A4 42 92 9C 92 09 6A A2 A4 C9 00 
[   66699] ch50 r0 a3: 96 0A 41 52 11 46 A6 EA 6C 86 55 86 D3 77 3A AA E6 ED D7 6B 7B 6B 52 39 2C AA 49 D6 95 5A B4 A7 
[   66735] ch50 r0 a3: 64 5A A5 6E 2A 56 A9 31 2C 2D 26 AC D5 53 1F 29 25 72 49 51 52 2E 61 56 32 AD 73 4A 66 D2 84 8D 
[   66757] ch50 r0 a3: 67 2A E8 46 2E 37 C3 A4 B1 77 B6 76 C9 4A 9E 58 14 36 9D 25 9E C4 A6 BA 83 2A 76 5D 61 52 0D 2A 
[   66770] ch50 r0 a3: 49 62 08 C5 48 64 A6 2A A2 D0 D9 08 55 2A D2 82 82 A9 E8 40 24 9A 88 82 64 20 90 A8 88 98 51 34 
[   66804] ch50 r0 a3: 19 59 10 12 89 29 34 32 97 05 68 28 00 EC A1 95 06 94 4A 14 70 12 0A D6 46 52 4A 58 8A 48 CB 51 
[   66807] ch50 r0 a3: B1 21 2A 82 50 A0 5A 42 B3 45 69 AA D5 E5 54 A5 E6 95 29 6C D2 CB 63 AD 54 AA DA FB ED AD D6 AA 
[   66874] ch50 r0 a3: A2 A5 2A AB 55 92 A8 80 95 A8 D1 25 D2 B5 04 51 52 00 4E CA 4E 0A CB 7C AA 4C 9A B7 4B 59 35 65 
[   66900] ch50 r0 a3: 92 5A 42 50 B3 00 55 C0 0A AB 29 56 E5 CA 52 55 54 69 EA B4 C9 12 C9 4A FA 7E 8D D1 BB D0 6A 10 
[   66904] ch50 r0 a3: 52 F4 62 AB 76 25 48 2C 95 A9 45 D8 B7 22 85 A6 B4 A8 6A C4 B4 B4 28 55 12 A4 55 2C 89 16 ED 54 
[   66997] ch50 r0 a3: A4 B1 8C 95 05 02 41 12 42 8E 22 40 C1 00 0C 22 44 A0 82 DC 00 C2 50 65 2B 22 92 94 21 44 03 40 
[   67009] ch50 r0 a3: D5 0D 42 CA 80 D6 51 55 49 A4 68 6A 6A 69 52 49 32 90 94 55 01 49 2A A8 25 10 8A 91 53 52 01 30 
[   67014] ch50 r0 a3: 54 54 4B A4 48 D4 14 55 55 6B 37 AE D5 AD 56 FD 76 B2 64 4B 29 A9 4A CA B5 12 45 44 8A 4F 4A 49 
[   67031] ch50 r0 a3: 9C 84 51 4B B3 D5 16 AA AD 50 52 35 0B 4A 91 A4 9A 69 5C E9 3A CA 20 9C 95 50 B0 CA 4A 48 83 54 
[   67051] ch50 r0 a3: 54 8A A5 35 01 A6 AA 64 05 15 BE DD F6 DD 55 B3 FD EA FE 2D 6F 97 AA 9F 2F 57 FB DE F7 D7 DB EB 
[   67082] ch50 r0 a3: 1A 52 42 0A 28 56 0A AA 14 0A 58 94 AA AB 52 8A 94 49 53 61 32 55 56 B9 82 55 52 8D 67 51 CB 2A 
[   67216] ch50 r0 a3: F7 7F BA DA F7 9F AD FF B5 ED CD 75 EA FD AA DF F2 5D 9D C4 8A B3 6A 52 BA AD 26 AA AA 96 55 65 
[   67223] ch50 r0 a3: 56 94 2A D7 BC 75 EE ED 6E 65 AD CD 4D B6 AE F9 97 36 2B 9C DE 9A E6 A2 2D CA 66 95 88 85 8A AA 
[   67239] ch50 r0 a3: 24 42 95 A4 45 28 11 04 62 45 48 55 2A 64 A8 54 9A EA DD 77 B8 F5 BB 4A EC BD 4B 77 C4 A5 26 AA 
[   67243] ch50 r0 a3: 14 54 88 49 15 46 E9 69 24 99 25 4A 94 00 1D 54 65 28 4C F4 AB 95 50 05 52 29 26 EA B1 28 EF 1A 
[   67273] ch50 r0 a3: 02 48 45 95 0A 42 55 2C 2D 55 25 55 4B 46 65 9A 71 56 51 39 A4 62 65 71 45 45 D5 ED 2D BD C5 74 
[   67311] ch50 r0 a3: AA 80 5A 89 50 C1 13 12 CA 56 B4 B1 48 91 41 B2 D1 68 AC 88 44 44 82 94 A1 5C AA 28 66 B4 D8 A0 
[   67332] ch50 r0 a3: B2 CA 96 C5 A6 AB CF 42 95 12 53 29 01 2A 75 69 F5 7E 74 BA 57 55 D3 63 AC AB 58 55 6D B2 AF 76 
[   67350] ch50 r0 a3: 15 62 85 4A C2 76 6A 45 25 8A 50 32 48 61 0D 21 46 25 0A 41 10 AA BB 55 66 CC 9A B6 8B 42 AB 2A 
[   67367] ch50 r0 a3: 28 27 2E 58 8A 50 2F 2D AE 5D 06 94 C5 D1 31 40 93 1C A9 36 B6 9D AD 33 55 55 55 29 65 53 2B 35 
[   67388] ch50 r0 a3: 29 90 84 68 A2 51 11 0A B5 09 C9 50 B2 50 55 94 D5 11 A2 86 B0 64 24 BC 8A 05 28 28 13 40 51 15 
[   67424] ch50 r0 a3: 22 A5 1A 1A AA F7 7B 55 C5 27 51 EA 2A CB 25 35 9B 65 5E BD 69 4C 85 D2 C9 2A 5A 2A 55 B4 92 14 
[   67438] ch50 r0 a3: 58 8D 59 6A 31 D0 7E A9 2A 30 26 92 2A 94 4A D3 95 12 89 AF 6C A1 5B 4C 56 8B 06 18 55 D6 44 91 
[   67466] ch50 r0 a3: 03 0E A4 89 40 D2 91 00 42 54 A8 41 22 89 14 62 51 24 A9 08 B2 20 D6 5B A2 95 42 AD 0A 0B 14 78 
[   67487] ch50 r0 a3: AD 08 40 52 09 4C 4A 99 12 14 6B 52 10 45 40 47 4E CC 54 D5 32 15 6A 90 F4 AB AA 6D EE D5 54 DB 
[   67525] ch50 r0 a3: 55 29 55 3A A4 32 8A A9 2D 4A 68 88 8C 96 29 A9 4D 5C 09 15 A2 84 AA B6 7A AB E1 82 A7 4F DF 4A 
[   67549] ch50 r0 a3: C4 51 58 22 50 A6 04 24 82 8A 1A 0A 99 14 45 10 62 26 92 90 AD 0C 28 99 4A 8A B6 C8 4C 90 15 2A 
[   67560] ch50 r0 a3: 21 59 40 55 12 B1 08 82 A0 12 94 B5 20 AA D1 52 5C 66 4A 89 29 56 CB 52 B4 74 40 4A A4 C8 A2 C1 
[   67582] ch50 r0 a3: 28 1A 5A 44 C4 42 56 2A C5 84 28 A1 09 47 56 42 A3 2A DA D9 52 52 A9 25 41 5E AC A4 96 83 29 52 
[   67599] ch50 r0 a3: AA 5B 85 2A 14 0B 4A 56 AA 94 0E 95 2E 54 53 31 69 52 85 D2 55 79 82 A5 1A 6E DA 49 4A CD 4B 12 
[   67655] ch50 r0 a3: 05 15 72 68 4D 41 2A C6 25 45 AE 5A 56 90 C5 52 50 75 01 42 AA 54 A5 45 60 35 69 69 4A 82 59 D5 
[   67678] ch50 r0 a3: 01 0C F6 8D D6 5A C5 0C B5 B5 BB FB F9 F5 DF FB 7F BA FF BF 7D DF ED BE FD DE FE FF FB FB DB BE 
[   67696] ch50 r0 a3: 95 13 D5 2D 57 48 09 69 29 4A AD 34 B8 D2 52 A0 4A 58 A5 52 5A AC AD 55 69 5A B5 6A CA EA D7 A7 
[   67702] ch50 r0 a3: 0A 22 49 4B 22 98 A4 4C 76 1A 54 A6 A5 52 25 52 65 50 C5 14 B3 AA 85 66 24 9B A8 14 9B 52 24 57 
[   67738] ch50 r0 a3: 60 C2 C6 AA D4 36 CC DE 43 96 51 55 55 74 AB 1B 5A AB 64 BA 2D 30 A9 6D 6D AC DF 6A AF 55 6A AB 
[   67758] ch50 r0 a3: A1 8A 85 28 88 AC A4 A5 55 AA 6A 45 62 AC A5 2C 81 A1 51 95 95 49 2A 94 85 52 6B 55 49 04 2A AA 
[   67775] ch50 r0 a3: 24 B5 61 51 69 AA 37 2A EC 45 4D 4A 5A 08 59 9B 02 A7 23 1F 9B D1 5C DB 25 2A 33 9C AA AA 94 99 
[   67777] ch50 r0 a3: 08 98 2A 90 4A 2A 86 40 92 11 A5 D1 4A B4 95 09 89 55 6A 14 4E 39 09 46 D0 AA 08 90 A2 22 E2 B5 
[   67781] ch50 r0 a3: D6 12 14 69 E5 12 15 59 28 DD 2A 0C D2 C8 02 A6 AE 34 08 94 C7 24 2A F2 40 AA 22 53 8B 01 54 C2 
[   67814] ch50 r0 a3: 48 54 35 DD 12 91 65 57 CB BA D2 AA D9 6E D1 54 AA A5 54 AC D5 AD EA 4F A4 AD DD AD 6D AE A6 46 
[   67822] ch50 r0 a3: AE AA 53 AA 52 4D 51 47 B4 68 9A A5 4D 2E AC 92 6A 0A AA 6A 99 72 95 50 2A 21 CA DE 11 1B 52 9B 
[   67822] ch50 r0 a3: 4A 45 55 40 80 A4 49 0A 91 52 AB 95 AB 24 23 55 88 AA 22 3D A9 5E AA 13 90 A2 A8 4D 48 B5 2B 46 
[   67835] ch50 r0 a3: 90 54 9C 25 D7 8B D0 8A BF E7 4B AA DD B1 5A AD 6D 44 EC DA AA D2 B6 AE 95 8E A9 9D C5 DB 56 D5 
[   67867] ch50 r0 a3: C5 25 21 20 21 11 31 24 21 2D 20 A6 15 45 28 48 86 51 89 4A 51 14 88 4A D0 18 01 21 04 15 0A AD 
[   67876] ch50 r0 a3: 8A A8 5A D3 4D 6C 97 AB 57 69 5C EA 42 9D 6E 44 6E D3 D6 33 C5 DD EA 5A A5 65 4A 69 65 2D D9 9A 
[   67901] ch50 r0 a3: C7 31 35 20 A9 54 CC 0C 13 7B 9F DC 55 5D DA DF 5A 95 95 7A A9 55 9A F7 75 8C AE B2 C9 13 62 94 
[   67903] ch50 r0 a3: 90 44 AA 8C 71 5A 44 28 03 4D 29 52 20 0A 52 A1 61 42 51 21 39 12 A8 D1 15 14 48 18 55 25 15 11 
[   67944] ch50 r0 a3: 0D A2 A6 4A 0A 12 B3 32 B2 AA 97 75 AB BC 72 D9 75 D5 0D 25 DA DB 16 6A E2 FD 6C B5 6E F2 F0 BA 
[   67965] ch50 r0 a3: B0 4A 50 A9 3C 92 2A 6C 05 28 4A 15 45 0D 55 19 75 53 D4 B6 4A D5 75 4D 49 A6 D4 88 94 B6 B5 26 
[   67985] ch50 r0 a3: C6 19 AA 55 98 F6 8D 57 55 51 A5 11 8B E2 C1 53 97 2A B6 56 66 57 CB 44 80 50 B8 22 49 35 AA AA 
[   68121] ch50 r0 a3: 37 96 C4 1A 84 56 34 37 B5 22 35 EF 0E CA AC 4E D7 04 25 6B 14 55 5B 36 08 DD 80 54 B1 5A 94 6D 
[   68130] ch50 r0 a3: A9 10 54 AB 55 21 40 95 A2 50 52 D1 8D 48 48 A8 D2 A4 55 08 45 5A 22 A8 0A 15 A1 54 6A 51 AC 3B 
[   68147] ch50 r0 a3: 28 8C 55 AB 25 95 45 67 42 AB 3D 61 EA B9 65 4D 28 25 B8 6A 50 9A 16 AA CA A7 72 42 22 B2 A6 0C 
[   68175] ch50 r0 a3: 6D AE BA 6E ED DD 7B CD 57 4D AA B6 BD 5C D5 D3 5A EA AA A0 93 A5 2A 14 85 8B 44 10 A4 96 58 54 
[   68223] ch50 r0 a3: 09 52 8A 49 12 42 4A 98 1B 0C 2A 44 A5 26 50 72 95 50 B0 95 D5 52 A2 92 0B 20 2D 29 50 94 D5 26 
[   68233] ch50 r0 a3: 96 45 12 2D 10 50 A8 94 A4 09 1A 49 24 12 48 13 31 44 02 90 23 44 51 0A 55 D5 15 35 52 D9 2C 25 
[   68240] ch50 r0 a3: A2 AA D5 AA EC 8D 90 2B 4A A9 53 55 AB 04 2D 6D 55 A5 5B 19 50 6F C9 AA DB CA B7 B7 2C F9 72 F1 
[   68285] ch50 r0 a3: EF 6D 36 AA E4 AB 29 D5 5A 9D D4 D6 63 74 A1 55 3D 7B 6B BD 3A AA 9E B4 EB 5A A7 58 EA B5 5C 8C 
[   68296] ch50 r0 a3: 2A 03 6A 12 A1 A6 A9 A7 2A B7 34 BD B2 96 9A CA D7 53 56 D5 49 5A EB 45 55 5A 36 D4 BD 55 AC 54 
[   68298] ch50 r0 a3: 0A 0A 8A 15 6A 18 30 45 22 54 A5 01 37 43 46 D6 C8 D2 4D D3 F5 6A 8C 54 8C 65 A5 68 D5 26 26 C2 
[   68311] ch50 r0 a3: 0D 22 A8 12 AB 45 21 0A 6C 15 22 C1 45 28 88 49 54 56 9B 65 95 54 DE 59 B2 84 FA DB 7A C8 D5 53 
[   68326] ch50 r0 a3: B6 A5 74 B5 08 99 8D 4E A5 0C B5 6C AD 37 E4 94 B4 B2 1B 52 4B 0A 96 E7 68 75 32 A4 B3 54 AD 44 
[   68353] ch50 r0 a3: B7 F2 B3 D7 3F A5 86 B1 DB 76 E6 B0 14 A9 A5 A5 59 69 55 55 5D 6C DA A6 BC 64 9D 2B 3A 2B 28 D4 
[   68429] ch50 r0 a3: AA 92 4A C9 0A 4A 63 4B 24 9A 4A D6 AA ED 44 B4 23 52 86 C2 0C A1 31 30 BC 30 D8 8F 5E BA 72 8B 
[   68482] ch50 r0 a3: 4A 22 92 14 54 03 19 00 0A 8A 03 0B 25 0E D2 02 EC DF 59 2A 9B AF 86 EB 1B CE DB 8E 6D AE 2E 2B 
[   68538] ch50 r0 a3: B6 54 2E C4 12 A3 36 AA A9 0F 54 AA BF DB FD 6D DF B5 DA B4 FF FF 83 5E C5 BD 63 6A 6F 77 B5 FB 
[   68541] ch50 r0 a3: C2 AA 45 5B 6C A6 D2 3B AA 6C B3 ED 57 5A DB 6F EA 6D 6A 8C D0 D5 9F A5 2E 37 F4 AD AD DA 95 AB 
[   68542] ch50 r0 a3: 8B 40 A3 E0 5E 34 75 B7 F2 AB D5 AA D5 B5 58 2A BE 52 89 55 4C 95 0A 8E 8A DD 55 2A A6 49 4A 35 
[   68596] ch50 r0 a3: 30 82 83 28 95 75 6A D6 AB 6B BB 56 B6 B5 8A D6 FB 6D AB 57 B3 7B 55 56 B5 F5 7D 16 AB 6F 45 52 
[   68603] ch50 r0 a3: C5 09 AA 10 22 82 91 25 44 5A 54 A8 35 41 50 93 29 51 16 15 24 52 90 2A CA A2 A5 26 96 4C B8 AD 
[   68625] ch50 r0 a3: 9A 44 AD 01 72 19 95 37 52 54 AA A5 A5 5D B3 2B 2A A4 46 6A DE FC 01 A6 A1 55 B2 B1 5A B5 73 76 
[   68629] ch50 r0 a3: B2 A5 6A A4 55 45 16 01 2E 92 55 45 52 F2 99 5A D2 A1 5A AA 64 4E D0 A5 4A 54 FA A1 04 09 18 81 
[   68735] ch50 r0 a3: B6 6B BE D5 A0 D1 56 22 57 5D 4A 3A AA A9 AD 4A EA 25 70 AA B5 69 B6 5C 4D 15 A5 AA B6 46 96 C5 
[   68739] ch50 r0 a3: C1 0D 8C 54 A8 10 56 55 4A BA AA D3 42 43 2A A5 35 55 51 9D 49 40 54 6D 40 2B 71 BA DC A5 2B 15 
[   68810] ch50 r0 a3: 6A 14 75 1A D5 13 24 C8 95 95 28 32 85 B3 44 E5 49 2A 3D 22 84 82 24 69 04 A5 23 AD 01 60 FE EC 
[   68880] ch50 r0 a3: 22 52 2B 31 22 8A 91 29 4A A9 A5 55 C4 E5 CA AD 5A DD 53 54 A3 43 57 68 95 B5 53 61 59 D0 E5 EC 
[   68908] ch50 r0 a3: 94 10 12 C2 A2 B4 A0 A9 89 54 85 A0 50 09 30 8A 90 A5 23 48 24 82 54 53 44 48 B5 42 42 21 88 4A 
[   68909] ch50 r0 a3: AA 50 DA B2 8D 28 56 B1 0A 22 B6 28 6A 8E 48 B2 52 50 54 5A 46 48 D5 64 02 50 17 D5 20 54 AA AD 
[   68972] ch50 r0 a3: 21 09 8A 81 0A 08 02 12 92 0B 21 20 89 00 00 94 52 41 04 54 12 84 12 14 80 12 80 91 2B 6B 57 55 
[   69005] ch50 r0 a3: 40 89 02 AA D9 42 AB 65 42 C1 41 54 2C 3D 27 96 08 BB 14 00 00 00 00 00 00 00 95 96 AA B6 D5 D5 
[   69007] ch50 r0 a3: 08 A0 00 21 4A 65 55 4B 36 B1 24 AA 55 55 56 21 56 AC 56 DD 57 5A 95 55 AB 29 46 AC D9 55 CA D1 
[   69025] ch50 r0 a3: AA 16 80 91 91 6A 68 95 41 48 2A 30 30 4D 2A 25 13 82 40 20 69 49 51 2A 9A 24 AA 65 44 8B 02 10 
[   69068] ch50 r0 a3: A0 AA 55 08 49 25 24 55 28 A8 A5 05 5F 42 E1 2F 51 F6 74 7E 4F 10 FD 7A 29 1E 55 F4 A6 0B 06 2E 
[   69125] ch50 r0 a3: A5 11 91 96 CC 85 52 4A AA 55 E5 9C A2 94 AA AE 80 A6 A8 94 D4 A6 93 A4 49 2A BC A9 50 8C 62 6D 
[   69140] ch50 r0 a3: 0A 84 64 12 AF 5A 7A DB A4 5D 6D B5 55 59 AA AD AB 5D 5D 16 E5 2A AA 2A 81 09 56 12 29 42 3A 92 
[   69151] ch50 r0 a3: 24 31 A2 D1 72 A9 2F 44 28 5A 94 96 69 A9 50 02 3B 18 E5 09 0A 52 25 69 25 42 AA AA AD 6D 58 A9 
[   69171] ch50 r0 a3: C9 13 04 0A A2 94 92 13 C5 55 57 96 4A B1 4D 68 DA D2 B2 9A D1 41 6A 2A EB 54 B4 F3 71 46 AE EC 
[   69185] ch50 r0 a3: 49 20 88 88 11 15 04 04 29 48 96 0A D6 D3 D6 AF 64 49 6B 55 4A A4 2D 24 2C A9 EA 6A DD 59 34 90 
[   69205] ch50 r0 a3: A2 AA 62 0C D6 D4 40 0A 55 55 24 4D 94 8C A2 E5 04 95 1A 00 40 41 54 C3 A1 2A 85 02 14 C3 87 B4 
[   69270] ch50 r0 a3: 96 31 51 54 B4 B2 2A 41 AD 20 BA 28 D3 22 8D D1 11 08 86 64 B4 A9 2A 4C 2A AB 6A 8A A9 55 C8 58 
[   69276] ch50 r0 a3: A7 A5 AA DB 72 9D AB 7B 5A AA D9 2E BC D1 69 F4 A7 4D 41 5A 57 D1 55 5C 32 AA 4A 95 69 48 8A 14 
[   69315] ch50 r0 a3: 52 54 F4 3A B2 E6 86 93 A8 B0 41 B5 08 C0 3C 41 49 83 96 AD ED 2C 1C E4 E4 C0 51 11 BD A3 64 55 
[   69398] ch50 r0 a3: 92 51 6A A0 AC A2 8D 35 B2 4B 56 A0 89 0A CA 12 85 24 A6 04 80 92 84 84 4A D4 25 28 84 25 48 AA 
[   69444] ch50 r0 a3: 95 17 0D AA AD 59 D2 AA 21 40 8A 65 25 12 50 02 AC 62 95 48 48 41 02 94 7A 97 4A 92 91 54 A7 0C 
[   69462] ch50 r0 a3: 54 05 2A 24 A4 90 A4 82 23 54 50 AA A7 AB 6B 56 ED 6A B3 65 AB AD 34 D5 A8 B5 D9 2B 6B 76 54 96 
[   69474] ch50 r0 a3: 55 42 AC 83 A2 06 54 21 20 84 D2 0D 0D 42 84 92 35 66 CA 91 28 C0 A2 0D 21 49 0F 31 40 86 84 77 
[   69476] ch50 r0 a3: 27 04 59 15 68 95 1C D2 AA D2 4D 28 28 85 55 AA 3A F5 89 64 D5 2D 15 8A 69 72 19 2E A8 45 91 59 
[   69476] ch50 r0 a3: 29 24 4A 92 32 45 A0 A4 A1 6C 85 5A A5 02 35 25 4B D0 45 44 12 88 91 52 A9 42 4C A5 B9 20 84 B4 
[   69524] ch50 r0 a3: 9B 25 54 2C 4A 04 2A A4 34 AA 50 49 2A 84 AA C9 19 4A 27 6A 01 02 AA 42 90 60 8D 68 09 82 95 A8 
[   69602] ch50 r0 a3: A4 B5 57 9D 28 01 51 41 40 AA 18 BA 6A A5 3A B2 8B 49 49 1D D5 33 2C 94 55 AA AA AA B5 85 AA B2 
[   69620] ch50 r0 a3: 15 0D 80 56 8B A0 88 95 AB 2C DB 2D F5 AA DA AB 75 AE AD E5 4D 59 4C 66 82 B5 58 B9 BA 54 EE 86 
[   69628] ch50 r0 a3: 51 17 5A F0 4A 42 06 8E 96 2A D0 AA A2 62 62 EA 40 8E 65 13 09 AA E8 CE 48 56 94 A0 82 8E AD 14 
[   69641] ch50 r0 a3: 00 02 44 56 61 45 51 6E DF C7 35 45 A2 37 57 5B 6D 4A 57 DA B5 53 6A 98 3F 0C A2 C9 02 24 02 BC 
[   69676] ch50 r0 a3: 50 24 A5 95 2A 5A 56 AA CD A9 57 54 CC 88 A8 A9 55 16 20 95 44 B7 10 14 A5 5B C8 54 57 6B 79 62 
[   69679] ch50 r0 a3: 9F 2D 1C 46 4D 3C 3D 48 85 51 52 3D 22 C8 B2 8A A2 A0 83 1D 56 4D 46 6A 85 5A D2 8D 69 43 A5 94 
[   69726] ch50 r0 a3: 45 49 54 28 A8 26 AC 94 AA B3 99 14 79 29 DE AB 2E EA C8 55 2A 2E E6 89 5C 36 B5 48 A8 6B 96 38 
[   69743] ch50 r0 a3: 72 6E 87 B7 32 ED 55 6A AC 9B 69 56 F2 E4 59 B4 95 6D 77 92 62 8B 59 C2 B5 50 A4 B1 47 6E B3 56 
[   69787] ch50 r0 a3: 2C B4 89 14 2B 41 0A 82 88 8B 15 14 8A 05 2A A2 8B 2A C0 B5 AA 8B 64 A9 55 42 90 A4 2B 29 41 22 
[   69818] ch50 r0 a3: A9 69 4F 4B 35 29 15 CA 94 AA A2 9D 76 A6 2E 93 69 AA B5 16 6C BC 55 5E D6 AA AD D7 57 59 35 E6 
[   69820] ch50 r0 a3: A8 40 21 10 8C 8A 20 55 C4 81 21 04 71 45 90 09 01 2A 88 B5 64 AA AC 99 DA A4 8A 8A 4B 56 52 92 
[   69858] ch50 r0 a3: EE 4D B7 4A DA 7D B6 DF DA AF 54 B2 B4 AB AC EA D9 F6 EB 57 B4 6B 15 DC B6 EA AA BB 52 A5 AA 93 
[   69907] ch50 r0 a3: 82 2A 44 A0 AD 53 53 DA D3 2D 92 95 4A D6 85 5B 99 56 D5 E5 2D EE 54 8A AC 04 15 39 68 AB 65 9D 
[   69922] ch50 r0 a3: 00 02 50 22 A9 12 A6 82 AD 12 50 1C 12 54 85 12 48 AE 89 44 AA 4F 41 59 69 5A 65 55 14 65 AB DD 
[   69969] ch50 r0 a3: 95 54 4A 42 A5 4D B7 7A 4D E4 DA D3 5B 33 F9 7D AA A5 AA A9 E4 A0 E1 EA A6 2E 55 25 55 05 43 55 
[   69992] ch50 r0 a3: 80 57 4D BA B6 B5 D7 F6 AB 66 E6 4B 6A D5 1B 44 A8 AE 9C 93 33 47 5A 75 4D 52 91 CD 52 8B 7C A9 
[   69998] ch50 r0 a3: B1 05 36 DE CD 55 4C A4 DB 35 AA 5A A5 56 4D 15 04 E5 86 9B 3B 68 6B 6B E9 42 E9 25 91 63 1A 45 
[   70093] ch50 r0 a3: E9 5D 08 AC 80 29 96 61 50 D4 52 8A E9 45 2C A8 48 46 15 A6 C6 6A 55 55 D3 09 56 D3 4D AA B1 22 
[   70150] ch50 r0 a3: 68 84 B6 32 A5 55 47 52 4A B8 B3 52 AA 32 53 A6 9A 99 39 B2 6A E9 AB 4B 4A AA 96 35 52 4A A2 C3 
[   70184] ch50 r0 a3: C8 B6 26 A6 56 A3 1B 36 B2 28 13 D6 55 0A 40 82 F5 4B 25 64 26 59 0A 5B 01 4A D2 26 AD AB 1D 53 
[   70199] ch50 r0 a3: 21 10 8A 08 42 48 50 12 45 68 12 02 35 A5 EE D6 AA AA D5 69 7E E2 98 BA 6E A8 BA AA AA A9 AD 25 
[   70212] ch50 r0 a3: 98 55 09 28 20 44 E6 61 50 19 69 2E 2B 00 4C 93 02 8A A1 16 09 15 44 0A 99 A8 84 48 A1 59 92 11 
[   70250] ch50 r0 a3: A1 4C 29 18 82 A4 99 00 00 00 40 04 00 00 00 2A D4 0A 81 C3 25 45 09 AA A0 F9 16 6D 96 A5 0B 6A 
[   70251] ch50 r0 a3: 94 C2 08 99 22 0A 0C 0A 2A C8 48 A9 24 AE D9 30 10 24 5A 10 99 42 28 28 86 4A 1A A2 AA A6 ED 6D 
[   70266] ch50 r0 a3: F2 65 76 93 54 B5 3C BD 96 B7 51 25 DB 55 26 4A A9 93 54 D4 E9 55 96 AD 92 4D AD A9 95 51 8A 62 
[   70273] ch50 r0 a3: 55 AD 65 54 54 49 72 14 08 58 54 B2 4A CA 93 95 C2 AE E4 08 8C 41 B5 64 B9 32 28 50 61 29 69 5C 
[   70290] ch50 r0 a3: 42 58 29 11 44 91 28 24 95 59 E4 9B AE B6 CA BB 4D 6A 5A AA AA D5 55 4B 22 A7 2E AA B2 D6 A9 A5 
[   70310] ch50 r0 a3: 19 91 A9 55 52 A6 53 25 52 29 09 55 2C 51 2A 85 57 52 A9 53 95 56 14 54 AD 52 11 48 AA 54 12 0A 
[   70421] ch50 r0 a3: 90 2A 55 55 44 31 CA 8B A9 ED 98 15 56 F3 94 EE D5 A6 EB B4 4B 23 52 A2 69 94 2E AB 4A FA D2 D3 
[   70446] ch50 r0 a3: AB 5A 25 AB 9A C4 10 DE D2 1A 9A 75 AA 95 53 58 D6 AA B5 6F 45 2A B2 57 6C A5 24 6A D6 AB 9A CD 
[   70454] ch50 r0 a3: 6A B0 76 0A E0 B5 46 89 D0 99 54 2A 89 28 4D 75 57 51 78 D4 89 A9 2C A5 22 91 32 90 93 07 C9 6A 
[   70473] ch50 r0 a3: 59 52 D6 AD D5 4D A2 54 B9 8A AA 35 55 4A 65 52 A2 81 E1 32 90 C2 EA 32 2D 6A 55 A9 85 52 29 4C 
[   70474] ch50 r0 a3: A4 85 0A 88 A4 95 A5 2A A5 45 6A 57 25 49 35 4A AA 4A 90 DC 91 BA 85 15 46 52 CD 20 88 67 34 56 
[   70498] ch50 r0 a3: 22 D0 A2 CA 28 2C 49 02 A9 26 80 20 12 50 A0 58 09 51 62 22 A1 BA 4C 50 45 08 16 54 8E 81 40 D5 
[   70512] ch50 r0 a3: 56 98 A8 30 A5 09 22 AB AA 91 55 A2 53 35 16 4A 85 A5 48 9B CD 32 B2 CA D5 5A B5 55 95 69 31 45 
[   70536] ch50 r0 a3: 42 34 10 90 92 2A AA 44 58 40 25 05 5A 4A 94 15 53 09 5A 50 23 A1 14 19 04 81 50 0A 40 02 52 29 
[   70543] ch50 r0 a3: 96 4A 99 B5 28 A2 42 13 29 AD 56 91 51 A2 4C 58 D3 54 A9 84 92 51 5A C9 55 09 2A 32 A5 54 A1 32 
[   70620] ch50 r0 a3: 66 80 AE 48 AC 74 AA 52 A5 C6 25 37 08 47 6D 56 54 22 AA 79 54 91 95 BA F2 A0 A4 15 54 44 AC 90 
[   70626] ch50 r0 a3: A4 A9 55 2B 54 AB 55 11 55 21 9A 4A 56 A5 BA 5B CC AD 5A 69 AD 5B AD 56 AD 69 1D 2A AB 15 AB 44 
[   70635] ch50 r0 a3: 97 0A AA A4 D2 49 6A B0 49 72 CE E4 89 16 AA 9A 52 94 63 6D B9 4C CC 8A 57 52 2D 6B 60 8A F4 54 
[   70686] ch50 r0 a3: 4A 91 30 C4 89 10 2A 89 08 94 01 94 25 56 14 51 05 35 39 02 13 14 44 84 29 48 95 D1 29 11 55 50 
[   70739] ch50 r0 a3: 25 2B 4C 5A 9E D9 0A 94 A0 B5 5A 2A 31 69 54 91 49 2A 9A 74 44 C2 98 6B 75 A1 2D 8D 24 EB 18 69 
[   70777] ch50 r0 a3: 55 A9 44 62 40 08 41 02 00 28 A6 61 51 4A 0D 6B 4B AE 9A AA 69 23 18 6A 44 8B 95 5A 45 6C 53 35 
[   70779] ch50 r0 a3: FF 36 D6 AD 57 AD BE F5 B1 55 6E 6D EA 6F AA D6 D3 52 EB 91 8A 5D 25 C7 6D 94 D6 D4 2B 9A D7 76 
[   70817] ch50 r0 a3: 94 92 AD 2E A9 6C 56 6C 5A B5 55 2A B4 AB 59 2A 5C 56 AF 4B 54 AA AD 05 66 AB 9B 10 83 44 45 41 
[   70822] ch50 r0 a3: 96 86 85 92 55 26 AE 50 8D 62 31 B1 41 6C 6E D9 AE 95 12 94 A9 18 88 55 5A 92 E7 9C 53 56 54 AD 
[   70841] ch50 r0 a3: 75 D4 0A AD 58 AA 93 B2 A4 5D 8B 6B 60 4A B5 22 49 15 57 5D 04 08 AD 24 0B 56 6B 55 4E C9 E4 5A 
[   70884] ch50 r0 a3: D5 2E D5 34 99 5A A8 54 C2 F4 B5 49 84 85 88 91 28 61 43 22 D6 A2 62 C1 B5 24 84 42 54 5A 48 9A 
[   70897] ch50 r0 a3: A6 A3 51 24 9A A2 42 B1 54 E4 62 B2 65 52 94 E9 35 A2 4A 29 5B 25 4A A9 43 11 19 29 1A A8 B2 10 
[   70952] ch50 r0 a3: 28 A8 80 35 38 69 48 B4 A4 4E 1F A6 29 40 80 11 16 5A 84 2A 6A E9 B1 23 0A 81 52 07 A5 98 76 0D 
[   70984] ch50 r0 a3: 19 4C BA 81 41 14 AA 52 14 5B 43 16 BA B6 AA 8D 6B AB 0B 5B 5D 15 6B 68 A5 A9 49 6F 65 26 BB CB 
[   70987] ch50 r0 a3: BA 9A B5 B1 AD 12 8A A4 2A AB AA AB 3B 59 2B 4A A5 4B 56 A8 09 6D C3 6A 99 85 4A D1 C8 91 55 6A 
[   70989] ch50 r0 a3: A3 02 92 A9 91 2A 55 A0 05 48 B6 2A 75 AA 55 6A A9 54 65 9E 98 A9 51 4B 1D 56 B7 65 A5 99 5B 52 
[   71024] ch50 r0 a3: 9C 8C 32 AB 54 8A 6C 55 EF 92 B1 9A 36 A5 55 55 69 56 D2 A9 90 B9 76 AB A5 55 B4 4E AB 22 6E D6 
[   71033] ch50 r0 a3: 48 88 AC 82 AC AD 96 57 69 60 9A D5 29 AD CA B1 46 B9 2E 67 71 CA 8D 62 54 B5 46 D8 3A 55 71 59 
[   71043] ch50 r0 a3: A9 D1 56 D6 5A 16 AD 85 D5 58 92 AD 75 9A AA A9 46 4E A9 54 10 D3 A8 A8 92 94 2A 4A 94 1A C0 18 
[   71091] ch50 r0 a3: AC 95 16 CC 66 A4 09 9D 54 47 55 AA A3 2A 5A AA A2 69 56 4A 14 45 28 AA 45 45 41 43 2A B2 95 48 
[   71095] ch50 r0 a3: 05 45 21 86 82 40 85 0A 31 45 02 95 48 92 B4 92 A2 81 69 4D 04 96 B8 45 2A 22 9D AE 46 12 BD 5A 
[   71141] ch50 r0 a3: 90 AD B5 6A B3 6B 1A 0A 8A 04 55 15 35 B5 46 4A 2B 06 81 65 45 94 92 0B 52 6A 64 D4 3A 41 2E 4A 
[   71156] ch50 r0 a3: 4A B0 B4 26 44 4C 90 43 B4 28 D4 08 B3 4D 34 AD 32 04 C9 55 55 19 28 5F 1A D5 35 A2 AD 65 BA F9 
[   71173] ch50 r0 a3: C5 58 29 00 95 21 2A AE 17 3A 7A A1 74 DA AA 5C 21 C8 D5 36 6A 8D 51 45 25 49 55 D5 49 4A 2D AD 
[   71176] ch50 r0 a3: 28 12 15 B2 44 A2 68 AA 96 43 52 2F AD 48 82 B5 35 55 52 A0 D5 03 15 28 A0 96 49 4D 25 2A AA AD 
[   71227] ch50 r0 a3: 80 44 08 92 4A 69 6A D5 2C B2 85 52 95 55 34 F9 2B 27 31 43 AC 6A 9A BA 62 A8 31 B4 9D 0B 45 0A 
[   71253] ch50 r0 a3: A2 59 25 48 33 4B 22 94 2A 81 0D 26 54 F7 14 A2 AA 9B F5 35 B9 58 45 5A AE 5D 5B 7B 56 8D 7F CA 
[   71254] ch50 r0 a3: 8D C4 50 15 6A 94 40 A8 55 54 87 49 A4 56 AF 55 7D 77 B7 46 CB B6 88 A5 D5 56 4D B2 D6 54 81 12 
[   71292] ch50 r0 a3: 01 4A A4 94 4A B4 D4 A2 6B 4A 44 B0 84 9D 89 0B 96 D1 4C 56 4C 12 95 31 22 88 D5 AA D2 4A 20 14 
[   71318] ch50 r0 a3: CD 51 25 64 D4 65 17 94 95 17 62 4F 59 58 0D 0C B5 94 1A 63 28 84 11 82 06 65 44 2C 50 00 6B 44 
[   71324] ch50 r0 a3: E0 74 AD 1A 95 B4 92 92 8F ED AD 5A B5 12 AB 84 A8 DE A9 58 DB 6E 29 AB 16 3A 6A AC 6B 17 3C FE 
[   71393] ch50 r0 a3: 55 4A 2A 81 57 21 28 D1 48 89 99 A4 DD A8 1A 91 55 44 A5 55 0D 2E AA 50 D7 92 8D 2E A9 7A A9 8B 
[   71406] ch50 r0 a3: 01 64 A4 15 62 45 21 49 45 52 72 95 01 AA AA E0 2A CA A5 48 0A 97 35 0D 52 DC 52 66 AD 2D 63 4C 
[   71415] ch50 r0 a3: CE 99 92 F8 AE 29 AA B8 AC 2D B1 9D AF ED 54 F3 6D 29 54 BF B9 BF 7A AD BD FD FA BB A5 77 BD F2 
[   71419] ch50 r0 a3: 14 A7 52 52 25 5C 94 CA 54 2C 61 36 29 22 54 4A 25 4A 52 0A D0 CA 0A 44 A1 2D 55 4A C4 55 92 55 
[   71453] ch50 r0 a3: A5 14 58 16 66 A8 2A BE 57 7D 2B 78 B9 B6 D5 35 DF CD BF EA AA ED 55 2E A0 C5 48 62 34 A5 74 8B 
[   71458] ch50 r0 a3: A1 28 8A 92 54 D2 98 31 42 C0 94 88 D3 08 48 D5 55 20 84 30 22 25 88 40 9C 2C 98 84 89 0A AE 9D 
[   71462] ch50 r0 a3: 96 A6 28 A6 0C 4A 28 4E 88 4F 33 43 DA A6 D2 7E 94 81 B4 8D EE B0 AB 69 52 D5 F6 D9 73 6D 5D 56 
[   71543] ch50 r0 a3: AC 2D 52 94 6D 68 02 6C 45 B1 42 93 29 4A A6 31 10 8A 52 0A A5 5E 70 A5 0E 11 2D 55 64 A2 BD 2D 
[   71566] ch50 r0 a3: B0 42 81 16 51 06 EB 60 61 53 8B E1 B2 99 02 96 AE AD 4A 95 6F 55 48 37 26 B7 42 AA B3 59 5A 5C 
[   71609] ch50 r0 a3: A5 6D 58 A2 5A 81 54 D4 8A B2 57 30 4A 91 68 6E CB E6 A2 30 1A A2 95 56 4D AA 09 6B A5 EA 74 15 
[   71624] ch50 r0 a3: 1A AB AA 42 6A 2B 32 6A 54 A0 A2 44 A2 69 2B 6D 50 56 E6 2B 4D 44 E9 7D 14 F6 3D D3 96 D6 D2 F4 
[   71632] ch50 r0 a3: 46 92 14 D6 28 28 84 44 05 52 A4 84 29 53 25 55 41 CD AC 01 11 29 56 50 2A 54 41 4B 50 AE 91 AA 
[   71643] ch50 r0 a3: E8 51 A9 49 53 41 4F 12 2D 1A 09 76 9A 8A A9 A0 D5 50 EB F7 96 BE EA 64 A5 91 18 82 54 44 12 A4 
[   71648] ch50 r0 a3: C8 AA 53 11 08 49 30 94 14 2A 91 27 92 4A 8D 92 9D 57 44 29 24 D0 C6 91 8A 11 29 32 40 29 15 78 
[   71662] ch50 r0 a3: 08 00 10 05 00 80 0A A5 02 44 65 45 29 26 49 20 0B 4A E4 83 22 86 A0 08 00 00 02 00 00 10 00 00 
[   71767] ch50 r0 a3: A0 C2 16 0A 2C 44 A4 52 CA EF E5 B6 FB EC EF FB 75 76 3E E3 DD D7 35 1C AD 66 DD 7F DB 9C C7 D8 
[   71775] ch50 r0 a3: 49 24 11 16 A5 2B A1 37 ED DB 7D 1D 74 EE B6 F7 2D 47 57 8D AC 65 2F 54 16 B9 18 07 88 69 B2 48 
[   71847] ch50 r0 a3: A9 43 EB 60 A9 54 AA CB 10 B6 9A D5 AD 26 A9 95 55 57 5C 15 6F 3A 54 B2 8A 71 91 12 B1 1A A1 24 
[   71849] ch50 r0 a3: E2 94 94 58 4A A9 55 92 D5 42 6A 2B 52 AB 92 95 0D 24 B5 44 95 A1 55 5A B5 56 AD 2A D6 DC 16 A8 
[   71853] ch50 r0 a3: 96 B5 9D 40 2A 50 A0 49 64 8A 10 96 AD 4B 25 42 15 20 81 04 AD 2D 55 48 16 50 2A 39 B2 D3 53 6D 
[   71860] ch50 r0 a3: A2 34 AA 12 02 A9 25 4B B5 53 4F 17 E9 9A D6 D6 DA 95 35 55 53 6B A9 6A 6C 8A D5 C6 AC 9A AA CD 
[   71902] ch50 r0 a3: A5 02 51 14 C8 41 01 64 95 4A 55 46 28 29 62 A6 AA DA 25 56 E9 22 55 5B 78 94 BA 54 64 C4 56 6A 
[   71916] ch50 r0 a3: C8 03 0C 8D 67 01 05 08 4B 62 35 81 2A 93 A9 0E D3 19 5A 03 09 92 11 B6 84 94 A5 5A E9 AA EA DA 
[   71924] ch50 r0 a3: BC 25 00 8A 20 22 05 52 35 4A 0A C2 60 68 12 51 04 00 92 21 23 4A 52 48 88 01 14 52 10 40 90 45 
[   71937] ch50 r0 a3: 25 4A 9D 2A DA 35 52 BA D2 9B E2 46 E2 F0 E7 B6 5A 95 72 75 6B D7 9E 95 44 58 99 5F 6A 2D B4 8B 
[   71958] ch50 r0 a3: 96 85 95 54 99 34 9A 22 A0 86 95 54 52 E4 51 1C 6B A6 C4 09 2A 5E 9E C9 58 7C A4 02 08 0A 29 12 
[   71961] ch50 r0 a3: 84 A8 AA 89 E5 51 95 08 A1 6A 92 85 6B 80 D5 1D 36 09 49 55 B4 B5 5A 81 D9 40 0A 40 84 41 11 C6 
[   71970] ch50 r0 a3: AA 47 30 6A 89 1A 05 24 D4 48 D6 0A 65 24 B4 AC 74 A5 C2 AD 35 05 24 04 25 A5 21 D7 D6 77 B9 EA 
[   72105] ch50 r0 a3: 27 54 84 42 A6 60 96 50 C9 A7 14 95 A8 65 D4 52 E0 D1 15 5A AD 53 45 45 8A 24 99 02 D1 A1 25 29 
[   72118] ch50 r0 a3: 90 4A A5 24 6A B5 6C 82 B1 44 42 B0 4D 24 A0 B8 EA A8 84 94 84 6A 4C 42 B8 5A 89 08 40 13 22 AA 
[   72135] ch50 r0 a3: A8 AA 95 16 AA 96 9E EA F3 99 0D 56 BB 53 93 56 DA A6 AD FA AD 0A AA 95 49 52 94 95 54 A9 24 84 
[   72139] ch50 r0 a3: 7D 08 08 8A 6E A8 5A 88 45 52 82 52 13 22 99 03 B0 66 CB 2C 55 55 2A 25 67 AC D2 B3 57 55 68 44 
[   72264] ch50 r0 a3: A7 50 B1 01 0A 55 06 CD 00 99 25 49 18 02 55 22 0A 05 55 00 9E 92 81 40 05 10 48 90 22 65 02 51 
[   72279] ch50 r0 a3: 85 14 28 C2 49 22 08 28 84 A5 53 5A 86 AA D2 EA C8 59 54 6A 87 A4 5E 16 9B EB 56 B1 2F 28 BC EA 
[   72283] ch50 r0 a3: 11 30 40 20 26 A6 12 A1 55 B2 29 46 E2 2F 2A 88 22 02 EB 60 CD 0B 6B 4A E1 AB 49 EA B3 53 4A 8D 
[   72343] ch50 r0 a3: 04 84 88 8A 04 84 81 7E AD EE 2D DD BB BE AF 6F 7A F5 BE BB B6 F6 DF DC EB 5A D5 F5 E5 FD B5 B2 
[   72403] ch50 r0 a3: 6A A2 29 59 89 34 40 68 96 50 93 22 41 50 A2 14 C2 34 22 02 20 72 E1 69 75 5A 97 64 F4 CB 55 5E 
[   72524] ch50 r0 a3: 81 25 16 24 94 A5 31 69 65 6A A0 55 44 42 90 C5 20 56 04 25 82 04 8A C9 12 88 40 85 46 21 59 51 
[   72544] ch50 r0 a3: 8A 69 B2 D5 86 2A 8B A8 30 B8 65 5A B4 DC 58 94 9E D5 EE EA DB 49 1E EB 7B 75 EA BA AE 95 6B AC 
[   72568] ch50 r0 a3: 57 2A 44 49 15 69 2A A5 D4 15 58 92 AB 55 64 AA A4 54 9D 55 52 65 22 D1 54 16 AF DD AB 28 D3 AA 
[   72577] ch50 r0 a3: 40 0A 2A 44 12 52 A3 15 1A A6 DA A5 8A B5 58 94 22 AA 51 6D AE 95 A8 C6 B5 55 2D 0F A7 35 20 B4 
[   72592] ch50 r0 a3: 00 01 2A 91 55 D4 CD A1 15 C5 0D 82 45 56 D4 5A 2E AA BC 67 0D 9A DB 58 A4 29 15 25 AD 56 8A 5A 
[   72645] ch50 r0 a3: AA 14 24 64 40 06 12 10 45 BA A6 89 36 15 AA 4A 93 2D AD 94 94 74 4F DD 4A 96 82 92 29 40 A5 51 
[   72687] ch50 r0 a3: 4D 51 1A 14 52 15 54 A6 75 19 35 29 7A 2C 95 6A 4B 20 53 77 AB 55 2B AC 54 97 75 C8 A2 71 AF 45 
[   72691] ch50 r0 a3: 16 D6 B4 14 4E AE 29 56 4A 11 AA 2C 85 4A D3 CF D5 CA BA EB 6A AF 28 8A D5 AD 7B AB 6E EE DA E9 
[   72709] ch50 r0 a3: 21 4A 26 A4 AE 48 4A A5 2A D1 89 42 58 A2 B9 05 68 4A AB 25 A8 4B 0E 79 24 D5 6A 55 4E 7B 96 4A 
[   72745] ch50 r0 a3: 64 68 28 5A D4 90 2A 32 2A 99 F5 ED 7D 01 43 16 AA 95 3A A4 55 A8 2B 4C 5F 96 9D 7B 6A 15 72 6D 
[   72746] ch50 r0 a3: 6C 6A 75 6D 5E A6 AD 4E 9D 42 94 D2 AD 16 0A 21 6B 35 12 57 99 8D 9D 77 E1 58 FB 77 43 5D 40 EB 
[   72787] ch50 r0 a3: E4 5A 89 A1 EA 43 F9 25 13 6F 54 32 A9 6A D5 03 4D 2A 53 E9 6A AA C4 A2 C3 07 6C 51 12 64 A4 43 
[   72788] ch50 r0 a3: AA 48 08 24 A6 48 C4 D4 A1 42 2D 95 54 11 0C 82 C2 81 15 0A 74 55 28 95 68 00 A9 2D 29 13 50 D1 
[   72794] ch50 r0 a3: D4 56 04 52 00 01 24 24 90 08 B1 E7 90 6B 76 D5 BA DA B4 B6 D5 5D 5A 97 4A CA 43 47 57 5A 96 6A 
[   72847] ch50 r0 a3: 00 80 C4 40 10 08 4A 80 00 8A 24 24 4A 35 00 94 20 84 8A 06 0A A0 05 4C 40 9A 41 12 28 14 A0 58 
[   72957] ch50 r0 a3: 2A 75 82 1A 56 8A 69 11 4B 09 15 15 54 44 A5 50 DA 76 49 51 49 A2 A1 10 43 22 CB 42 B5 95 96 D5 
[   73000] ch50 r0 a3: 61 12 0C 12 A1 A1 54 52 2B A4 A2 A3 6B B2 BF 62 AA A8 AF 76 A3 AA AA AB 56 24 B9 B8 AA AA 94 CA 
[   73065] ch50 r0 a3: A0 56 AA AC A2 2A 55 5A A8 34 16 02 8D 29 91 13 8C 50 40 22 69 54 2A A3 6D 49 54 EA 12 DC C5 25 
[   73091] ch50 r0 a3: 90 12 13 94 5A 94 18 4A 10 91 13 64 58 81 34 20 91 63 10 20 D0 95 01 4E 24 49 D4 15 24 82 81 95 
[   73097] ch50 r0 a3: AA 52 51 28 B2 14 A5 74 64 AA 0A AD 15 4F 89 4D 89 8C 54 A2 F0 08 9A A5 2D 27 62 DE 4C C2 9A 82 
[   73118] ch50 r0 a3: 09 12 55 2C 90 96 9E B6 12 F5 40 54 56 9B 94 AF 74 D0 F6 4F 3D D1 76 E7 59 7E 5D B3 A8 BA DA F7 
[   73141] ch50 r0 a3: 68 94 4A F5 92 AA 52 B9 2D B9 AA D2 2F 52 93 59 B4 45 0D D5 52 35 28 B5 5A F5 D3 55 EF DD 54 A9 
[   73146] ch50 r0 a3: 92 20 A8 A8 55 15 52 CB 4D 45 56 DA E0 5A B5 B6 6B 29 4D 63 1B 65 02 B5 2D F3 62 53 AA BB 57 6D 
[   73150] ch50 r0 a3: D0 97 ED CA 5A 0B 50 34 99 49 34 D4 AA BA D0 AA AD 79 AD 22 AC 6C A9 52 5E 91 75 55 7A 6C 7B 32 
[   73183] ch50 r0 a3: A6 A4 4A 4A 83 0A A9 52 A1 45 19 39 24 AB 54 6A E6 A9 8A AA 16 49 42 E0 94 54 A4 72 C5 19 71 1C 
[   73207] ch50 r0 a3: 08 AB 15 16 2F 21 52 A8 AA 70 96 34 95 5A E4 6A 6B 68 55 B6 CE 67 6E CD AB 6F D7 5B 74 AB FA BB 
[   73263] ch50 r0 a3: 14 22 88 94 13 39 54 D5 5A A6 96 35 76 A6 32 AE 2D 54 6D 19 54 B5 99 AC CD AE A5 B5 9E B5 33 D7 
[   73306] ch50 r0 a3: 22 90 88 C5 50 20 D2 12 6A 91 2B 02 53 45 42 89 17 5D 11 68 57 4A 28 A5 4A 25 EB 58 4C CB 20 86 
[   73340] ch50 r0 a3: 62 2C E2 B9 27 F2 14 1C D1 93 35 D6 3D 38 FD D7 CE 3C B8 2B 5C 7D 99 E6 49 27 F1 D3 E4 7D 79 95 
[   73375] ch50 r0 a3: CE 79 46 97 C6 05 7C F0 66 00 86 16 B2 3A E8 07 FF 0E 23 97 07 6B 4E BC 78 AD EE 13 FC D8 25 34 
[   73391] ch50 r0 a3: 94 28 93 44 81 41 52 A9 54 41 6A AD 53 95 6F 33 9E D5 2C AA A9 16 DB 47 48 DE 5A 36 CB B6 47 29 
[   73409] ch50 r0 a3: 65 92 0D 16 E3 E5 5A 52 AD 10 04 11 14 28 10 80 10 22 05 14 40 8A 80 13 2A 10 2C 08 02 00 84 42 
[   73421] ch50 r0 a3: A4 A0 22 41 4B 00 28 A0 25 22 09 04 A0 15 52 92 51 28 00 09 55 B3 91 9A 95 59 E2 6D 5A C8 D5 93 
[   73426] ch50 r0 a3: 2A FE A2 48 C0 32 D1 09 E2 80 8E 54 1D D3 FB A4 39 6A AE 11 4C 76 41 08 25 58 E5 61 D6 D7 8B 34 
[   73499] ch50 r0 a3: 92 D6 A5 9A 0A 0A 45 56 F7 B2 54 6D 4F 52 5B 10 54 4A 8A 55 9F 6C AA 99 72 F5 56 3A F9 54 A6 B5 
[   73509] ch50 r0 a3: 55 11 42 48 04 14 60 49 14 40 24 D8 44 AA 5D 92 AB 9C 31 56 04 43 29 56 A9 E9 54 A4 B4 52 42 05 
[   73518] ch50 r0 a3: 71 15 12 8C 83 4A 24 0C 15 A5 15 24 0B 28 49 03 06 90 50 A1 56 39 A5 45 1A 24 A0 B0 95 52 95 2A 
[   73521] ch50 r0 a3: 98 54 08 74 74 C9 53 2D 14 5A 4A A1 2A 82 62 A5 B4 9A 70 AA 2E D5 5A A1 6A 52 8B 75 58 91 15 AE 
[   73536] ch50 r0 a3: 26 85 E2 5A EC 35 DB 63 7C 32 11 39 B3 65 3D 48 2A F2 70 92 21 05 22 2D B8 CC A7 0A 83 BA 96 E2 
[   73616] ch50 r0 a3: 09 48 C9 12 24 54 28 48 A0 CA A0 84 09 14 80 A0 A0 10 92 49 2A 94 99 15 25 80 29 39 48 CC 60 94 
[   73620] ch50 r0 a3: D5 5A A4 92 85 55 92 B5 D4 0A 46 52 A6 A2 9B 35 55 55 58 49 6A 68 BC AA A7 29 E9 02 61 55 4E A8 
[   73672] ch50 r0 a3: 6D 56 B4 EA D1 53 55 4E CE BD 8B 5D C8 CF 56 8D A8 ED 7E 06 8B 76 99 D9 67 2D 3C 26 75 EF 15 38 
[   73701] ch50 r0 a3: 69 54 D4 AA 82 35 B7 54 B5 56 15 5E D2 31 A8 6A 84 48 AA EB 2A C9 C2 A2 68 CC 0B 15 6A A2 94 59 
[   73702] ch50 r0 a3: A6 C5 AB A2 CA 68 AB 05 15 1C 95 6C AA AD AA 97 37 11 56 40 54 D6 4A B9 97 ED A5 52 35 42 E5 4A 
[   73707] ch50 r0 a3: 91 4D A8 15 7B 73 24 A4 68 28 D4 92 B2 6C 62 14 A5 19 35 2A A4 ED 69 DB 89 95 2B 56 A6 26 AA B5 
[   73717] ch50 r0 a3: 0B AB C5 BE D8 0C 5D A1 44 25 0A 0A 27 54 0A C9 06 E6 5A 12 20 BE 50 44 EB 2B AB D3 A6 A9 69 52 
[   73721] ch50 r0 a3: 33 2F 83 AC B4 44 A9 0A AB 2D 54 3A 82 56 AB 1B AE 4C 2B 02 B9 CB 02 11 96 2D 63 78 29 59 E1 C6 
[   73744] ch50 r0 a3: C6 6E DD EC 34 C8 3C 17 D2 3E 25 9F A0 3A 05 38 E4 6A 03 CF 04 0A 7E 0C C5 46 28 03 BC 3F 21 ED 
[   73787] ch50 r0 a3: BF C7 FC 5F 2D E8 C2 A5 7D 6C C2 0D 88 63 85 62 66 C9 4F 15 5F DB 68 BC 98 95 D4 2B 54 36 4A B3 
[   73791] ch50 r0 a3: 15 52 AB 14 05 65 96 94 A5 59 54 A4 57 33 B2 25 AA 94 56 CB A0 49 AA 9D 0A 49 51 41 68 B2 BA 05 
[   73792] ch50 r0 a3: 6A AA 40 12 21 55 A8 6F 45 55 36 C8 49 A5 DA DE DC 9B 55 61 21 4B D6 A9 35 5A D3 2A E6 DA 2E B8 
[   73805] ch50 r0 a3: 82 92 32 54 90 24 91 54 85 E4 EA A6 9A D1 6A 54 E9 15 64 9A B4 0D AB B6 9E 2D 52 BD 33 26 B3 A9 
[   73806] ch50 r0 a3: 56 AA 59 55 16 A2 D1 45 AA 15 55 DA 69 6A AE D5 AB 15 6D AA 6E 5E AB 5C D6 C9 A9 DA 36 B5 B5 76 
[   73819] ch50 r0 a3: C0 10 D2 25 9B 0B 91 7A 91 79 76 90 A4 8A 04 C4 51 2C 14 98 C7 4A 95 65 24 31 58 15 C1 69 18 50 
[   73849] ch50 r0 a3: D5 CB 8D 13 DD E4 6A EB 24 C2 CB 1B 13 FE 90 4E A3 12 6C BB C8 52 62 17 99 94 08 C5 96 CE 74 0C 
[   73925] ch50 r0 a3: B6 95 A6 A4 0A F4 D3 6F 93 42 69 28 38 94 AD 41 5A 51 56 95 56 4A 76 1F 83 B4 B2 C0 91 03 6D 83 
[   74017] ch50 r0 a3: 04 A5 11 30 91 BF B6 D9 6F F5 FD AF 69 B1 96 EE DB F7 B6 D4 EF B8 EB 55 16 B3 53 D1 B5 FD 6D 6A 
[   74155] ch50 r0 a3: D2 B9 C8 A0 6F A7 37 5D AF 2D 8A B3 E6 3D 2D 46 03 AC 23 93 51 10 A1 AC BB 09 D0 CF CD AC 94 4B 
[   74173] ch50 r0 a3: 2F D7 2B 69 B7 5D 62 96 FE EC E8 A4 F9 95 8C 25 EA 82 D7 23 80 F1 0D 36 09 49 57 F0 F9 DE E6 54 
[   74251] ch50 r0 a3: 00 2A A0 0A 92 87 C4 2F 6D BE F4 BE 21 E3 0F 56 F3 B4 AB BF E5 1B C0 CC F6 0A B4 6B 39 58 67 FA 
[   74275] ch50 r0 a3: 65 22 50 2A 50 4D 29 25 25 70 BC 11 0A A5 2A 52 80 95 2B EB 55 4E CC DA FB 57 29 A6 C2 B5 16 4B 
[   74305] ch50 r0 a3: 24 48 86 63 98 A3 90 A2 2E 43 50 D5 24 10 62 89 A1 60 C0 B4 91 14 43 09 A9 64 49 A0 92 41 50 68 
[   74310] ch50 r0 a3: 88 AC 05 53 96 4A CB 5B 37 5E AD 6F 76 54 14 49 5A B2 7A BA A4 92 B4 8C 94 49 4A 8A 44 A9 4A 95 
[   74324] ch50 r0 a3: A1 15 23 0D 84 80 A3 50 A5 9C 57 A5 52 89 26 DB 63 55 7B 75 AB E1 D7 34 9A 4A A5 DC D6 99 74 36 
[   74414] ch50 r0 a3: 51 44 88 A5 28 04 A9 14 82 49 04 94 52 54 48 2A 35 4A AA 91 44 A4 49 01 A4 32 52 23 44 D2 B8 C0 
[   74421] ch50 r0 a3: 89 52 80 92 88 51 2C 11 4A 08 A6 89 B2 D5 85 04 A4 2D 89 0A D1 05 4A 86 C9 66 0A 74 50 CA AB 55 
[   74472] ch50 r0 a3: 52 49 55 91 00 40 89 50 05 23 29 25 B2 AA 28 2A F5 25 27 6D 20 BA B3 11 8D 55 6D 05 52 73 A2 86 
[   74485] ch50 r0 a3: 29 27 2D AC 91 5E 0A 3D 65 50 90 85 92 55 01 CA 6F 52 A6 5C B7 EE A9 62 AA B3 16 AC DC 04 75 54 
[   74497] ch50 r0 a3: 6A 10 2A A5 55 25 7D 7A AD AA D5 42 27 53 B0 98 50 4C 08 55 A9 17 54 10 24 55 06 84 91 14 A8 95 
[   74526] ch50 r0 a3: 16 6A A6 A2 85 B6 A8 2A 54 04 EA 2A 24 64 49 1E 87 77 42 AB 19 02 51 08 61 53 4A 56 4E 55 25 92 
[   74536] ch50 r0 a3: D0 2F 02 F2 C9 10 24 28 B2 04 8C 47 94 28 72 51 64 03 5A 1E 23 A4 4C A3 53 1C C8 89 E9 42 AA DA 
[   74633] ch50 r0 a3: E0 89 04 04 50 2C C0 88 00 48 A1 12 8A 28 43 12 8B 52 20 AA 2C 20 24 2A 4D 29 53 55 25 2A 2A 92 
[   74639] ch50 r0 a3: 40 14 08 13 2B A5 49 21 82 12 88 A1 05 32 A9 96 48 C4 31 1D 2A 84 A6 A9 08 A8 AE E2 B5 54 9A D2 
[   74645] ch50 r0 a3: 44 6E 75 AA 64 F5 95 51 3A 55 4A 2B A2 EA EA 96 BE 75 35 52 D8 B4 2D 73 88 2D 27 5A AC 86 89 53 
[   74656] ch50 r0 a3: 15 0A 4A 6A 60 56 9B E7 5A 2B 54 9A 97 B6 F6 B9 6D DD 5D 5A B8 94 CB AD 69 6A 4E AD DD C2 A7 BB 
[   74664] ch50 r0 a3: 14 54 96 10 AA 42 B5 83 5B 91 52 69 D5 55 56 95 44 4A B9 20 95 AA AB 26 AA 8A 2A ED 7E 15 2E 35 
[   74683] ch50 r0 a3: 67 8B A9 CB 26 2A FA 57 D3 DC 0C AF A5 2B 4E 47 A9 82 85 03 74 9D 60 22 B3 BE 2E 57 BA 74 A2 62 
[   74685] ch50 r0 a3: 50 80 01 85 B5 FA DA BD AB 5B F5 AD 52 57 F5 7F 54 6A BE AB 47 55 B8 27 EE E5 5B EA 2B 47 2D EA 
[   74703] ch50 r0 a3: 52 A2 B7 6D 95 B5 55 C7 36 9D 6F BA B5 DA DB B5 AF 6D 55 AD 5B AD AB FE F5 EA ED E9 FA F4 BA AF 
[   74715] ch50 r0 a3: A2 93 65 A6 48 93 A8 99 10 24 92 15 6A 55 13 6A 54 F0 D4 A8 C1 2A D2 06 AF 36 94 A6 51 89 14 8D 
[   74733] ch50 r0 a3: 90 AD 5A A3 29 48 A4 AE 4C D4 A4 20 A1 40 01 25 02 C9 24 A5 12 8A 64 A1 10 B0 32 58 88 12 1B 2D 
[   74764] ch50 r0 a3: 52 AA A9 4B 65 B2 B4 A9 A2 D2 CA 52 92 56 98 30 24 42 01 75 DE DF DB AA BE EE C5 52 CD ED EA E7 
[   74766] ch50 r0 a3: 96 AA 62 84 A5 14 AA 0A D1 62 A5 1C 28 45 A4 05 24 A9 44 A8 4B 2B 26 14 12 22 88 AB 60 2A D6 42 
[   74783] ch50 r0 a3: D7 D6 AA AE 4B DB 55 2A 56 BD 8F 5B 25 46 D5 F4 D5 A2 AD 55 4B A2 A0 D5 56 9A E2 F5 65 55 64 AF 
[   74823] ch50 r0 a3: 8D 02 91 2A 9A 4A 88 AA FC 82 52 44 24 5C 69 47 48 91 42 A5 34 64 DA B5 45 4A 0A 25 22 AA 4D 28 
[   74825] ch50 r0 a3: 86 0A 22 88 00 A1 21 04 A1 A9 01 14 32 94 4C 11 09 15 00 02 A1 90 A2 A8 12 8A 54 24 28 C2 32 4A 
[   74882] ch50 r0 a3: 30 95 52 96 B1 CC A2 85 75 4A 53 94 D2 55 57 6D 2A 8D 94 54 AA 82 A2 50 D4 AA AA B2 AA A4 6B 95 
[   74938] ch50 r0 a3: AE 9A 8D 29 62 2C AA 9D 69 2D 69 58 4C AA AA ED 51 C8 B6 16 56 54 AD A2 AD 52 64 A5 48 B5 4B 95 
[   75006] ch50 r0 a3: A0 95 20 EB 40 00 AA 76 11 2A AC A2 54 92 A4 44 90 51 7D 54 24 8A B2 69 69 B2 E0 12 D5 4C 4C 44 
[   75020] ch50 r0 a3: 98 27 52 04 2C 55 2A 88 05 55 58 20 D6 F5 D5 46 AA 89 26 B9 5D DA 55 B2 D5 91 57 8D AC DA EB 2C 
[   75099] ch50 r0 a3: 2C 94 A5 56 A6 DA CA AD A4 D0 A5 65 52 AD 51 A5 55 AF 55 AD 66 4A 85 55 A8 93 5B 57 69 51 69 0C 
[   75113] ch50 r0 a3: 49 B5 69 8A A4 D5 28 4C A9 56 94 E8 94 44 A9 A8 DA 82 B4 E7 0A 50 24 52 9A 84 41 1A 28 44 20 36 
[   75120] ch50 r0 a3: 08 02 95 63 6B AB AD 25 AA 64 24 A5 62 57 2A 25 49 55 D2 F6 82 49 24 A9 2A A5 52 A9 69 84 A5 04 
[   75127] ch50 r0 a3: 84 AB 06 8B 55 41 55 27 5A 0F 2A 55 58 49 4B 90 B5 34 A7 70 9E A6 EA B9 95 74 DA 92 AB 59 5B 6A 
[   75129] ch50 r0 a3: A7 6B 55 64 CD A7 4A CB D4 53 2F 32 5D 5B 2A 93 AE BB 4A C7 52 C3 B9 01 52 52 E2 95 2A 82 C9 14 
[   75202] ch50 r0 a3: 94 85 C1 10 8B A5 44 44 22 A0 45 0C 3C B4 AA B8 24 55 0A 0D A9 2C 84 40 91 4A 40 2A 54 A1 62 99 
[   75226] ch50 r0 a3: 44 89 77 54 8E D1 42 35 45 C9 59 AD 6C F7 D5 AA BD 76 EC B7 35 36 AA B5 6B 5D 1B 5B 7A 7D ED CA 
[   75329] ch50 r0 a3: 25 00 25 24 59 54 A9 42 A8 D5 A3 35 14 CD 5C 91 42 C4 A9 0E 2A 2B 42 9A 96 A7 5A A3 08 68 C3 65 
[   75377] ch50 r0 a3: A4 A4 89 55 6E AC 20 94 32 C9 73 12 2C 28 92 80 25 A1 19 6A A4 22 96 A6 84 AA 82 31 2A 46 86 A4 
[   75394] ch50 r0 a3: 95 AA 95 5A 64 C9 66 25 20 29 4D B0 2D 89 31 80 A8 38 57 75 48 74 0A 4A 55 D4 C9 30 A8 5D 62 34 
[   75399] ch50 r0 a3: 85 40 0A 55 93 EC EE 94 AA AA 6B DA 8A 65 51 4A 5E A0 99 D3 99 4A B4 52 BC AC AA 8E AD 2A B1 3A 
[   75449] ch50 r0 a3: 95 68 10 86 92 86 9A 95 84 8A B1 AA E5 55 4A AB 69 6F DB B5 B9 69 2A B6 AF 58 AE 31 5F AA 99 55 
[   75458] ch50 r0 a3: 4A DA A2 1A 84 A2 C5 54 A2 95 DB 5D 5A BD 4C 44 6D B9 BF EC B4 ED 6C B3 6D B4 55 77 95 03 0A 2A 
[   75513] ch50 r0 a3: 49 50 56 4A 54 85 AD 12 90 50 AA 96 68 C9 5D 3F 8E D7 AD 34 ED 77 CF AD 2E AD 55 A9 5A B7 6B 75 
[   75524] ch50 r0 a3: 91 35 02 A9 66 29 56 44 4B B4 A9 50 14 89 A2 4A 91 54 5A A9 A4 AE 92 50 95 99 33 20 E9 7A B4 2A 
[   75545] ch50 r0 a3: A9 52 22 54 BD A5 50 A2 19 C4 A8 5A 14 5C A1 EA CE BA 99 25 DC 8A B2 6A 4C AC A5 1C 48 22 DB B4 
[   75611] ch50 r0 a3: 2B 51 12 D4 88 A2 01 51 09 A1 52 49 18 30 51 52 45 2C 45 48 8A 94 88 49 25 28 0A 2A 0A A9 25 48 
[   75624] ch50 r0 a3: 0A A1 41 11 20 A2 89 42 87 4E 75 92 DA 6A AC 8A D4 AA 6A AA D5 95 98 B5 77 10 A7 5A 16 1A 8D B3 
[   75662] ch50 r0 a3: A0 51 C1 5A 1C F4 4C D7 50 35 1A 8A EF B6 D7 DA B4 AD FA B5 77 6D 57 56 CC EB 6B 5B FB EE 96 DF 
[   75731] ch50 r0 a3: 2D 53 65 2A 52 35 29 14 11 90 C6 28 C6 2D 24 99 55 51 42 35 51 92 D5 D2 6C AA 44 04 4A 4A 50 16 
[   75785] ch50 r0 a3: 55 AB 6B 8D 55 76 15 55 70 2A D0 48 A5 2E 01 15 4C B3 89 B9 22 99 BA B2 CA B2 A6 B7 0A AB 54 6F 
[   75791] ch50 r0 a3: B6 A9 4B E9 6D 51 69 1A A8 A2 52 92 B7 57 25 46 AD 56 69 35 AA A4 AA EE 5B 53 AC EA 87 A9 55 5A 
[   75796] ch50 r0 a3: 24 A1 0A 26 02 8A 0D 2A 42 8C 50 54 8A 88 91 26 41 48 44 49 42 98 11 29 52 C8 A9 0A 25 50 AA 48 
[   75798] ch50 r0 a3: 0A 91 AC 52 24 12 45 10 A9 0B 28 4A 6D 1A 4A A5 0A B0 14 A8 D6 D4 41 42 58 A1 22 94 8C 63 08 12 
[   75800] ch50 r0 a3: B6 B0 82 35 40 95 69 92 52 D9 B5 91 68 AD 62 56 D8 44 DA AB 22 51 55 5B 10 A5 2A 27 4A 21 27 46 
[   75829] ch50 r0 a3: 48 D0 21 05 8D 8A 10 44 A0 AA A0 51 54 5F 76 49 53 D5 7F 7A 59 54 48 A2 CF 42 21 67 56 91 51 DB 
[   75837] ch50 r0 a3: 99 24 15 04 AC EA AB F2 D4 A9 A2 56 C9 0C A9 36 2B 52 28 DA 4A 88 86 A5 D9 57 41 46 85 97 55 65 
[   75840] ch50 r0 a3: 6A 56 13 42 2C 50 A6 5D 36 52 A2 82 A5 B5 6A AD 4D 85 CA 81 65 B4 A0 43 68 AD 99 0E 58 03 54 95 
[   75907] ch50 r0 a3: A7 4A A8 25 01 15 12 E2 85 44 95 29 82 25 0B 9A 4A 94 0D 65 A8 23 53 3B 2A A5 08 2A A9 09 90 12 
[   75952] ch50 r0 a3: 12 91 0A 28 B7 54 88 02 02 AA 58 80 A9 29 51 48 C2 41 21 22 0C 12 40 68 49 1A 0A 11 32 08 B5 11 
[   75962] ch50 r0 a3: 2D 0C 6A B4 A4 D2 4D 24 C4 CA 92 05 2C 90 92 48 95 B3 4D 52 A9 55 53 6D 85 95 A8 17 36 D6 A2 B6 
[   75970] ch50 r0 a3: 04 55 B5 D5 BA AA 75 25 4D 4A B7 4B D3 AD A6 D5 AB A9 2E A9 26 B5 4D AB 5A 4B B3 4B F4 D5 6A A8 
[   76009] ch50 r0 a3: 00 99 66 14 C9 08 E2 85 11 34 74 A3 21 64 A5 2A D2 55 B2 B2 CA 99 09 53 A4 00 23 5A A6 AB 56 A5 
[   76050] ch50 r0 a3: 90 10 28 62 09 00 52 0A A9 2C A9 50 AA 64 95 28 AC 95 25 22 81 31 52 1A 82 A9 21 29 50 52 D3 52 
[   76070] ch50 r0 a3: CA AA D5 35 61 2A A6 4B 92 16 22 D8 5A AA 95 28 6A FA 4C 6D 3A B1 AC 26 CC 9C EA AE 42 06 3B 5C 
[   76074] ch50 r0 a3: B7 22 C4 39 54 58 45 A2 B8 58 39 FD 99 48 94 23 53 07 56 E5 89 00 EB B5 B6 AD 9D B4 A5 02 B9 DA 
[   76087] ch50 r0 a3: 00 01 48 95 18 A0 B2 E5 16 68 B5 4D 14 04 D8 DE D6 EC B5 53 B9 FB F6 85 A4 8D C5 95 77 28 B5 22 
[   76098] ch50 r0 a3: D6 75 5A CA 90 41 22 66 25 4A 85 5A 8A 46 16 14 49 11 3C A8 88 F8 55 91 56 2C AA A9 69 6D 55 56 
[   76117] ch50 r0 a3: 08 01 48 91 55 D4 B4 4A 8A C0 88 42 09 5A 0B 54 5F CA 9E 9C DB 4A D9 A5 54 00 5A A7 56 B4 EF 56 
[   76182] ch50 r0 a3: 29 0A 55 56 30 4E 1D 50 54 88 EA 84 A1 0B 35 8A D0 28 11 A4 69 5A 80 18 1A 85 56 88 B2 50 E9 2A 
[   76200] ch50 r0 a3: BA 32 8A 60 CA 95 68 AA AD 4B 3A 92 F5 45 73 2B 45 D9 57 D6 94 96 CA 32 BD D5 9D DD 3A BA 96 6B 
[   76243] ch50 r0 a3: 09 0E E7 4A 42 A1 B2 21 29 6A 3E 12 AA 79 41 9D 14 4B AA DA A2 8B 45 54 6D 5B 2D B5 68 68 D9 4A 
[   76250] ch50 r0 a3: 54 2E 15 4B 3A 8C AA 56 4A C5 4C 13 02 86 D4 B5 5B 59 28 64 4A ED 6A EA 92 D2 E1 28 B3 55 6B C5 
[   76257] ch50 r0 a3: A4 B5 A9 A2 22 48 2A B4 C4 66 BE DA 35 2A AE 96 DA AA 92 A9 25 5D 5E 47 96 40 A7 41 86 4B 24 4B 
[   76274] ch50 r0 a3: 68 B4 52 E4 CB D8 78 16 81 AA 52 A3 4D 11 E5 29 2E 56 D4 1E A6 B2 88 BB 09 27 43 A0 44 CA 2B B2 
[   76277] ch50 r0 a3: 90 34 24 04 8D 44 5B 03 8E E4 51 64 52 91 8A 91 28 A7 D9 75 A3 AA E7 CA B5 1D CD 96 89 2A 4A 55 
[   76304] ch50 r0 a3: DA A4 43 53 32 54 75 55 4A AA 57 24 A4 09 A9 0A A4 C1 A9 4A 22 82 55 53 4A A4 92 B9 2A EE 31 89 
[   76350] ch50 r0 a3: AA A1 45 01 95 24 52 58 C4 2B 2A 94 AA 2A A3 45 AA 90 AA A3 49 55 22 95 20 84 09 8A B5 65 32 D5 
[   76387] ch50 r0 a3: 11 28 AA A5 58 2E AA 35 05 5F 28 57 55 5B 9D 6D 2B 5A D5 AE D7 94 C7 57 69 51 24 24 A5 DF 8F 7A 
[   76427] ch50 r0 a3: 89 2A 22 45 6B 56 D7 55 C8 A8 2A 54 93 65 B5 54 99 27 12 13 24 2A 92 41 2A 4C 25 0A 2A 2A 35 AA 
[   76434] ch50 r0 a3: C7 B8 CB AA AD A9 2A 79 75 9D 6E 96 8B 4D 6B AB 97 75 94 B4 9C B3 65 37 65 5A 56 BD 71 BA 8D DA 
[   76499] ch50 r0 a3: 29 4F 46 42 A0 A5 02 1C A9 5A D1 2A 54 97 DB C4 D5 AA 99 2D A2 49 48 0B 52 CA 15 2B 96 09 5A 09 
[   76522] ch50 r0 a3: 14 0A A9 56 B5 4A AA 4A 71 55 06 95 84 92 B5 92 4A A0 69 4D 02 94 34 4F 13 41 49 24 A1 45 53 65 
[   76555] ch50 r0 a3: B2 82 A1 46 A9 82 95 15 0D 5B 6A 81 20 4E 34 94 A6 8A A8 CA 90 B2 12 A0 53 69 AD 4C 09 1A B8 04 
[   76616] ch50 r0 a3: 51 2A D5 C4 54 A5 5B 2D 12 98 69 51 5A 94 B9 52 40 15 D4 A5 15 D4 AB 54 04 83 94 4A AD 52 05 50 
[   76616] ch50 r0 a3: B7 43 A2 AA 94 48 C0 42 CA A4 82 55 C8 91 52 92 9D B2 C5 44 14 A2 D2 4C DA 12 D9 41 FB 22 EE AB 
[   76632] ch50 r0 a3: 15 93 1C 7A 80 9C 92 A0 94 A8 21 54 B3 28 83 54 A6 C4 85 3D 22 14 95 96 6C 58 80 55 25 24 A4 55 
[   76633] ch50 r0 a3: B2 0A A6 B0 A9 14 09 48 16 82 A4 A1 54 AA D4 74 92 20 29 36 56 CA 65 22 53 53 41 23 C4 15 12 A9 
[   76684] ch50 r0 a3: 18 2A 48 4C 8A 42 9C D1 45 5B 52 B4 50 A2 BD B9 6A AA 24 89 75 5B 8A C4 5A 55 4B 56 6A 50 99 AA 
[   76685] ch50 r0 a3: D6 04 95 32 88 AD 55 EB 6A AA F4 B6 D2 DB A6 DF 53 7A D6 D5 A5 9E BA 5D D2 AE FB 69 5F 5D AD E6 
[   76702] ch50 r0 a3: 87 30 94 BA 29 28 B1 10 93 AD 24 B5 74 0D 34 C2 AF 67 59 81 12 D4 08 29 2B 54 B2 F2 4A D7 4A 51 
[   76711] ch50 r0 a3: AB 05 65 94 21 B1 A9 D5 88 EA A5 4E 4A AF 54 55 2E 28 29 12 D4 1A E8 4D 28 8A 30 2C 55 34 B1 2A 
[   76724] ch50 r0 a3: 00 15 12 80 82 28 D2 A0 91 05 81 63 54 A8 14 08 82 20 04 95 00 09 32 8A D7 15 55 ED 96 D5 56 A5 
[   76728] ch50 r0 a3: 25 05 25 51 45 12 A4 92 C9 21 05 15 24 B2 2A DD B5 D4 AA 25 4E A5 36 DA DE A8 E9 49 6A A4 6B A2 
[   76737] ch50 r0 a3: E9 A5 0C 2A A5 7E 69 B7 47 A9 51 22 9D 16 59 D6 BD 54 B2 AE DD 7E ED D5 B8 50 90 A0 55 B5 45 88 
[   76790] ch50 r0 a3: 8D 45 50 E5 28 11 22 62 22 50 8B 45 10 48 AA 04 55 13 FF 54 45 5A 1D 89 4A 28 4A 01 14 48 5A C1 
[   76794] ch50 r0 a3: 41 29 D5 24 B4 29 49 2A 26 A1 6D 00 AC 55 55 48 16 E9 50 4D 6C 54 89 A2 99 4A 74 69 86 20 AD BD 
[   76830] ch50 r0 a3: 49 08 21 28 5C C1 80 18 52 48 25 0A 50 94 B9 0A 8B 75 26 12 A9 55 A6 C4 64 9C 94 9B 54 C4 56 94 
[   76891] ch50 r0 a3: A8 8D 2A BD 50 D2 81 9A 8C F4 05 55 4A 15 39 42 B8 22 00 09 49 08 01 25 31 42 0A 15 12 08 8A 25 
[   76956] ch50 r0 a3: A8 96 15 55 44 02 95 56 AA 08 54 55 5D A4 D1 45 6B C9 4A B2 A6 EF CD 56 BD 77 0D 32 15 61 5A 67 
[   76967] ch50 r0 a3: AA 91 4A 85 21 05 6B 13 AC D7 50 AC 0E A2 B8 93 51 4A 65 A4 86 4A 23 56 E7 5A 52 5B 0C 55 29 82 
[   76971] ch50 r0 a3: 90 A4 A9 AA 55 14 AD A9 51 86 58 C2 88 AA 5E 2B 72 33 69 10 93 A5 12 6A 9C CB 96 B5 0B 11 19 24 
[   76976] ch50 r0 a3: 40 88 4A A0 9A 2B 09 21 10 08 D5 29 49 4A C2 92 90 22 80 0B 88 83 28 A5 11 40 2A 41 45 11 EA 8D 
[   77002] ch50 r0 a3: A4 48 14 A5 07 6D 64 F5 19 A8 52 74 8C 95 55 19 2E AE A9 8C 2C A8 45 AD 56 C5 6D 9A B3 42 82 D4 
[   77023] ch50 r0 a3: A9 12 9B A9 54 92 64 1D 34 AD 68 D5 A9 55 5B 17 54 00 C6 C0 AA D8 5B A5 92 AD BC A8 24 31 2B 28 
[   77038] ch50 r0 a3: AD AA 58 58 46 AC 48 89 AA AA 28 42 94 93 2F 9A 54 9D 34 39 55 84 89 AD 3B BC 91 53 62 2F 25 3B 
[   77049] ch50 r0 a3: B2 41 12 62 95 55 92 28 26 29 29 94 A8 18 94 92 15 25 41 3D 91 5B B5 95 2B 55 6D B5 54 A9 52 B5 
[   77078] ch50 r0 a3: 4A 54 B4 25 4A B9 7A A9 39 2D 59 7D B7 3F E5 37 9B 55 A5 6E 6A C5 54 0A 4A 54 62 8A A2 EE 0A 81 
[   77109] ch50 r0 a3: C4 22 BC AA 35 4A 42 A2 69 45 18 24 4D 54 86 A4 2A 75 44 AB 4B 55 2A 93 51 1B CB 0D 44 92 58 C8 
[   77162] ch50 r0 a3: 91 29 10 54 29 52 94 A4 A2 C1 42 C4 AA B5 94 A3 D6 A8 EA AE E9 5A 15 DB 54 DD 65 7F AE CA CE CA 
[   77164] ch50 r0 a3: 92 85 10 A5 51 01 52 2A A5 65 24 AA B2 55 55 6A B5 51 55 A8 9A 9A 51 6B 45 70 AB 05 6D 6A DB 6A 
[   77203] ch50 r0 a3: 88 D2 AA F4 D5 54 85 35 51 45 AD 52 64 32 09 11 46 22 B1 51 55 49 B5 89 40 44 36 D0 6C 49 4A B4 
[   77223] ch50 r0 a3: 95 51 6A E6 69 25 BD 46 15 6A 39 34 72 EF AB 2F 6A 29 46 C3 AA 65 95 5E D5 AD 59 31 55 65 6B 2B 
[   77252] ch50 r0 a3: 55 D6 D9 BA B2 DA D6 6E A7 CA BC B1 32 D2 A9 72 9A AB 4A B4 35 2C 49 5A 39 6D AB 4C BB A6 15 55 
[   77273] ch50 r0 a3: 01 1C 52 5A 64 2B 64 54 A0 4B 0E C2 55 40 34 48 68 94 0A D5 0C AA 68 54 91 A1 53 69 A9 78 86 2A 
[   77326] ch50 r0 a3: E1 45 15 22 45 04 25 15 AA BC A4 64 91 12 D4 59 05 69 56 51 CC 9A 0E 48 69 1D 66 5A EA 45 33 DB 
[   77335] ch50 r0 a3: 25 62 24 80 25 55 D8 A6 91 05 42 01 28 48 C2 8C 02 AA 22 9E 2A D5 44 B1 96 55 2B C9 0A AD 13 54 
[   77442] ch50 r0 a3: A8 A8 88 5A DA A9 54 96 21 59 4A B4 55 2A 50 A9 56 54 1B B4 BA 25 34 94 32 B2 01 4A 9D 29 2B 6B 
[   77459] ch50 r0 a3: 48 3A DA A4 46 AA AA D5 B5 AD B8 A6 C8 95 5B 71 7A D7 29 ED 69 6C 55 7A 60 CA A4 D5 AE 99 04 89 
[   77461] ch50 r0 a3: 4D 01 81 5A 46 99 21 A4 22 50 A4 AC 8A 51 42 AA 92 80 5A 54 84 19 4B 0A 8A 8C 94 20 90 49 51 49 
[   77537] ch50 r0 a3: A1 56 83 C4 AC 88 AC AA A2 64 CA 2A 96 A1 15 85 54 AA A9 21 A5 2D 51 4A 08 D5 12 51 0B 06 2B 1B 
[   77557] ch50 r0 a3: 52 22 04 0A 0A 52 45 12 A0 94 AA 42 A9 54 14 49 10 48 54 54 21 55 53 2A DA 9A AD D6 AD 4A 43 65 
[   77573] ch50 r0 a3: A0 95 00 4A 22 92 06 44 09 08 42 AA 80 69 25 4A 49 52 95 D5 49 0D 20 20 85 15 22 94 11 3A 82 4A 
[   77598] ch50 r0 a3: 9A AA D2 8A 94 A9 4A 24 CA A2 A5 24 CA 96 95 2A A5 26 5A A1 AD A5 54 81 16 A3 2A 32 A1 55 55 31 
[   77666] ch50 r0 a3: 62 D9 C1 A5 02 59 04 22 91 36 11 A3 69 4A 4C 04 A2 82 E0 D3 50 8B 14 92 96 92 E9 2D 3B 8D 9F 2B 
[   77677] ch50 r0 a3: 14 89 15 40 42 51 50 02 14 A6 4A 92 88 2E 95 2D 36 DD 6D AD 55 4B 6D 5D 8F 2A 6F 8D DB A7 2C DB 
[   77710] ch50 r0 a3: 33 1D 16 28 90 44 D0 1D 60 54 E0 A9 70 CD 0A 89 16 97 06 DA 87 42 4A 88 99 0B 50 D0 AB 32 08 12 
[   77715] ch50 r0 a3: 42 A4 50 10 A0 0B 52 24 CE 20 82 A9 08 C7 25 5A 8D B1 09 60 55 44 2B 82 15 01 9E A1 6A 2C 9D 2A 
[   77763] ch50 r0 a3: 84 93 5A D0 66 95 AA 0B 50 AA 65 49 16 14 14 4A B1 6A 69 0A AA 59 5D 52 95 28 CF 29 A5 AA A9 12 
[   77788] ch50 r0 a3: D5 65 9B AB 95 6D 6A 5A E9 6E 2E D4 26 44 2A A7 6A 98 E9 A2 55 E6 8B 55 27 E2 EA 91 21 A4 AB 9C 
[   77868] ch50 r0 a3: 71 AA 94 AD AF 6B 65 5A 95 AC A5 7F 66 B5 22 4A 21 29 B0 A2 AB 55 93 A6 A4 AA A9 34 10 94 AA 4A 
[   77887] ch50 r0 a3: A8 16 48 2B 20 8A C2 44 90 D4 35 56 A8 C4 B5 4B 54 D9 61 54 B3 5C 88 74 89 5A C8 AA A2 92 11 52 
[   77895] ch50 r0 a3: D5 52 8B 34 C9 24 AA 39 5A 8E A2 45 E2 A1 4D 26 4A 58 B5 2A BC 74 10 AD 21 5B 49 D3 24 95 09 59 
[   77909] ch50 r0 a3: 49 96 0B 15 28 9A CA 0A 55 44 D2 45 33 05 1B 0B 20 29 A9 1A C4 2A 8C 55 76 95 55 93 4E AE D0 BD 
[   78085] ch50 r0 a3: D2 B1 9D F5 5F 15 4B 45 DB 14 07 55 4A 40 3A D4 D9 E5 A6 AA B6 AB 81 AD 6F 57 79 4B 34 56 84 B2 
[   78098] ch50 r0 a3: B4 54 45 53 D5 AD 9A A7 51 66 2D 56 AA 75 AD 53 6B 55 52 36 6F B3 76 D1 75 D3 69 2A 54 DA 4A D5 
[   78141] ch50 r0 a3: AA 92 2E 4A 5F 54 06 48 A5 28 29 22 A1 06 2B 31 42 AA AB 60 91 95 4B 59 28 AA CA A5 5A A5 55 AD 
[   78160] ch50 r0 a3: C5 56 56 92 96 9D 36 6D 6D 42 67 2B A0 A7 34 92 A5 85 6F B6 A0 37 96 9E 5B 4F 5C 86 8C 9E 21 59 
[   78191] ch50 r0 a3: FD 6E AC 20 90 2A 9D 5D 2F 0D 1A B2 89 70 90 4B 49 5A 89 31 88 75 25 3B AA DA 5A 39 93 2E 92 55 
[   78199] ch50 r0 a3: 42 A8 A4 53 94 65 14 D0 55 69 39 55 57 81 20 31 5A A8 D1 2C 14 48 26 45 0A 09 24 18 21 A8 08 92 
[   78202] ch50 r0 a3: A5 BD B1 26 9C B2 8D AA 2C D5 26 55 95 28 68 A2 AD AA B6 B2 69 6C 55 4A A5 14 2B F5 2D 54 9A 6A 
[   78207] ch50 r0 a3: 46 A9 55 56 29 50 BE 55 10 52 AA A0 A4 45 58 08 4A 2D 49 A0 45 4A 10 C9 55 0B 02 2B 2F 55 02 C9 
[   78213] ch50 r0 a3: 95 92 A5 A8 4D 56 90 09 63 AA C4 28 92 85 28 D2 24 6A 55 54 58 D1 2D 02 E9 21 92 A5 8D 04 8B 55 
[   78239] ch50 r0 a3: A8 A5 49 59 22 AC 93 4A 56 A9 B4 6A 91 A8 2B 6E A2 D4 5B 49 68 54 89 42 8A B5 90 AB 56 8A AA E9 
[   78250] ch50 r0 a3: 39 3A A9 AD 66 29 17 B6 5A BC A6 26 CE A2 A6 5A 6D 24 95 5A F3 DB 45 63 25 D9 E9 56 35 EB CA D0 
[   78265] ch50 r0 a3: 4A D4 CA D0 8D 04 9A 58 7A C2 B5 55 56 32 8B D5 00 50 B6 A5 68 3C 95 52 C1 4A 43 B0 AF 2A 9F AA 
[   78324] ch50 r0 a3: A5 D7 CF 96 90 A6 A5 34 2A 14 49 43 29 48 55 48 1F 8D 38 56 90 00 05 10 D3 14 8B C8 A1 6B 50 9E 
[   78400] ch50 r0 a3: B8 9A B5 E1 6B 52 EA 2A 4B 2A 46 75 A5 ED CD 44 B4 56 71 6E B8 DF 4C 56 EB 35 C8 0D 0D 10 29 4A 
[   78431] ch50 r0 a3: 07 FF FF FF EA C5 29 D3 71 18 A9 1B AE B6 A7 73 76 1F D2 CB 17 B6 D3 31 35 36 1F A7 95 AB 35 D2 
[   78462] ch50 r0 a3: 28 A2 48 88 42 48 26 21 05 91 A2 85 11 1A 88 52 02 92 A0 51 29 28 91 8A 01 00 E2 31 15 3A 2B 6B 
[   78463] ch50 r0 a3: 4B 4B 89 50 5A 44 D7 6C A8 29 11 64 A2 2A A2 28 AC 8A 9A A5 AB 2D B4 A6 AD 51 AD AD 7B 24 A6 A2 
[   78481] ch50 r0 a3: 55 14 46 49 65 34 05 4A 35 22 DA 68 05 16 44 54 34 22 36 B0 B7 25 22 95 45 48 AD 9E 2C 12 15 15 
[   78533] ch50 r0 a3: 52 58 D6 06 A5 C2 F2 93 29 C5 28 85 50 91 24 AA 2B 29 2C 48 88 B9 54 25 53 AF D0 AA 22 B4 04 2F 
[   78663] ch50 r0 a3: 48 4A 55 5A AD 63 52 AA A4 AA B9 31 4A 4A B5 12 C8 D5 0B 58 4A CA 14 82 AA 39 41 12 91 51 2D B3 
[   78676] ch50 r0 a3: AA AB A6 BC 57 66 EA AD BD 7B AB FF EA B4 44 B4 55 12 A8 B5 F5 55 FE AD 59 67 1A A0 CE BD 75 52 
[   78687] ch50 r0 a3: 61 D6 A3 74 2D 35 53 D4 B0 D5 5B B6 BE AA B3 2C A8 05 D0 AA B5 44 B6 49 1C E5 4D 67 6C EE 95 93 
[   78703] ch50 r0 a3: 56 D0 AB 42 A4 AA B2 69 69 29 29 6A 2E A9 54 9A A0 AA A5 2C 48 AD A8 89 51 1A 68 D6 AC ED 55 B3 
[   78791] ch50 r0 a3: 67 8B A9 CB 26 2A FA 57 D3 DC 0C AF A5 2B 4E 47 A9 82 85 03 74 9D 60 22 B3 BE 2E 57 BA 74 A2 62 
[   78854] ch50 r0 a3: B2 D2 15 A8 EA 92 BA AA A5 4A B5 6A A2 95 8A 51 07 15 B3 55 C2 F4 20 54 95 41 4D 2A 96 AB 94 D5 
[   78855] ch50 r0 a3: 94 91 04 95 5A 24 A9 2A 1A 2B 6D 14 41 AF BF FF BF 67 AF EA 5F 5E EE DE 8D CF B6 BF FA DC FF DF 
[   78863] ch50 r0 a3: 55 87 5F B2 A8 4E 65 8D 76 C5 3C BA 5A 5B 37 13 20 D0 82 50 A9 4E 56 AD 27 41 68 68 A8 45 96 A2 
[   78864] ch50 r0 a3: 89 65 22 A2 95 95 75 21 4A AE 92 2A 57 54 04 4A 01 4A BD 2A 52 AA B2 2A A5 37 39 69 A8 50 95 55 
[   78875] ch50 r0 a3: 72 81 05 4A 94 91 0A 62 04 AA DA A5 62 DA 75 55 B5 55 22 95 6E C8 ED 2D AC 6F 29 56 9B 5D 1F BA 
[   78880] ch50 r0 a3: 46 46 2B 4C A5 42 C8 10 85 02 25 24 BB 58 4C 40 24 94 41 35 2A A9 54 92 B5 15 4A 4C 29 21 AA 83 
[   78917] ch50 r0 a3: A2 22 C8 44 09 2A A5 4A 5D 49 12 C4 53 0A 4D 0A BE 25 55 55 D6 85 4D 39 AD 5A 5A 52 AA 61 6D 58 
[   78957] ch50 r0 a3: B6 B3 2A AD 45 39 5C 05 56 EB 56 B5 62 95 B6 29 AE BA D6 D5 4B A5 4A D6 AB 30 1A 7F A4 EF F7 48 
[   79019] ch50 r0 a3: 85 49 22 06 A5 24 4B 2D 61 53 28 D2 21 12 8D 4D 90 38 C5 60 2A A1 8B 32 50 6E 05 55 15 05 55 72 
[   79026] ch50 r0 a3: 80 48 26 54 A0 90 11 75 A3 BC B4 6A A9 B5 85 15 53 44 B6 AA A2 C9 2A 65 6A C9 5C B6 C9 85 52 44 
[   79042] ch50 r0 a3: 88 54 E6 47 68 14 1C D8 AE A3 0C 83 4E 08 96 C3 6A D0 33 75 B0 6C A2 B5 85 46 D2 8D C7 B2 EE 2C 
[   79054] ch50 r0 a3: 67 8B A9 CB 26 2A FA 57 D3 DC 0C AF A5 2B 4E 47 A9 82 85 03 74 9D 60 22 B3 BE 2E 57 BA 74 A2 62 
[   79056] ch50 r0 a3: A8 1A A7 49 6A 24 55 44 AD 56 9A 54 AA DB A5 56 A7 A8 AC C9 6A 1A A4 49 BA 6A 19 8A 97 56 55 66 
[   79058] ch50 r0 a3: 2E 4A A6 A8 61 2C 55 1E AD D6 A7 55 62 12 55 33 AB 22 B5 74 15 5A A5 5B AC A5 2A 55 49 4A 29 48 
[   79103] ch50 r0 a3: 95 24 22 50 CA 85 4C A2 8F 92 DB F5 FE DD FD FF 9F FB 52 AD 31 77 AD 6B B5 48 55 4B 2B 0D 6A EB 
[   79234] ch50 r0 a3: 86 52 94 04 E9 0A 2A 52 90 81 51 0A 12 2A 94 54 59 46 90 58 02 49 45 22 44 95 55 2B 89 A1 81 05 
[   79260] ch50 r0 a3: 12 B2 09 81 24 02 20 3D 40 4B 20 2A 06 92 49 6B 0A 81 4D 58 20 40 55 96 00 10 58 45 11 66 8A D4 
[   79308] ch50 r0 a3: 26 AD 6A C9 41 6A 20 40 92 4A A0 AA D7 1C D5 42 EA 8D 52 E5 49 1D B7 67 DD BE FD F6 F5 7A EA FE 
[   79328] ch50 r0 a3: 92 2C 54 97 28 94 09 49 24 A9 55 48 08 A0 40 48 49 A8 66 A9 4D 42 81 AD 52 A2 24 08 6A A8 53 2A 
[   79351] ch50 r0 a3: A6 B2 B6 80 58 CD DD 5D 15 C8 C4 B2 9B 13 17 57 2C 62 EB E8 4D 57 92 AB A1 B5 52 CD 6A 5F 93 57 
[   79356] ch50 r0 a3: 65 48 95 A5 0A 55 49 2A A8 5C 25 24 89 6D 5D 28 29 25 20 54 A9 A8 54 49 55 92 AA A4 B4 44 B1 A9 
[   79372] ch50 r0 a3: D5 D1 50 2A 56 52 12 94 94 95 0D 09 28 56 45 25 42 D0 49 4A 22 94 95 A8 04 AA E1 04 55 0A 14 2A 
[   79406] ch50 r0 a3: C5 04 48 D2 76 4D D0 91 0A 08 AA F3 53 68 90 38 52 28 42 AA AC E1 8D 2B 45 A8 A1 49 14 AD 06 B5 
[   79409] ch50 r0 a3: B4 1E D2 6A D4 B9 3D 4B 2A 75 67 9C F5 88 B3 52 5A A8 EB 19 9C 6F 64 B0 BC 99 6A 61 10 BB CA D5 
[   79410] ch50 r0 a3: 42 45 4A 96 56 AA 74 E4 DD 75 4D A8 AD 6E 5D 3A 8D CA D9 35 AA 49 90 69 13 52 8A 5E 16 5B 2A 65 
[   79451] ch50 r0 a3: 4B 24 09 A7 D1 63 54 31 4C BD 68 55 F0 23 61 E4 1A C9 04 00 88 BA 88 31 15 9E D2 AB E9 4E E1 EE 
[   79519] ch50 r0 a3: AA 2A 54 55 22 30 B5 54 84 4B 51 4A 6F DB BD 55 BE AA AB 55 BD 50 5A E4 70 1E 21 A6 C1 29 2A FE 
[   79573] ch50 r0 a3: 82 EE 45 4D AD 11 10 A4 46 F5 2C A8 CA B6 5A 5A D4 E4 D4 BA A8 49 0D A8 A5 72 6D 66 EA 6A AB 2A 
[   79579] ch50 r0 a3: A2 CA 0B 54 49 28 AA 51 0A 89 01 AB 55 31 C0 22 22 C9 8A 41 14 D9 29 24 96 91 51 45 56 47 B5 D8 
[   79581] ch50 r0 a3: 9F EF F6 AA DF A6 DA F5 24 5E D5 73 AA 85 2A C5 2B D2 CA 8A 47 48 D5 4A D1 70 10 DB D9 2D AD 55 
[   79623] ch50 r0 a3: 2A 02 96 53 15 29 28 44 8A A2 D0 64 52 42 AA C5 40 A2 24 2B 57 CA D0 A4 46 81 3A 12 A8 14 A2 82 
[   79654] ch50 r0 a3: 92 45 22 42 4D 04 A8 83 4A 51 45 59 3B 20 24 2A 8E 4D 44 80 A3 47 0B 54 42 51 09 29 51 12 2C 54 
[   79665] ch50 r0 a3: A1 02 48 54 FD 51 D1 49 F2 2A 18 4A D5 05 AE 47 01 E2 1A 6C 12 92 AF E1 D9 46 19 35 3B CB 24 09 
[   79720] ch50 r0 a3: 52 AA 15 68 A5 3B 41 55 5A C9 5A 29 54 D0 AA A4 AA AA 4A B5 94 8C 42 55 6A AA AA AB 4F 5E AB 85 
[   79733] ch50 r0 a3: 94 3A A3 AB A8 BD B5 2A 5B A5 8D 4B 8B 62 B5 6D 52 AA D3 76 B5 AB 5F E6 DD 68 52 B5 72 88 9E BD 
[   79734] ch50 r0 a3: 15 52 6A A4 CA 51 09 52 8B 6A AA 6D 3D 2F 11 FA 57 6A D7 5C AD AF BA 9A D2 57 B7 55 5D 3A F5 5B 
[   79779] ch50 r0 a3: 2A 28 20 01 42 2A B2 AA C5 51 6B 76 95 ED 31 B6 2B 7A B5 A5 63 20 A7 D0 5A A1 05 5C 36 D5 97 BB 
[   79806] ch50 r0 a3: 57 B5 09 84 4A 02 A1 4B 55 6B 5A 28 99 0A 96 AA AC 9B B1 0A 69 36 11 85 16 74 D6 82 A6 A4 A6 34 
[   79807] ch50 r0 a3: AA B5 12 A4 46 92 08 A2 AB 5B 68 85 12 24 05 28 A8 EA 51 2A 92 11 25 66 80 21 20 12 2B 42 62 A1 
[   79874] ch50 r0 a3: 14 1E C9 A4 4B 61 A3 74 85 68 96 86 04 41 36 8D 22 A0 D5 48 58 15 52 C5 83 21 44 52 91 52 92 51 
[   79878] ch50 r0 a3: 50 42 02 84 A2 50 55 A2 A8 94 96 55 14 83 4A 80 10 89 49 4A 12 A0 84 A8 00 48 89 4B 24 95 00 14 
[   79897] ch50 r0 a3: A2 A9 0A 06 48 12 54 20 42 10 0C 90 4A 61 A8 50 12 04 A0 15 26 4A 26 A0 D2 54 40 44 AC 82 AA A2 
[   79917] ch50 r0 a3: A4 4A B6 FD DE D2 45 E8 FD 6D F5 AB AE AC 50 96 81 65 CD 2C 59 DE 16 11 9C C1 4B B6 04 4D 4B 10 
[   79935] ch50 r0 a3: 31 BA 32 46 EA B4 D5 2A 29 52 B6 55 74 6F B3 7A BA 77 21 A5 24 52 44 45 D5 25 4B 2D 55 1E 42 D5 
[   79950] ch50 r0 a3: 95 9D 35 DE EB 28 B2 8A 2F BC 17 4F A9 AF CD 76 B5 2F 6D 7D BB 7E 56 9B F9 BB 69 4C F5 DF 77 DB 
[   79977] ch50 r0 a3: D4 94 CA 09 2A B0 45 04 54 4A 0B 45 34 22 A4 9C 91 3A 68 AA 96 E5 58 B5 A4 41 5A 59 3A 4B 6A AA 
[   80013] ch50 r0 a3: AA D3 22 AC C4 13 45 6A BD BA B4 AA 94 64 9D 25 53 92 6A A2 B8 D3 69 6B 15 BB 55 27 2D F5 5B 4E 
[   80023] ch50 r0 a3: A9 44 2A 55 24 A0 22 CC BC A1 45 15 71 6B 28 4D 71 EA 5E AC 5E 92 DA 9B A7 D0 A4 6D AF 56 E2 CA 
[   80143] ch50 r0 a3: 42 0D 4A 30 53 35 41 2A CB DB 36 9B EA DA 58 31 94 1B 2D 6D AB 96 F2 FD 61 5A D6 2E E5 9D D4 6C 
[   80167] ch50 r0 a3: 55 64 EA 5D 18 69 66 AA B9 1B 9B 57 6A 35 AA E6 B4 EA BA BD 7B 5B A2 A7 77 03 92 0C C4 35 0E 72 
[   80203] ch50 r0 a3: 48 46 A6 75 89 54 B5 4A AC F5 13 05 2A 96 26 6D 2A F1 55 03 65 65 54 6A 12 96 AE 44 D5 56 A8 50 
[   80230] ch50 r0 a3: DD A1 7A E5 24 A4 5C 32 AA 64 94 90 A9 4F 55 22 A7 DA AD EB 2D 5B 54 95 AB 79 AF 2A 9B D4 B3 B7 
[   80256] ch50 r0 a3: 51 C8 C5 CA C5 48 40 5A 45 42 24 12 CA A9 8F 4D 4E 5B 25 5F 29 6A 10 CF 5B 52 29 58 76 49 25 F5 
[   80258] ch50 r0 a3: 44 22 A9 22 41 AA 83 94 08 2A 44 50 2A CD 53 D8 6A A6 AA C2 90 9B 68 C5 4A D5 CD A9 4B D2 D6 DA 
[   80261] ch50 r0 a3: AB 11 AC C1 78 AA 14 BA B4 B8 04 33 5A 52 54 64 A6 AC A2 A9 26 B7 52 0D 57 67 62 8E 1A D5 AA B6 
[   80291] ch50 r0 a3: 54 51 96 30 DD B5 56 FE F1 1A D5 4D D2 EA 5B FB 75 3F 5B 7F 52 BD 7A F5 03 55 56 6D F7 D2 FA 93 
[   80399] ch50 r0 a3: 95 57 2D AB 5C 55 57 32 63 55 66 AC B7 DE DD 92 AD 66 D5 AA 5B CD 59 C2 91 69 DA 95 55 59 AB 50 
[   80415] ch50 r0 a3: 81 32 40 4A 50 A0 45 00 02 51 19 48 45 0A 81 40 00 8C 8A 11 0E 11 50 28 08 98 11 04 92 02 54 D1 
[   80438] ch50 r0 a3: 2C A9 AB 69 59 1B 0A D2 56 84 4C 75 52 B2 85 51 D9 55 14 7B C4 88 EA 4A CA 20 99 52 4D 7E AD 2E 
[   80479] ch50 r0 a3: 88 1A 81 1B 29 41 D4 49 69 4A B1 BC 35 17 4D 5D 62 A6 55 31 75 A9 30 28 8A F2 80 6E 20 C1 5E 85 
[   80483] ch50 r0 a3: 02 11 40 AA A5 24 42 65 D2 22 08 28 A5 6A 44 08 48 12 C2 C0 A0 4A 50 62 0C A9 48 0F 26 0A 50 9A 
[   80531] ch50 r0 a3: 93 40 B7 A9 4F 3D 12 8A 9B 28 29 34 8A A3 D2 AD 72 AD 36 E6 C3 EB 56 E2 6E A4 DB A8 B9 69 65 FD 
[   80546] ch50 r0 a3: 48 AA 2A 6D B3 24 AA 8D 34 B4 AB AA 82 BA 55 55 AB 4A 2B 55 19 4A A2 33 A9 B5 47 2C A5 2D A5 62 
[   80549] ch50 r0 a3: A4 8C B6 CA AA 6A AA 5B 08 92 A9 A9 64 D5 50 15 63 94 95 64 55 BC B5 B5 15 29 2A 95 41 92 AA CF 
[   80561] ch50 r0 a3: C4 62 C9 13 11 08 22 2A 62 D3 45 14 6B 10 2D 82 48 A4 54 06 49 48 02 6C AF 69 DE DA 6A D5 21 57 
[   80586] ch50 r0 a3: FF FF BD D5 6A B1 C8 B6 CC D7 F9 EA 89 A9 56 9D 95 2A 56 D1 46 28 AE BA 41 2A EA AB 56 32 92 55 
[   80643] ch50 r0 a3: AA 52 90 4A AA C8 A4 92 0A 9B A4 AA 05 2E 0A 4D A9 4D 53 52 B0 A2 65 42 0B 76 FE AB 45 AE 3D 43 
[   80674] ch50 r0 a3: D4 6C 65 2A 53 5C 52 A5 15 52 4A 54 95 2A 53 43 A2 0A 82 9C A5 95 BC 10 B4 61 AB 24 01 AB 69 09 
[   80680] ch50 r0 a3: A0 08 11 31 00 A0 62 A7 2C 25 42 90 89 66 A0 AD 49 10 62 4A C6 A4 82 50 B4 95 A4 E5 5C D5 16 A2 
[   80685] ch50 r0 a3: 95 04 09 48 02 0A 11 4A 94 92 EA 29 11 95 2D 15 4A 04 92 40 AB 6C 92 44 58 55 6A B2 22 9A B2 03 
[   80705] ch50 r0 a3: B2 DA 2A A8 AB 15 69 6A 72 F6 B4 6E 8A EC EA B6 70 8D 55 DB 57 32 B8 AB 78 B7 36 49 6E AB 93 54 
[   80749] ch50 r0 a3: ED 65 9A C7 AA B4 D6 71 6A 8A 20 4A 68 D0 E9 36 B9 55 5D 62 A8 95 D3 5A 25 15 B2 4B 0A 8A D5 A7 
[   80751] ch50 r0 a3: 4A AA 93 75 7B 85 96 D7 54 EA 9A 55 09 2B 32 9E 63 A5 B5 2A 99 57 D0 A6 69 74 6D BB 4A 9C AD B9 
[   80753] ch50 r0 a3: 48 89 50 22 04 95 CC 26 A5 66 4C 40 A5 62 95 02 94 A0 AB 2A 6B 54 95 B5 55 54 B1 0B A5 4E E5 44 
[   80825] ch50 r0 a3: 9A B2 93 29 4D 52 95 4A 50 75 52 D3 39 36 B5 2D DD 54 28 31 91 A9 51 22 38 AD 12 4D 45 32 89 9A 
[   80850] ch50 r0 a3: DA B4 46 95 8A 94 2B 65 4A 92 A1 C7 56 4A C4 89 96 29 26 B4 15 A8 D5 69 42 94 D1 42 2A 0B 2E 21 
[   80874] ch50 r0 a3: 50 C9 54 A2 E9 61 95 59 2E B6 99 1D 4A AA 8D C5 55 4A 13 36 04 94 55 B5 55 89 45 A5 26 A3 55 60 
[   80892] ch50 r0 a3: 08 A5 2C 88 24 A5 A1 0D 5A 41 16 AB C8 5D 0D 6C 11 5A 0A E6 52 82 B5 A8 CA 9B 29 AA 99 B5 21 E2 
[   80932] ch50 r0 a3: 22 62 92 B3 D2 AD A4 A5 32 C5 2C 81 69 59 95 5E C2 75 A4 2A A1 88 5A 32 25 75 24 A0 56 9C B2 D5 
[   80980] ch50 r0 a3: 4F 28 4B 43 22 40 22 C6 74 D8 95 64 70 88 48 52 AA A4 9D 49 4A 53 22 A5 45 65 DA 92 AA 28 51 88 
[   81003] ch50 r0 a3: 2A 48 45 2D 21 61 12 79 55 A4 50 89 48 B4 D4 DA 65 70 C1 0A 55 D5 B5 96 2A 58 5A 52 CB 4D 15 EA 
[   81034] ch50 r0 a3: AB B3 6D 37 3D E8 59 6A EA DE B5 6B 22 BD 56 BA AB 5B 55 8A 56 AA AA D8 D8 25 5B B2 CB 31 52 AB 
[   81058] ch50 r0 a3: 43 55 A5 45 55 2A 89 26 B5 20 D3 49 35 5A A2 55 42 BD 2B 55 4A 94 6F D5 EB 22 B4 0D F7 E7 FB 77 
[   81059] ch50 r0 a3: 50 0A 54 81 20 44 20 54 11 11 08 8A 24 02 54 2A 36 EE 5A 99 8F E7 53 26 55 6D 0A B4 89 6D 35 5D 
[   81067] ch50 r0 a3: 6E D6 97 7A A5 6D DC EA A3 55 CF 26 DD 2B ED D7 EC 6C E9 AD 6B 5A E9 AA 48 D5 55 5A 69 51 B5 5A 
[   81113] ch50 r0 a3: C7 25 55 A5 2B D4 CE 8E 13 57 F3 AC D2 3B 35 92 12 5A 7A DB 2D 6A 25 55 6D 4E 36 94 C9 E4 1B 2D 
[   81140] ch50 r0 a3: 45 61 89 02 C8 58 84 2C AA A8 54 91 06 A9 4C C9 2A B4 8D 05 75 8A DE AA AD 75 35 54 AE AB 14 67 
[   81206] ch50 r0 a3: A2 D0 32 93 C6 56 CA D0 C6 02 A1 86 99 5F FF 30 9F C2 91 3C C7 1D 8C AE B8 28 38 23 17 A5 E7 EC 
[   81291] ch50 r0 a3: 07 36 94 0C 8A 20 25 94 45 51 11 04 84 08 38 42 40 54 2A 2A 80 B4 12 00 0A 6A D0 58 21 55 29 56 
[   81328] ch50 r0 a3: 2D 4C AE 05 4A D2 25 12 B1 54 A9 AB 54 EA BA 49 A9 A6 51 5C B1 7F 2A 55 A1 29 08 2A 92 23 46 B6 
[   81343] ch50 r0 a3: 91 34 A9 A9 2D 6A A1 24 5A 6A 25 8D 15 96 B5 6C A2 A2 A8 99 15 55 C1 89 20 24 84 99 6A E5 5B 28 
[   81373] ch50 r0 a3: 82 5E 95 55 24 97 12 69 53 2A A6 BA 57 84 EA BA 44 BE 2A 96 A7 28 AB A3 28 4C AF B4 A4 AB 15 7B 
[   81375] ch50 r0 a3: 1A A5 48 DE 68 8D 45 55 00 24 90 92 AE 5D F7 B7 59 AF F6 5B FF 55 FF EE FB D7 EE FB 9B 6B DF 7D 
[   81446] ch50 r0 a3: A8 56 10 AA AA 4A 11 21 4C AE 15 68 A2 73 BA 05 AA 64 24 D6 AB 6C 5F 40 C4 97 48 A2 82 54 41 B9 
[   81455] ch50 r0 a3: 89 6D 31 55 D2 91 62 97 54 2A 2D 54 76 95 20 BA B7 5A 1A A3 5B 42 A9 22 C9 2B 15 09 51 52 48 5A 
[   81594] ch50 r0 a3: 92 81 03 21 42 40 24 12 95 58 09 10 29 45 23 0A 16 2A 59 04 29 21 14 30 D5 55 32 CA C1 22 20 5C 
[   81652] ch50 r0 a3: 55 B9 93 94 45 52 22 56 94 9B 16 35 EA B4 8A 5B 51 25 8A B4 AB 45 51 DD 65 25 15 64 AA 97 5D 30 
[   81658] ch50 r0 a3: 39 A8 12 52 A1 50 EA B6 AA 65 2E 85 A2 2D 50 CE 12 80 AD 8A 54 15 11 52 33 45 42 C5 CC 51 65 7B 
[   81687] ch50 r0 a3: 41 13 64 98 45 42 91 40 55 AA 42 40 A8 92 10 9C 13 0D 10 94 84 45 2A 4D 55 91 68 24 14 8C 86 28 
[   81688] ch50 r0 a3: 68 48 44 AA 4B A7 4A AF 28 95 4F 11 98 54 CB 28 BA 58 15 3A 88 55 B9 36 4A 0C A2 56 30 CA 90 AB 
[   81783] ch50 r0 a3: 91 52 00 56 94 80 54 E6 0E A0 44 90 0A 8B 41 78 8A AE 2A 94 13 B0 52 0C AA B3 62 64 12 98 4D 3A 
[   81956] ch50 r0 a3: 45 56 2A AE 26 C9 2D 44 42 45 31 14 45 14 46 A1 46 C5 5A A4 95 2A C1 6A AD B5 11 36 84 A3 2B C4 
[   81983] ch50 r0 a3: 65 16 51 A0 90 EB AA A3 AA B6 AA 56 1E 46 B4 AB 2B 7B 6C 9E 74 AA AA AA B2 9D 08 AB AA 64 A9 8D 
[   81983] ch50 r0 a3: DA 97 59 69 AF B7 45 65 56 ED 49 DB 75 D2 5A 4A 75 2A 75 1A D5 A8 5D 4D 57 46 AD 4D AA 2A EA AF 
[   82002] ch50 r0 a3: 89 22 22 8D 1F 54 56 A6 28 B5 1E AE AE 9D 6E 53 AD 56 EA A2 64 EA B4 BA B7 FA 6C BB 55 D5 47 32 
[   82006] ch50 r0 a3: E5 82 95 7B C9 96 18 AA AD 6A 56 EF 55 5E DF 4A CA A5 55 69 AA 9D 69 6E 95 5B 1B 6A B4 35 17 50 
[   82020] ch50 r0 a3: 86 90 08 94 92 95 52 42 A6 02 01 30 14 02 4D A8 51 44 D9 A5 03 34 61 0A 55 49 82 90 90 93 50 48 
[   82025] ch50 r0 a3: 89 28 8A D5 51 24 85 90 80 46 B2 95 0A 12 26 AA 29 2A B4 AA 82 A9 6A 95 7A D1 94 A8 12 95 CB B7 
[   82051] ch50 r0 a3: A1 40 25 5E B1 1F 6B 52 DA B6 5A AB 9A B5 6B 57 C5 67 16 DD DA A7 AB AD 4D B9 1A BA DB 69 F6 D6 
[   82075] ch50 r0 a3: 16 44 C4 90 42 11 52 AA 15 74 D2 6B 7F 0D D3 B5 6B 55 52 D5 1B 2B 51 AF 5B 3A B6 F4 D4 CA AB 25 
[   82216] ch50 r0 a3: 1B 68 26 A1 88 56 92 48 40 20 05 B4 12 22 2D 21 03 D6 89 0A A8 9C 16 83 89 20 A8 75 AD 1A 66 88 
[   82274] ch50 r0 a3: 4A A3 2A 24 40 2C 92 8D 14 47 A2 22 94 4A 4A 9A 11 A9 52 B2 26 88 66 85 54 B3 AB 5A 2A B4 95 9B 
[   82309] ch50 r0 a3: 40 42 23 52 22 49 96 55 45 0C 42 A0 5A A2 95 49 00 A1 22 B9 44 6A 45 61 2B 00 0A 22 47 2A 4A A1 
[   82317] ch50 r0 a3: D5 2A 45 11 2B 37 51 27 76 53 4B 0A 54 AD 69 28 A5 34 1C 2D 2A 58 B4 85 55 5D 4A D4 B2 37 A9 79 
[   82356] ch50 r0 a3: 20 62 51 28 B8 15 41 92 02 44 55 45 47 42 24 04 14 A2 12 59 08 4C A4 82 41 48 29 09 2C 0A 9A 3A 
[   82384] ch50 r0 a3: 26 10 2E 29 24 0B 06 E1 C8 00 16 95 12 57 53 86 16 83 B0 B6 44 88 D7 0A AA 89 82 78 86 95 8F A1 
[   82391] ch50 r0 a3: CD 70 89 A6 85 5A B5 06 90 9A 9A 88 A4 9A 75 21 49 CA 66 86 04 22 B1 55 6C B6 D4 95 55 55 4B B5 
[   82531] ch50 r0 a3: 20 26 4C 80 89 BA B4 AB 42 51 9D 66 B1 64 16 E2 AA AF AA 9B DA 4B AB 25 90 90 AC 5B 54 A0 D5 25 
[   82650] ch50 r0 a3: 8A 88 D4 90 4D 0A 81 11 B4 20 92 44 24 96 56 D2 CA 52 49 6A 02 B0 82 06 B2 A9 45 D5 11 A1 56 D5 
[   82669] ch50 r0 a3: 41 13 69 6D 2A 28 49 05 48 A9 1F EA 48 DB 51 8B 57 2D 0A 6A B5 95 54 D7 66 E8 D1 55 7D 55 51 22 
[   82677] ch50 r0 a3: E4 8A A5 4C C9 4A E5 16 46 34 A1 12 11 A6 16 A2 46 D5 05 16 32 62 B5 75 AA AA DF DB 76 EB D9 5B 
[   82700] ch50 r0 a3: EA CA 4A 94 AA A2 93 55 52 67 65 6D 48 D0 DD 38 D4 C5 56 AC 7B 62 92 59 55 E3 66 DD 57 52 75 55 
[   82730] ch50 r0 a3: 99 32 A1 44 89 49 15 58 10 A8 25 70 18 85 96 42 52 24 82 05 55 74 AC AD 64 A0 AB AB 5B 36 84 B6 
[   82744] ch50 r0 a3: AA 94 8E 5B 5A 25 62 A8 85 5C 64 AB 29 2E C8 A8 2A AA 54 6A 5B 24 A9 54 A1 85 71 49 62 A9 34 52 
[   82775] ch50 r0 a3: 82 A1 42 CC 30 09 51 05 08 8A AA A7 9B 1D D6 26 DB 6C 22 59 3D 7F BA DB A5 AB 55 35 B8 D8 96 96 
[   82802] ch50 r0 a3: 29 CA 88 88 AA A4 A2 15 24 A5 A5 55 46 4C 81 5A A2 58 A9 29 47 C5 6D 6A A2 DB D5 6B D0 9B 96 5D 
[   82854] ch50 r0 a3: AD 14 96 85 28 95 A2 F4 91 02 CD 2A 35 49 2A 2B 52 B5 25 6A A6 A8 6B 0A 97 51 04 95 37 56 B9 75 
[   82857] ch50 r0 a3: 5A 88 29 44 37 55 84 AA 11 A5 22 B2 A6 E3 4D 09 38 EA AC AB 2B A4 D1 EA 44 50 FA 5D 14 2B AA AC 
[   82908] ch50 r0 a3: 88 04 0A 7D 0C 10 89 DF 60 95 E2 AB 75 CC 72 CA 84 08 90 36 88 0F 11 A5 DC 04 49 55 80 04 4A 5D 
[   82917] ch50 r0 a3: B8 66 07 50 48 10 A2 0E 08 96 42 B2 52 10 A5 2A 43 12 57 15 80 C1 12 86 08 94 00 04 A1 50 73 46 
[   82920] ch50 r0 a3: 26 54 36 24 9D 0B 89 68 B4 8A 4A B5 21 AA A9 42 0E 3D 10 3B 06 53 69 0B AD 2D 76 CB 5F 54 FA E5 
[   82938] ch50 r0 a3: 02 AA AA 32 A4 05 48 52 49 AB 54 AD 28 B4 49 AA A2 86 D5 06 AB 7D 5B 9B 54 5D 6E 6E ED 68 34 B3 
[   82947] ch50 r0 a3: 44 A0 01 10 22 A0 00 24 15 10 90 02 29 51 25 52 41 41 44 65 02 C0 42 15 40 24 50 08 8A 15 24 46 
[   82955] ch50 r0 a3: A8 D1 84 55 52 44 62 61 91 25 4D 44 29 2D 52 C2 AA AD 21 B5 AA 12 E5 91 2A 5B 4D AC 9C AA A9 53 
[   82960] ch50 r0 a3: 4A AA 92 A1 2D 52 1D 95 B6 BE AF FD 5A FD 6B 55 DF B6 5F 7B BA CE DE 7B 7F BF DF D7 77 7E FB BF 
[   82988] ch50 r0 a3: 0A 45 4A 8A 14 D3 56 F5 4C 8D C6 4C AD 29 35 25 65 59 64 A9 5C C5 55 20 04 A5 4A 4A 94 48 14 A0 
[   83000] ch50 r0 a3: 25 2A 82 5B 0D D1 29 55 A6 8C 0A 40 25 29 A0 95 45 57 56 A2 4A 2B A4 A4 8A EF 67 2A 8D 74 AB 0A 
[   83048] ch50 r0 a3: 66 A6 71 1E 29 8A 15 5E D3 8F E1 DE 46 E5 3D B0 60 00 00 19 46 80 00 60 04 88 45 8C 32 85 06 08 
[   83072] ch50 r0 a3: 56 66 BE FA A9 DD 55 D1 4A 54 DC F5 56 2E 16 52 DA 89 BC 8A 8A 85 74 59 48 69 06 BA 63 A9 41 29 
[   83137] ch50 r0 a3: 48 D5 42 08 AD 62 A9 4A 11 21 65 60 64 2E 35 01 54 92 8C C7 50 8A 2A 94 02 22 A4 20 46 54 1B 28 
[   83189] ch50 r0 a3: 39 97 55 56 67 15 85 AE 2E B2 75 5D B7 3C 9D 30 89 46 70 1A E1 A4 29 E3 79 44 84 AA ED 4E E0 CD 
[   83219] ch50 r0 a3: 2A 92 50 DA DA 2A 54 84 0A 51 93 22 8D 95 A1 21 61 01 55 35 52 11 52 A5 75 E9 4A 8A 6D 49 A6 85 
[   83308] ch50 r0 a3: ED AB 6A 95 4E B9 4C 96 AA 9D 89 5A 95 55 D5 B9 6A 94 4B D9 7B 29 4D 55 A6 99 6E 9B 49 72 AE E5 
[   83323] ch50 r0 a3: 96 AA 25 49 1B 6A 0D 52 64 51 54 2C 89 11 0A 0A 2B 20 49 19 45 49 69 AB 4A A6 85 8B 42 52 29 48 
[   83381] ch50 r0 a3: 35 54 A5 A9 56 B1 49 A2 34 71 25 0A C2 AA D3 74 75 4E AD 29 2D 02 65 2F 57 7E 05 2D 76 D4 6B 2D 
[   83386] ch50 r0 a3: 92 88 80 89 4A 05 2F 22 52 18 95 2A A4 A4 C4 A4 15 52 A2 B7 6A EB 44 AB 2A AA DA 36 A2 A9 6A 2A 
[   83421] ch50 r0 a3: AD 8A BA BA 5D 5A 93 65 4B 52 A0 5B 4A 92 35 43 81 90 4A AE 2A 38 D3 41 52 19 EC 5A 2C 82 91 64 
[   83428] ch50 r0 a3: 2D 04 48 59 62 46 A5 9A 5A 5C 94 4D 12 82 BA EA 65 52 A5 85 81 35 25 56 55 4B AA 12 54 B5 95 AE 
[   83429] ch50 r0 a3: 54 A2 A2 AA 88 A2 22 AD 2E 70 A2 D5 52 B5 4A 2A C6 D6 8A 3B 56 2A 8D 41 48 C4 51 23 65 A4 A4 AA 
[   83445] ch50 r0 a3: 88 4D 4A D0 22 34 6C B2 8B 44 14 88 00 B5 F4 EA FA AD 14 4A 95 B5 6D 56 DA AD 9D 64 CD 55 A4 A5 
[   83453] ch50 r0 a3: 95 55 19 9A 14 A2 05 2D 6D 14 55 D4 0C A6 F5 48 2A 24 CA 52 A9 79 14 91 A6 55 17 2D 12 D5 97 AB 
[   83495] ch50 r0 a3: AA 43 41 09 41 11 01 06 95 9A 93 D4 20 48 8B 10 90 99 54 C2 02 CB 0A 85 14 00 11 81 62 24 82 B8 
[   83517] ch50 r0 a3: C5 04 A8 2A 42 B5 B0 95 55 6A AD 53 39 44 B0 EA 55 50 3C 48 48 BA A2 52 48 4A 8C AA D1 92 AD 2A 
[   83558] ch50 r0 a3: 68 86 7B 42 AF A5 1B 88 64 09 8B AA 71 FC 3B CB 24 19 A9 D9 C6 68 1D 0E FC 5F BB 3D A1 55 05 A9 
[   83568] ch50 r0 a3: 93 53 2B 45 22 D4 55 28 C9 48 C8 49 12 49 28 26 A9 09 D9 4C A1 49 05 17 84 B5 22 30 93 65 5A 0B 
[   83590] ch50 r0 a3: 50 A2 BA 89 13 50 96 26 AA C3 2B 92 4A 01 81 69 54 94 90 51 45 2B 59 48 84 88 64 B2 17 94 61 00 
[   83821] ch50 r0 a3: 02 2A 53 12 20 5D 43 94 18 4A 24 80 84 09 10 06 64 22 C0 22 42 88 20 59 74 24 A8 1B 02 A0 08 91 
[   83849] ch50 r0 a3: 2B A4 AA 6A A9 6A A4 93 2D 56 AA 6D 6D 96 BA 6A AA BA E9 AD 79 B4 B3 53 AA 9D D5 55 08 89 4A 55 
[   83853] ch50 r0 a3: B4 82 CC A2 20 CC 4A 2A 52 AA 97 A5 B5 6A A6 62 40 51 55 30 22 87 64 E2 59 65 85 57 4A 35 32 CA 
[   83895] ch50 r0 a3: 28 55 28 88 0A 12 55 22 51 45 32 CD C5 5A 53 D7 D5 EF 7E A7 4B 7A D5 BA 7F 4D F5 9A BA BA D6 B4 
[   83938] ch50 r0 a3: A5 44 D5 55 2D 57 22 A2 A2 D0 45 51 AB 0A AC 86 0A CA AC 56 48 56 CA 0A 8E 73 AE 8A D4 5A FB 5B 
[   83995] ch50 r0 a3: AA 24 23 2B 44 91 12 AA 90 54 09 12 54 9A A1 56 A9 28 98 4A 81 2D A9 95 6D 26 54 96 C0 21 34 7A 
[   84000] ch50 r0 a3: 52 15 89 49 AE A8 C1 58 B4 A4 49 54 2A 85 50 D4 53 68 C9 AB 69 4B 52 BA AA A2 53 60 94 65 A8 CA 
[   84030] ch50 r0 a3: A0 A5 8A A4 A9 AD 45 5A 96 45 55 F5 5E D7 56 FF 52 DB BB D6 C9 6A A3 52 A5 6B 55 B6 CB BB 57 69 
[   84103] ch50 r0 a3: 90 5A 41 47 D2 B5 CA 4A AD 7E EC CE 4D 6D AD 6B E9 4A EC 5A 69 16 7B 6D 35 56 AB 51 AD 54 31 60 
[   84151] ch50 r0 a3: 28 AA 14 A6 94 94 D2 A1 49 21 4A 96 D5 C9 55 54 AE 89 25 0A 35 AA B4 87 6E CD 5C 82 ED 5E 7B 55 
[   84244] ch50 r0 a3: B5 4A 6F 45 A4 64 42 98 24 9A AA CD 55 40 61 D2 B0 A2 1F 25 42 0A E9 25 49 4A E4 10 1A 8A 84 D3 
[   84254] ch50 r0 a3: A1 15 53 59 54 81 54 42 0A 8B B5 5A 9B 5D B4 EC 12 EA 84 55 29 31 0D 0A 7B 55 69 9A B4 7C 58 E5 
[   84263] ch50 r0 a3: 6C 4B 8A D5 2A 8A D1 2D 74 45 4B 56 74 B5 12 B5 26 99 10 45 D5 4D AA AC 05 2F 44 57 2C 9D 55 67 
[   84273] ch50 r0 a3: A1 54 40 DC 56 45 42 E6 88 D6 D2 85 52 15 87 01 25 5C AE A5 B5 A5 16 6A 8A A8 90 53 B5 A6 D6 57 
[   84313] ch50 r0 a3: 80 89 42 52 00 48 C5 14 2A 01 C9 A8 08 A4 4A 8C 16 15 61 23 2A 15 43 BA 5D 2B B4 B5 77 EE 5A ED 
[   84382] ch50 r0 a3: 95 AD 25 7A 99 A6 2D 46 EA A8 A7 84 5A F7 6E ED 76 74 3F F9 9A 9A F7 B8 EF E7 3D 1E AF 64 AA 72 
[   84430] ch50 r0 a3: 4B 44 8A 95 49 50 B8 D5 98 72 82 90 AB B3 AA D2 95 92 CC E7 CD 5A 53 A2 17 49 53 C9 69 5B 15 ED 
[   84458] ch50 r0 a3: 44 01 08 4A 8E B5 DC 9B 35 DB EF 2A AE 57 77 6E 27 5D 6B EA B3 35 52 A8 55 54 AA 69 33 4A D4 AB 
[   84476] ch50 r0 a3: 92 88 08 51 22 A4 05 42 A4 80 5E B2 BA 95 7B BB 6B 72 E7 7B 3B E2 EA AB F5 BC EF 4B AB DF 39 75 
[   84567] ch50 r0 a3: 26 DB 5E 52 53 66 AC BB D2 D7 49 CF E7 2A 6D 9C DB 25 9E A6 55 8D 8A B5 59 B0 B9 AD 79 6A 76 CC 
[   84622] ch50 r0 a3: BA A6 7E BB B6 DF 2A B5 F6 EB 56 BD 7D DB 7D 7B 5B FB BA 6B C5 43 BD CE 55 D7 2B EF 9D 6B 37 AA 
[   84639] ch50 r0 a3: 14 AA 46 E6 66 65 54 95 12 BB 56 82 4D 84 9D 0C D0 53 08 E9 A1 2A C5 51 5C B5 55 55 25 48 84 95 
[   84703] ch50 r0 a3: 8B 2C 53 39 31 75 1A A0 23 A3 5A A4 A8 A2 A5 49 6A C5 52 5A D5 46 9D CA B6 EA EA DD 65 71 93 AE 
[   84754] ch50 r0 a3: A8 8A C5 53 4D 54 D2 54 50 95 AC D5 54 43 4A AC 2A 28 A1 B6 EF F6 BA 5E EF FA AB 35 5A A8 96 B4 
[   84789] ch50 r0 a3: 4E 85 25 82 AA 96 61 49 AA D3 92 AE 6A A5 30 24 69 28 9F B5 2B B2 6B 1D D6 BB 51 2A AB AE B6 BA 
[   84791] ch50 r0 a3: 6D 53 9A 26 99 12 D2 A9 55 29 D2 A0 9D 55 4B A6 88 9C BB 2C 4C 56 E5 42 A5 74 9A BD F5 D9 A3 2A 
[   84823] ch50 r0 a3: A9 BB 48 53 BD 09 6A 5A 2A D1 50 9D 22 32 85 92 52 D2 89 74 D6 53 99 A9 AA 30 59 23 36 84 56 0B 
[   84850] ch50 r0 a3: 11 51 4C C9 51 12 D4 26 69 8A 45 1C A5 BD AB 30 AF 5B 2C A5 D7 67 65 5A EA AD E6 DF ED D7 56 AD 
[   84872] ch50 r0 a3: 6A 12 B2 A0 AA EA 2A E9 A5 59 DB 56 56 E5 36 8C C8 37 B6 A9 2B 31 DE EB 95 2B 64 5D A2 AC A8 A5 
[   84876] ch50 r0 a3: C2 AA C8 28 E2 10 24 32 45 BB 35 D2 A8 B7 A9 BA B3 55 AB 16 AA 8E 6A AA EB 3B 7B FB DD 6B F5 D5 
[   84878] ch50 r0 a3: AB A5 52 29 54 A0 A4 AA 56 91 08 AA 94 A0 54 44 45 54 AA 0A 23 54 C4 9A 8A 24 55 2C 48 56 28 AA 
[   84948] ch50 r0 a3: B3 37 34 B4 D5 B6 A3 6A 92 F5 09 09 02 AA B7 E5 B1 54 4E E4 C0 5A AA 66 AB B4 8A 95 40 A3 36 94 
[   84996] ch50 r0 a3: 91 49 54 35 4B 44 28 4C 92 06 88 AD 5C 70 AA B3 11 0A 82 BD 12 90 91 70 C0 CE 24 25 9A C2 84 09 
[   85008] ch50 r0 a3: 94 91 2C 92 7A B5 B1 25 59 2D 56 C4 4A AD 50 AA 8A AC 25 95 13 59 40 B7 79 92 64 E2 94 AA A8 A0 
[   85012] ch50 r0 a3: 52 25 69 58 2D 11 4A 4A FD B3 55 45 57 9B B7 57 0D 45 85 4B 76 B5 55 55 AE CD 94 8B DD BA 55 BC 
[   85051] ch50 r0 a3: 22 02 CA 80 95 1A D2 14 54 B0 80 41 14 10 10 48 01 88 51 A2 0A 82 6A 26 12 4D 6A 84 15 29 53 4A 
[   85083] ch50 r0 a3: 6A 32 6E 26 6D 6C 40 5D 34 69 62 45 64 89 52 17 53 0D 2A 52 DA D6 A5 89 95 B5 2A A4 9B 2F 0F 51 
[   85086] ch50 r0 a3: 33 DA FA D5 46 4A D1 CD 55 5B 19 8B 36 26 86 82 14 7B D8 BB 41 56 15 F4 6F 6A FA 98 30 65 92 64 
[   85092] ch50 r0 a3: A8 29 29 42 8A A2 AD 2D 30 40 2A 51 25 08 88 22 2A A4 4C 84 80 28 41 4A 15 A8 55 6C 11 5A C1 36 
[   85183] ch50 r0 a3: 95 16 52 4C 46 B4 56 AA 80 B5 A4 94 B9 66 67 68 1B 2A C6 5D 4B CF BB 53 66 A6 D5 53 ED BA 95 55 
[   85192] ch50 r0 a3: A8 48 44 85 82 91 11 34 0A 04 48 51 4D 29 00 84 95 AA 97 54 02 D1 C5 15 69 36 C8 E5 44 CD 4A 54 
[   85204] ch50 r0 a3: D6 31 3A A9 04 A5 11 5A 29 18 82 32 20 99 02 4A A2 55 48 16 A8 26 2A 88 A4 8E 14 4B 6D AB E7 65 
[   85233] ch50 r0 a3: AA 43 36 29 9B 1A 90 2A A5 B5 60 89 16 52 AD 4A A9 29 54 95 1A 59 15 95 55 32 D8 54 31 22 41 A2 
[   85246] ch50 r0 a3: 9A A8 53 8B 02 15 22 83 D3 41 51 25 64 94 D5 52 89 A4 AB 58 ED 49 A9 6D 82 51 3A F7 9B 72 DD 35 
[   85257] ch50 r0 a3: 90 29 59 90 87 69 36 A8 95 01 14 46 2A AC DD 69 75 55 B6 AB 5A 3A EC BA D3 35 B9 65 44 D3 B6 9A 
[   85267] ch50 r0 a3: 7C A9 05 52 D5 64 55 40 4D 0A AB 5D 2A 4B 69 09 69 1E 4C 6D 54 6B 43 31 54 D5 C9 0D 3A A1 56 B2 
[   85273] ch50 r0 a3: F6 A2 BB 53 A5 95 AE 5D 65 94 95 BB 56 B3 57 2A 6B 54 41 52 32 9E F1 55 3A 6D 2A 6B 6B CB 4C AD 
[   85287] ch50 r0 a3: E2 1A 2C 12 11 AE 61 E1 64 22 74 32 20 89 22 4F 99 50 82 DC 81 AC D4 29 E0 C6 6B 23 1D CD 0F 62 
[   85316] ch50 r0 a3: 2B 36 18 2A 6B AA 95 55 AA A2 6A 2A F6 56 55 22 A7 59 B9 42 31 55 94 91 09 56 AA 82 9A 24 CA 89 
[   85328] ch50 r0 a3: 59 13 25 2B 5A 4A 22 4C 56 D9 B5 56 55 2A 6E AD 6D 56 AD 6B 5D CD 2A 23 C5 16 0A 95 A5 31 69 EB 
[   85356] ch50 r0 a3: AA 2C 52 88 28 92 04 A6 51 60 89 4A 48 95 68 D1 5D 5C 8A B6 A5 ED 96 96 D5 51 61 8B 6A A5 1A D5 
[   85362] ch50 r0 a3: 52 86 AA A8 26 5C 80 74 54 02 B0 A4 80 AD 69 62 28 92 CB 6C 49 10 13 11 95 32 12 A0 2A 90 25 48 
[   85426] ch50 r0 a3: 92 4A 9A 85 4A A9 B4 A9 45 5B 54 84 AA A9 25 22 10 8A 55 6B 10 5C 10 25 04 D6 3B 44 25 42 1A 8D 
[   85426] ch50 r0 a3: EC 51 89 AB 53 2A B5 D0 A5 29 10 AD A1 55 24 9E E6 D7 69 5F 55 DA 96 9A E5 5C 2E 4E 6D 15 2C AD 
[   85433] ch50 r0 a3: 94 AA 95 2A BF BD 4B 7C A6 2C DB A7 AF 71 A9 57 3B 2E FB EB 2F 4A AB A9 2B A6 AB 39 37 CD 94 DD 
[   85483] ch50 r0 a3: CA 15 8A EE 55 55 6A 59 EA A5 22 55 75 51 6A 41 56 89 B2 54 A1 25 3A C5 55 28 03 55 25 3B 50 AA 
[   85485] ch50 r0 a3: 4A 55 4A 9B 55 AA B6 DE 54 D2 A6 4E B5 AB 89 A8 A7 7B 7B A3 D3 AF 5E 7A AE 02 C8 A2 99 16 75 75 
[   85499] ch50 r0 a3: 9B 55 95 F7 AD 52 B5 5A 9A AF D7 37 55 4A 24 FE ED 5B 55 5B E9 EA D5 57 B4 5C DA AC B5 AA DD BB 
[   85583] ch50 r0 a3: 94 4C 43 55 75 AD B9 79 AA DE E6 EB 75 66 DD DB BB D5 6A FD 52 AA 7E EF AE B3 7F F7 D7 73 B5 2F 
[   85604] ch50 r0 a3: AB 52 E9 33 29 05 AA B7 AA C5 D2 91 04 32 A9 9A 2A 95 24 59 29 48 AA 46 91 56 FA 09 59 12 CA 49 
[   85613] ch50 r0 a3: 55 36 BB 55 6B AD 58 41 0E 48 41 80 A5 52 D4 48 04 45 2A 9A 26 11 06 15 49 43 62 A2 8D A6 92 89 
[   85624] ch50 r0 a3: 25 46 0A 54 94 2B 48 50 24 14 A0 40 C4 44 51 A4 90 AA 4A 5E B5 01 15 05 24 82 90 52 C8 22 21 41 
[   85756] ch50 r0 a3: E7 55 55 36 B6 AA A2 AD 76 AD 45 58 B4 8A A4 88 75 2E AC B0 F4 86 C5 5D 52 74 9C A4 DB 29 75 A9 
[   85777] ch50 r0 a3: 00 0A 9A D4 00 2A 54 00 94 47 5E A1 AB 52 B1 10 C2 25 88 10 11 29 31 85 28 85 53 28 30 54 20 98 
[   85801] ch50 r0 a3: 1A 25 28 99 55 0A 89 51 61 64 12 24 48 93 42 29 25 45 11 51 10 A2 2A A5 52 A5 2A 0A 8A 52 8A AA 
[   85809] ch50 r0 a3: 22 42 40 84 44 14 51 1A 08 02 01 22 14 40 12 24 0A 2A 18 A8 2A 84 0A 05 29 44 0B 89 3A 5D DD 5A 
[   85893] ch50 r0 a3: B5 A1 59 89 65 A7 01 08 04 91 42 54 4A 97 A2 54 BA 0A B1 12 92 94 A5 B2 54 29 B2 CA 2E 55 9E 15 
[   85902] ch50 r0 a3: 2A AD AC 55 21 69 52 EE EB 1E AB 4B B9 D2 D2 93 65 6E BD 35 F2 D7 B4 52 B4 FA 55 49 53 5A 4C BB 
[   85957] ch50 r0 a3: AE A5 10 B2 99 40 14 04 82 2D A4 0B 24 89 14 A8 15 A9 05 14 08 B5 65 59 2A A8 D6 A2 34 24 A3 55 
[   85977] ch50 r0 a3: A1 20 04 D5 25 24 8A 96 40 08 A0 40 A5 18 82 34 92 00 40 21 46 AA 50 18 82 B0 59 92 92 44 88 48 
[   85988] ch50 r0 a3: 09 14 85 50 56 D8 A4 20 26 47 51 91 56 A2 00 52 25 44 D2 70 52 32 34 4A 22 21 48 A8 85 26 45 29 
[   85992] ch50 r0 a3: 84 84 A4 8A 48 D2 0B 21 15 39 94 AA A8 15 2A 99 6A 97 09 84 AD CA 45 25 A5 2C 89 43 08 92 62 52 
[   85994] ch50 r0 a3: 94 AA 4C 29 22 49 25 5A 35 2E 15 A5 2F BA DB 75 B2 F6 AD DD 6B 5C 89 92 A2 B7 BB 4A 88 D3 6C 4B 
[   86014] ch50 r0 a3: 78 C9 52 05 54 81 A1 64 CA 2A D2 81 0A 69 53 05 40 42 92 45 56 F6 EB 5A A9 3E D5 D6 8E F6 A5 AD 
[   86028] ch50 r0 a3: 48 A5 B8 4E 2A 23 51 89 28 68 40 50 43 41 64 88 95 52 D3 D0 08 F4 A0 85 42 A4 84 10 24 A2 65 51 
[   86097] ch50 r0 a3: 26 A4 04 94 48 B5 4A 51 68 B5 AA 95 56 59 51 74 2A AA B6 42 3D AA 16 5D 6A 73 10 75 1C AC 5C 8E 
[   86099] ch50 r0 a3: 89 35 55 9B 55 AB 50 D9 59 9A A5 85 77 2A 4E A3 A0 5D A6 B4 08 E8 81 B9 F3 BA EA 4B 5D 59 DB 5B 
[   86124] ch50 r0 a3: 69 4A 5A 99 2C 2B 8A 92 93 2A 49 4A 5D 49 AD 2E 54 B0 09 44 9D 68 22 54 4E 2A 95 0B 0A 92 9A 8A 
[   86127] ch50 r0 a3: A6 29 7B 51 6A 46 95 35 16 2A B2 B5 08 8A 75 08 5A C1 62 A5 A3 9A 15 6F 5B 5E 4A 56 F9 6E 5B AA 
[   86139] ch50 r0 a3: 25 14 29 14 B4 9B 57 F5 6D 3D 46 C2 A4 95 13 60 D4 A9 3D 64 A4 C9 44 16 A5 A5 19 37 5B 12 25 4A 
[   86182] ch50 r0 a3: A3 4A 41 44 22 D6 A0 30 A7 09 D2 24 A1 59 2D 41 0A AA 58 A4 C6 09 4A 54 D3 69 56 AA 59 57 AA 55 
[   86184] ch50 r0 a3: AA A6 43 45 2D 53 1B 5A 02 59 44 9A A4 98 55 54 AA 1A 2C 62 8D 09 DA D5 0C 04 51 A8 24 90 55 2B 
[   86272] ch50 r0 a3: 84 42 15 2B A5 74 B5 0A 56 A9 50 22 41 6B 4E 50 62 6A 51 2A 89 10 12 36 4B 28 8A 24 D3 54 D0 31 
[   86284] ch50 r0 a3: 54 81 45 04 15 28 A2 A2 00 A8 02 A5 49 24 62 4C B5 09 5A 80 2A 55 44 1A 18 14 AE 15 EB 4F 59 53 
[   86307] ch50 r0 a3: 93 21 05 56 75 D2 D2 ED D9 B1 5A BA ED AB C4 B2 B6 17 A1 5B 6A BB DA 29 6B 6B AD 2A F4 B9 5B 6B 
[   86316] ch50 r0 a3: 40 23 55 B0 8E D4 39 CB 84 2A FC 3A C5 1D 95 66 A3 3D 77 14 D5 D3 08 44 40 29 2A 6A 7B AA 89 C5 
[   86353] ch50 r0 a3: FE 56 8D BB 55 75 D5 5A D2 BB C2 88 2A AA DA B7 C1 3D 2A 92 AD 6A EA 4B 66 A9 C3 B5 49 55 A9 AA 
[   86354] ch50 r0 a3: AC B4 ED 24 67 05 6A 20 52 94 36 54 8F F2 62 95 AA A6 4A C2 25 C8 A4 14 04 4B 48 AD AB 2A A4 35 
[   86361] ch50 r0 a3: 40 02 81 24 82 AA 8C 20 D0 54 C5 12 49 42 24 84 59 40 92 04 A8 92 80 45 20 0A 0D 4A 2A 01 02 09 
[   86468] ch50 r0 a3: E8 89 99 65 5E AA 90 A3 09 69 51 49 A3 4B 55 1C B4 B1 A5 12 A4 A5 14 D5 29 13 5A B4 D5 56 B0 55 
[   86535] ch50 r0 a3: A5 69 49 C4 14 91 26 C9 A2 28 82 92 A4 A6 CA 14 22 A6 8B 20 91 14 2A D9 6B 18 EA AE D2 FA AE 27 
[   86586] ch50 r0 a3: 81 08 D5 54 D5 16 95 10 92 09 11 54 A3 0C 2A B8 92 9A 44 2A 83 0A A9 51 12 88 05 6B DB 9D 33 E8 
[   86732] ch50 r0 a3: 00 04 50 EA 82 C9 02 26 2E B6 0C D4 E7 B4 2A AB 60 CD 4E 7B 42 AF A5 1B 8E E1 C8 95 64 81 17 5B 
[   86747] ch50 r0 a3: AB 99 A9 38 44 AA AA A4 95 52 A8 44 90 D0 82 4A A5 37 4A 8A 32 55 BA 15 4D 2D 55 75 4A AA 8A 5E 
[   86864] ch50 r0 a3: F4 5A 95 45 1B 75 26 52 94 DA C9 D4 55 75 55 56 B5 2A 95 28 0B 4A 14 A0 A1 24 5A 22 DA A9 0D 0C 
[   86866] ch50 r0 a3: 05 22 A9 0A 8A DF D2 54 D4 44 96 AA D4 A2 6D 2A 96 A0 45 26 D4 5A 07 09 2B 5A 8A AE AD 8A AC C2 
[   86929] ch50 r0 a3: 89 D4 8B 41 C9 2D 20 93 86 AA 82 24 11 02 22 96 40 C4 15 40 C2 98 26 0A A6 08 A4 AD 46 51 42 90 
[   86956] ch50 r0 a3: 90 AA A9 4A A6 CC CD 6D 2A AE FB 44 AE 4D B6 BA A6 A9 5A ED 55 9A B6 94 D3 4D 5A C1 2A CE CA CA 
[   86958] ch50 r0 a3: 4B 06 55 5A EA AE 6A D5 55 BE BA AA A4 82 DD 75 49 22 A9 AD 4D 34 24 94 22 CE 59 2D 0C A9 44 11 
[   87008] ch50 r0 a3: 08 05 00 88 08 11 55 44 90 13 11 48 92 56 B2 C1 2A B5 5B 92 3A 56 AB 52 A4 E9 4A DB 50 91 4D 42 
[   87016] ch50 r0 a3: AD 2B 4E 6A 86 92 13 62 A5 A5 47 10 95 7A 52 42 E6 AA A5 C5 54 08 5A 34 94 45 54 B4 AA 4A 8A 4C 
[   87023] ch50 r0 a3: 28 4A A9 14 15 A9 53 34 9D 3C 95 DE FF 7E AA 53 55 50 A9 15 85 25 54 50 AA 41 2C 52 23 9D 08 08 
[   87034] ch50 r0 a3: A8 92 36 14 5A 45 2A B3 69 53 48 D2 51 34 1D 92 D2 98 AB 51 04 92 2B A8 AA 83 94 2A A4 A5 C8 54 
[   87073] ch50 r0 a3: 52 82 89 1A D8 55 4E 55 6D 2B 59 47 15 92 54 89 1A AA 6D 92 AB D6 95 7F A3 3D 25 5A EA C9 A5 DC 
[   87074] ch50 r0 a3: 51 CA 56 45 25 AA 69 A9 D2 A8 91 28 52 67 58 C4 48 25 09 29 35 25 AC 99 4B 2A 2B 25 41 66 A4 AA 
[   87125] ch50 r0 a3: 55 5D 52 35 56 9F 55 91 AC 58 62 AC CD 51 2A C9 5A 35 6E A2 B9 48 AA 91 4B 11 A8 4A 0A E9 38 95 
[   87158] ch50 r0 a3: 18 11 00 18 21 88 88 24 00 1A 14 41 8A 8D 45 48 96 40 00 00 00 00 00 24 AA 49 34 11 08 4A 30 48 
[   87191] ch50 r0 a3: 41 42 95 D6 A2 62 B5 64 D6 5C 9C ED 46 9D 52 AA AA 73 6D 46 95 45 6C 69 2E A8 65 2D 13 42 CA 03 
[   87220] ch50 r0 a3: A5 49 84 5A 15 35 56 8A A8 58 54 95 6A A1 24 A5 45 6A 69 52 59 09 41 12 55 A9 45 2A 99 22 0A 35 
[   87265] ch50 r0 a3: A6 1A 24 95 24 28 52 48 12 26 A5 2E 7A DB 4E EB B5 DA D5 55 53 76 A6 AB 05 5A AD 65 35 4B 59 52 
[   87282] ch50 r0 a3: C1 4A EC AE C2 AE C8 A4 9C 58 A5 5E DA BF 97 ED 55 D6 A3 50 4E A5 45 49 26 ED 0A A6 9A 4C BC AA 
[   87290] ch50 r0 a3: BA CC 8C B4 90 58 B8 AC A1 D0 CD 1A C4 DE 3A D0 EB D6 61 A0 49 68 EB 24 5D D5 40 98 88 27 A4 28 
[   87379] ch50 r0 a3: 2D 21 26 C9 40 AA 8A 76 A9 25 9A 99 95 CC D5 54 A8 D4 35 5A 52 E5 52 97 2B A9 EB 35 59 4D 5D AA 
[   87380] ch50 r0 a3: 9B 44 CA 0A 84 52 27 28 A9 02 81 5D 4A AA 95 4D B5 F1 ED 59 2D 9F F0 A9 39 EC ED 59 BE D8 F9 96 
[   87399] ch50 r0 a3: 00 00 00 00 00 09 25 17 68 B3 28 00 02 67 6A E5 51 79 6C 59 A6 D7 51 A9 F3 55 56 15 4A 3C B5 B5 
[   87400] ch50 r0 a3: A5 A5 54 A4 D5 53 49 B9 F8 CA 4A B4 F6 E8 5A E5 CB 67 EA 59 B4 55 B9 D5 09 54 8A A6 DA AA 95 C2 
[   87406] ch50 r0 a3: A4 AA 95 2A AB 7A 56 EA D3 A2 DE A2 A9 6F 3C B2 55 79 FB D7 52 70 63 15 96 45 D0 B4 6A 08 A1 54 
[   87414] ch50 r0 a3: 52 25 84 B6 55 55 4A AA C8 B0 9A 9A C1 93 94 4E DD 2A AA 56 ED 98 CA F5 49 D2 CF EF F5 DA 36 BF 
[   87487] ch50 r0 a3: D2 53 2A 86 88 D6 51 9A 12 F2 15 56 1A 3A 52 71 54 EA 88 D3 5D D1 22 FA 54 65 5A B4 B4 A9 95 2A 
[   87501] ch50 r0 a3: 69 20 85 40 4A C8 12 55 56 89 95 05 7A 04 90 32 2D 2A 99 15 25 6B B3 51 15 6C 6C 75 87 4D 27 8B 
[   87539] ch50 r0 a3: 8D 50 3A A4 D2 1C 25 A2 D5 03 29 4A 9E 96 44 27 54 AC 29 B8 AC A9 4D AA AB AA 92 AB 93 A2 0D 65 
[   87595] ch50 r0 a3: 41 2A 50 A0 93 89 48 97 72 AB AA F7 66 55 64 D6 AA D5 52 53 0B 35 AC D5 39 55 20 B6 A5 E1 21 AD 
[   87695] ch50 r0 a3: 46 DC C9 25 24 00 24 9A 45 46 82 B4 A2 22 22 7A A5 35 AA 35 02 92 55 16 2C E7 A7 5C 68 34 95 09 
[   87696] ch50 r0 a3: 05 24 80 44 14 B4 D7 05 B0 24 14 24 E4 21 55 AB 7B 41 54 AD A4 9D 15 63 6D D9 A5 B5 27 37 8B 6D 
[   87721] ch50 r0 a3: 20 A4 46 C5 50 69 4E 42 11 28 24 35 14 0A 1A 25 0A 2A 49 A8 24 40 18 A1 18 06 09 C5 11 42 14 44 
[   87728] ch50 r0 a3: 28 96 2A 5C 6A F5 B4 BA DE 55 AF 54 9A AB 35 2B 93 49 A4 5F AA 92 3E D7 72 A3 EB A9 96 F6 BE EB 
[   87833] ch50 r0 a3: 31 4D 12 AA E8 53 48 AA AA CE 91 5A 4A 55 0B 15 6A D9 25 74 A5 55 29 AA D2 5E E4 B8 95 5E 62 21 
[   87869] ch50 r0 a3: 48 82 44 8A 2A 02 23 10 D0 00 01 51 0C 54 0A 84 AC 06 FA AC F6 A6 AF 2B 77 79 4D 39 BB AA BC 95 
[   87883] ch50 r0 a3: 21 20 10 12 B1 40 A8 41 2B 24 00 24 20 82 94 0A DA 98 44 AA CA 6E 48 44 89 37 19 B1 25 50 48 3B 
[   87939] ch50 r0 a3: A5 59 23 50 BF 97 A8 39 4B 3A 95 B6 AF 65 95 1D 62 9C A5 B9 45 51 BE EC D2 C9 A5 A6 AB 23 92 D5 
[   87993] ch50 r0 a3: EB D2 25 91 12 AA A8 89 CE 11 29 18 AA A5 44 50 52 72 56 29 53 25 84 50 B7 C5 6D 57 4D 44 BA D6 
[   88012] ch50 r0 a3: AB 45 AA 20 6A 4A 2A D0 BA 5E D2 EE 5A 6A 93 69 2D 71 B4 26 54 A3 45 6A AB C9 42 C2 A6 77 29 4A 
[   88022] ch50 r0 a3: 8C 99 AD 41 12 A4 2A 44 8A A8 A2 46 9C 24 2A C0 A6 85 09 3C 15 04 25 12 1C 53 4A 4A 85 55 B5 C5 
[   88022] ch50 r0 a3: AD 4A A0 90 52 2A 21 24 5D 55 52 C9 0A 87 66 95 44 51 41 75 22 A6 2A 0D 62 4A 54 94 92 14 A8 6D 
[   88025] ch50 r0 a3: 55 54 5B 5A AD 16 88 AE AE 4C 8A 94 D5 0C 33 4A A9 2B 42 B6 95 81 B5 4A 26 A5 95 C9 52 8A E6 24 
[   88053] ch50 r0 a3: C1 0C 26 AB 55 BD 8D B5 15 DE D6 DE AC A5 4A B5 2A 93 FE 74 AE DA A5 0E 25 43 95 B3 55 AB A4 13 
[   88068] ch50 r0 a3: 94 90 09 24 00 95 21 12 5C 75 6A 08 D1 32 A4 E4 84 B2 B2 B1 44 97 44 92 AB 8A AA 55 AA 54 B4 D7 
[   88103] ch50 r0 a3: A8 17 1A 8D 52 21 1A 04 D1 64 16 4B 05 24 55 50 40 C6 41 53 A8 14 5A 84 40 05 30 12 42 42 10 22 
[   88106] ch50 r0 a3: 24 9A 6F D0 D4 C5 AF D1 BB AE 64 A5 06 A8 8B AA A5 AE 5C A6 12 B9 5A 95 6B B5 6D 4B 49 5A 65 56 
[   88119] ch50 r0 a3: 0A 50 D0 99 89 55 44 A0 2A D1 29 AD 45 92 55 D5 2D 7A 2A 24 2C 58 A3 75 2A 22 20 44 42 AA E2 8B 
[   88169] ch50 r0 a3: B3 45 0C 66 52 9B 55 6D 4A C7 53 A9 A5 52 54 B2 91 E2 95 46 66 8D 59 1A 93 2B 8C D6 AA 56 8A 56 
[   88181] ch50 r0 a3: A2 A8 4C 14 A8 44 D2 80 69 69 A1 D4 44 D1 53 7B 65 69 A8 73 06 1A 95 2C AB 35 15 86 45 52 B6 5E 
[   88215] ch50 r0 a3: 01 51 56 35 45 55 4A 2E E8 76 A0 B3 BA 33 22 3A 9A B5 A9 2B 2A 91 5D 2E 99 85 D5 7A 34 F1 DB 59 
[   88235] ch50 r0 a3: 24 4A B4 99 4A 45 72 40 00 05 4D 08 14 88 02 A9 75 29 AB 5F 69 15 4D 32 D6 F4 9A AD 62 22 19 42 
[   88260] ch50 r0 a3: 4C 43 E3 A2 0E 72 B4 8A BD C6 E6 38 9D 07 5B 9E BD 23 55 E6 C0 BA 19 75 D4 B0 D3 A5 96 40 51 46 
[   88291] ch50 r0 a3: 40 A8 35 45 2A 12 A4 25 00 C4 40 95 28 17 04 BA 6B 57 BA C9 BF 86 EB 91 57 5E D5 15 13 1A 69 0A 
[   88308] ch50 r0 a3: 31 32 A4 A9 0D 17 65 0A 85 55 22 72 B2 A2 2B 61 55 4D 45 82 99 52 A1 6A 92 60 44 85 14 AA D9 57 
[   88392] ch50 r0 a3: 4A AA 92 AA AA 2D A4 D4 29 10 53 55 A1 0A AC BA 72 85 5D 54 AB 69 96 15 52 2B 0A AA A5 49 6A EA 
[   88440] ch50 r0 a3: 22 40 8B 02 8A 40 0C 61 6A 49 52 50 82 45 95 54 A4 20 95 48 9A 4C A0 45 15 65 25 68 8A 24 D4 9A 
[   88451] ch50 r0 a3: 20 04 C5 D3 56 9E D4 5E EB 61 89 A9 D3 64 CD 45 B5 5F 4A 37 17 F6 C6 AB BA 44 EC 54 55 54 F5 53 
[   88456] ch50 r0 a3: 24 4C 0A 10 A9 34 B1 06 53 4A 56 AA 11 4A 94 D1 A9 D2 C5 32 CB 21 C9 2A 08 44 44 11 40 A5 48 4A 
[   88480] ch50 r0 a3: 50 41 AA A5 55 68 42 49 4A B6 02 18 AA 3B 1A B0 CD AA 56 E4 A8 90 55 59 36 CA 49 50 A5 CC 55 A9 
[   88482] ch50 r0 a3: A4 DB 14 A9 52 55 69 49 45 48 A4 25 2A D4 AB 64 8D 02 D3 10 96 A5 41 95 4A A6 74 8A 6B 69 6C A2 
[   88485] ch50 r0 a3: A2 A1 55 12 D5 54 A2 08 21 54 AA 48 AD 50 A8 CA DA 14 45 55 A1 2A 44 66 75 53 1D 11 4E 0B 41 15 
[   88501] ch50 r0 a3: CA 74 A6 D5 4D 15 28 99 81 55 70 91 4C 2B 5A A8 45 55 56 21 17 71 C6 B5 55 53 ED 2A 92 8A 55 2A 
[   88563] ch50 r0 a3: 13 52 48 47 54 B4 C2 40 84 80 9B 44 A4 72 51 48 01 4B 68 2C 44 8A 96 55 24 4A AA 45 25 54 D4 A3 
[   88567] ch50 r0 a3: CD 13 4A BA A9 D1 09 B3 23 18 4B D5 51 8E D7 53 E6 3A 2D 56 52 AB 21 D5 96 10 26 1D E5 92 65 A6 
[   88636] ch50 r0 a3: A8 2A CA C2 72 55 4A 88 0C 93 4C 09 00 9A 65 B0 AB 13 55 C5 54 F6 DF 56 FB 83 65 5C A4 94 3D C4 
[   88655] ch50 r0 a3: 9A AA 24 B2 12 22 14 A6 A2 AD A9 54 12 2A D2 22 CA A6 BB 71 5C ED 58 AA D9 55 AA A5 6C AB 65 A4 
[   88682] ch50 r0 a3: 34 51 14 50 A4 81 11 A1 53 92 0A A3 AB 0A 55 34 15 01 2E 91 26 55 4C 22 DA 92 AA A4 5D 55 15 66 
[   88723] ch50 r0 a3: 80 50 C4 42 A6 85 81 4A C9 30 53 55 A9 B7 35 52 D5 49 4D 55 CA 88 16 93 24 4D 62 8A 92 CA A5 22 
[   88741] ch50 r0 a3: AD B5 32 B6 95 DD C8 CD 55 55 29 6B 55 55 55 49 3A D4 54 52 C9 24 50 55 94 6A A2 6D A2 AD 4A 34 
[   88760] ch50 r0 a3: 5B 6B 56 42 15 51 50 0D E1 5D 1A 0F 2A 54 5B 52 95 82 94 57 54 96 8A 15 55 9D 4A 2A A1 B3 42 25 
[   88793] ch50 r0 a3: A9 2D 45 24 8A 24 10 00 42 28 AE 89 15 E7 99 6E 51 96 ED 85 AB BB 76 A8 61 55 7B AD D6 7E 6F E5 
[   88861] ch50 r0 a3: DA 8A ED 4A 4B 92 52 E9 55 65 56 95 A2 C6 A5 4A D2 A9 15 AF 40 D2 8A 56 A9 4A 3E 7A 51 95 54 AA 
[   88950] ch50 r0 a3: AA A6 37 76 B7 4A 69 25 4A 53 5E 31 9A AC 3A 4B 51 95 6A 92 A6 92 D5 2C 3A 4A 5B CC 50 90 51 A9 
[   88967] ch50 r0 a3: AA 45 CA AA 5E C5 2D 44 8A A2 09 50 48 AB 81 26 0A 55 89 A5 2E 4C 01 13 94 D3 5A 81 2B 00 28 05 
[   88990] ch50 r0 a3: 49 40 93 03 52 9A B3 5B 15 D7 2D D5 7B 61 18 89 55 14 8A 88 82 04 21 45 55 2A 4A 28 12 49 10 6A 
[   89018] ch50 r0 a3: 54 40 A8 AA A4 28 92 41 AC 60 D4 91 64 50 08 25 14 55 10 24 0A 44 A2 AA 89 55 07 2D 2B BF FB 75 
[   89025] ch50 r0 a3: D4 D1 DC B2 AA A8 45 54 13 8A 96 A9 55 49 48 4C 84 85 2A A4 9A 51 4A 28 9A 32 A5 3A 44 95 50 D8 
[   89065] ch50 r0 a3: 56 88 AA 54 20 82 4B 64 D6 8A AB 43 AD D5 37 55 4E AB 62 D4 3A D5 B2 8F 96 A6 5E 90 D4 22 AD A5 
[   89077] ch50 r0 a3: A2 C0 91 8A 4A 85 55 A3 04 CC C4 C9 D4 E6 AA 58 64 94 84 0E 40 22 6B 15 18 EB AE 60 28 98 90 D1 
[   89087] ch50 r0 a3: 89 52 A2 AA A8 50 2A 4A 51 00 2A 14 54 52 24 02 AA A3 45 56 ED CD EA 0B 14 AA 03 DB 59 A2 56 86 
[   89103] ch50 r0 a3: A9 35 52 A5 04 2A 6A 92 A6 87 65 30 A4 55 A4 AB A1 4A B7 29 2D 64 1A E2 CD 09 C2 B4 A8 D2 4A 29 
[   89124] ch50 r0 a3: 92 45 55 9B 49 42 A9 10 0C A1 58 A5 E4 D5 52 56 F3 11 D5 D5 4E C3 49 92 D1 59 94 A6 46 20 6B 14 
[   89133] ch50 r0 a3: AD EA B5 3D AC 69 54 B2 D2 87 44 B2 AA B2 AA 95 B5 6D BA EA 6A 5B 12 55 28 92 D0 D0 15 F6 90 55 
[   89161] ch50 r0 a3: B3 49 51 2D AA 62 FD 56 AA 58 A6 54 A4 AD 25 54 34 88 85 89 6C 91 22 A5 45 2A 69 20 BA A5 2B 0A 
[   89171] ch50 r0 a3: 0A 51 C2 52 90 81 00 42 54 99 CD 3E 55 55 6F 2A 66 C2 25 2B 28 F4 9D 15 63 3A 2C 2B 47 16 AD 2D 
[   89189] ch50 r0 a3: 81 02 2A 80 94 D3 56 2B 04 8A 85 B0 5A 11 22 B5 4A 92 91 08 91 90 A5 20 49 4B 4E 81 85 29 52 82 
[   89192] ch50 r0 a3: 64 68 C8 DA 42 A5 2A 8B 10 0A 36 94 E6 AE 90 28 0C D7 23 83 35 39 ED 0A BE 94 47 A8 68 B2 77 92 
[   89236] ch50 r0 a3: 52 90 4D D1 C1 52 20 F4 33 7D D3 C5 45 31 82 FD A2 D0 3C 8F B9 A4 C1 51 BC 32 79 08 E9 4C 32 AA 
[   89282] ch50 r0 a3: 80 D5 40 04 46 88 46 AC 80 48 37 86 F1 44 40 12 13 4A 06 48 72 CA 15 79 28 45 60 28 0B 13 91 A8 
[   89299] ch50 r0 a3: A9 47 29 A9 D4 A0 B4 46 2A 2A 7C D6 AD 60 A9 44 52 A4 85 6D 0D 74 02 0A A6 8A 00 41 B5 6A 84 FB 
[   89337] ch50 r0 a3: AB A2 26 AA 57 DB 2A 93 AA D1 45 AD C2 D2 CA 29 64 22 2B 37 46 95 68 A5 36 5C 48 24 2C 48 D3 46 
[   89345] ch50 r0 a3: 50 92 95 47 52 52 A8 AA 55 91 32 A0 94 8D A5 1A C4 CD 95 64 67 15 A9 9A 90 83 4A 10 9B 03 15 80 
[   89352] ch50 r0 a3: A6 03 44 A2 09 55 AB 4B 52 54 A8 21 10 AA DA A9 D2 A0 4B 32 50 B5 28 48 26 95 A2 18 A9 24 44 E0 
[   89444] ch50 r0 a3: A5 2A 42 5E EE B6 DD 7A D7 6E 4B 6B AD 97 56 EA 37 58 AB BE BD 5E F7 5D BF 2D FA CD EE EE BB CB 
[   89463] ch50 r0 a3: D4 49 8B D5 03 54 AB 5A 96 0A 26 BB DB EA DA 7B 5D 6B B7 7E B9 26 6F 6D E5 55 56 EB 7F D5 75 BB 
[   89500] ch50 r0 a3: 68 A6 90 16 65 75 4C B5 48 8A 2B 64 D2 92 A7 2A 85 45 21 6D 32 D5 D5 53 AE 87 E2 32 51 2E 49 86 
[   89503] ch50 r0 a3: 8B DD 2E 72 42 B6 29 65 28 84 AA A0 82 AA 04 B4 0A AC 98 2A D7 14 B4 16 52 89 25 25 23 0C 84 C4 
[   89523] ch50 r0 a3: DB 20 28 91 51 25 43 56 50 AB 4A AD A4 0B 61 67 6D D6 4B EF 3D 55 7B 70 AC AA 22 D5 97 53 55 4C 
[   89560] ch50 r0 a3: 32 41 2B 30 C1 23 4A 8C 2A 45 4B 15 6A 42 D4 CB 09 30 75 65 5D 44 D2 84 D0 95 25 53 2A A4 55 8D 
[   89604] ch50 r0 a3: 8B 6D 05 4A 20 4D 05 4A 82 85 24 EC 80 11 55 41 10 AA 0A CA 55 1A B8 B4 95 DF B3 24 AF F6 BF E5 
[   89673] ch50 r0 a3: 89 2C 25 DF BF EF B8 B5 63 4B 57 53 26 24 EF 56 AD 34 BE 6B 6F 4A 9F 95 AE A5 2D AA 5A 71 5A 94 
[   89803] ch50 r0 a3: 11 20 44 28 80 48 89 14 02 01 45 28 45 14 B0 14 20 03 14 15 2A 28 20 2A 40 42 01 10 80 95 40 A0 
[   89839] ch50 r0 a3: B2 51 5D 6B 6D C5 BE AB BC 6F AE AA B5 5B 6A 1B A7 4A D4 DD 57 4F B6 75 6F 19 86 A4 B4 15 4A F4 
[   89888] ch50 r0 a3: D6 22 48 D5 A0 AA 74 52 E0 A9 69 44 F6 CA 73 B0 55 A7 5D 3C A9 93 71 56 29 22 55 D5 0E B5 4C CA 
[   89910] ch50 r0 a3: 40 A2 29 21 55 10 02 12 A1 00 00 00 00 10 00 20 30 10 90 02 24 4C 54 46 35 2E B5 46 DC D7 7A A5 
[   89920] ch50 r0 a3: C2 D4 92 E5 A4 55 6E C6 84 9E 54 64 8C 9A 80 96 EF 14 A2 56 96 59 8B 5D 03 31 39 99 9E E2 D3 CB 
[   89979] ch50 r0 a3: 15 41 AA 92 90 46 55 AD 29 AA A8 35 10 2A 5A A2 95 30 55 52 56 8D A8 2A AA 55 4E 20 53 2A AA C2 
[   90003] ch50 r0 a3: 40 C5 8F 4C B2 80 94 C3 53 96 98 6E 64 E7 A4 76 17 5E CB 13 51 FC 31 88 10 D7 ED 92 22 BF A6 A5 
[   90022] ch50 r0 a3: 0C 23 D3 73 49 57 B6 AC 92 26 AD 1A 16 A5 8B 81 65 6C E9 66 A6 9A 2A 21 42 B0 A2 76 4A 9C CA BB 
[   90093] ch50 r0 a3: 48 1A 92 9C D9 52 22 24 54 84 D0 10 11 58 42 88 A9 89 44 B4 54 02 21 62 82 65 5B DA 82 54 59 A8 
[   90094] ch50 r0 a3: D5 48 75 11 68 52 AA 40 85 25 56 15 90 96 55 51 44 1A 24 8A A6 53 48 15 59 53 69 2A CA 9D 34 44 
[   90136] ch50 r0 a3: D4 C8 B2 B0 66 2A A0 48 03 59 38 AA B5 EA AB 1B D5 42 AA 2A CA 36 AF 71 72 E5 2E D5 B0 AA 24 82 
[   90251] ch50 r0 a3: 05 05 0A 55 10 84 49 73 4F 4A C4 E5 42 1A 09 28 6D 1D 92 52 41 D1 DA A4 1A 94 A8 33 40 65 54 95 
[   90275] ch50 r0 a3: AE B1 4A A5 69 16 64 2A 24 8B 12 A9 54 25 25 A9 B7 54 59 25 A5 55 25 2C 5A 31 D8 81 4A 04 8A 10 
[   90299] ch50 r0 a3: AA B3 56 A5 D4 48 A5 B1 84 AA AE 40 45 A9 5A AA 43 41 B1 05 31 3C 8A 91 40 5D B5 85 24 55 55 EA 
[   90510] ch50 r0 a3: 29 03 15 A2 02 09 30 94 15 61 00 04 4A 08 AD 09 29 49 20 80 4D AB 13 8C BB AB 54 35 93 15 4B 1A 
[   90511] ch50 r0 a3: 92 CA 0C CD 2A 50 89 08 A2 82 C0 48 68 0A B1 89 2B 31 2A 44 00 48 45 70 14 6A 12 52 05 10 55 08 
[   90560] ch50 r0 a3: A0 A4 AA 58 92 85 39 26 90 B6 65 B1 49 52 09 8B 53 8A 54 90 B4 95 75 6F 7A 9C 5A 6B 55 8A 92 21 
[   90579] ch50 r0 a3: 59 52 55 26 51 DA DC AA 88 73 42 28 59 54 BA 07 B1 35 C4 35 B4 56 A9 8A 9A B9 42 57 2A A2 64 CC 
[   90653] ch50 r0 a3: E5 34 51 24 90 A1 51 54 69 AD 11 AD 7B 22 A8 D1 44 B5 26 AA D2 0E 95 5A A6 93 0A 98 6B B1 55 1D 
[   90654] ch50 r0 a3: 6D 5B 63 BA AA AA 96 2A 32 1C E2 A5 55 68 5D A2 9F B6 A8 D5 5C 5A BE 15 49 29 6E CB 0B A5 6D 4A 
[   90667] ch50 r0 a3: CE 95 6B 54 A9 0D A6 48 24 92 44 A4 A4 45 4B 5A 64 2A AD 6A A5 46 2C 09 49 28 AC B4 A2 93 65 55 
[   90711] ch50 r0 a3: 12 9C AD 55 45 AA 29 6A 50 95 A5 5B 4B 55 11 15 2C A4 45 72 91 11 65 4A A5 2A CA CF 8D 49 BA 75 
[   90715] ch50 r0 a3: 45 19 B6 B3 2A 2A 92 5A 95 A5 A4 55 A1 52 95 42 BA 4A AD A8 CB D9 25 97 89 E8 AE 45 95 D2 8C 29 
[   90729] ch50 r0 a3: 17 2F 59 42 DA 73 4A 03 38 E7 0A BE 50 5E 3A 87 70 62 82 2A 62 4A AA B5 2E 95 AB 78 68 A5 12 17 
[   90731] ch50 r0 a3: C9 55 32 55 26 A0 55 CC AB 24 A2 46 D5 AC 5A AA AA 02 B6 A8 94 A4 15 5A 85 4A A0 5E AA E2 35 43 
[   90779] ch50 r0 a3: 88 AC 2A B5 E8 13 39 09 8A 8A D5 49 44 5C 88 D2 4A A0 D0 A5 4E AD D8 AE 4A D5 58 A8 A2 92 A5 69 
[   90839] ch50 r0 a3: 00 A0 D3 24 AB 4A 83 55 94 05 50 85 85 68 55 51 92 85 55 4A 25 08 B7 D1 46 A9 8A A1 15 09 5B A2 
[   90867] ch50 r0 a3: 71 42 4A B5 74 50 05 46 B3 2B 8A 96 B5 65 54 6A 28 D4 98 B5 54 F4 6A D2 AB D4 91 55 45 75 5A 42 
[   90893] ch50 r0 a3: AD 89 54 11 4A 8A AD 49 0D 53 29 48 42 0A 2D 63 4C 48 80 A8 95 92 A3 10 C9 0A B6 BB 49 2A A0 12 
[   90978] ch50 r0 a3: 92 A9 51 4B 58 D2 81 69 02 44 A8 08 30 54 A9 52 22 A9 52 A9 52 D9 5C A5 8A 94 53 7A E9 6F 51 4E 
[   90979] ch50 r0 a3: 68 50 DC 5A 59 64 28 89 88 7A 51 3E A4 99 AD 35 86 5B 1A 36 AB 54 5B 45 AD F2 87 29 5A 31 57 91 
[   91010] ch50 r0 a3: 51 42 AD AD 58 2A 14 4B 02 96 94 5A 95 52 AA 35 44 47 1D 44 45 1A 93 E5 61 4A 8E 69 55 02 A5 49 
[   91013] ch50 r0 a3: 45 20 A0 A4 28 5A 44 24 54 0D 55 29 24 D4 C1 69 42 90 C8 48 4B 29 31 55 B1 44 4A 11 54 C1 49 55 
[   91076] ch50 r0 a3: 95 64 D4 A8 A6 D3 54 5D 2D A1 DA 55 5A 99 27 52 95 09 93 02 24 8A CA 94 9A A4 9C 52 91 12 54 52 
[   91085] ch50 r0 a3: AA AA AC F5 B9 E0 AD 54 AC 94 E5 97 51 A2 AD 9A A6 C8 B5 96 89 53 EB 5D 2A A7 31 54 B5 D5 55 28 
[   91200] ch50 r0 a3: CA 75 95 51 2B 62 4A 9C 9F 29 85 42 82 4E 85 48 24 81 1A A6 BA 9C 28 94 95 31 5B 6A C4 02 2E A1 
[   91218] ch50 r0 a3: 1A 4B 2A AA 19 32 4E 94 94 48 22 AA 53 29 52 AB 12 14 C7 5A DA 5B 28 1C B4 88 AA 50 45 2E 4D 16 
[   91253] ch50 r0 a3: E5 91 9B 05 42 CD 8A 55 53 B5 DE 6B 3A AC 85 EE C5 CA 52 AA D7 D2 CC B4 CD EA 2A DA DA 6B 66 88 
[   91260] ch50 r0 a3: 88 4A 42 85 50 44 64 A5 28 54 85 1A 10 2F 57 48 4A B0 40 8F B5 6B 50 B3 6D 2C 57 52 EA AC 96 D7 
[   91262] ch50 r0 a3: 39 24 D6 EA 34 E4 9F 48 04 AE 11 74 C9 EA E5 48 23 56 A5 4A E3 B5 76 AC 4D 89 4C 88 5E AD EA 96 
[   91331] ch50 r0 a3: 34 14 84 91 11 11 29 51 04 52 04 1A 44 45 22 C1 29 12 08 12 0A 28 2A 7F FA 9B BC 8D FA EA 2A DD 
[   91361] ch50 r0 a3: D5 65 AA AA 64 95 2C 85 C5 D5 DA A0 B5 EB DD 7D BF EB 35 56 44 69 E1 BB ED 77 BB E1 CE EC DB A3 
[   91388] ch50 r0 a3: 4A 55 D6 A4 B6 4A E9 65 22 A5 2A BF 95 AB 26 3E 17 B6 FC F5 4D 95 F3 3A A8 77 6A 37 3A B2 1D 95 
[   91389] ch50 r0 a3: 8C 55 2A CA 70 54 52 87 BF B5 9F AA DE D2 F7 B4 54 84 77 8D 6C 5D 48 BD B5 A6 2E B5 7A 56 C9 5A 
[   91396] ch50 r0 a3: 04 06 4A 94 B4 A4 11 92 45 02 A8 1E 05 2A 55 4F F5 29 6A 75 2D 55 5A 91 4A B5 5B 56 FB 55 DD 3B 
[   91409] ch50 r0 a3: A1 A4 19 48 A1 CA 22 B2 E9 74 F3 CC 26 51 4C 36 A4 B5 9D 7A AA 36 C5 5D D5 78 7E FC C5 71 55 F3 
[   91424] ch50 r0 a3: 35 74 66 AD 67 B5 54 6C 1D D5 D7 EA E0 AC 9B 45 19 B8 F4 2A BE 15 50 3B 49 89 4C 11 8B AB 80 5B 
[   91424] ch50 r0 a3: 08 81 08 14 12 82 49 21 90 AA B5 12 94 A5 52 05 43 00 56 8A 0D 02 41 48 D5 2A 2C 89 29 B0 46 25 
[   91425] ch50 r0 a3: A8 69 50 50 50 92 B0 23 55 60 C4 42 AE 4A AA 4B 14 E8 A6 63 44 4B 54 12 15 2B 24 A2 B0 61 45 49 
[   91432] ch50 r0 a3: 45 8D B4 B4 8D 4B 12 8E DC 07 83 24 06 42 86 57 08 26 7A A3 E0 01 D9 83 AA CB 52 A8 43 A8 2F 6A 
[   91583] ch50 r0 a3: 0A 03 55 21 25 54 22 81 44 91 54 95 54 AB 09 54 B4 49 08 D2 AA 22 95 44 A5 50 95 15 91 4A 54 95 
[   91614] ch50 r0 a3: 5A B3 4A 4C CB 28 A6 25 28 96 AA AA 4A D1 54 50 AD 32 51 14 EC AA 09 12 22 C2 2C 62 C4 B5 8C C6 
[   91676] ch50 r0 a3: 41 55 45 55 23 08 72 5B 50 A2 DC 95 48 52 B2 C4 D4 A2 99 62 4A 85 9D 56 44 B4 D8 11 24 44 A8 4D 
[   91744] ch50 r0 a3: F5 02 26 24 2E B6 0C D4 E5 B4 0C FA 11 F0 FE 95 E5 92 04 0C 5D 6C 92 CF E0 5F 4C 45 68 19 29 8F 
[   91791] ch50 r0 a3: A0 02 85 2A A2 6A 32 53 52 D1 22 AA 5A 59 55 51 4E D2 24 5A A8 2A 8B A3 29 47 24 A2 49 5A A4 B5 
[   91901] ch50 r0 a3: 22 4A 55 55 39 0D 73 EA 8D AA 97 F5 56 E5 DD 55 2A B5 D2 68 B4 A0 DB A5 6A DE AE D6 9B AE A2 E7 
[   91923] ch50 r0 a3: D2 B7 0E 95 DD 9C DD B9 C9 4D 78 CB E8 9B 8E B6 A4 6A AE 56 E4 FA 92 AA B1 A5 69 69 2A EB CA AA 
[   91936] ch50 r0 a3: 3D 9F BB B5 E9 6A 3C 29 2B 25 A3 A9 B6 92 55 5C 24 A9 55 15 B2 A4 D6 4C 54 21 1A AC A7 9D 3A A5 
[   91948] ch50 r0 a3: 89 8B AA AA D4 E5 A9 41 BE 2A BE B5 6D 29 EC 7B 43 B5 A1 43 39 ED 5B 86 E1 DD 59 28 C4 D5 E6 B4 
[   91996] ch50 r0 a3: 14 8A A4 AA AA 9A D8 65 F4 C8 4A AA 49 4A D3 D5 29 A5 2B B4 A5 58 DA 30 85 5A 42 69 6D 48 A9 54 
[   92003] ch50 r0 a3: BF 7E EA 5A BA 6A D9 E6 53 67 AB 65 EA DF 95 27 C1 49 3C AA DA BD B4 B4 69 4A BB 4D FF 4D 6B 6D 
[   92004] ch50 r0 a3: 3B 6A 98 95 2D 70 5B 29 35 46 C5 55 55 CD 6B 5D 73 95 9C DF BA 6A 55 A5 9A AA EB CD 79 EA B9 9E 
[   92129] ch50 r0 a3: 90 68 BA AD 2E 55 AB B4 DE CA 49 D2 CA AD 55 45 4B 41 4C AB 53 75 15 96 AA 52 05 59 52 5E A9 1F 
[   92190] ch50 r0 a3: 09 8A 4A 68 90 0A 91 82 55 4F 22 E1 4A AD 55 0D 4D 20 96 93 2D 54 4B 58 22 86 C1 14 AE A8 87 FA 
[   92224] ch50 r0 a3: 46 85 50 8C AC 24 B9 31 96 12 85 D2 A9 24 2A D6 84 CC A2 D2 50 91 29 6A D1 4A 14 1A 85 AB 54 E3 
[   92236] ch50 r0 a3: C3 14 A8 34 53 12 2A 21 A9 2A 59 53 51 4A A9 4A 98 5A 20 1B 4D 1D 20 A1 28 90 43 40 28 41 29 0F 
[   92274] ch50 r0 a3: 68 96 32 A5 22 95 2A 43 34 A8 B2 19 66 4C A1 27 00 37 AF FE BA FF 6D BA F6 63 77 B3 DD F9 DF FF 
[   92320] ch50 r0 a3: 50 10 4A 11 2B 5A 84 9D 16 92 93 42 96 61 14 8A 94 44 A8 89 0A 12 59 58 A0 A5 6A 52 92 42 82 48 
[   92355] ch50 r0 a3: 84 02 84 00 20 28 04 00 09 54 ED A4 D5 2B 57 92 46 D2 AE 92 BA 6C A9 C9 54 A1 6A 6A 81 6A 2A 38 
[   92416] ch50 r0 a3: 45 93 54 F2 EA 28 8F CA A2 3A CD A2 14 AC 59 BC 28 B5 92 9E 59 26 69 4A 05 49 55 69 A5 52 B5 09 
[   92449] ch50 r0 a3: 5D 45 52 3A A0 81 AA 51 B4 4A D6 CA 6D 56 68 96 AD 3B 9B 6A 6B 54 4B 56 A9 44 CA BD 9B 54 E4 BA 
[   92480] ch50 r0 a3: A5 55 09 42 AA 89 A1 55 10 0C 8C 54 94 A6 AB 45 6A 05 57 6B 94 A6 50 65 A4 4A 63 4D 4A DA B7 25 
[   92485] ch50 r0 a3: 92 A8 A4 C2 A0 95 20 80 28 95 7D 92 94 D2 55 12 26 AD 62 65 E4 E9 89 AB 78 99 DC DA B8 D3 DB D5 
[   92486] ch50 r0 a3: 13 3A 51 5A A3 BA 42 52 4C 0A 52 20 2D 44 A9 4A 56 B6 30 BB 2B 4A 64 9C B6 57 AE 52 D4 96 74 4B 
[   92488] ch50 r0 a3: A5 2B 58 94 5A 94 A4 A9 46 EA 92 92 AA AD 68 D2 9A 54 D1 95 55 59 73 26 F5 3F 53 14 E9 55 D5 75 
[   92496] ch50 r0 a3: AA 6C 80 20 80 51 48 A1 64 72 92 26 92 89 10 A8 E5 40 55 49 24 72 82 B2 4A AB 06 AE 9B 72 51 27 
[   92547] ch50 r0 a3: A9 91 66 46 52 2A A8 9D 50 86 1A AC 66 AA 94 AC 99 51 0A AA D2 15 55 0B 14 5B D5 4C D4 68 AF FC 
[   92556] ch50 r0 a3: 41 1D 08 40 88 56 13 5A FA 24 B2 55 4A 54 B5 6A B9 46 69 D4 B2 A8 DA DB 54 92 42 41 7F 7F 6D 7A 
[   92557] ch50 r0 a3: 14 43 48 1A A2 04 12 49 54 12 B2 B4 43 21 21 41 54 19 BA 55 D9 2C 19 4A D4 49 52 A0 25 55 75 CC 
[   92557] ch50 r0 a3: 12 2A A2 57 28 AA E6 AA A9 7E 85 7B 6B AD 55 55 15 D9 90 4A 2A 2B D5 92 DA DD 6D B5 6F 95 B5 55 
[   92661] ch50 r0 a3: 01 50 AD 20 25 2A 80 90 25 A5 80 02 00 55 68 11 89 AD 08 15 68 22 63 A4 37 41 05 20 98 B8 AA A1 
[   92664] ch50 r0 a3: 4B 9A D9 45 6A 7A AD 29 34 51 6A 9C 2A 76 B4 91 B0 4A 75 71 E9 06 79 06 A7 1E 68 33 AC 53 C9 A9 
[   92712] ch50 r0 a3: 9B 69 40 D2 44 44 2C 95 85 52 AA 36 B6 DB 6E AD AD 76 5B 8A FA B5 A9 A9 5B 3F 72 54 B5 D5 54 A8 
[   92720] ch50 r0 a3: AB 53 42 A5 74 A9 46 4E 3C A4 05 4D 55 65 6B 9A F9 A8 A6 F5 2E C9 EA A7 6B AB B7 2B DD 2A 6F 2B 
[   92733] ch50 r0 a3: 96 AC AB A3 02 A5 44 AA 95 58 95 4A 00 D7 42 29 A6 0A 25 62 52 94 55 4D 92 6A A5 24 CB 2A 1D AA 
[   92801] ch50 r0 a3: 92 AA A6 BA C2 A8 55 4E 31 62 AA 6B AA 92 8B B1 6A FA 75 26 DA 2A 32 82 AA DA 89 09 2A 46 2A D9 
[   92813] ch50 r0 a3: AA 68 A9 4A 8A 95 51 2A DC D5 64 28 AA 97 51 51 88 05 2B 65 92 B9 45 F0 8D 29 52 D0 5A 32 94 91 
[   92866] ch50 r0 a3: 44 15 56 C1 48 14 74 87 1B 84 42 41 51 A5 C1 0A D9 6B 7B AB AD 95 2A A9 5B EA AB 6D 7B 6D BA 7A 
[   93122] ch50 r0 a3: 69 B4 0D 4A EB 52 AD 54 8D 15 2A A8 8A 56 54 91 2A 24 88 95 91 09 8A D5 DA A6 B5 A9 89 24 A8 D2 
[   93168] ch50 r0 a3: A9 43 82 AA 08 08 40 AA A8 51 BA 25 91 AD 55 D2 B2 1B 44 7D 2A 9A 84 AA 72 65 28 2A 5A D2 CE D6 
[   93189] ch50 r0 a3: 84 F2 AB 11 21 52 B4 22 89 52 85 94 89 93 92 65 5A DA A2 AA 8C D1 F2 52 5D D9 D7 6D AF 6B 7E CB 
[   93190] ch50 r0 a3: A5 6A 36 13 75 44 0A 9C E2 8D AC 6A A7 BC 8B 92 A9 94 D4 1A D5 16 55 54 30 B1 55 85 AA 49 0A B4 
[   93192] ch50 r0 a3: 47 4A 4A 7A 5C 89 22 56 AD 4A AA AA AC B4 52 2B 2D 6A 66 AB E8 A2 8A DD A5 14 C0 28 A2 B1 28 85 
[   93198] ch50 r0 a3: A6 04 29 0A AD 46 42 20 A8 95 68 05 56 CC 5A DD 12 CD 25 A5 56 4D 74 56 25 84 B6 DC 8B 51 35 51 
[   93233] ch50 r0 a3: 42 14 2C 34 05 55 63 08 91 13 29 D4 56 55 89 12 09 00 A0 28 8C 55 AE EA C8 D0 6A C1 51 84 C8 4B 
[   93240] ch50 r0 a3: 9B 0A 4A 2A C2 52 91 96 24 B2 0A 6B 6C 52 82 25 88 89 53 18 B2 92 A1 94 15 4E D2 EA 4C 34 CC 55 
[   93246] ch50 r0 a3: 58 2A 82 EA 98 89 34 44 B2 AA 91 38 80 A0 08 94 25 A9 8B 12 A0 2C 92 2A A0 8A A6 44 E6 12 22 59 
[   93268] ch50 r0 a3: 8A 97 55 89 56 F5 59 AA D6 52 B7 6A 67 6B B6 93 33 5B B5 9D 62 65 B6 57 5F 57 5B D6 D6 94 EB AF 
[   93281] ch50 r0 a3: 54 A0 23 30 40 A8 21 0A 40 92 57 02 0A 44 82 16 81 60 C4 D4 C0 29 13 DD 40 AD 89 B5 9A 81 A9 12 
[   93353] ch50 r0 a3: 54 48 26 10 AB 0A 23 52 ED 5E D9 74 A1 0C 8A 16 AA A6 97 59 1E AD 28 97 25 6B A5 AB 5A 65 42 BA 
[   93360] ch50 r0 a3: 96 AE A9 52 B4 B1 45 6B 60 64 B3 25 28 42 94 11 43 21 54 A4 45 A2 15 55 06 AD 24 D4 2A D5 0D 2A 
[   93365] ch50 r0 a3: 92 8A 94 C1 22 2C 26 A4 55 16 91 42 94 50 AA A9 4A 13 29 4A 62 88 AA 21 AA D5 30 65 61 2B CE DB 
[   93380] ch50 r0 a3: 62 15 20 B6 AB 59 69 54 82 94 2B 69 CD 49 6B AB 2A 78 6F 56 28 55 AB B4 EA D6 9D 78 2C FA CC DA 
[   93393] ch50 r0 a3: 29 99 D0 96 57 79 16 A0 94 28 C1 63 48 A8 1C 8D 42 89 6A A6 69 A1 AB 52 3A 6A C9 2A 14 B6 26 D5 
[   93405] ch50 r0 a3: D2 A8 AA DE 0B 56 CA 8D 4C AC 22 09 5A 4E 8B 24 62 25 57 2D A5 15 90 2C 5C 2D 50 A0 30 40 29 08 
[   93406] ch50 r0 a3: 20 AA 95 0A AB 17 6D ED B8 24 96 4E 9B 74 AC AD 05 55 31 6B 93 5B B4 D7 6A A2 12 71 29 4A B1 45 
[   93441] ch50 r0 a3: 14 A8 24 AA 00 4A 75 46 A9 5A 89 91 A5 51 2C 94 16 AA 63 25 A8 A9 64 52 92 D9 09 15 A9 92 CA C1 
[   93448] ch50 r0 a3: 8A A5 62 C5 7E 7E D5 2C EA 9F CD 56 C9 6D ED AA 95 95 15 6A D5 39 AA BA D2 8D 6A B1 6A C5 5A 55 
[   93463] ch50 r0 a3: AC 65 55 55 25 45 25 5B 4C A8 53 02 BB 2E A5 32 5D 55 15 6F E5 1A B5 42 AA 8B 58 AB B5 2D 74 D8 
[   93507] ch50 r0 a3: 52 44 91 55 05 24 40 E1 CD 0A A4 2A EA 9A B6 48 C0 84 A6 8C 18 91 55 97 5B 5A 48 53 5A 94 4A 55 
[   93536] ch50 r0 a3: 11 B6 20 D1 22 92 49 39 C2 A1 35 D8 B5 5A 25 C6 42 88 20 30 A4 91 D5 1C 05 A5 82 D4 A2 99 D5 04 
[   93607] ch50 r0 a3: B2 A0 29 15 D8 51 0C 2A A4 41 42 51 48 24 4B 20 11 2C 15 2B 4B 2D 5F 25 D6 C3 6F 56 C5 46 4D 4A 
[   93609] ch50 r0 a3: 22 A4 22 2A 10 49 66 8D A2 AA 15 51 56 CA 45 1A DB AD 12 AD 5A E1 99 7A B2 A9 8A E2 E5 2D D5 5B 
[   93729] ch50 r0 a3: 81 42 4A A5 24 89 20 69 18 86 B3 52 A9 81 20 2B E1 2A 2A 54 C4 84 95 4A E9 72 92 6D 5D 5A 2A 6A 
[   93757] ch50 r0 a3: 62 B3 00 CA 12 93 4C AA B9 8A AB 69 F2 B4 8E 55 56 6E D5 B5 79 54 62 DF BB D5 5B 54 7F 75 56 FB 
[   93764] ch50 r0 a3: A9 4B 55 55 52 AA 0F 45 4A 0D 48 8A 65 55 4D 5D 8A 55 4D 19 A0 A8 D1 55 6A 92 A4 B5 59 89 4E B8 
[   93769] ch50 r0 a3: EA 2A 9A 48 CC 4B 50 51 52 B2 D2 2A AE 88 A8 26 F6 05 5C B1 79 8A A0 D0 56 11 54 F3 F4 4A AD D7 
[   93782] ch50 r0 a3: B5 88 40 8A 62 A8 95 A9 44 94 AA 95 44 15 89 05 A4 10 24 C9 24 A6 95 14 D5 51 94 4A 76 44 28 84 
[   93828] ch50 r0 a3: 60 A1 2D 41 48 56 15 34 5D 32 5F F2 48 B5 08 36 A2 05 3A 81 24 85 8C 43 11 14 A5 A9 AA CA 1A C8 
[   93852] ch50 r0 a3: 0A 56 95 66 A4 A2 63 44 10 2A 29 40 15 5B BE BA D2 5B 57 2B 5B 2A EA D1 BE AD 69 2A 55 DD 52 76 
[   93860] ch50 r0 a3: 9B 32 82 8A AA E4 CB 61 87 64 15 55 2A C9 6D 93 2B 55 58 A9 B7 4D 1D 83 46 99 4D 53 4D 94 08 55 
[   94184] ch50 r0 a3: 95 48 95 11 28 15 82 15 29 4B 5A AA C7 3B 8B 6A AA 00 D4 34 22 2A 25 41 4C D0 81 00 62 11 25 89 
[   94221] ch50 r0 a3: 66 39 31 51 D4 9E C0 F1 8E 74 23 B6 26 74 D6 68 B1 DE 4E BA 2F CF 78 D3 A3 D6 79 A7 71 EA BD E1 
[   94254] ch50 r0 a3: 00 03 58 92 50 54 85 5E 4A A1 2A A2 A8 A0 84 6C 94 55 02 10 11 29 82 A4 80 D0 05 2C A0 88 92 45 
[   94305] ch50 r0 a3: E3 75 23 8F E9 1B CC 81 1A 0B B2 C9 15 BD 36 1C D1 EE 55 F5 57 79 6E F2 B5 6E BD AF 6D 54 94 42 
[   94306] ch50 r0 a3: 15 09 2A 04 95 22 82 25 48 14 8A 49 08 94 52 1A 52 84 4C 15 25 26 00 C5 28 92 90 08 AA 4A A2 02 
[   94330] ch50 r0 a3: B4 04 89 59 48 A2 9A E9 6A B5 B4 97 59 AA 41 8A CD 6E A4 B6 56 D4 F6 AA 99 6A 55 58 AA 55 3F 55 
[   94343] ch50 r0 a3: 5A 92 A1 A5 35 5A B1 58 91 97 14 96 B4 5A B4 AC 29 48 52 B4 B5 A9 30 52 34 4A B7 AB 54 24 AA A8 
[   94366] ch50 r0 a3: D3 25 5C 06 EA 73 DA 17 5B 06 6A 73 DA 15 7D 28 DC 7F 0C 2B 41 9A 9C 7D 0E F2 C9 02 26 2E B6 0C 
[   94436] ch50 r0 a3: A6 B0 C7 32 F1 5C 98 8A 58 D6 5A AA 31 40 C2 8A A8 D1 6C 9D AE 9A B5 69 AE F5 4A 5C 91 4B D2 AA 
[   94576] ch50 r0 a3: 04 21 48 28 80 50 85 04 04 44 05 4A 81 06 12 C8 04 81 00 A0 10 85 12 15 14 40 20 28 89 08 2A 4B 
[   94591] ch50 r0 a3: AB D2 94 CD 5A 90 56 B5 56 09 58 D5 EB 21 74 A1 4B 27 95 ED 2B E1 4F 5A D5 11 4C BD 6B 79 95 8F 
[   94624] ch50 r0 a3: C8 8A 56 12 2C 49 64 54 54 84 25 E8 D2 51 31 42 91 29 52 55 2B 51 29 A1 52 99 32 9A 6D A5 A5 08 
[   94665] ch50 r0 a3: 91 66 2A CB A9 6D 6A DB 0D 2F D2 B9 36 D5 6A 5C 42 D5 2D 3A C5 72 AA 52 93 5F BB B5 4C 45 55 55 
[   94676] ch50 r0 a3: 44 80 82 AD CD 4A 25 2C DA B7 E5 0D 44 95 51 B4 A5 6A 86 AA 49 25 5A 95 5A 61 4A 77 FD E9 F5 D6 
[   94685] ch50 r0 a3: CA 92 F3 A6 AA 9A 55 52 1D 55 B3 51 57 65 AE AA 9B 66 D2 8A 8C E2 A8 94 9B 5A 86 F4 FD CE AF 59 
[   94718] ch50 r0 a3: 0A 50 D1 00 A6 C9 52 25 D5 1D 32 96 DB 42 3A 68 A5 74 50 AE 95 25 12 6A B3 64 EA AA 6E 0B A9 1D 
[   94748] ch50 r0 a3: A8 41 5A 49 A0 50 4E D6 E9 65 5D 4A 7A AB 55 77 AA AD 39 55 2C 95 2E 72 BC 6D 97 B5 4A AA DD 2A 
[   94777] ch50 r0 a3: 92 D9 2A 32 35 55 25 1A 45 45 44 AA 61 A8 45 0A A3 6A 4A 52 DA A4 2A 49 A5 93 20 A3 64 29 03 87 
[   94780] ch50 r0 a3: A2 29 48 65 52 AA 54 99 0D 91 D0 31 31 51 9A 96 45 12 B4 A1 A8 AC 03 8E 12 2A 44 32 A2 D5 05 21 
[   94781] ch50 r0 a3: A6 8A 8E A8 C4 A8 12 A9 41 51 A9 40 56 55 09 0A E6 DA B4 2C 94 D7 F2 D1 5B 55 5B 57 65 2D 2F AB 
[   94811] ch50 r0 a3: 94 54 C1 68 4A D2 48 24 94 03 41 22 94 70 22 22 2A 81 50 42 08 A8 24 2C 05 8A 10 B6 50 51 2B 2C 
[   94839] ch50 r0 a3: 92 AA AA 56 AC 95 21 C9 AA A6 A9 92 9A 24 F5 B4 55 EA 45 55 A4 91 6A 12 A2 45 53 55 24 A1 2B 55 
[   94867] ch50 r0 a3: 56 55 D5 2F 54 94 14 98 A5 03 21 58 C8 35 B3 A9 93 04 62 D4 96 20 35 43 55 96 92 D2 D5 D4 6C 4E 
[   94917] ch50 r0 a3: 05 06 84 88 80 86 1E 1C 56 84 40 B2 58 9C 5C 5C C2 4A 46 A7 38 B2 40 80 C9 9A 9C A3 4F 29 02 34 
[   94941] ch50 r0 a3: AA AF 14 4A 35 95 69 1A F1 70 EB 69 15 2B 8D 70 50 0A B0 1A B4 AA AB FD 5E 66 76 AE 57 64 A3 6A 
[   94973] ch50 r0 a3: A4 15 90 AE AA 8D 50 A9 53 5D 12 56 21 61 51 45 AF 0B 1D 85 A8 18 84 45 02 2D 52 ED 65 F2 5E 5D 
[   94981] ch50 r0 a3: 81 09 58 86 25 22 18 CD 00 2A 2B 13 4D 6A C8 01 51 42 29 12 19 49 40 91 11 25 2A AA 16 9A 4A A9 
[   94985] ch50 r0 a3: 89 0A A3 52 12 B2 A6 4A D1 01 14 91 48 AA 22 08 09 44 81 1C 09 10 A1 29 50 A1 00 91 20 54 82 A7 
[   95013] ch50 r0 a3: 2D 54 91 AA 2D 19 7D 50 22 52 85 29 15 66 BD 49 B7 F6 92 DC D4 A2 17 05 96 80 92 F0 AA 22 91 D0 
[   95021] ch50 r0 a3: 56 D4 9D 58 54 04 08 15 51 CB 2C 2B E6 F7 4E D6 BB 56 CA B2 EE AD 5B CB 6A A6 C4 A9 57 E9 4E AD 
[   95031] ch50 r0 a3: 0C 91 09 51 2A A6 45 B1 48 94 49 99 2D 39 77 30 12 62 21 4B 9D A6 04 CA A0 35 2A A4 45 52 94 A2 
[   95047] ch50 r0 a3: 25 34 54 C9 8A 1A 4A 46 8A 97 58 A5 56 12 A8 B7 4D 2B DA B4 F6 48 2C 35 1D B4 DA D5 48 C0 B3 73 
[   95058] ch50 r0 a3: 2D 68 94 52 C9 25 9A D6 55 30 52 3C B3 23 69 55 AD 45 07 4C 88 8A 21 F4 A8 A1 56 25 AA 5A 4A B4 
[   95091] ch50 r0 a3: 0C 45 80 A2 80 24 95 14 4A 58 92 03 A5 51 10 14 5A 8C 62 84 01 00 40 0A AC A4 D4 55 0A D8 4C BE 
[   95105] ch50 r0 a3: C8 95 2A 36 AA 4C 89 00 6A 48 4A BA D4 84 2D 08 49 29 52 86 72 6D 31 24 AC 09 19 39 42 A1 04 28 
[   95114] ch50 r0 a3: 5B 54 C9 B0 D6 B4 65 65 55 4A BA 96 6B 26 D0 AA 1A A5 BC BA 55 36 56 46 95 AA 94 A5 A9 59 61 38 
[   95128] ch50 r0 a3: 20 18 51 44 2E 42 A1 19 08 44 21 91 0B 52 D4 A2 8A 91 12 0A 48 2C 00 22 34 20 A2 48 7A A8 D4 21 
[   95154] ch50 r0 a3: 25 0A A5 54 5F AD F7 E9 6F DA AF EF 5F 4F 16 F7 7B 77 D6 7B 2D 29 FE A9 A2 92 AA 32 94 6C 92 EE 
[   95176] ch50 r0 a3: 23 44 C2 4A AA 79 48 45 52 46 A0 8A DA D0 21 9A 5C 85 21 58 2A 55 52 8A D1 4C AC AB 55 58 88 AF 
[   95176] ch50 r0 a3: 42 16 65 6A CD 56 76 AA B5 A1 23 95 53 6A B6 41 9B 29 A5 43 AA EF 55 CF AF 57 DF B5 F2 95 37 EB 
[   95212] ch50 r0 a3: 99 C9 F2 CA D6 BA 9D 6B 39 32 A9 37 DA 95 8B BB 9A AD 56 36 9D 83 5E E7 2A 6F 96 A6 A9 53 B2 AA 
[   95235] ch50 r0 a3: 42 01 58 52 59 2C 54 45 19 2C 04 68 84 47 3D 69 BB 69 AD E9 38 86 6B AE CC 8C F5 F7 B5 AA EC F4 
[   95304] ch50 r0 a3: F5 C6 14 A8 52 2A DC 54 45 4A D6 16 2A ED A8 9E D2 B6 96 D5 3C 20 AB B8 C9 6A D7 F4 A9 34 97 AA 
[   95400] ch50 r0 a3: 80 A9 54 4B 36 D3 E5 0F 49 13 20 B2 D5 79 CC AE AE 1B 5D 69 6B A7 A9 74 D5 97 16 57 A2 AD 5C B2 
[   95401] ch50 r0 a3: 99 1A A8 4A 82 24 10 62 95 C7 44 22 95 4A 1B 34 4A 4C 2D 1B 72 1C 9C 62 A2 59 24 EA 20 A4 32 92 
[   95416] ch50 r0 a3: 99 61 42 AD 6F 6E D3 DA DA FA CC B5 54 D3 AA AE EE AD 52 BB 5E 3A 62 DF 4D FF 6A AD 55 6A AD 65 
[   95464] ch50 r0 a3: B0 AD 4A 10 A9 B1 75 46 51 A9 0B 26 69 4A E9 B4 B9 14 52 C1 59 0A EB 85 83 88 AB 34 6D ED A6 B4 
[   95481] ch50 r0 a3: 55 9F 21 52 8A 94 A8 41 9A C6 65 10 AA 92 E9 08 A3 06 8D 45 02 05 52 45 0A 2A 15 94 35 58 25 05 
[   95481] ch50 r0 a3: CB 0A 90 49 3D BA 35 DA 38 E5 96 DE ED DB AE FA DB BC DA EE BB 57 DA AB B2 A8 AB B3 9F 4B F5 BF 
[   95485] ch50 r0 a3: 94 89 2A 25 A1 05 46 55 9D 15 0A 95 42 B4 92 49 CA CA CD 07 8A 91 11 44 A5 A0 D1 1A 45 64 04 44 
[   95499] ch50 r0 a3: 00 01 48 91 55 D4 D6 48 81 13 13 59 06 6A 52 5A 15 55 28 9C FB 0E F2 C9 00 20 2C AC 2A D5 D5 AD 
[   95517] ch50 r0 a3: 61 54 30 A4 2A 8D 55 EC D2 AC 72 92 AE 68 BE D6 A5 F6 AA 62 4C A0 20 04 95 52 49 12 42 55 AA 59 
[   95536] ch50 r0 a3: CA 34 A2 49 A1 05 D3 6B 64 AD 6E 5B A7 AB 02 C9 55 C8 4B D0 A2 A3 AA 10 54 81 09 26 54 A6 8A 88 
[   95722] ch50 r0 a3: 0A BD 05 23 79 26 A8 7D 5D B5 53 5A 45 95 57 2D 6B 56 45 36 FB 55 46 3B AF DE C7 74 D5 D5 04 5B 
[   95782] ch50 r0 a3: AA 96 65 65 1A A9 D5 56 A8 AD D9 15 B6 CC A5 2A 7A 45 4A 5A A2 D6 E5 A3 55 6D 55 74 D2 2C 92 D7 
[   95787] ch50 r0 a3: 2A AB 16 AA 01 02 CA 84 A0 99 35 15 4F 50 FA C5 56 73 A8 12 AB 36 49 8B 23 47 29 0E 8A 4A 52 B3 
[   95805] ch50 r0 a3: C4 99 5A 16 95 54 4A C5 F8 DD 4E 7A 75 56 E3 53 52 79 7B 55 17 AC B1 0A 93 44 EA 59 AC 85 22 ED 
[   95806] ch50 r0 a3: A2 28 42 91 2A 8A D2 24 AA 94 CC 8B E1 E8 AA B6 DA 43 05 5A 95 71 6F 85 95 6A 51 42 50 3D 69 15 
[   95860] ch50 r0 a3: 82 4A 38 9D 40 45 8A A8 C0 4E 24 80 0C 20 0B DB FF BE AA FD 7E DB 6F 75 5B B9 1F 8B CA FE B5 7E 
[   95861] ch50 r0 a3: 92 6A 12 91 40 65 0A A0 88 40 00 90 4A 22 D5 DA D7 AB AB 2D FB 7F 9B B6 BF B5 AA D7 15 AD 4D 4B 
[   95881] ch50 r0 a3: AE C9 25 11 4A 95 C3 2F 55 CF 8A A4 20 90 45 12 1A D4 AA AA 9B 55 15 52 F6 D1 52 8D 95 44 54 D2 
[   95970] ch50 r0 a3: BC AA D4 98 8C 5B 1C 49 2B 22 A3 1A B5 21 33 21 65 55 6A A6 85 38 A0 A9 50 C9 39 44 90 14 4B 51 
[   95980] ch50 r0 a3: A6 AA 15 21 44 95 55 72 14 92 22 B5 29 32 2B 92 C7 20 5D 6B 14 8F 94 F1 10 C8 2C B5 14 A8 B0 54 
[   96007] ch50 r0 a3: A1 42 16 C8 88 84 8D 4A B8 A0 D4 50 54 04 84 42 0A 0A 61 00 2A 50 15 20 28 00 02 C8 14 94 52 00 
[   96010] ch50 r0 a3: A0 92 AD 24 41 0A 34 3A AA C4 84 09 2A A9 2A 24 AC 4A 4C 29 30 41 24 52 AC A5 B6 16 BC 10 42 95 
[   96034] ch50 r0 a3: 59 95 8A 2A 74 AA 4D 68 84 95 11 CC 91 36 A3 CD 89 45 2C B0 A0 A9 48 48 D6 0D 54 BA B2 D1 62 A3 
[   96077] ch50 r0 a3: AD 53 22 91 55 25 65 75 A8 50 A9 D4 86 8A 24 81 69 4B 25 39 81 45 55 55 49 AA 64 B5 52 92 2D 53 
[   96113] ch50 r0 a3: 90 10 B2 41 4A 49 40 8A A1 17 50 A2 D5 AF 5B D5 12 D5 A5 37 54 50 AB 72 6B 49 2A 47 A2 09 AA 68 
[   96140] ch50 r0 a3: 5A EB DF 4E 76 BE DD F7 ED 8F 7D ED E3 ED BD FF 6A B5 FA BF AF DF EB 5D EF DB D5 EE D7 EF D5 1A 
[   96157] ch50 r0 a3: 9A AD 4D 4A 64 A9 04 98 A5 2A 12 58 44 01 63 AA AC 92 35 6D 19 69 08 56 36 AB B4 F4 BA AF D5 5A 
[   96159] ch50 r0 a3: A8 AA 95 16 AA EE 62 F7 77 DD 25 CD AB 77 FD D4 FA EB D8 AF EF AB AB AD 2A 56 C4 4C E2 98 8D 8A 
[   96213] ch50 r0 a3: 49 5A 90 14 94 8C A2 AA 06 85 30 C4 89 51 19 A4 91 4E AA 92 5A 2D 96 A4 5B B2 AB 2B 59 5D 52 95 
[   96213] ch50 r0 a3: E4 6D 63 2C BB 75 7C 91 E8 69 B1 5B 12 6D 94 8A 28 D3 2A 95 08 54 BA B1 65 D5 C2 AF 50 A4 C9 2A 
[   96231] ch50 r0 a3: 6A 2A 18 51 2A D4 49 15 65 51 10 AB A8 A2 33 A5 42 95 25 15 10 25 84 A4 9D 29 40 A2 95 55 6D 6D 
[   96257] ch50 r0 a3: 07 5D 6B 95 F7 B4 2A F7 32 B1 DA B1 86 7E 6D F9 52 FD DB D2 40 89 DC 02 22 66 A7 35 3F 86 40 89 
[   96274] ch50 r0 a3: A5 44 54 B2 55 4A 94 4B AC 15 44 51 2A A8 AA AA EA B5 75 5A B8 8A AA AA E5 0B 54 5D AC 92 4A 46 
[   96284] ch50 r0 a3: DA EB F7 DD D7 EB AF 7C DB FF 55 35 FE AD 75 B7 FC 18 20 96 46 D8 A7 0B C7 54 55 4A EA E2 D6 CA 
[   96336] ch50 r0 a3: 89 54 A5 52 54 A0 8A 28 29 50 22 15 21 29 A2 DB 56 24 96 2A 53 46 8C A2 A5 2C AA C7 57 26 7E AD 
[   96337] ch50 r0 a3: 4E 10 0D 44 DA 8A 57 4C 55 2D 48 42 12 C1 5A D0 A2 D6 A4 50 49 C9 63 95 26 94 C9 8D 4A 11 3A D6 
[   96350] ch50 r0 a3: 89 D4 8F E1 CE 2D A6 19 56 AD A9 35 5B 55 0E B6 CD EF B7 6A D4 54 B7 6A AE B5 B4 AF 0E 59 46 0C 
[   96440] ch50 r0 a3: 83 52 A9 56 B2 26 AC 99 04 04 82 70 EA 52 49 4A B3 5A AC A5 22 85 2A 70 75 05 52 59 A5 A5 15 49 
[   96493] ch50 r0 a3: B6 B5 1E 33 4B 15 AD 36 B6 AD 56 B6 2A 35 2D 6A D2 A3 EA E9 2A DA EA B2 95 6B 4B 4B 53 6A A0 A2 
[   96549] ch50 r0 a3: 84 A9 29 A9 AA 95 12 10 A8 30 C6 5A 50 54 6A 95 49 40 41 41 26 A0 12 53 49 A4 A4 D4 89 22 D2 92 
[   96555] ch50 r0 a3: 92 AB 18 1A D5 25 AD 47 19 EA 4A 6D 56 92 AF D3 55 D7 64 26 15 A9 12 05 A8 05 01 22 1A 6C 16 F5 
[   96561] ch50 r0 a3: 23 54 90 51 20 85 02 B5 43 54 89 05 25 42 52 12 44 AB 25 44 85 A9 54 29 A9 48 4A 52 49 BA 49 28 
[   96561] ch50 r0 a3: A0 49 94 CD 54 98 86 49 45 54 52 52 5A CC 5F A8 13 6D 06 9D 6B 5B 56 86 84 A9 58 B9 95 49 A4 B1 
[   96583] ch50 r0 a3: 41 11 49 44 54 8B 02 28 10 B0 50 24 2A 0D 20 84 06 88 2A 09 00 50 80 2A 53 42 22 05 2A D0 29 18 
[   96614] ch50 r0 a3: 9E 92 35 15 C6 9A 12 AA AE A6 8F 54 46 81 4B 22 11 21 28 48 15 54 57 BA D0 95 52 10 66 AA 8A 4A 
[   96634] ch50 r0 a3: 1B A6 25 40 2A DC DB 72 D1 53 5E C8 A2 D5 79 5A B3 D2 4C AB AB 59 CD DA A6 3B 2A E5 D5 4C 8B 6B 
[   96730] ch50 r0 a3: A1 61 49 05 67 24 B4 99 4A 54 A2 A4 91 C9 A1 49 14 4A 45 09 29 55 2A 68 2E A5 5F 95 B9 DA BA CC 
[   96826] ch50 r0 a3: 2A 00 69 24 00 00 04 11 01 22 28 00 02 00 04 00 04 08 90 A4 01 4A 20 11 10 04 07 A9 40 51 90 AA 
[   96871] ch50 r0 a3: 55 B0 5A 10 AA 08 94 A5 AA 0B 76 E1 D8 07 97 A5 0A B6 1D E5 84 32 46 D7 3C 4C 4C 55 E5 92 0C C5 
[   96889] ch50 r0 a3: E3 65 55 D9 AC BA A1 93 56 A3 D5 E6 DC BC 9A FB 32 AE DE CC AC 57 F6 E6 65 9E AB 4D FA 55 AA D4 
[   96913] ch50 r0 a3: 8C 75 06 45 A2 05 B1 81 01 50 49 11 A1 16 9C 88 9A F5 A5 4D A6 2D 5B B3 B4 CA 55 24 D6 49 FB 5D 
[   96916] ch50 r0 a3: 84 6E 0A A0 C9 04 11 46 A2 94 D4 D6 92 24 2B 42 95 55 55 64 68 34 A5 74 A2 55 AF 6B 67 D8 93 54 
[   96997] ch50 r0 a3: 14 89 02 AA B2 D6 D2 D5 B2 1D 68 A5 52 5A 2C AB CB CE 9B D1 5D 34 73 3D 5E 9D 58 F5 E6 56 DD 1A 
[   97021] ch50 r0 a3: A8 81 4A 50 B7 65 40 82 A3 9D 6B 69 55 69 E8 AB DB 25 92 A9 D6 A6 FB 5F 7C AA BF 7E 2F D2 4D 5F 
[   97099] ch50 r0 a3: 9A 44 D5 5A 65 5B 1F E6 D6 AA E5 AB A9 82 81 32 6A E9 52 13 15 A3 26 15 93 5A A2 AD 02 24 D5 69 
[   97123] ch50 r0 a3: 87 AF 6A AB 21 26 B4 AB 4A C9 55 B4 FF 95 20 6A 5A D2 7D 53 B5 2B A6 FA 6A 51 AB 56 D1 55 4A B5 
[   97129] ch50 r0 a3: CB 49 25 2B 6A 25 AA DD D7 AD 6B 9D 5A 6B 72 EB BA CA 5D AD 5A BE BB 8E DB 5F A5 A9 E1 67 52 F7 
[   97141] ch50 r0 a3: 21 42 2E A6 A1 00 22 6A 29 58 8A 52 A3 60 99 14 85 0D 24 55 5A 80 84 99 28 A1 52 AD 5A AA AD 35 
[   97247] ch50 r0 a3: 08 81 10 2A 91 52 AF 3F B8 EA AC EE AD DD 75 66 BE EB 7B 5F ED BB DB CB 77 65 4A DA 9B 3E B5 7B 
[   97253] ch50 r0 a3: A9 5F AE 92 84 6A AA 42 A5 4D 28 9C A6 92 15 12 26 B4 AC BD 68 AA DA 35 4D 86 E3 5A D5 6A 8B B6 
[   97262] ch50 r0 a3: 05 09 19 55 23 2A 53 88 54 EC E9 44 8E 54 65 1A 22 92 55 49 AA AA 4A A2 D4 A7 40 62 8A 2C B1 A9 
[   97295] ch50 r0 a3: 92 BA B8 AA 55 6B 68 B5 F5 71 55 2C 17 AA 93 93 1A 0C 8E AC 93 6A 85 49 4B 25 62 2B 49 50 95 6B 
[   97300] ch50 r0 a3: 00 00 00 00 00 00 02 11 44 86 10 00 00 10 AB 64 91 55 24 91 29 4A AA B6 24 68 42 52 EE 8A DC 40 
[   97309] ch50 r0 a3: 44 6C 9A 56 AD 09 52 12 94 92 19 94 A4 0A 15 02 52 89 44 B1 C1 61 28 54 45 28 D7 25 2B 74 AB 31 
[   97316] ch50 r0 a3: 91 09 12 2B 65 5A BE 2B A6 55 30 20 4D 28 90 C8 45 16 6E AD 1D 29 24 04 19 A9 11 04 AD 25 35 96 
[   97322] ch50 r0 a3: A4 4A 9A 8A 23 42 6C A3 4D 5A 54 95 AB 9D DB 2A DA CC 53 52 E5 D4 AA CE 4F 43 8A 56 8D 5A 6E 4B 
[   97361] ch50 r0 a3: 44 D4 85 48 AD 6B A5 0B A6 59 3A D4 56 AA 57 A8 CE B6 BE 5D 35 6A 95 89 65 8B 30 A9 51 56 4D D1 
[   97373] ch50 r0 a3: AD A5 65 AA E2 80 0B 5A 22 D5 A9 4A 69 5C 44 A1 15 65 65 55 42 0A 59 24 4E 56 84 45 B0 D0 A8 13 
[   97379] ch50 r0 a3: 1A 2A 95 4A 84 88 54 4A 29 68 D4 99 49 59 01 10 20 AA 2C A1 44 54 0A A1 58 4A B1 34 AA 95 95 65 
[   97382] ch50 r0 a3: 82 28 95 50 24 21 54 15 00 45 14 4E 7A 15 7F A1 57 D0 CC 5D 0A 26 1C 4F 7C 3D D6 9C F6 84 C0 20 
[   97593] ch50 r0 a3: 9C 35 4A A4 D1 A2 CB 0A 95 51 44 E5 4A A9 B6 A9 35 B8 77 25 28 A5 6A 55 6D B1 4D 2B D4 6A 0B 96 
[   97596] ch50 r0 a3: 57 6D 4C 92 55 50 59 EA 60 54 0B 0A 29 19 90 51 74 BD 41 C7 15 97 25 14 49 21 28 A8 A1 58 44 14 
[   97621] ch50 r0 a3: AA 3A 55 6C B3 92 89 54 24 A8 D5 2D 2E D5 1A BD AA 8B 4C A9 4A 8B 45 BB 56 AA BD 56 F4 D4 CE E6 
[   97671] ch50 r0 a3: 81 00 44 A5 91 23 15 24 82 D2 44 24 AA D4 13 55 49 45 55 2A AE CD A6 AA 93 55 B9 55 A2 AC AE E4 
[   97699] ch50 r0 a3: 41 A2 96 F6 0A C5 84 B9 4A 4A A3 45 2A D5 45 15 57 54 90 F6 D5 EB 5D 55 65 D5 55 96 CC AB D4 A5 
[   97715] ch50 r0 a3: 6A 15 54 90 AA 40 92 A1 AA 9D 11 49 2A 92 14 35 4A 55 12 D5 83 26 0B 43 19 04 B0 95 72 AB 5B A2 
[   97751] ch50 r0 a3: 42 62 6C 10 45 4A 00 94 A1 24 08 12 22 83 51 55 68 DD 4A 94 5A AE D4 82 EB FF 7F 7F DF F6 FF EB 
[   97765] ch50 r0 a3: 22 06 6B 11 6C 24 98 D1 FD 29 CF E0 CD 4E E1 8A 2A F7 96 44 21 50 A8 46 8F A6 D1 F3 7E BC 84 15 
[   97860] ch50 r0 a3: B2 92 32 6B 4D 56 2B 5F 85 54 D5 6D 69 AB 6D 5C 9B 7A D5 C8 A3 62 9A 56 CA 2A AF DA 9A 6E 69 5D 
[   97863] ch50 r0 a3: 2A 14 69 5E 85 09 AA 52 AA 16 B9 26 B5 11 44 50 D1 8A 46 99 69 42 A5 4A 88 B6 48 34 A2 62 4A 2A 
[   97918] ch50 r0 a3: B8 32 86 13 08 01 47 04 1C 51 50 19 25 40 02 8A 82 41 00 14 40 04 15 45 22 0A AD 4A 06 AA 44 99 
[   97925] ch50 r0 a3: C5 5B 29 D1 0D 41 48 15 41 10 4A 0D 40 80 AD 23 48 29 64 F2 44 09 49 25 16 55 52 8E B4 1C 08 D6 
[   98048] ch50 r0 a3: A5 53 95 5A A5 56 51 EE 55 69 25 4E BA 55 52 BA D2 5E C9 5B 76 AB 77 2B AB AA 5B 6D 20 51 94 A8 
[   98058] ch50 r0 a3: A6 B5 2C 09 9C 15 44 E9 2A 2A 0E B2 A4 AC 6B C9 C9 CA DC 57 C9 B5 94 8B 44 2D 42 30 93 33 2D AA 
[   98120] ch50 r0 a3: AA D2 20 55 2B A6 70 64 A2 1A A9 92 91 56 B4 93 22 BA 92 A2 60 95 A7 4B 2A D2 CB 54 88 95 03 28 
[   98188] ch50 r0 a3: 04 00 00 04 10 40 00 02 12 00 00 92 00 10 01 51 40 89 24 81 00 00 00 02 90 40 20 52 80 08 10 00 
[   98193] ch50 r0 a3: 2A 21 3E 4D 62 29 78 A8 A5 48 C2 3D 42 4C 82 56 55 E8 7A AA A6 84 E3 9C B0 40 95 C8 E0 2C 43 4D 
[   98209] ch50 r0 a3: 0F F9 6B 75 CB 5D 3D BA AF 54 97 2E B6 97 83 49 25 AA D8 A8 94 A5 58 81 4C A9 44 D5 05 A1 11 BB 
[   98261] ch50 r0 a3: 32 21 2D 1A 74 52 58 59 11 AA 12 55 22 96 54 9D 08 56 15 54 93 41 49 95 6A 25 05 4A A8 54 92 A0 
[   98271] ch50 r0 a3: B0 5D AA BB 55 61 4D 22 D4 DA 8E 82 A3 31 29 25 65 2D 31 9C D4 C0 99 54 AB 19 A5 A6 B2 83 42 D5 
[   98322] ch50 r0 a3: 09 A0 80 A4 E8 AE 80 B0 49 40 85 A0 48 8A A1 13 DB 67 34 6A 95 1A A9 6C 8A DB A9 56 AE AA DD 17 
[   98325] ch50 r0 a3: A6 04 24 99 58 B4 42 58 40 4D 0B 4D 08 82 90 08 72 54 A1 54 28 18 12 00 15 00 88 24 A8 A1 15 00 
[   98355] ch50 r0 a3: 8A E4 A0 5B AB 72 C3 6B 7B 55 45 6A DD FC 67 6B EF D6 7B 6E EB 8B DF AE D6 FF AE EE DE F3 3E 5D 
[   98358] ch50 r0 a3: 59 54 A6 55 28 61 A8 21 38 0C A8 56 52 A2 AA 08 89 24 A5 52 CC D1 29 10 86 92 4A A6 2C 02 08 B2 
[   98371] ch50 r0 a3: 52 4C 1A AA 52 2A 99 15 42 35 68 15 61 68 96 84 08 5A A6 55 98 BB 2A D5 C7 2A A6 AA A9 95 56 50 
[   98416] ch50 r0 a3: A4 AA 95 2A B2 AD DA AB BA D9 D6 7D 57 AC AB 6F 69 6A 6A D7 55 72 AB 6B 3E B5 0C A5 EA 35 11 7A 
[   98451] ch50 r0 a3: A9 40 AA 9C 0D 55 82 49 DC 51 23 52 01 32 52 A5 4C A9 6D 75 2A 86 AA AA DA B2 A6 5C 85 4D 62 AD 
[   98454] ch50 r0 a3: 51 2A 92 AA 2B 7A 33 52 6D 55 42 41 2F 5B 42 5C 9C CA 15 57 15 0A 96 2A 2A 6A BA D7 56 29 2A DB 
[   98467] ch50 r0 a3: 8A A9 A5 AA 56 97 07 B2 9B 00 B6 92 B6 B0 53 5A 95 5A A3 C4 B6 54 AB 6E 96 49 AA 5B 6A AD 5A 49 
[   98592] ch50 r0 a3: 29 54 24 85 2C 13 12 42 94 A1 91 92 C8 99 BA 2B 4B 41 A8 D1 4B 62 0B 15 A6 34 B5 AD A7 2A 82 86 
[   98601] ch50 r0 a3: 08 11 01 61 20 40 89 12 92 55 2A 20 A7 49 A0 89 21 42 0A F0 60 62 8D A5 21 56 19 41 8A 8F 67 16 
[   98656] ch50 r0 a3: 9C AA 51 00 BC 54 A7 41 95 CC AB AB BB 76 FB 5C DF E8 8B DC 81 B3 AF 4B 75 62 AA 5A B1 8A AE AA 
[   98670] ch50 r0 a3: 82 14 54 60 A2 2C A2 6D D5 D5 76 AE F5 53 65 76 96 8E 6A F7 55 52 B5 95 88 7D C9 54 54 AD EA 98 
[   98701] ch50 r0 a3: 00 00 A4 5A AD 2A E2 41 21 C8 2D 42 29 55 15 19 14 55 5A E8 B5 46 52 B9 45 AD 75 5A D2 DB 52 9E 
[   98703] ch50 r0 a3: 31 DC 8A 2E 6A AA A2 6D 76 DB 54 92 28 C3 3A C2 A1 16 15 48 A9 85 1C 11 75 55 4D 42 88 06 22 AC 
[   98716] ch50 r0 a3: 28 06 5E 98 52 21 A4 50 A1 32 D2 52 62 11 54 66 DA D4 5A 22 92 56 A6 12 AB 44 2B 02 A8 C2 95 C4 
[   98735] ch50 r0 a3: A6 A4 B2 AA 26 99 25 54 55 B2 6A 88 9D 62 82 AA B2 94 84 04 22 B2 58 40 A4 B5 50 42 A0 6A C2 D6 
[   98795] ch50 r0 a3: 14 81 6D D3 30 9D 55 A8 8D 5A 94 AA 9A C3 54 14 45 6B 51 56 B6 B5 A4 A5 A5 A9 3C A5 34 54 92 6D 
[   98866] ch50 r0 a3: 2A 40 60 20 51 20 A2 24 50 96 34 A5 34 02 00 84 22 0A 83 6E 9F DF F5 85 11 20 4C 4C 4C 19 2A A8 
[   98934] ch50 r0 a3: 15 2A 55 64 13 09 51 34 2A A2 10 A4 25 03 00 68 DB 20 92 44 00 A3 29 28 31 44 12 4C 0D 06 80 2D 
[   98951] ch50 r0 a3: 91 50 90 CA 02 A4 47 0A 30 0A 10 A5 32 80 CE 02 91 2A 84 AB 4A 24 48 AA 48 2A EA D4 A6 96 CA 28 
[   98956] ch50 r0 a3: 1A 51 6A 90 21 54 40 4B 74 AA CD B5 B5 56 A5 D5 12 CD 77 3D A5 94 AB 3F DA B5 6F 65 4C EF D3 61 
[   99059] ch50 r0 a3: 91 41 2D 25 2A 89 A8 C9 2A 45 88 AB D8 AA 90 AA 84 4B 6E 05 E2 A1 8A A9 45 11 4A AA 1B A1 04 A5 
[   99072] ch50 r0 a3: 8D 2C B2 D6 45 91 2B 55 A4 AC 97 12 52 66 5D 5C A5 AB 65 3A 32 AB 26 5D 54 DD 59 54 6D 5A 4A D5 
[   99074] ch50 r0 a3: D5 55 B3 3A D5 AD 55 BA A7 79 53 45 55 76 94 53 AB 92 B4 66 7A B1 65 BB 2A D5 63 68 C3 55 B5 4A 
[   99091] ch50 r0 a3: 00 01 05 00 02 00 13 28 D4 52 0B AA D6 CE CA 8B 94 92 90 F5 33 6B BB 53 4F 25 65 5A 91 5C D0 D2 
[   99164] ch50 r0 a3: 19 20 5D 12 50 05 00 90 0A 68 81 10 24 6A 55 25 24 00 01 32 20 24 D2 91 24 54 D9 55 D1 AD 2B 2E 
[   99191] ch50 r0 a3: BA AA 24 AA 25 55 75 51 44 68 92 A5 CD 0A 94 6A 94 DD 19 50 21 89 D0 F5 55 35 AA B5 12 9A 65 4E 
[   99213] ch50 r0 a3: 02 41 03 55 8A 95 AA A8 AF 69 55 57 5A AC 93 01 05 54 88 20 21 28 DB 61 14 81 22 05 95 69 6A 54 
[   99218] ch50 r0 a3: 17 52 9C B3 17 97 96 CB 07 60 A3 25 D4 E2 C9 28 F6 C1 9E 58 22 52 9F 22 8C 66 90 B5 28 FE 1C E5 
[   99384] ch50 r0 a3: 95 DA A6 28 56 94 52 3E AA E9 7B 4B AF 3A AD 2F B6 CE AF AD DA F2 EA 75 B2 7F 51 56 D3 55 CD B5 
[   99425] ch50 r0 a3: AC ED 1A B3 73 62 CD 2E 6B 65 17 5B 85 3A 29 AD AD AC 56 4A 32 74 B7 B6 A9 A9 29 C9 55 6A 52 AA 
[   99462] ch50 r0 a3: 96 E8 D1 49 48 05 5D D4 AB 10 19 12 C9 54 A8 12 41 17 B7 6D 49 5B EE C0 35 A4 94 AF 54 BA A4 92 
[   99468] ch50 r0 a3: 9B 62 CE 02 35 AA 24 A6 15 55 D5 83 5A 2B 4D 51 2A 2A 25 5B 76 D7 51 31 4C 8D D1 55 96 9B 4D 4E 
[   99494] ch50 r0 a3: A6 60 AA 06 92 91 0A 24 94 94 15 93 55 4B 54 25 25 12 37 B1 22 56 4A 0D 2A 08 D3 0A 48 A1 4B 81 
[   99514] ch50 r0 a3: 2A A8 8D 55 4A B3 2E 4D 04 91 39 92 C9 14 2A 65 45 0A E9 A5 6C 16 6A A5 E5 63 B8 B5 AD 45 0D 22 
[   99522] ch50 r0 a3: 61 4D 64 B4 55 57 B0 0B C7 61 83 08 80 A2 88 01 56 D0 78 2A A1 6B 50 71 55 59 04 B1 45 56 08 54 
[   99548] ch50 r0 a3: 52 AA 44 0A 22 44 D3 D6 0D B3 17 C5 33 5A 53 24 BB 29 A9 25 2B 15 D3 CF 6A AC 55 55 69 2D 89 A2 
[   99562] ch50 r0 a3: 9D 3B E2 AD 54 5A 35 55 E4 A5 F1 AB 16 A4 AB 49 58 CB 6E 95 A5 B7 48 A8 8A 35 35 B7 EA 6F 5A A4 
[   99563] ch50 r0 a3: 93 2A 92 10 2A C2 B3 54 BA 7A 53 47 0B 5B 60 54 D1 74 52 23 55 EA 22 20 C0 12 8B 04 CB 77 96 D2 
[   99689] ch50 r0 a3: 99 D6 AA D6 15 4C 64 54 75 90 2A 94 AA 95 A5 06 0A 82 05 5A 66 A1 DA DC A9 4A AD 91 52 A2 48 A1 
[   99714] ch50 r0 a3: 32 24 C9 54 2D 33 56 96 D3 58 A8 A5 D6 6D 6D 4A 95 05 43 13 A2 C8 95 54 89 56 91 24 5A 55 22 D5 
[   99745] ch50 r0 a3: A1 25 50 A5 2A C1 4D CA 96 93 6C 23 8D 35 4A 4B 57 55 6A 5D 43 22 D1 49 97 69 0B A5 87 55 52 B4 
[   99791] ch50 r0 a3: 54 68 E0 A5 54 9A A5 48 1D 51 5D D4 EB FF 72 15 73 B7 5A AD 96 E8 BA 2E D6 F5 A0 12 05 09 46 C4 
[   99903] ch50 r0 a3: A8 32 A8 60 94 95 82 AA 62 04 38 12 E2 92 82 52 80 A9 40 AA 49 73 06 89 45 95 11 56 48 A0 B1 52 
[   99920] ch50 r0 a3: A9 29 2B 2A AB A9 4A 95 23 54 55 9B 48 A6 D2 D6 4E 52 56 55 6A 96 56 11 60 A5 2D 68 6D 35 55 54 
[  100039] ch50 r0 a3: 01 0A 9D 39 4E 21 2D 01 35 28 95 11 50 31 75 7E 16 40 11 39 66 0A EC 15 4D 55 76 76 BD 57 29 76 
[  100075] ch50 r0 a3: 49 55 09 66 C6 B5 92 84 52 48 29 55 50 CA 32 35 14 9A 61 A2 E8 DA A5 49 8A CA 04 99 CB 25 5D 55 
[  100077] ch50 r0 a3: 53 4D C4 B3 18 A6 54 A6 8A A2 29 20 8A A4 56 9D B5 17 0A 92 46 90 BA 13 5E 54 A8 B4 A2 72 B4 68 
[  100122] ch50 r0 a3: 94 96 61 11 6A 89 A1 56 A1 42 AD A8 02 42 5A 2A 16 90 8A 2A 15 51 64 A3 04 A8 55 25 B0 A0 A9 2D 
[  100174] ch50 r0 a3: 50 A5 43 64 94 44 C3 54 82 50 AA 4C 4A 92 51 0A C9 55 0A 6A A5 AA 4A 4B 50 54 44 46 24 89 51 43 
[  100184] ch50 r0 a3: 4D 84 14 D4 11 22 01 4A 90 12 40 42 A2 11 40 8A 50 21 B1 55 8D 08 04 5B 01 45 35 07 13 11 0A 85 
[  100196] ch50 r0 a3: A9 12 94 26 18 DD 4C 55 8D 0A 2F 22 7A 15 04 4C E9 26 B1 A4 0C 4C 2A 69 15 67 56 A8 56 85 7A 8E 
[  100210] ch50 r0 a3: C6 99 4C 51 25 45 9D 9B 57 77 EE BC 12 9F DA 93 55 B5 53 5C EA 95 B7 56 EE 71 B9 EA 9A BD 7D 41 
[  100224] ch50 r0 a3: B4 48 09 0A 08 12 86 8A AC B4 BA D5 77 AC DA FE A9 EB 56 EB 2A B7 62 95 6D DE D7 4C EE B7 CB A5 
[  100245] ch50 r0 a3: 12 D4 55 07 22 45 21 52 F5 1C 8A A5 09 AA 5B 29 D2 57 AC 08 DC 02 A8 B5 57 0A FB ED 6A D6 15 4D 
[  100279] ch50 r0 a3: 00 05 50 05 55 4A 95 8A AA DB D2 D4 4A 55 5C B2 D7 6A 69 2B AA BE EF 1D 65 5C B5 2E A7 55 47 15 
[  100281] ch50 r0 a3: 00 22 34 61 44 95 11 13 22 64 55 4E 89 25 05 14 B6 94 90 36 94 95 21 52 BD 1A CA 89 40 AC B6 95 
[  100300] ch50 r0 a3: 99 B4 5B 28 15 13 75 19 6E 95 AD 43 35 6A 15 A2 ED FB 75 AB EA 4D E3 2A D5 52 6C E2 B6 57 AD A3 
[  100306] ch50 r0 a3: 99 28 0C A8 56 54 AA AD C5 45 34 AD 54 55 62 D2 DA 62 BF A5 35 2A 52 92 B5 A0 AB 6A A7 6B 4B A4 
[  100322] ch50 r0 a3: 44 E9 04 51 15 53 3B 97 58 55 77 7D A9 6B 5D F6 B9 1D 56 AA CE B3 52 EA D9 75 AD 5D B9 AF D7 A1 
[  100389] ch50 r0 a3: 02 80 00 02 04 02 14 50 56 63 0A 51 32 6B 09 4A AA CA 44 45 92 C7 45 2A EE B5 55 DC 2E 95 E5 A9 
[  100402] ch50 r0 a3: 52 54 D4 6A 91 48 20 2C 0A 90 52 98 25 21 45 6D 32 ED AC 2A 44 6E 45 09 89 F5 32 55 54 98 BA AD 
[  100468] ch50 r0 a3: 21 26 85 28 A9 04 02 2C A1 5A C9 46 4D 42 44 44 95 12 9A 02 80 88 68 C2 9D 51 02 29 59 54 A8 B4 
[  100475] ch50 r0 a3: 45 2C 83 15 58 88 8B 29 24 DA 9A D1 84 32 9C 08 51 8B 2A 54 2B E4 AD 53 AA 49 7D 55 5A EE B5 53 
[  100488] ch50 r0 a3: A2 C5 32 AA 72 55 88 D4 20 58 55 58 59 0A 02 20 AA A5 54 16 54 4C 51 18 92 D5 01 53 4C 82 D4 48 
[  100496] ch50 r0 a3: 91 CA D8 A5 02 A4 49 2A 8A 8A 05 2C 85 0B 0A 68 25 41 2D A1 2A E0 06 8E 28 95 09 55 49 95 49 20 
[  100503] ch50 r0 a3: 2C A4 42 0A 42 A0 C4 40 20 2A A5 44 30 42 54 D4 85 2F 96 B3 A2 9D 22 75 4E D3 23 A1 D5 72 5E 89 
[  100530] ch50 r0 a3: 59 02 8D AA A6 B4 B6 30 97 03 51 55 42 96 45 B4 92 A3 24 25 54 AA 3A D1 4D 53 92 DA 65 54 4A 51 
[  100546] ch50 r0 a3: 04 80 AF B6 41 0E C2 0A 72 A8 11 12 8A 25 53 28 A5 4D 32 A4 78 AB 4D 52 95 2B 5A 35 36 B2 31 16 
[  100563] ch50 r0 a3: 84 AB 52 19 A4 90 54 94 AA 15 6B 2A 60 54 D5 57 28 AC A6 B4 2A 52 A8 A9 2D 15 6C 35 29 CB 65 15 
[  100591] ch50 r0 a3: 21 58 12 85 50 A4 AB 1A A1 AA B4 55 54 27 18 03 4A 91 A2 B2 A9 51 95 97 4C 15 AA D6 B5 41 6E 55 
[  100597] ch50 r0 a3: 46 EA DD 56 9C 6A 85 AA A9 2A 94 5B 44 54 A0 AE AB B9 BA 4A 96 85 FD 5E A4 49 09 E0 54 8B 56 9E 
[  100625] ch50 r0 a3: 41 2E A5 55 2C 80 35 A2 95 0C 20 29 00 98 48 8B 28 24 14 22 51 20 41 10 22 9C A1 10 24 A2 3B 06 
[  100626] ch50 r0 a3: 96 A0 A6 A0 50 0A 0C 38 C1 06 91 8A A8 15 41 95 8F 15 18 A4 A2 94 91 08 86 DE 91 52 E1 56 C5 2B 
[  100680] ch50 r0 a3: 92 A7 55 4B 45 4A C7 52 8A 28 22 1A 22 65 24 9A 82 D4 AA CC 21 65 32 08 D4 21 58 9D 51 2B 08 B5 
[  100686] ch50 r0 a3: 35 52 32 A9 A8 90 B9 25 54 45 74 92 C1 52 9A 2A 61 4A 95 56 A1 3C D2 D4 65 BA 92 B1 66 A9 29 5B 
[  100697] ch50 r0 a3: 55 4A 36 1A 34 40 54 11 4D 2A 8B 54 51 05 29 15 5A 8A 52 A0 35 2C 58 AD 6D 3C D6 AF 6A EE CA 36 
[  100716] ch50 r0 a3: A6 AA AF 2E 48 EA AC 25 70 8B 69 18 C5 CF 5A AB 56 D5 2D 66 E5 23 58 A8 58 BA C7 2C C2 AC 56 AA 
[  100724] ch50 r0 a3: 92 86 2C B1 55 77 5D B4 A5 A5 BA BA D1 29 41 0D 97 B5 6A B2 7A 02 40 22 A4 46 91 5D D5 AA A9 2D 
[  100741] ch50 r0 a3: BE 68 91 45 29 31 11 B4 95 29 55 52 85 32 51 24 23 45 26 53 62 25 28 02 A5 52 C9 74 4E 64 8A 50 
[  100780] ch50 r0 a3: CA D1 9A A5 16 25 3B 55 14 D0 89 2A 2A 2A 29 4E 15 24 36 BD 6A F6 AD 35 3A AA 55 AF BB EE EC C2 
[  100796] ch50 r0 a3: 1A D5 2C 55 55 66 56 A9 06 99 5A 85 D8 56 38 50 35 1A AA 9E D7 9D A6 A4 6A 74 01 4A 3D 69 36 B7 
[  100816] ch50 r0 a3: F0 AD 0D 33 D0 3D 59 75 4D 55 A1 A4 93 6C 1A 58 B5 6A 6A D5 13 A1 24 97 04 D9 4B 51 69 41 5A 53 
[  100824] ch50 r0 a3: 9D AD 69 68 93 52 A5 46 95 6C 2A CE D5 37 5C AE 55 6E AD 5D 5A 8D DD EA DD 4B AE EA 4B 5A BA 40 
[  100826] ch50 r0 a3: 51 24 A9 02 A8 00 29 84 48 D3 15 98 6C 31 60 B1 2A 48 5A 51 25 6B B5 AB 41 50 B5 A8 B4 85 29 0A 
[  100850] ch50 r0 a3: 8A CA 14 D6 AB 69 52 AD 52 92 98 AC EC EB 6F D2 B6 FA 95 6E E5 CB 54 BD 6B C3 7F 9E DA 9A D5 AB 
[  100899] ch50 r0 a3: 88 1E 2C 11 4A 08 CA A9 5A A9 B2 52 AA B6 56 AA 23 8B 1A 12 92 5C 8B 52 AA 26 BA AA AB 49 91 45 
[  100932] ch50 r0 a3: D6 91 45 82 95 2A 0A 88 A4 E2 1A C9 75 24 8C A4 92 D5 94 AA 09 5D 68 89 55 58 55 64 A2 81 4A 95 
[  101053] ch50 r0 a3: 16 37 6A 89 2E E8 A0 22 88 B6 59 48 A3 24 20 A2 42 AB 0B AA 55 53 6A 80 96 44 8A 2E 94 89 AC AE 
[  101056] ch50 r0 a3: 54 92 A8 A5 66 90 D9 AA 02 C4 C1 11 16 15 14 C9 55 D9 A9 14 12 12 8A 55 02 46 55 D6 94 62 52 D5 
[  101082] ch50 r0 a3: A8 57 0D 6E DA CA 65 B6 16 D5 17 51 6B 47 6B 95 F6 E9 B9 65 55 EA 97 B6 AE 6A 4A 97 7B AC 5F EA 
[  101085] ch50 r0 a3: 5B 2A 30 52 8A D3 AA E8 AA 8E 22 74 95 32 AB 32 55 5C 4D 54 BC B6 D9 4F 55 2A AD 7A B6 5A DA BD 
[  101132] ch50 r0 a3: A8 45 89 2B 25 B2 50 47 45 45 AD 26 8B 2C 1A A8 92 89 46 29 01 8A D5 1A A9 15 55 4A 96 4A AB 55 
[  101139] ch50 r0 a3: 01 0A 22 42 95 24 92 25 0B 44 A4 99 25 22 84 44 58 E9 30 00 00 00 00 00 05 25 14 21 12 25 00 0A 
[  101168] ch50 r0 a3: 22 48 93 C1 A2 28 81 50 8A 12 A1 22 42 44 A8 A5 29 4C 02 12 A0 54 04 21 24 24 2A 00 42 6A 95 54 
[  101178] ch50 r0 a3: 50 64 44 43 2A 8A 20 A4 08 A6 06 04 A1 57 54 20 B0 82 68 10 88 41 45 A5 4A 82 91 28 52 45 15 14 
[  101208] ch50 r0 a3: A2 99 96 92 2A EA 51 4A 11 54 19 7B 23 56 AB C2 23 09 56 2A B8 AA D1 2B 54 51 28 14 B2 B5 42 8A 
[  101233] ch50 r0 a3: A9 A1 54 A5 55 1B 1B 44 89 48 86 AB 56 99 D5 2A 55 16 AA AA 60 BA A5 46 AA BA A5 48 62 B5 29 89 
[  101250] ch50 r0 a3: A8 D5 65 52 98 4D A5 A9 08 55 2C 93 92 54 C1 15 94 42 D3 84 8A 55 79 2A A4 97 42 5A AB ED 5A 08 
[  101267] ch50 r0 a3: 9C 8B AD B5 D4 A7 A1 C1 8D 4A BE AD 7D 39 B0 73 43 B5 21 45 08 8D 13 87 41 9E 59 20 44 90 E7 A4 
[  101348] ch50 r0 a3: 4A 55 1D 96 AB 5A 52 B5 42 7D F6 99 56 A9 34 E8 75 5F 6C B3 95 B4 25 3A AC 96 AE D3 4A DA C5 52 
[  101392] ch50 r0 a3: E4 29 4D 54 48 A2 A9 19 47 4A 5A A8 AA C6 0A A2 A2 AB D4 94 A8 B5 72 56 AA E0 5A 85 A5 20 84 96 
[  101433] ch50 r0 a3: 4C D4 A8 85 A9 45 2D 58 91 45 AD 46 DB 2B 53 43 8C 29 51 C2 11 E9 4A C4 4C 6C AA 34 5A AE 91 54 
[  101438] ch50 r0 a3: AA 45 48 54 E5 44 84 4E A9 24 59 2A 42 89 45 4D 54 94 FD 2C 44 25 94 48 14 A9 40 84 45 29 AD 65 
[  101460] ch50 r0 a3: 92 52 B5 09 D2 53 65 64 15 4A 20 D5 89 40 AB 21 8A 66 81 C4 1B 29 2B 57 16 44 A2 6A AA DD 56 B2 
[  101500] ch50 r0 a3: 1A A5 45 68 12 61 18 28 00 A4 24 4C 09 41 01 10 45 55 4E AB 36 5C 4A 02 92 A5 4E 2A D6 AC D3 95 
[  101532] ch50 r0 a3: A2 2B 54 CA D2 59 5A 64 A5 92 8D 6A 48 AA 81 62 C8 93 4C 86 05 34 A5 36 DD CE 34 92 92 B2 4D 56 
[  101537] ch50 r0 a3: 45 49 8A 54 40 0A 22 88 98 88 2A 5A A5 08 50 94 13 02 C1 55 55 00 24 99 15 49 15 15 14 A1 54 90 
[  101539] ch50 r0 a3: 92 89 4C 49 40 91 25 5A CC 80 20 08 8A 22 44 A4 C0 3A 20 A5 9C 22 A2 20 28 E8 8B 44 38 18 40 51 
[  101569] ch50 r0 a3: 55 94 A4 AA AB 14 91 C1 70 91 08 28 41 49 05 A4 06 00 62 18 20 15 E1 2B 25 78 45 20 34 9A 42 C1 
[  101578] ch50 r0 a3: 10 BA A9 53 91 CB 28 A7 2B 08 CA D4 48 AE B0 80 A6 9B 4A A8 32 E6 28 82 29 4A 09 94 E5 35 B2 2B 
[  101594] ch50 r0 a3: A9 44 54 D5 BB 28 AA 94 B5 5A AE 0C 5D 21 2C 8A 24 C6 D0 B4 E4 68 18 E1 72 61 06 5D 29 22 64 45 
[  101596] ch50 r0 a3: 09 28 10 24 10 82 82 82 21 2C 2A 01 51 92 82 55 74 B5 D5 6D 99 49 A4 4A B5 71 6A 25 A4 54 8A D9 
[  101635] ch50 r0 a3: A5 73 4D 2D 29 44 38 BB 2A 20 3A C4 12 A9 39 0F CF 5E EF 7D B5 FD BD 76 BF F3 DB F7 9B 7F 7B FD 
[  101638] ch50 r0 a3: AA 86 45 2B 2A A1 54 B5 62 88 95 2A DA F2 A2 92 B5 92 29 D7 72 A6 61 15 F5 60 2D 11 AB 67 56 AD 
[  101680] ch50 r0 a3: 6A 2A 00 54 89 C9 44 A3 2A 12 AA 94 A5 58 82 E8 AA 6A A9 52 56 A3 A5 22 55 29 55 29 55 11 28 AA 
[  101735] ch50 r0 a3: A9 4B 55 52 8D 2B 3C B4 D4 B5 2A B1 35 7A 29 1D 50 B2 55 69 2A 9A A1 1A 58 A4 42 46 48 01 44 0C 
[  101772] ch50 r0 a3: A4 D9 14 84 2A 14 4C AE B1 46 44 95 29 34 1A 54 54 56 09 51 35 01 BA 14 AA 8A 45 C6 20 62 92 95 
[  101831] ch50 r0 a3: A9 55 68 59 85 45 49 89 28 15 56 E1 24 36 34 00 A1 1A 26 DB 2C 31 51 8D E9 48 80 13 A4 C4 55 34 
[  101879] ch50 r0 a3: 50 D5 48 21 24 A5 14 31 19 A6 11 38 50 62 40 BA 30 2D 41 24 2A 74 52 96 CA 09 35 30 82 23 8E 9D 
[  101893] ch50 r0 a3: 55 58 A8 AB 68 50 56 22 36 3A 62 9A 44 99 A2 4B 5A B8 A1 25 46 5D 47 45 52 D8 5D 55 AB 55 33 29 
[  101916] ch50 r0 a3: 56 EB DE 98 D5 B5 5D 5D E8 AB D7 58 55 2D 65 E0 A8 50 55 2A 94 53 75 26 2C A5 6B 7A BA 5A A2 55 
[  101919] ch50 r0 a3: B5 F5 EA 95 6F DC CC 57 79 F7 6B 37 D1 5F F3 7D 2B F6 D7 6E F5 27 D7 55 EA ED 7B 57 6A 52 B0 9B 
[  101947] ch50 r0 a3: 8A 52 48 12 A2 48 44 EB 03 A1 54 AD 38 62 6A 82 04 22 96 F2 95 97 51 25 29 A1 6B B4 B4 02 99 64 
[  101977] ch50 r0 a3: A8 D1 A2 AA 52 A9 2A 55 93 2A A1 46 48 0C D7 28 AA AD 52 82 A4 11 55 2D AA 06 11 6C 65 90 4B 4B 
[  102049] ch50 r0 a3: 05 13 18 DD 0A 98 14 B2 90 D1 20 A4 42 05 74 49 00 A5 B2 AC 84 A4 62 51 25 44 15 4A 44 A3 2C 88 
[  102156] ch50 r0 a3: A1 14 51 14 D1 22 81 24 80 14 8A A4 32 89 20 C5 AA 82 AC 97 4C 16 45 AD 5A CD EE 72 AB D4 E3 D2 
[  102187] ch50 r0 a3: AA A4 33 9A 49 16 A2 CE 81 2D 2C E9 00 52 75 42 39 50 2A C6 A1 EA 5A D9 5B 18 CB 54 94 96 41 54 
[  102191] ch50 r0 a3: A9 49 4C 89 27 10 02 51 2A 82 90 42 68 D2 49 12 58 84 4A 85 11 28 68 69 51 44 A5 42 43 51 51 24 
[  102230] ch50 r0 a3: CA D5 2B 58 B6 8A 16 ED 4B 6A 43 49 4D 1A 94 B2 4A 21 5A AA 65 55 28 44 49 A1 22 B4 A2 B6 EC AA 
[  102334] ch50 r0 a3: F4 99 49 8F 8F 36 95 75 4D 8D D7 D1 0F 2A A9 7B 53 2D 55 13 50 A3 C7 55 44 C5 52 A5 D1 56 14 BA 
[  102362] ch50 r0 a3: 00 06 51 62 EB A9 4F D5 B4 92 96 04 AA 95 53 0C 3A C5 34 98 D4 E6 E9 35 B2 8B 50 32 43 52 A6 AA 
[  102398] ch50 r0 a3: BD F7 F5 FD 75 55 FA 54 D6 BC AB 4A ED 9B 65 6A B3 6A CA A9 33 6C 5A 35 AD 5B 2D 6F AA A3 35 2C 
[  102416] ch50 r0 a3: 53 07 32 84 09 72 A2 97 B0 D9 B0 18 80 AE B0 E2 58 93 04 A4 96 8A B1 5A 37 FF FA B7 7B 5A CD 5D 
[  102426] ch50 r0 a3: 00 C0 D0 41 04 53 0A 22 20 42 52 00 94 B9 18 A5 57 29 4A A5 16 A8 94 BA 7B A3 3B 51 AC A2 52 CA 
[  102455] ch50 r0 a3: 6A 68 44 FA 89 C3 56 D7 42 B2 EB 6A 51 57 7B EB D5 3D AA A5 FD D2 55 B6 CA B4 CB BD 2B 4B BF 2A 
[  102542] ch50 r0 a3: B0 AB 55 6C BA DB 75 3D 42 69 29 0D 2D 11 35 13 52 D5 4C 5D 69 26 A3 75 28 40 50 94 91 4C 64 DD 
[  102649] ch50 r0 a3: 80 A3 45 48 0C 48 01 25 14 D5 E9 C9 AB 5A AD A9 4A B6 D9 2D 59 54 93 16 8D 45 2A 8A EB 96 AA 94 
[  102674] ch50 r0 a3: 41 96 CA D2 4D 59 12 94 B1 2C 31 34 11 51 42 8D 32 7B 35 61 26 69 65 1B 2C CD 4A 8A BF 4D 33 74 
[  102744] ch50 r0 a3: AC A4 CD 6A 96 B7 B3 4B B6 D1 29 08 A4 29 84 A4 25 52 02 54 41 62 6D 44 A1 24 D1 21 1A 2A 00 44 
[  102790] ch50 r0 a3: A4 5A 51 4C 94 B9 52 48 4C 22 20 28 54 50 12 0B 15 44 45 96 AA 98 95 0B 0A AF 4A 18 B8 A2 A9 20 
[  102791] ch50 r0 a3: C4 2D 15 11 A2 A5 91 19 02 68 28 D1 C1 5A 92 44 A4 A6 55 50 4C B4 B4 A4 DA 55 48 2A 06 44 2A 45 
[  102807] ch50 r0 a3: B4 54 AE 56 54 95 52 B4 B5 1B 44 B5 58 0F 6F 02 9A 15 85 62 DA 4A 54 9A D5 55 55 52 AA AA 8B 2A 
[  102818] ch50 r0 a3: 14 01 04 50 18 00 4E D2 5C 96 5D 4A EA AA 93 56 2A D4 84 C4 0B 5A 0D 6A A0 11 45 98 92 2B 5D 7F 
[  102866] ch50 r0 a3: 9C 8D 68 99 38 C6 01 54 A8 A8 6A 8A 6B 89 50 99 62 87 5A 62 9A EA 44 5A BA 95 2A AA 8D 2D 37 24 
[  102912] ch50 r0 a3: CA 85 2D B4 AD 94 19 56 DB 6A DC 19 36 52 94 8A B5 6B 75 95 3D 69 EB 97 52 3A AB AD 4D AE CF E2 
[  102947] ch50 r0 a3: 00 02 D1 2A F1 89 40 B2 D9 A4 8A 54 CA A8 84 B3 74 A4 C8 2A 15 4B A8 AE 9B 15 51 9B 69 21 54 F5 
[  102948] ch50 r0 a3: 20 55 28 25 65 05 64 20 72 B0 62 ED 95 33 48 94 9B 76 82 8A 8A 96 28 AC A2 5A 46 95 94 62 5C 26 
[  102955] ch50 r0 a3: 84 95 5F C7 7A D5 59 CD 75 CA D5 B2 AA D2 56 C9 53 6B 15 E9 AB 62 29 2A 13 AC 55 5A 95 0A 55 79 
[  102989] ch50 r0 a3: 64 90 48 06 12 52 B4 52 E2 0D BD 2F 5D CD BD FE FD B9 F7 DF 7D E7 DD BB E7 FB A7 FA AF 4A EB BE 
[  103004] ch50 r0 a3: 92 04 A0 A2 8A 40 40 A9 D2 4A 86 44 08 1A 2B 4D 2A A4 8A C8 81 15 42 84 C2 59 22 69 19 25 52 51 
[  103055] ch50 r0 a3: 90 9A 92 E1 99 44 7E EB FB BA E1 5F DA DA B6 AB 5D D7 B2 DD 56 FF 57 9F 7B D5 7D F9 EB EF ED AA 
[  103073] ch50 r0 a3: 45 55 21 2A A4 21 22 E8 8E C8 A0 95 9B 09 52 88 D2 52 56 25 19 3A A9 91 51 6D 29 28 9B 54 EA 5B 
[  103141] ch50 r0 a3: 68 4D CD 49 28 B5 54 A5 08 89 54 54 A9 20 44 4E 0C 60 0C AB 88 A5 25 08 49 48 04 55 B6 F5 5B FE 
[  103258] ch50 r0 a3: CA A9 2E A7 5A E3 5B 6B 5D 5A B5 A4 57 6A 15 2F 52 F5 6B 64 AD AC 88 66 51 AA CA AC 4B 64 BA D2 
[  103260] ch50 r0 a3: 84 50 AA 85 52 92 42 24 53 A9 55 09 4A 08 15 44 4A 52 08 90 0A 05 75 42 44 81 42 80 A9 20 21 C8 
[  103267] ch50 r0 a3: 09 B6 BF 6A F6 55 58 FE AD 5E D7 95 CB 6B 46 DF 6B 8B ED 55 B9 DC A5 3D E5 D5 57 F5 AB 3D AF FB 
[  103272] ch50 r0 a3: EA 55 D6 5A 22 54 62 A8 B4 98 14 AA A6 31 2A 86 24 54 48 4C 45 4A 55 07 24 84 CB DD 12 D1 7C 6A 
[  103310] ch50 r0 a3: 85 52 12 92 90 A5 10 54 00 92 02 AA 44 80 55 4D 55 14 50 49 64 0A A9 21 65 0D 13 09 54 91 0D 51 
[  103312] ch50 r0 a3: 92 4A 02 3D C8 15 50 C2 89 C6 51 AB 6A D4 A5 92 59 62 9C CE 73 42 65 A9 15 93 A8 D3 69 A4 39 36 
[  103407] ch50 r0 a3: D0 9D 54 90 4A A5 59 75 1B 05 2A 0D 6B 63 50 13 06 54 B2 CD 44 21 6A 52 B2 22 E8 53 54 28 2A B5 
[  103433] ch50 r0 a3: 1C 89 F6 A1 72 01 5F 85 39 F4 92 59 40 C3 C2 D7 44 23 E0 10 F7 6E C5 48 DD AD A3 FF 49 D2 D6 C2 
[  103498] ch50 r0 a3: 77 36 B2 FB B5 65 B6 65 B5 69 DD 63 13 B4 9D 63 6B 6A 73 3A A5 35 C5 D5 AD C3 DD F9 6C B5 55 B6 
[  103515] ch50 r0 a3: 51 57 92 C9 80 22 A5 25 08 42 09 45 88 04 15 0A 1D 15 68 41 82 04 41 B0 9A 24 88 48 A1 37 54 96 
[  103574] ch50 r0 a3: 1E D9 4A 43 0D 7C 48 20 A1 02 65 40 4A 92 EB C5 22 BA 54 0A 1D 69 4A B9 53 2D 0E D8 A8 A6 4B CB 
[  103670] ch50 r0 a3: 6A BF 08 E2 7B 77 46 24 D5 60 13 4B 35 37 67 B5 CA 0D 17 3F 8A A6 E3 D6 A2 95 CE 6E A5 86 3D F7 
[  103684] ch50 r0 a3: C0 D9 F6 22 53 11 DD 1A 10 A8 D6 2D 55 C5 2D ED B9 57 C3 8A 3A 7B 77 54 4C 3B 64 2F FA 95 5C A6 
[  103746] ch50 r0 a3: 76 24 C8 1A 4A 87 D0 50 BB 7D 65 AF EE DE AA DF BB 5A CA DE A8 2D 72 38 0F 10 D3 60 94 95 57 0A 
[  103762] ch50 r0 a3: 34 53 A8 28 4E 54 85 79 50 B0 23 60 2A 4E 29 59 D1 4B 2C C2 10 DD 3D 33 2A 9C 90 93 BE 23 D8 4B 
[  103771] ch50 r0 a3: 92 27 01 34 89 EB AB 09 78 0C 14 BB 55 E0 68 44 7F BA D3 5E BF 3D 54 D8 08 37 E6 B6 16 8D 39 6C 
[  103791] ch50 r0 a3: 96 C4 95 A8 CB 51 D5 A9 56 85 3A D6 A9 12 88 74 B8 AC D6 5A 76 44 74 EA AA D2 0D 32 52 51 06 29 
[  103830] ch50 r0 a3: 31 44 80 09 29 82 5A 09 8A 21 10 82 2B D5 0A D2 59 54 4B DE B1 AC B6 53 5D 4D 95 6F D5 CA 53 9D 
[  103854] ch50 r0 a3: 29 06 04 E7 33 A1 72 6A 76 6A 8A 95 CD 45 0D F0 C0 E4 3D 65 AD 7D 92 0F 0F B8 D0 21 61 2C 28 CF 
[  103864] ch50 r0 a3: 47 9C F1 45 A3 82 ED 28 51 CD E1 8A 0F C7 86 43 E5 C0 15 6A 51 A9 CD 3D 2A 06 51 5A 90 42 06 4E 
[  103879] ch50 r0 a3: 51 61 24 88 AD 51 50 0A AA AA 09 08 A8 2A 94 09 56 88 C1 2D 41 54 4D 0F 71 1C 30 1A C7 3B 05 09 
[  103885] ch50 r0 a3: 87 40 A2 42 14 15 95 94 BD F5 5A 4B 62 10 8B 0A A2 F6 DA A2 45 84 54 5C 54 AA A8 1F 2B 04 58 CD 
[  103896] ch50 r0 a3: 14 91 45 04 2B 6A 96 AA EA AD AA 6D BD 6D FA BB 76 E7 72 BD 29 46 D6 DF 77 5F BD 7F AA FD 75 F6 
[  103926] ch50 r0 a3: 32 A0 84 A1 1B AD 44 48 12 4B 76 6A 55 5C 1D 6B C1 95 5A C3 2B FA B5 ED 50 76 DE A5 D6 38 B2 CC 
[  103934] ch50 r0 a3: 4D 02 4B 05 11 EE D1 AB 11 6D 4C AD AA 98 B3 49 31 6D 51 95 33 48 8A 15 6A 44 55 BA 55 9A B5 A5 
[  103977] ch50 r0 a3: 02 00 14 10 02 58 0A C5 08 4A 24 80 50 10 00 68 A3 A6 F5 1E D4 24 95 85 E9 F6 4C 6D E0 9B 54 4F 
[  103993] ch50 r0 a3: 54 90 42 4A 4A 20 80 CC 44 2A A1 9D 42 12 D4 41 28 24 B4 80 89 03 CB E0 A8 2B 4A 02 8A 98 44 65 
[  103996] ch50 r0 a3: D5 2E D2 AA 75 74 8C 12 A9 52 52 BA 54 AA EB E5 5D 46 58 2D 6D 52 A8 BE F9 54 AA BF 6F 5D EA 36 
[  104017] ch50 r0 a3: F1 25 DA AB B4 A2 0A 88 54 90 C4 EA 4A 25 4A ED 55 55 6B 66 B4 FD D0 E5 9B A2 AA D4 DD FB 58 F7 
[  104028] ch50 r0 a3: 01 46 D2 45 57 E4 6E AD 92 66 AA E8 EA 41 5A EA CE 5A 9D 59 9A 6A 4C C5 AE AF A5 57 BB CD 81 55 
[  104029] ch50 r0 a3: 2D 09 2C 16 5D 2E 93 42 8C 82 AF 52 AC 35 72 A8 4C B2 92 D6 D9 16 55 4E AB 54 B2 52 6D 45 50 D8 
[  104050] ch50 r0 a3: A6 AA A4 52 09 24 09 22 92 A4 AA AA 4A 92 04 4B 95 54 A2 90 AA 03 4A 49 14 02 AA A2 51 2A 80 92 
[  104055] ch50 r0 a3: 1C F3 B8 AC 2A 84 05 CC ED F3 6A 50 CF 8A 13 26 C3 E1 1F 2A 63 A0 57 33 79 D3 05 67 24 F9 41 90 
[  104089] ch50 r0 a3: 20 0F 52 E7 25 C1 E3 F7 D7 D5 08 DD CF 5C 50 B6 7E BE 78 4B E9 1C 8A 69 83 99 93 FD 54 EE 0C 5A 
[  104129] ch50 r0 a3: 00 88 83 0B 51 2B 8A 22 91 40 48 50 C2 54 25 10 25 48 85 52 89 12 24 0A 12 99 54 50 85 14 B0 6C 
[  104236] ch50 r0 a3: 95 EF 70 9A D1 D9 56 03 97 4C 0D 98 B8 22 A5 E2 33 AF 25 31 55 F4 C3 18 A9 B4 11 1C D5 F6 55 6D 
[  104313] ch50 r0 a3: 81 50 26 CA 2A B0 28 A5 14 AD 28 56 AA 88 95 6A A6 68 49 B1 24 A0 88 65 24 D4 90 15 00 C8 9A 91 
[  104385] ch50 r0 a3: A9 55 4A 94 55 65 95 2D 6D D2 95 2B F5 B2 D7 D7 A9 9D FF B5 DD 6E BF 5A AC EC CE BE F6 B5 51 FE 
[  104399] ch50 r0 a3: A9 49 98 99 42 48 94 6A 24 34 A5 40 89 29 A2 88 05 09 52 40 29 42 0C 83 54 A2 84 89 2A CA 93 15 
[  104436] ch50 r0 a3: 92 AB 29 2C 22 DC B6 A9 6A 59 9C D5 65 29 5D 31 65 79 54 94 DE A5 AB 12 05 A2 95 65 76 29 54 A1 
[  104452] ch50 r0 a3: D4 55 15 01 40 6A AA 96 57 52 65 E5 A2 6F 34 D4 D1 25 AC 1E A5 66 CA ED CB 49 B4 A3 04 D2 A5 A9 
[  104478] ch50 r0 a3: 59 45 53 5B 85 75 4E CD 5A A4 C4 12 41 B9 4A 9A 0A 6A 6D 57 55 A8 55 65 D4 8A 54 FB 57 B6 EE 45 
[  104493] ch50 r0 a3: DA C3 AB 5A AC 43 12 56 5B D5 54 E6 95 35 AA 6D 4E 7E AB D5 D7 64 AD EA CF 5C 92 AD BB 6A EB 7A 
[  104495] ch50 r0 a3: 81 41 A9 4A AC 5D 86 B5 5A 43 44 5A 42 58 95 4A AC AA BD B0 5A 54 A4 04 41 4D 2B 24 A5 2B 13 48 
[  104495] ch50 r0 a3: A4 2B 42 D0 A2 CA 49 94 BE 08 A9 59 5A 58 4A DA 55 62 90 0A A0 54 AB 69 AB 12 A5 84 94 65 57 EA 
[  104496] ch50 r0 a3: 94 A5 12 44 90 50 94 42 29 4C 94 20 C4 8A 94 0A 06 62 92 A9 4D 92 6A 92 25 2A 68 AB 4C 45 75 02 
[  104509] ch50 r0 a3: 08 59 52 88 91 03 2A 40 82 35 41 10 1A AA 6D 4B 52 F2 31 44 18 A9 52 52 B2 D8 29 2A AA 42 A2 5D 
[  104519] ch50 r0 a3: 62 CA A7 AC A2 A2 A0 8D 69 A2 95 48 85 61 56 CB 55 AE A5 48 BD 1A 36 B1 56 5B AA 95 9C D4 AF 6A 
[  104520] ch50 r0 a3: C9 40 4B 56 28 D4 20 71 25 4B 26 92 99 30 12 59 16 48 29 15 52 AA 54 43 56 21 5C 34 4A A2 08 3A 
[  104547] ch50 r0 a3: A1 E9 58 52 53 B5 14 D6 4B AD AA 01 24 D1 BB AF 8A A4 9F 66 8E EF A9 15 D4 60 E6 D5 C2 A9 41 51 
[  104556] ch50 r0 a3: C7 30 A2 D9 6C C9 2E 19 59 4B D2 92 90 A8 24 69 4B 6A 6A F2 A5 6A 96 5B AD 6D 55 3A D5 99 05 8A 
[  104572] ch50 r0 a3: 8A AA 8A 89 52 4A B4 85 88 8C 28 A0 B4 96 14 35 A5 0A 12 AA 84 24 21 D4 44 29 65 64 45 10 2B 24 
[  104583] ch50 r0 a3: 56 D2 21 4B 29 42 BA 33 54 94 E4 D4 C0 AC 94 44 89 95 46 95 0A 4D 65 55 F9 55 6A D7 93 C6 73 25 
[  104594] ch50 r0 a3: 55 D9 29 2D 4D 46 B6 B5 58 0A A2 92 13 5A 3A 05 58 51 64 AD 14 A5 20 AD 9D 48 B7 68 36 A6 66 95 
[  104660] ch50 r0 a3: 5A 09 60 52 26 0E 92 2A 8D 48 AD 04 25 D2 A8 51 51 02 28 82 0C 01 22 88 A4 81 02 A2 04 94 4A C8 
[  104696] ch50 r0 a3: 59 5D 4B 54 28 27 11 91 12 60 B5 CB 16 A4 5C C2 91 A9 50 68 53 45 0A AA AA 82 84 0A 89 59 19 D6 
[  104754] ch50 r0 a3: 08 0B 15 2A 3B EA D9 75 EF DB FF EF EF 7F FB FD F7 7F FC 2D 72 38 0F 10 D3 60 94 95 7F 0E CA 30 
[  104774] ch50 r0 a3: 56 CB 58 2A 88 81 52 0A A0 A5 49 2E 93 50 16 45 22 46 46 35 14 AA 8D 3A AC 58 12 8C 86 9B 6A CA 
[  104798] ch50 r0 a3: 50 15 6D BE 0A E5 55 52 89 4A 5A 52 B0 B2 B5 96 54 AD 1A CA A9 57 BA 4B 58 55 CA DA DD 94 F5 55 
[  104852] ch50 r0 a3: 09 4A E7 46 FB 9E DB F3 CB 4E 17 55 D5 18 BE FE A9 25 28 A9 BA EE FD 74 99 3E 2B 26 B7 64 D5 8D 
[  104866] ch50 r0 a3: 51 6E 51 34 52 94 A9 55 3A D1 6E AD 6A B3 5D BA 32 41 5C 95 52 84 96 55 5C B4 4E 5D 55 15 5E 9A 
[  104882] ch50 r0 a3: 56 3A 91 33 22 5E A9 BB 54 CA 85 64 9A AA 32 4D 95 2D 64 AA AA 07 2A E9 E9 4D 65 A4 15 49 54 D4 
[  104893] ch50 r0 a3: BA EA A5 AA 40 B1 52 D4 24 94 52 96 40 44 32 08 A5 2C 55 E9 B1 5D A9 65 46 DB 01 51 18 48 49 4A 
[  104924] ch50 r0 a3: 20 44 2C 1B A2 C3 95 44 AA 84 28 C4 94 41 2D 32 0A 13 51 48 A0 4B 21 91 26 40 8B EA 0A 45 48 C0 
[  104981] ch50 r0 a3: B3 11 75 1A D1 2A AC 5A 88 B6 55 50 EA B4 6B 56 AA 8A 2A 8A DD 45 55 36 2C 65 45 59 D0 51 A1 46 
[  104983] ch50 r0 a3: 32 A6 4A A3 26 E9 5C 95 12 18 81 A5 54 82 AF 25 A5 65 0D 53 6A 5D B4 C3 59 65 95 6A ED 56 99 18 
[  104985] ch50 r0 a3: 85 55 D0 5A 05 92 8A 8B 19 25 55 E6 D3 D4 D8 50 A5 0A 91 12 96 26 9C B5 11 15 CC C2 E2 AA 15 35 
[  104992] ch50 r0 a3: 89 69 95 AB 45 6A AD 52 55 5A A9 6B 29 12 29 03 95 36 52 56 D4 D5 5B B5 6A E9 AB 5A DA 4A 58 A9 
[  105022] ch50 r0 a3: 09 31 2E 9C CE 2F 91 54 94 0A AE 5D 0A A2 D3 49 2A 88 64 6C 53 5A 6A 92 80 EE 46 AA 0A C8 6D 7D 
[  105058] ch50 r0 a3: 52 AF 6A 5B 55 68 90 A1 55 5A ED 97 5F 59 39 CA EB BC CA AA ED 4F 7D 6F ED DA D5 BD D5 A5 9B F7 
[  105083] ch50 r0 a3: 15 2A AA 10 AA 4A 85 4B 54 AB 2A B6 D9 8A B5 51 33 34 B5 2D 51 2E B5 52 D5 AB 5B B0 5B 45 5A 9D 
[  105089] ch50 r0 a3: 20 4A 8A 50 A1 46 86 02 A6 05 70 15 25 4B 24 A2 08 40 88 95 59 2D 62 56 51 22 49 A2 0C A2 26 AE 
[  105155] ch50 r0 a3: 6A B4 88 6A 57 8C 40 2A 59 9A 45 8D 2E 10 A1 0E A2 2A 84 3B F4 90 A4 A5 8A 8D AB 73 18 ED 29 BE 
[  105198] ch50 r0 a3: 13 55 49 12 22 57 45 54 AA 52 2A 82 AA CA 94 A7 4A 5A AB 19 AA 2D 59 8D D4 0C 41 09 20 4B 84 29 
[  105294] ch50 r0 a3: A8 AA A5 48 AE DD 51 B5 29 51 AA 9D 55 B5 6A B4 5C B6 9A AA D2 A5 A2 AA 4B 56 A4 F3 12 AA A5 54 
[  105295] ch50 r0 a3: A4 C8 A1 20 38 1D 24 98 4D 34 AB 97 6A 4A 42 75 1B 4A AA AA D4 48 A2 AA 24 F6 6A D5 33 D5 5A 16 
[  105331] ch50 r0 a3: 9B 60 94 55 65 6A AB 42 25 D4 D5 A5 90 B4 A9 72 A6 CD 29 B5 16 6D 51 62 95 45 CA 55 56 D5 55 AE 
[  105335] ch50 r0 a3: C5 AA A8 D2 EB 69 D9 52 72 D5 6D 6A E5 AB 95 EC 9A A0 1A D4 D2 43 72 3B 5D 28 8C 22 DB C9 69 55 
[  105346] ch50 r0 a3: 09 22 11 2A 43 49 94 48 AB 2A C4 11 41 45 00 DA 91 16 D4 42 11 00 82 12 A4 A5 50 24 12 84 A5 B0 
[  105354] ch50 r0 a3: B2 AA 65 85 08 83 BA 02 54 89 24 9B B5 64 A2 26 08 2A A0 50 E2 F1 5D 63 4E 82 03 44 22 94 A4 82 
[  105377] ch50 r0 a3: 09 54 A5 AA 52 92 D9 5C 4C 6A AC A5 B7 B4 EB 28 B5 12 75 A2 A6 51 59 AD AB 51 03 21 42 95 5A D5 
[  105438] ch50 r0 a3: C9 24 A8 51 B2 14 A5 62 C4 56 82 EC 75 52 AB D5 6B 31 D7 A5 ED D7 21 A0 B4 AA 32 AD BC 4F B0 37 
[  105450] ch50 r0 a3: 0D 23 09 52 01 22 AD 14 6A 52 55 5A 90 45 22 96 54 55 A8 A4 9D 14 25 29 42 A2 12 6C 14 9A 25 48 
[  105489] ch50 r0 a3: 0D A2 C5 AD 54 4A 5A 6F 17 5B 72 FE 4A 9E 8A AD 4A A8 FB EF 53 6A AA 94 30 B9 0A B0 C1 45 AB 32 
[  105503] ch50 r0 a3: 48 90 50 05 0A 60 51 1A 62 51 15 52 85 41 24 04 2A 0C 92 25 2A C2 A2 93 45 4E 6A A9 0A DA 98 B5 
[  105545] ch50 r0 a3: 95 B5 55 74 6E B0 AD DB 55 5A D4 BB 64 B2 55 5D 4D 69 55 A5 A9 35 44 A4 4C 8A A4 A9 12 66 90 D4 
[  105550] ch50 r0 a3: 9A A0 4C 05 13 32 C8 A5 A3 29 4A 92 94 A4 A2 A4 48 16 A5 2A 52 25 56 A8 28 85 0C 88 4A 26 49 D1 
[  105614] ch50 r0 a3: 43 22 24 24 42 4A 84 2A CA 52 90 A8 32 D0 85 F6 54 B1 62 02 91 D0 A2 55 20 82 40 45 51 28 C1 A4 
[  105624] ch50 r0 a3: 42 F2 00 4D A9 24 AB 29 29 90 20 95 A5 61 59 4B 52 54 00 D1 4A 6A 16 90 32 CA 8D 15 42 01 F0 FB 
[  105648] ch50 r0 a3: 52 62 55 2A D4 A2 8D 55 57 6A 95 5A 2D DA A8 21 4B D3 AB C9 55 2B 88 AF FD 63 CF AA F5 4D D5 A7 
[  105666] ch50 r0 a3: 91 48 0C 21 21 20 08 0A 88 15 52 BC 2D 28 5A EB F1 4B 4A D5 55 52 AB 32 92 A4 DA E8 4F 35 7B 2B 
[  105692] ch50 r0 a3: 05 12 F5 52 AB 3C D7 52 A3 5A 94 E1 25 2A A5 56 62 94 AA 15 44 EB A2 AF 2B 2A A5 AA 6B D7 AE FB 
[  105717] ch50 r0 a3: 55 64 23 D5 F5 12 D5 2A 95 BC BF BD 02 EB 55 5D C9 94 D4 D9 96 BD 54 9D 59 6A 56 91 33 96 A9 2F 
[  105719] ch50 r0 a3: C1 94 A5 45 2F BD AA A3 2D 57 75 CB D5 51 D8 2E 2B 3B 48 F5 26 76 59 32 75 D8 45 53 6C 5A B5 68 
[  105726] ch50 r0 a3: 02 02 82 12 2A 2C 02 56 19 48 B5 54 89 21 55 08 50 29 AD A5 26 49 6B 55 2B 3E 2B 4E B5 EF A5 4E 
[  105738] ch50 r0 a3: 2A 91 28 54 2A 84 04 A6 4A D1 0A AA 30 94 AA 29 4B 40 AA A3 2C EC E4 88 A4 22 95 8E BB 4D A9 50 
[  105742] ch50 r0 a3: 40 04 51 B0 98 14 5A A9 25 29 9A A3 54 64 93 35 71 65 A9 48 A8 64 06 A5 B4 8D 53 02 A4 45 45 AA 
[  105789] ch50 r0 a3: 20 14 58 A9 6A 4A 5A 59 2D 6B 48 B5 94 59 5A 56 92 52 94 45 1B 25 56 D6 D9 85 49 5A 52 15 32 3A 
[  105791] ch50 r0 a3: 92 01 91 44 D1 A2 B0 2A 4A 42 96 50 A2 5A 89 18 2A 08 12 91 50 41 64 82 C4 92 8A 0A A0 A8 92 98 
[  105817] ch50 r0 a3: A8 CA 89 55 54 31 51 90 08 4A 75 59 0C A8 91 56 A6 0A AD 4A 42 D4 5E AA 28 99 14 45 0A 49 50 41 
[  105851] ch50 r0 a3: DA AA D2 B5 76 F6 F9 65 75 73 A6 DE 6A 92 96 CB 5A B8 BA B5 5A 67 5D 6B 57 4A BA DB 9D 5E A3 5A 
[  105866] ch50 r0 a3: A5 97 53 72 DE DA A6 96 AE D2 E5 B5 85 8C 8E 94 4A AA 4D 72 86 BB 82 B5 32 55 BB 4A B6 9B AF AA 
[  106000] ch50 r0 a3: 40 12 88 8A 49 90 A8 F5 18 85 25 51 52 82 A0 44 E9 29 76 5F A4 8D 11 E0 8D 6D 45 2C 92 91 05 50 
[  106003] ch50 r0 a3: 91 75 A9 55 8C A4 A6 73 D5 7A 15 69 12 58 A4 A5 2A 8A 5A C9 0A 82 0B 95 45 5A 52 BD 12 25 AC DA 
[  106014] ch50 r0 a3: CA 4C 99 78 2A B5 22 2A 15 8D 45 AD EE 55 C5 B4 2C C3 7D 1A 3C 00 A6 85 6A D5 13 7B 8A DD 0A 3D 
[  106029] ch50 r0 a3: A8 AA AA 92 AA C5 0A 5A 8B 3B AE 9A 96 B4 BB 3D D4 FB D5 45 08 91 92 A4 22 82 55 2B 65 28 A1 56 
[  106049] ch50 r0 a3: 64 0A 52 80 49 44 14 11 4A 6C 59 2C D1 D2 9A D6 6B AC 9A 55 5A 6D CA C3 65 99 55 10 AF 56 B6 D5 
[  106050] ch50 r0 a3: 95 D1 32 46 A1 2B 6A 85 12 68 85 52 F2 EA D3 AE D6 55 5A DA 12 65 13 54 A9 1A A9 D5 AD AA 52 51 
[  106059] ch50 r0 a3: 84 64 AB 00 2A 24 D0 A9 62 80 A9 34 0B AD 59 20 CC 98 8B 55 55 2D 52 A5 2A B5 32 90 37 1A C6 C9 
[  106089] ch50 r0 a3: 22 06 4A 11 48 24 98 B1 B5 29 4F E0 C9 4B C1 0A 2A E5 96 44 21 58 A8 46 8A D6 D1 F2 BD BC 86 15 
[  106173] ch50 r0 a3: D2 85 6E 07 33 B9 32 A0 35 20 54 B5 55 AA 0A 49 28 BA 25 89 AE 4A E9 88 2A AD 6A 6A A9 D2 52 56 
[  106183] ch50 r0 a3: 02 51 D4 7A 4A 25 08 98 A2 D1 61 41 52 87 3D 21 89 8B 25 90 BB 27 A4 29 D2 DA F6 E3 D9 5C 49 99 
[  106198] ch50 r0 a3: 49 90 A2 A8 A8 B9 4A 4A 4A 9C 97 18 89 35 4D 44 15 7D AA 95 EA 5D 42 85 35 97 1C 70 A5 15 AA AD 
[  106203] ch50 r0 a3: 55 2A 54 A8 20 D1 52 A4 95 55 6D 4F BA 4B 1B 75 B4 EB 4A A7 2B 55 DA 6E 95 68 AB 55 E8 AB 95 ED 
[  106211] ch50 r0 a3: A5 5A 96 24 4A 8D 58 59 35 4D 56 6D 92 B6 5A 55 E3 16 45 23 51 2B 45 55 8A ED 95 1A 55 25 39 4F 
[  106215] ch50 r0 a3: 44 52 88 AD 26 55 46 68 46 A1 91 95 4E A8 A9 15 AA D5 26 C9 4A B1 52 05 29 95 33 55 52 69 0E D2 
[  106240] ch50 r0 a3: 64 A9 4A BA 4C 6E 12 8B 54 45 71 22 A9 54 94 4F 57 75 B4 A5 EA BB BA EF 7D 47 AC 54 FB 58 8A 01 
[  106298] ch50 r0 a3: AC 00 4D 02 89 4D 94 11 2A 09 80 20 01 00 80 00 10 00 C0 6A 55 60 95 AA 90 06 22 42 C5 05 CA 4A 
[  106459] ch50 r0 a3: C9 02 96 A1 90 26 34 66 81 45 01 5A A8 A4 04 64 56 AD 5A 15 02 94 30 D2 A8 52 21 99 65 51 29 9E 
[  106545] ch50 r0 a3: 6B 2A 24 29 25 54 41 04 28 46 D9 10 92 AA 44 92 AE B4 AB 56 A2 CF 75 15 79 D5 AF 92 D5 4A AA C4 
[  106603] ch50 r0 a3: 91 53 55 54 B5 49 4A 55 54 AD 69 50 F4 15 14 54 A2 49 52 93 2A 8A 4D 52 D6 B1 D2 25 D4 AC 76 50 
[  106612] ch50 r0 a3: 2A A4 1D 84 02 55 44 0A 22 56 04 12 05 4A 01 A1 A2 1C 0D 28 02 09 04 45 01 A1 00 22 80 42 C0 15 
[  106622] ch50 r0 a3: 44 11 31 BA 05 3A 11 76 86 93 79 28 DC 7F 0E E2 C9 02 26 2E A4 2A AA 51 38 AA 15 A5 12 04 48 56 
[  106651] ch50 r0 a3: 2D 2A 22 82 A0 D5 19 B3 55 54 8A 26 AA 2C A2 28 35 2A 24 09 44 65 39 17 14 5A AB 84 6B 1B 4D 29 
[  106652] ch50 r0 a3: CC 29 44 5B 0F 29 58 D5 5B 5D 37 72 FB AA B7 AA B9 A6 75 7A 2C B5 24 4E 95 26 95 52 AA A2 DB B5 
[  106696] ch50 r0 a3: 53 96 15 CB 2A 54 1D C3 AA 87 22 A0 2C A5 5A 38 A8 51 34 09 E1 02 6B 2A 39 0E 48 4E AC C8 A2 10 
[  106719] ch50 r0 a3: 82 4A D2 39 4A A3 25 C5 51 13 55 05 8A 1A 44 19 55 50 B1 2A 2A 91 5B 34 A1 05 1C 51 0D 02 89 B5 
[  106764] ch50 r0 a3: AA 45 AA 87 26 13 45 68 91 C4 A9 64 15 50 12 84 A4 D2 44 C1 0B 49 52 A2 4A 20 B0 95 16 C4 55 55 
[  106794] ch50 r0 a3: 65 AA A8 C5 90 43 6D 3A 24 91 40 4A 2A 4A A9 28 52 08 13 15 53 29 2A B0 A5 54 A6 2A 28 86 A5 50 
[  106795] ch50 r0 a3: 1C A8 95 42 A2 0A 51 84 8A A6 A6 2D 33 78 BA 8C 48 29 5B 54 5B 2A 8C 0F 0A 8E AA 95 56 6F 55 B2 
[  106834] ch50 r0 a3: 5A A8 A0 44 8B 40 A5 13 B6 F2 A2 9F EA 2D 20 0E A9 AC 4B A1 2D DF 7A DC A0 BA 92 9B BA 6D AD 4E 
[  106888] ch50 r0 a3: AA A2 52 99 29 51 59 05 AB 98 9D 11 25 52 AA EE 8D 29 54 92 F0 91 34 5A AD 55 9B AA 68 47 55 0D 
[  106913] ch50 r0 a3: BD 4A A9 44 52 2D 6D 65 4D 56 75 E4 D5 95 45 5B 59 75 2A 24 12 1A 8D 53 2A AD 6A AC A9 4E 54 95 
[  106917] ch50 r0 a3: 44 95 35 AD 44 85 4A 87 5A 50 D6 4A A8 AC B9 4B 23 0C 78 EF 12 56 26 44 64 24 15 4C 40 6B 45 02 
[  106936] ch50 r0 a3: 54 AB A6 D4 59 A1 D5 60 CE 37 D4 AA AA AE FF 9D 4C 6B E7 68 B7 70 AB EE B4 84 AA 2C B2 46 1E 74 
[  106950] ch50 r0 a3: 02 01 14 49 00 92 11 55 E0 00 00 08 A9 10 04 28 50 04 01 00 00 00 88 48 90 0A 77 69 6A FE BD F6 
[  106969] ch50 r0 a3: 87 0D 4D 54 4A D4 24 8B 00 4A 24 65 95 A4 49 55 9D 36 AA E6 4E C2 A8 EE 85 B5 A9 62 AA 95 5D 25 
[  106971] ch50 r0 a3: D5 4A BA AA B4 2E D1 B5 2F 55 15 AC DC 52 EA B8 2F BB A9 4E AA BA EC 94 9B A7 25 5D FA BB 55 47 
[  106985] ch50 r0 a3: 02 A8 85 1E A2 B8 6A A7 FD A2 76 AD 51 D6 94 D5 14 93 44 69 4A AA A4 AA 42 AE D5 85 99 B1 58 26 
[  107022] ch50 r0 a3: 95 04 A4 15 45 E0 09 18 85 05 A9 2D 4A A0 49 91 52 2A 2E 6A 20 88 95 12 0D 29 65 50 D4 52 EC A2 
[  107081] ch50 r0 a3: 95 32 55 5C B4 16 A6 AA E9 96 5B DD 6A 53 14 3F 55 36 22 A9 9A AC 92 D2 12 4A 61 4A A1 A8 55 15 
[  107124] ch50 r0 a3: 16 98 D6 4A 52 09 58 EA AC 8B 52 12 A4 5B 7A 66 51 4A 44 86 94 B0 95 2A 12 8B 6F 12 A6 AA 32 A9 
[  107148] ch50 r0 a3: 9D 4A 49 DD AD 6F 12 B1 35 AD AB AB 54 EC AA 8B 65 D7 BF 66 55 F6 A9 55 55 AA DA D5 FE DB AD B1 
[  107179] ch50 r0 a3: 80 2B 53 4D 4C 08 08 28 A5 83 42 60 C5 02 43 1C 9B 11 12 15 89 41 72 55 54 A0 5A AA 82 56 B2 54 
[  107200] ch50 r0 a3: 00 00 00 00 00 10 12 AB 34 49 14 00 00 96 41 AB A9 22 F1 6E CA EA 5A E9 43 50 EB A6 DA 44 A2 7A 
[  107203] ch50 r0 a3: 8A AA 34 AA A3 53 86 AA 5A 96 AA 69 2A 25 0A 94 92 A6 85 A5 B2 4A AA 0F 15 25 95 56 DB 12 52 A8 
[  107226] ch50 r0 a3: 35 8B 26 DB 29 55 29 4E 4E B5 94 48 C2 8C A0 B5 29 5C A6 8A A1 AB 86 C8 F6 67 72 AA 70 DD 66 9B 
[  107229] ch50 r0 a3: 00 01 48 15 5A 9D E2 44 A4 56 97 95 26 BA 8D DA 77 D1 E5 41 01 48 40 51 02 8B 11 51 C4 D5 21 52 
[  107249] ch50 r0 a3: 2E E2 B4 A6 91 2D 9B 68 CA 93 B4 2C 52 AA 0A A0 14 6B 51 6F 4C E2 B4 A9 4D 62 8D AF 8E 55 8B 5D 
[  107272] ch50 r0 a3: 09 34 48 4D A0 28 80 52 A8 D8 AA 34 93 22 46 55 96 DA 2A 56 82 AC AB 64 3A A5 64 81 A9 22 D4 8C 
[  107288] ch50 r0 a3: 55 4E 25 36 AA AB F6 DD FF 7D 6F 7D AD ED 57 AB 6A 5B A3 11 95 24 54 A9 55 FA 2E 00 4A 5E 75 48 
[  107293] ch50 r0 a3: B4 59 24 2A 41 2A C2 AA A0 02 99 0A AE 85 54 A8 40 E2 58 4B 1A 56 A9 55 8A A9 99 AD 55 77 FF D5 
[  107365] ch50 r0 a3: A2 28 52 9A 5E 4D 64 A9 71 A5 21 3F AD 92 76 4C A7 A7 74 C5 AD 8A D2 55 A9 A5 B2 5A AA 51 6A 54 
[  107367] ch50 r0 a3: 8A A8 52 82 95 28 43 52 84 84 4A 68 4A B5 29 29 25 43 8D 63 29 54 96 6A E2 9D 2D 37 53 2E 2A D6 
[  107370] ch50 r0 a3: C6 A9 9B 54 D9 D5 4B 4B AA A9 8D AE 95 AD 55 EC A4 FA A5 8A 2D AA AB AB 50 52 04 9B 69 50 05 55 
[  107376] ch50 r0 a3: 1A 4A 42 0A 91 CA CC 89 40 96 12 AA 14 48 85 96 40 AA A7 AE A9 5B 6E D5 C5 B5 2A EC D5 52 56 72 
[  107380] ch50 r0 a3: 9C 56 BD 9B 25 75 4D AE CD 5E 49 6A DC EB 35 35 55 67 5A FF A4 4A 56 81 52 9A 51 05 72 E4 A9 12 
[  107423] ch50 r0 a3: 15 29 20 18 28 19 40 80 08 48 91 11 26 22 02 30 8C 41 52 24 B0 46 A0 0A 52 55 21 01 A0 B2 A0 44 
[  107424] ch50 r0 a3: 24 80 82 4A 00 00 84 89 48 21 10 20 88 45 08 2D 28 04 10 08 85 44 14 88 62 B5 26 21 49 55 40 94 
[  107447] ch50 r0 a3: 94 AA AD 4A A9 C2 E2 A9 4C 4D E5 F7 62 AF 75 9D AD F6 BC B6 A0 B2 8D 5D B3 51 09 44 AC 54 83 61 
[  107451] ch50 r0 a3: 29 03 56 A5 09 32 B2 01 35 85 66 61 A4 8A 00 D4 46 84 A0 A1 06 44 2A 54 A1 95 02 55 68 AA A0 D5 
[  107486] ch50 r0 a3: 44 98 B3 66 21 54 0A 01 1A 21 14 41 2A 62 80 28 4A CA 50 88 08 92 02 20 05 0A 04 0A 92 90 A9 AA 
[  107501] ch50 r0 a3: 84 4A 5B 04 A5 10 A2 84 25 34 14 89 35 34 B4 81 23 54 55 21 54 24 97 6D 9B 2D 61 65 52 52 B2 45 
[  107551] ch50 r0 a3: 52 43 2E A5 92 54 81 55 2B 96 B3 FF 98 53 73 5A EE D7 96 A7 91 2A CA BA CA ED 52 EB BB 56 89 D2 
[  107559] ch50 r0 a3: 49 E1 54 59 06 7A AD 55 B7 B6 AC D4 96 ED 15 4E E6 E5 86 B6 8C A1 79 2A 4C 45 5A B7 5E 28 5E AA 
[  107583] ch50 r0 a3: 12 54 DA 08 D4 22 4B B3 55 52 94 2B 0D 0A 4B 32 91 22 A5 56 28 D6 04 D4 84 52 54 89 25 4C 55 48 
[  107589] ch50 r0 a3: 44 A4 4A AC 40 A5 55 28 35 33 6A 60 5A D5 05 20 96 45 46 28 C6 CC DB F3 5A F2 A7 96 DB C9 CB D5 
[  107595] ch50 r0 a3: 2A AE 94 55 25 AA A6 D2 3B 4A A2 B5 B7 2A A5 D5 53 ED 43 44 A1 62 88 A2 23 45 90 90 50 65 0E 42 
[  107646] ch50 r0 a3: 8A 58 34 89 21 89 52 44 95 4D 55 05 51 2A 22 21 13 12 95 4B 7B 96 DD 77 B5 C9 7D 2D B8 DF B5 6D 
[  107679] ch50 r0 a3: 00 A7 B8 ED 77 F7 B5 5E A9 AB 35 8B 2A 85 29 13 0E 3A 94 B2 D0 95 0E 2A AE B9 5E 85 31 6D AC 85 
[  107739] ch50 r0 a3: 11 10 00 85 00 89 49 56 A9 89 AA AD 7B 71 F2 66 AA AA 25 2A 4D 52 AD 54 AA 99 95 8D 99 85 65 34 
[  107787] ch50 r0 a3: 12 A8 B5 50 B5 65 A9 02 A5 35 55 75 5D B9 55 2A BA AA 6F AC 2A DA CD E5 A9 51 54 AA AD 5A 52 85 
[  107795] ch50 r0 a3: 53 EE 03 7D 82 61 63 B2 1A B1 51 04 AA 15 88 A9 DA 43 62 B4 BD 69 54 A5 70 42 82 15 4D 39 45 C4 
[  107799] ch50 r0 a3: 24 02 C4 88 20 16 13 12 44 98 24 48 54 08 58 49 4B 2C 88 08 90 44 84 40 CA D2 D8 A6 85 12 6A A8 
[  107799] ch50 r0 a3: 1A 62 D0 18 6C 21 56 95 1C C2 A4 E7 14 48 EC 06 28 51 A1 2A 22 A8 9B 44 81 12 D7 5C AD 35 50 2B 
[  107850] ch50 r0 a3: 92 A8 2A 84 52 A9 35 64 BB 54 B5 2B 57 59 A5 A5 A4 A6 26 8C 2D 15 69 A9 0A ED 35 55 92 A4 8B 12 
[  107913] ch50 r0 a3: 19 89 97 6A D1 42 B0 06 54 AA AA 91 52 54 C8 B3 56 B5 52 5C 24 9A 10 96 AA B2 44 BA 4B EA 95 20 
[  107923] ch50 r0 a3: 04 53 0A 94 2A BE 50 8B D2 11 0C F4 3B 0E A3 C0 27 35 7E 23 5B 54 F2 35 C4 85 D6 94 AE C5 6B 59 
[  107943] ch50 r0 a3: A4 B1 16 4E 23 2A 10 21 BA B7 2B 66 BB B9 70 69 D1 63 52 A9 50 56 2C AA B5 55 54 84 B1 2A B3 6A 
[  107975] ch50 r0 a3: D6 C9 6A 74 9A FA 6E AB BE D2 D3 56 97 3D 66 F2 F5 1F AA 75 6B 5B 6E B9 2B AA CB 49 62 D3 EA 66 
[  107986] ch50 r0 a3: 91 43 08 D5 22 88 45 35 0D 94 A1 56 B2 14 AD 14 A8 42 A8 A9 56 81 4A 01 12 A9 4A 8A 55 22 90 C8 
[  108033] ch50 r0 a3: 40 08 51 00 20 94 00 20 00 A2 82 A4 50 00 14 88 10 05 55 48 55 54 4F 68 4A A5 24 1A 85 50 55 93 
[  108037] ch50 r0 a3: A8 8B 61 25 11 44 32 A8 7A 70 16 9A 90 D3 62 1D 23 B4 28 C9 28 D1 89 56 EA 67 D5 AA 50 BD 4A F2 
[  108065] ch50 r0 a3: 15 50 B2 D5 95 70 30 95 6C 8A B5 5E 77 1D AE 95 AA EE D5 56 A1 2C 68 88 6A 81 96 94 00 A4 0C B1 
[  108079] ch50 r0 a3: B5 42 92 94 22 00 82 B9 83 10 54 0B 50 A5 52 53 25 44 8A 91 0B 09 CD 06 94 3C A0 88 45 29 8A 42 
[  108085] ch50 r0 a3: 0A A2 25 14 49 14 AA 95 45 62 9E 48 B5 09 11 2F 25 11 A7 69 AA 55 3C 57 32 EA AA 48 49 49 24 A4 
[  108094] ch50 r0 a3: CC 4A AA 84 54 B4 B9 09 A2 A8 91 86 AA 54 54 B4 6A 45 52 B5 68 95 DB 69 B9 AA 96 B3 55 5D DD 45 
[  108122] ch50 r0 a3: 05 4A 85 A9 53 36 A4 96 53 2A 96 8D C5 47 24 2B 51 DA CB 55 C4 A9 66 A6 AD A5 2B 70 6A ED 74 B5 
[  108132] ch50 r0 a3: 99 10 48 96 4A 65 D7 35 68 00 88 92 55 40 40 12 88 41 06 08 08 A0 84 44 29 50 21 45 00 08 80 20 
[  108171] ch50 r0 a3: 6A CA A0 A3 A2 90 90 92 B1 24 D0 E2 24 2A A9 42 83 01 94 51 8A A9 4C 2D 55 11 0E 42 90 45 38 B5 
[  108217] ch50 r0 a3: 8A 4A 46 B2 95 4A 92 15 4B 2B 58 AA A9 09 19 15 15 75 25 02 4A 89 1A 99 6A 0A 91 4E 76 89 A2 28 
[  108227] ch50 r0 a3: D2 92 40 B2 5B A5 2A 65 0D 56 69 5A A3 5A A2 48 A9 45 C8 AC CB 2F 52 55 52 5A 32 B2 B5 E3 AD B5 
[  108255] ch50 r0 a3: 52 8D 34 21 00 14 92 A4 49 82 A5 4C 55 50 86 61 6D 4C B2 53 18 29 0A A0 4A 64 18 8D 59 51 04 AA 
[  108262] ch50 r0 a3: D7 55 45 48 15 79 41 7D 76 AA D7 7F D5 B3 D4 B5 56 B5 7E 6B CA 6A A5 3B 6A 51 2A 5D CA F3 A9 AE 
[  108309] ch50 r0 a3: CE EA D2 6A DB 60 08 02 A9 71 4C 54 29 5E 9C E8 17 32 5D 29 96 55 B5 50 54 5B 05 2A 75 15 51 69 
[  108317] ch50 r0 a3: 00 00 88 29 50 22 BB 12 59 62 8D 25 C9 09 14 94 4A 68 AB 11 55 13 56 A5 3B 50 55 31 09 5E 45 A9 
[  108354] ch50 r0 a3: 5B A8 8A B5 54 14 C4 2D C2 21 02 2A 8A 8A EC A2 99 2B 9A B5 25 D5 AE B5 59 29 A7 6B E5 D1 54 89 
[  108373] ch50 r0 a3: 54 EE DD 5B E2 25 AB 2D AD 6D CD AB BF 55 8B A7 56 B5 95 9A 5E FF 39 96 BD 71 CE B7 ED D6 C7 ED 
[  108384] ch50 r0 a3: 15 51 68 AB 5A 8D 55 A5 44 41 28 A1 02 13 54 89 56 42 9C C2 A8 A1 00 0A 92 03 14 8A AC 20 8A A5 
[  108425] ch50 r0 a3: 94 55 D4 2A B4 EB 2B 64 19 35 4B 69 1F D4 4B 60 DC DB AB E9 A6 A8 2D 76 42 56 8C AB 97 6D 46 A2 
[  108502] ch50 r0 a3: 31 52 4D 3A 86 42 41 18 48 40 92 48 22 12 97 13 04 D4 A3 52 32 91 24 52 8A 14 29 26 03 45 11 24 
[  108527] ch50 r0 a3: 41 15 14 B2 EA A4 04 59 C8 90 59 22 34 B0 64 8A 40 12 31 22 54 2B 7D 49 6B 92 9A 6D 50 69 04 94 
[  108528] ch50 r0 a3: A1 12 6D 45 90 4A 44 15 55 65 52 B4 A5 A9 3D DF 59 92 CA DA 8A 2A 95 AE 6B 5F 6D 6A 16 AD 4D A2 
[  108566] ch50 r0 a3: A8 BD 7D 5A 58 AD B2 D5 31 4F 79 2A AC AE E9 57 28 46 B8 8E AF B8 BA AB 57 35 93 2A A5 52 EA C4 
[  108569] ch50 r0 a3: 02 52 A4 91 69 06 C8 A1 23 2A 85 02 A4 A5 51 56 44 82 A9 50 22 82 01 55 60 A5 50 A5 A8 A8 CA 28 
[  108630] ch50 r0 a3: 45 FA 8A BA AA 1A 4F 01 4A A4 C4 C5 72 C8 D1 D5 2D A8 D8 AB 6D CA 35 22 E5 12 4A 55 71 2A 51 BF 
[  108636] ch50 r0 a3: AB 62 8D 45 62 02 23 25 05 10 32 10 42 29 21 91 51 6A 84 ED 26 A9 16 DB A1 6E D7 2D 5D 75 5A 80 
[  108664] ch50 r0 a3: CA 8E DD 25 5B 55 75 39 D4 BA D7 A6 9B 75 4F 4B 52 F6 A4 A9 EA D9 D6 A7 A6 D5 DA 9A BA 5A CB 5D 
[  108704] ch50 r0 a3: 76 B5 AA 12 4B D0 90 F2 52 AE 9A A5 4F 44 43 45 86 89 15 54 76 32 6D 50 D5 4A 41 6C 0A 53 55 2E 
[  108768] ch50 r0 a3: 05 1C C9 44 A8 B4 A5 22 C2 2A 4B 29 96 B9 63 10 11 26 AA 95 5A 96 92 28 8A 48 60 56 61 15 4D 54 
[  108774] ch50 r0 a3: 05 2A 92 A1 48 5A 90 4C D0 4A 34 8C 08 90 55 69 A6 CB 2A B7 BF 58 AA FF 6B 67 9C DF A6 BA 4A 5B 
[  108786] ch50 r0 a3: 94 C9 58 91 BA A9 29 4D 56 48 AB 4A D5 3A 56 D5 AF 69 22 D6 94 9B D4 AA 5B 93 AA B4 A6 D6 60 48 
[  108829] ch50 r0 a3: 8F 57 49 08 43 00 C9 42 05 AB E6 CE 1A 2A BC 72 92 C5 B4 49 2A 83 6B 13 25 65 55 79 25 55 32 DA 
[  108836] ch50 r0 a3: A2 89 68 E4 89 54 56 3A 2B 71 AD 7D C7 51 2A 64 9D 6D 6E 29 4A 1E A9 A5 70 11 57 92 A9 50 85 25 
[  108882] ch50 r0 a3: 92 54 D5 61 46 24 B5 5B 8A 75 54 C2 9B 48 CB 6E D5 EE B5 D6 8A 2F B7 CB 24 B2 34 D5 23 0C BB 94 
[  108919] ch50 r0 a3: 55 48 05 24 15 23 5A EB 48 26 AD 0C 40 89 2D 16 5C D3 65 14 04 BA 48 88 A1 15 45 D8 A4 A7 4A 13 
[  108954] ch50 r0 a3: A1 21 55 20 81 12 24 08 95 AA 0B 77 A4 26 0C D0 BC B2 C9 02 25 9E D0 D2 AF 5B 46 04 DA D1 95 2A 
[  108958] ch50 r0 a3: DC A5 5B 0D 0C 9A 8A 2B 0A A5 08 A4 85 48 94 0A 51 02 83 42 A6 4D 4D 24 A9 28 69 8A D5 6D 57 57 
[  108984] ch50 r0 a3: 00 10 DA 08 8B C5 27 9D 55 55 56 88 AA 45 ED 54 B6 51 44 E5 55 0F 5B 65 93 48 A5 09 51 2B BD 89 
[  109051] ch50 r0 a3: C2 50 14 94 10 86 D6 AA 5A 91 6A 15 29 55 5D 1A A6 51 12 B8 40 91 58 A9 42 12 8C 4A 55 69 A4 25 
[  109104] ch50 r0 a3: 15 D7 32 B6 DF 5A A4 BD AD B9 4D CA 45 6A BF B6 F4 3E 96 A6 81 38 20 1A 9A AC 84 2D 8C 93 99 56 
[  109131] ch50 r0 a3: 4A 94 53 15 65 09 2C 95 76 AA 55 5A D5 64 B4 30 A5 AA CD 21 4D 26 D4 96 A1 37 4C D2 B2 A2 AD 28 
[  109164] ch50 r0 a3: 53 52 A8 04 61 04 20 94 54 0A 08 2A AA B4 51 55 52 CA D6 BB C9 52 AD 54 C6 D4 9A A2 5A 32 A3 29 
[  109171] ch50 r0 a3: 49 24 89 52 15 CA 5D 82 2A D7 22 C5 5A 40 04 2A A8 21 32 15 45 11 2B 98 56 D6 B1 41 5A A6 B5 55 
[  109221] ch50 r0 a3: B5 A4 B5 3A D7 5F 7C D5 DD 69 93 52 A5 48 AA A4 AB AA 96 B5 CD D3 29 6D 13 6A B6 4D 5A D4 5B 55 
[  109235] ch50 r0 a3: B4 A5 64 0A 55 03 4A 88 26 5A 95 24 82 43 40 9A B1 62 2C 92 DC A9 94 E9 A8 8A 14 A3 42 AA 6A AA 
[  109260] ch50 r0 a3: F5 56 8F 2D 5B 59 DD 56 99 26 B5 9E F2 97 6D CA 4B BB 6D 28 AE 56 D5 B4 ED 55 35 DE 2E A5 79 3B 
[  109269] ch50 r0 a3: 94 93 2A CE D4 2A BD 1C 5B 55 52 8D 35 65 99 68 44 06 0A 81 01 94 E9 2C F5 5A 84 6A 00 94 6A 22 
[  109327] ch50 r0 a3: 95 12 52 90 14 A2 48 80 2A A2 D5 06 CD 44 49 04 B1 21 52 A5 42 A5 25 2B 2E 95 15 42 45 01 68 DB 
[  109354] ch50 r0 a3: 15 04 AA 4D 29 B2 CA 64 A5 B2 2A AB 51 D6 F3 56 91 A9 56 93 83 4A 53 55 11 28 44 0E 34 23 8C A4 
[  109367] ch50 r0 a3: 42 BA 40 01 22 B0 2A B6 32 FA 5A DA AA B3 A6 AD 7F FE DB AA A2 F3 57 FA B5 59 A6 B6 25 DD 5A FD 
[  109392] ch50 r0 a3: 55 88 A7 55 26 64 2A 42 56 44 B1 6D 49 45 6D 45 96 EB 45 26 67 16 CE DD BB EC B4 C9 50 D6 B5 F5 
[  109414] ch50 r0 a3: B1 EA 83 15 56 A7 40 93 4A 95 49 5A C5 0B 55 56 AC 6B 8A 6B 6B 52 F5 7B B2 B6 6E DA 22 2A CB A4 
[  109428] ch50 r0 a3: 50 59 0A 50 65 20 B9 D4 B4 6D 9B 7C D5 54 F4 81 CE 37 4A B6 54 D4 E5 EF 59 94 DA AF 56 7D EA EF 
[  109437] ch50 r0 a3: 65 5D D2 15 AA A4 D7 67 2B 76 BB D5 B6 D5 2B 57 5A F7 BC AD BA AF BD 56 9B A6 E9 5A F5 55 1D 9A 
[  109488] ch50 r0 a3: 88 28 24 32 94 60 50 18 20 0D E5 02 04 44 58 2C 09 21 0D 68 55 54 22 21 48 4A CA 05 D6 37 A4 4A 
[  109535] ch50 r0 a3: 2A 92 28 80 0A 31 21 56 40 AA 04 81 42 A4 B9 22 4A 14 81 8A 90 01 58 84 A9 0A 24 8A 95 24 59 04 
[  109618] ch50 r0 a3: DA BD 0E A2 C9 68 20 2E 96 1A 10 B9 12 98 A9 C3 68 59 55 A7 69 7D 3A 5D 6F 62 B5 3A 99 AB 77 7D 
[  109642] ch50 r0 a3: B5 49 0D 93 29 A0 D1 32 64 52 44 A5 2C D0 A4 95 86 4A 25 12 AA 85 92 52 91 74 B1 43 29 BA 54 96 
[  109716] ch50 r0 a3: 52 AA 4D 55 2D A1 41 08 56 52 42 11 05 9F D0 56 19 68 8A 1E A7 44 88 08 05 18 D1 56 2C 00 09 22 
[  109855] ch50 r0 a3: 94 8B 95 14 AB 65 D9 56 A6 AA EA 97 BD 5D 96 E7 5B 35 5A AA 95 49 A8 1A 69 15 48 95 90 4B 5A 81 
[  110035] ch50 r0 a3: 9E 92 92 29 5A 44 56 4C 09 54 92 6D 2A 52 D6 4A 25 54 B1 5D B4 2B 7A 6A D5 54 85 52 9A 71 12 51 
[  110070] ch50 r0 a3: 2F 5E D5 EB 79 6A 94 D7 54 3D 40 68 7B 4B 0B 54 52 B1 4A 85 54 AD 5D 55 4D E4 A9 35 8A 16 CA 2A 
[  110110] ch50 r0 a3: 92 25 BA 45 1D 2D 75 7C CD 25 28 51 43 9D 55 70 95 69 AF 5A 55 43 48 68 D5 52 CA 9C 46 A9 58 71 
[  110151] ch50 r0 a3: 03 0A 44 A9 0A A2 A2 D2 C4 A2 4C 58 0A 6A 84 A6 62 30 A8 82 57 4A D1 43 56 52 A5 55 25 00 D2 92 
[  110201] ch50 r0 a3: 55 94 D1 54 49 69 4A 0C 58 95 49 2B 45 51 5A 98 48 AA BD A9 32 AC DA 94 84 DB B4 AA DA AA 2D 46 
[  110207] ch50 r0 a3: D9 0D 05 AD 49 65 AA AD 55 55 55 5A A8 49 4D B1 AA DA E3 28 6B A9 2A B4 A2 84 5A 2D 36 25 90 AD 
[  110211] ch50 r0 a3: 8D 1A B2 94 81 48 84 52 0A 20 A4 5A 82 55 11 4A 00 08 54 92 82 AA 24 AD 54 96 A8 AA AA D1 6B 51 
[  110219] ch50 r0 a3: 21 31 66 55 D1 3A 34 A3 55 5E 54 53 22 D2 32 B5 4D AA 9B AC 96 A5 55 71 3A DA C8 AA B2 9D 86 A1 
[  110220] ch50 r0 a3: 9A AD D9 40 26 AC EA 28 E5 24 54 51 2A C5 4B 10 92 24 AD 09 29 5D 4A 9C 15 1A 84 C5 17 55 55 AB 
[  110237] ch50 r0 a3: 2A E7 75 55 C5 7A F5 6F FB 3F FD FB F6 FF 7B FF FF FF 5F FF FF EF FF FF 7F CE 6A 59 64 D2 AE 64 
[  110292] ch50 r0 a3: D0 0A A4 74 AA 04 52 42 A5 94 56 D6 29 4A A4 8E 48 55 22 E0 B6 24 CA A9 CD AB A2 54 6A 21 24 59 
[  110319] ch50 r0 a3: 0A 50 D1 00 72 A1 94 D4 AA 17 D5 6B 56 AF EA 95 3F BE E5 56 A8 96 4C B7 AB 76 DA 2A 14 92 BC E5 
[  110325] ch50 r0 a3: 59 91 57 34 D5 6A C9 0B 6E D5 91 72 CD 55 52 BA 55 EB 14 E3 24 CB 41 22 A2 84 99 28 A9 4A D2 AE 
[  110354] ch50 r0 a3: 0C 4A 54 CE 52 2D 52 50 12 55 28 4D 13 49 11 56 81 69 50 BC 95 29 49 5A 60 5B 49 59 56 A8 A3 D2 
[  110379] ch50 r0 a3: 7B FF FF FF FF CF FF FF FF BF 7F FF FF F4 62 20 80 88 B8 88 02 41 26 0C 94 A5 B4 2A B1 21 10 A8 
[  110385] ch50 r0 a3: 96 9F 76 B4 EA AA AC 5A 55 45 B5 4A A2 8F A9 A7 AD 6B C4 A1 B2 A3 89 52 8A A4 AB 59 AC 0B 34 16 
[  110396] ch50 r0 a3: A0 16 22 D8 8D 4D 2B 4A 82 A9 48 51 4B 4D 56 1A AA 8E BA E4 95 90 94 35 48 9B 35 4C 85 57 2B 52 
[  110418] ch50 r0 a3: D2 42 F5 88 22 01 0A 09 2D 53 56 36 11 55 65 B0 6A 18 55 D4 A6 AD 53 75 55 A7 AD A5 AA BB 15 5D 
[  110438] ch50 r0 a3: A6 8A AA 61 42 A1 1D ED 52 6B F6 6E AA 90 05 28 49 06 D2 41 52 12 12 84 41 48 A5 59 1A 2A 02 55 
[  110459] ch50 r0 a3: 60 15 54 19 5A 23 D6 D5 57 74 09 25 90 D1 F5 56 AB 35 6C A5 45 4C 51 B2 88 EB AE 26 7B 7A B5 62 
[  110499] ch50 r0 a3: 08 40 D0 00 94 A8 25 81 49 25 85 4A 25 0C 55 13 41 21 36 AE B4 D1 2C 49 50 D6 B9 AD 5A D5 AA B2 
[  110536] ch50 r0 a3: 84 7F 1C EA AB 2A AA 94 BD 69 55 D6 AD 2E F6 A9 6C 71 B0 95 B8 B3 73 74 95 56 A7 75 A3 6F A6 85 
[  110541] ch50 r0 a3: 84 6D 12 A8 48 B8 A7 48 85 45 51 56 45 44 CA 90 AD 4A AE 2A 55 47 2C A1 2A 22 49 83 4C 9A 07 62 
[  110555] ch50 r0 a3: 29 68 A5 45 D3 1C AA 8A AA A5 A8 5D 59 6A A6 A5 65 14 A3 CA 44 D2 1A D9 53 A7 2B 54 A9 23 3D 4E 
[  110589] ch50 r0 a3: 8D 25 65 5C 42 8B 25 14 8A AA A4 50 21 53 28 AE 29 F2 A9 75 C6 0D 14 11 57 4E AA 08 A6 4A 68 85 
[  110639] ch50 r0 a3: 8C 55 29 42 82 62 D5 2A 02 35 5A 7D 23 13 A4 96 14 D4 BD 75 56 A6 DA EE 55 EE 83 4C 9A AD 45 AA 
[  110657] ch50 r0 a3: 94 92 2A A2 AB AA DB 54 4D 12 2C 08 11 2A A8 11 25 42 74 8A B6 EA 55 54 49 9E AA 4C C9 71 44 AA 
[  110670] ch50 r0 a3: 95 4A A4 51 41 2B CA 88 29 AA A2 B1 60 15 51 19 70 A5 5B 28 52 6A 2B EB 5D 96 51 75 52 49 41 14 
[  110711] ch50 r0 a3: A7 DB 56 52 77 6D 6E 9A CA 91 4B B5 D5 D1 A5 A5 2A 27 7E 95 A5 75 5E 6A AD 9C 42 AB 42 CD D6 AE 
[  110725] ch50 r0 a3: 81 00 20 08 02 24 14 A4 40 00 88 00 2C 02 40 00 48 43 81 40 11 15 40 0A 50 00 00 42 48 89 60 08 
[  110727] ch50 r0 a3: 84 00 61 24 10 29 95 10 4A 90 88 80 02 45 50 8A 53 24 52 B1 6A C8 29 42 A4 D3 46 56 4A 66 46 22 
[  110809] ch50 r0 a3: A2 49 2D 5A 54 8A A4 D0 85 49 6D 60 91 49 2A 31 6B 51 55 5D B5 55 25 32 55 A9 12 2D 44 88 90 C9 
[  110975] ch50 r0 a3: 53 50 4A AB 7A A6 89 B5 66 97 49 08 A8 60 25 06 A5 40 84 91 04 58 89 94 90 28 92 A5 05 28 61 2A 
[  110978] ch50 r0 a3: 8D 91 55 48 B4 84 92 3D A4 90 09 2A 0A 22 95 47 13 51 29 20 96 EE 4A 4C A9 5B 1A A9 DA 82 09 24 
[  110998] ch50 r0 a3: A2 48 9A 5A 5A 6A 89 A8 99 28 68 21 45 29 2A 4D 64 88 82 25 30 2A AA 99 A5 10 90 D1 14 2C 16 4C 
[  111011] ch50 r0 a3: 89 4B A2 A1 11 26 D4 F5 50 09 92 D2 A2 28 50 84 49 2A 80 08 29 52 05 6B AD A8 04 C2 52 11 A1 0A 
[  111023] ch50 r0 a3: 41 41 35 04 95 54 C9 08 01 14 AA 84 28 84 65 42 C8 95 99 15 65 A4 81 42 DA 49 24 34 D0 BA B5 99 
[  111023] ch50 r0 a3: 0B EB 26 F5 AE C6 7F BB B4 6F F6 E7 FF 55 13 04 95 42 0B 49 B4 DB 70 55 47 48 59 AA 9A 05 F2 25 
[  111027] ch50 r0 a3: 20 92 A2 A0 83 22 32 92 05 44 51 A1 24 D2 2C 92 95 4A 9A 22 92 43 41 16 11 41 0C 4D 24 8A A0 CB 
[  111089] ch50 r0 a3: A2 D2 65 56 AA AC 45 25 54 DA B0 C6 D9 54 94 A6 4A B5 54 4A B2 0C 9A 28 39 28 45 48 90 22 31 9D 
[  111122] ch50 r0 a3: D4 BA D5 50 B8 93 05 EA 50 54 94 55 4A 94 19 2A 91 45 25 55 5A 8E B5 96 A9 F2 4A 6B 63 4D 05 A4 
[  111142] ch50 r0 a3: 8B 84 A9 69 A3 1A 46 45 63 15 11 A9 98 0A 58 42 AA 6A 4A CA A5 71 A9 57 08 1E 7A 6E AE E4 AB 4A 
[  111167] ch50 r0 a3: 41 08 55 48 44 8A 2D 90 54 AE 24 90 44 40 15 50 88 2A AA 54 A5 43 40 A5 6A D5 23 59 26 55 A9 4B 
[  111185] ch50 r0 a3: A1 21 0A B8 70 CD 44 50 57 6E 89 AD B6 57 F5 51 EA AD B1 56 A4 A2 65 2B 6F 4D B9 8A D8 5D 6A AC 
[  111223] ch50 r0 a3: 14 56 EA 42 45 B0 28 40 95 53 49 4A D4 FA 54 54 8D 50 CA A9 29 18 ED ED 50 DB 51 52 44 A6 A5 65 
[  111253] ch50 r0 a3: AA 4C 48 88 E8 A4 25 21 45 43 25 54 2A 45 A9 A4 4B 2C 64 85 A9 4D 55 4D 5F D7 6A 4D 5E 5C B4 6A 
[  111264] ch50 r0 a3: A4 35 31 42 51 55 B5 75 31 08 D5 25 A9 B4 9A D2 55 39 A1 1A C5 56 2A 55 63 53 F2 B5 22 46 12 A2 
[  111271] ch50 r0 a3: 89 29 55 11 42 81 55 0D 29 AA EB 5D 68 32 AA 0B 7A E0 B5 77 52 B6 A3 9D 66 96 A9 56 C5 DA 7A 39 
[  111303] ch50 r0 a3: 09 4E 60 83 38 B1 90 06 96 88 27 28 B4 A1 41 E2 13 A5 55 11 54 88 88 4D 2A 95 45 28 94 9B A8 80 
[  111319] ch50 r0 a3: C0 88 44 82 45 BA E8 E8 AF 5B 5D FF D9 4E A8 DE 6D 62 B1 FB 65 EA C9 7F E5 6D A8 DD CB 55 4A A2 
[  111327] ch50 r0 a3: D0 C8 01 7E 32 C8 20 A2 95 4D 52 52 CA 62 CD 53 52 8E AD 68 B8 EE A3 52 B7 ED D5 6B 56 29 AA AA 
[  111342] ch50 r0 a3: 8A 80 3D 00 44 88 90 91 21 21 51 14 A2 42 4A 50 54 13 2C DA 2A 54 21 AA DD 65 91 A9 D5 A9 4C E4 
[  111358] ch50 r0 a3: D0 53 0C 95 4A 90 1D EC 94 95 5D 56 36 89 91 49 1A 8A 1A AB 62 91 89 93 53 64 34 91 47 49 11 64 
[  111373] ch50 r0 a3: AC AE DC F0 A9 55 D4 30 90 56 04 1A 4B 29 0D 45 45 20 50 46 25 65 3F 62 A7 B6 32 F6 D5 15 56 6A 
[  111392] ch50 r0 a3: 0C 55 4A 8B 5D 35 FB B5 65 51 F6 56 7D AC 55 55 56 EA A4 AE 02 50 00 00 00 20 80 02 02 01 50 01 
[  111396] ch50 r0 a3: A5 2A 8A 64 48 AA 08 95 50 D4 88 92 AA 44 C6 01 50 C3 25 A6 16 52 A2 44 68 A2 61 56 54 B6 55 09 
[  111398] ch50 r0 a3: 40 92 15 29 49 12 8C 82 C8 00 B8 15 19 44 94 82 5A 92 54 02 58 15 56 15 AA 2D 36 85 26 BA 0D A4 
[  111410] ch50 r0 a3: 54 5D 56 95 3A 53 FD 96 AA 86 A5 57 5A 52 13 4D 76 63 5F BB 7E DD AB 94 82 49 5B 49 AA B4 1C 22 
[  111456] ch50 r0 a3: 92 85 49 1C A0 06 EE BF FB 5F B3 AD BA EF FE F6 DE F7 BF B5 55 AB 29 2A AB 74 9A 75 81 A5 DA AA 
[  111471] ch50 r0 a3: 50 15 A8 0A AC 4A EA 66 6C 43 2A AA 29 36 BB 6B 6A 44 08 A8 6A 2B A4 91 64 81 29 63 88 93 15 4F 
[  111473] ch50 r0 a3: 12 19 D5 12 58 25 48 CD 7A 52 A4 A4 91 DC A8 34 45 6A 65 04 54 D7 85 55 4A 0C 2A 95 3C 54 82 C8 
[  111495] ch50 r0 a3: CA 28 89 AD 94 82 46 54 A5 12 A5 2C 24 03 89 55 6D 5B 52 44 E1 2A 98 84 12 92 84 23 0A 59 85 AB 
[  111505] ch50 r0 a3: 85 44 A0 84 2A 90 02 54 A8 40 80 81 4A 04 11 20 A8 01 02 94 42 2A 05 05 25 90 B2 15 BB 46 A8 B6 
[  111537] ch50 r0 a3: 01 3B 75 48 BA 2C 28 89 33 10 1A 49 01 01 64 AA A5 C6 4A 09 92 90 54 A2 27 A2 D3 58 42 52 A9 66 
[  111683] ch50 r0 a3: C9 2A 45 0A 6A 35 8A 4A 90 54 AA B4 91 14 E6 68 E2 82 BF 54 D7 EB A5 7F 75 5F DF BD 1B D9 55 5E 
[  111690] ch50 r0 a3: 8A 62 44 95 50 8A A0 E8 2A B2 43 52 89 AA AA 96 15 14 06 E5 54 95 49 B8 A9 AB 5D 53 9A AA 83 83 
[  111702] ch50 r0 a3: C2 81 20 8A AB 62 A9 42 88 69 22 2A 50 A2 55 2A 0C A2 52 43 40 93 D4 81 52 49 11 30 53 87 C5 42 
[  111725] ch50 r0 a3: A6 96 B6 A5 5A 15 A8 99 D5 93 34 8D 12 A5 54 96 29 4D 14 A1 A1 BD 4A B2 8A 5A EB 2E AC A7 55 C9 
[  111740] ch50 r0 a3: 90 66 80 0C 24 48 44 51 68 B4 91 28 25 14 50 2C 84 62 C6 28 28 C6 0C 41 2D 42 84 62 89 44 8B 35 
[  111768] ch50 r0 a3: 86 64 AA AA A9 49 68 A0 84 49 46 AA A2 53 41 10 54 94 4B 25 25 93 01 13 30 59 38 51 46 B2 49 4A 
[  111846] ch50 r0 a3: A3 71 AB 4D 9D 59 88 ED 50 88 94 DA C8 91 BB 20 95 55 55 8A E0 51 5D B2 71 2A 93 AA 96 94 A9 66 
[  111869] ch50 r0 a3: 55 49 09 2A B4 84 76 D5 55 35 66 AB 3C 48 4B 59 6D 13 1C DA 59 B8 6A D4 AA 8D 5A 84 45 8A EA F5 
[  111878] ch50 r0 a3: B6 D3 3A A3 A9 55 24 53 13 32 2A A3 56 B6 54 44 A5 56 52 24 90 55 25 65 09 96 98 35 4A 54 4E 71 
[  111891] ch50 r0 a3: 2A 25 D2 49 05 95 0A 96 D5 2E 25 29 95 41 52 88 51 48 C8 22 B3 18 8C A9 15 11 28 48 8A 09 14 A5 
[  111916] ch50 r0 a3: 9D 7E C0 0B D9 64 CF B6 5A 27 22 A5 46 ED 41 4A 55 C4 13 54 C5 A8 91 F6 02 69 57 4F 53 CE 8D A6 
[  111954] ch50 r0 a3: 15 82 A8 0A 21 E8 0E 10 42 14 AC 12 8C 12 0B 95 7B 44 6B 49 5B 6B 97 6B 54 C1 49 D2 EA A9 BD AE 
[  111956] ch50 r0 a3: 41 C2 20 A4 4E AA 49 28 14 5B 53 AD 69 14 49 55 59 69 56 93 AB AC 2D 24 AA D5 44 26 95 95 5B 65 
[  111967] ch50 r0 a3: 95 11 6D 20 32 44 A5 42 52 24 59 9A CA 44 52 54 D3 8A A4 F4 EA E4 A9 3A 65 26 50 A1 59 25 49 6D 
[  111979] ch50 r0 a3: 10 44 12 AA 02 2C 90 02 34 0C 51 08 1A 15 51 CA 90 89 09 1A A5 A4 01 21 19 BA 50 A9 25 B1 61 52 
[  111996] ch50 r0 a3: 9A D8 10 55 92 02 45 AA 4A 88 C0 0C A9 2A 31 54 60 E1 6B 12 4A 32 65 25 55 2F DD AD 57 4B 92 BA 
[  112016] ch50 r0 a3: B5 22 50 70 20 4A 36 4A 60 10 D0 15 48 24 04 00 89 A9 4A 68 DA 94 49 48 A1 92 14 A6 56 21 71 20 
[  112020] ch50 r0 a3: 0C 55 68 99 8A D7 68 55 54 40 50 54 29 57 24 68 98 AA 9A CA 92 51 16 C1 3C 98 74 81 4D 5A 37 59 
[  112076] ch50 r0 a3: 90 A9 18 2D 6A 29 3A D2 A5 59 34 29 5A 88 40 8D 8A A2 61 6A 96 D6 45 AA A6 4B 29 E7 12 CE A2 4A 
[  112081] ch50 r0 a3: 3A 56 9C 54 89 D4 E8 D5 A8 52 6A A8 AA E4 4E D2 D3 A2 84 D9 4B A4 D7 48 52 A1 25 AC EE D4 AA 6D 
[  112132] ch50 r0 a3: 91 A5 90 C0 AA 73 54 4D 95 15 12 52 50 B6 B0 55 49 42 4E 95 65 E9 14 A5 C6 A2 96 5D 2C 8A CA A0 
[  112177] ch50 r0 a3: 82 AA 15 28 8A 8E A1 28 B2 AC C1 A4 E9 25 52 A2 81 25 21 11 EA A0 A3 69 A3 95 22 64 01 52 A0 29 
[  112191] ch50 r0 a3: 30 5D D7 2A BA 2E A8 92 AA 81 26 65 94 D9 44 6A A2 28 93 45 4A 52 A0 56 4A D2 5A 94 4A B4 D0 B5 
[  112218] ch50 r0 a3: 07 D3 AE F5 5E F5 B7 D5 AA A6 B3 F2 ED 6A A4 55 54 AB 6A DA 4B 48 A2 55 0A 56 AC A5 26 95 95 12 
[  112223] ch50 r0 a3: 5C E2 55 87 84 00 90 4A 22 88 A8 4A 12 90 34 55 58 14 6A 95 32 51 0A 22 6A A2 4D D5 E3 A5 28 1A 
[  112225] ch50 r0 a3: B3 20 4D 85 2E E5 B2 80 A2 AB 5A 2A 58 8A 6C F7 88 AE 15 96 9A 35 55 6D 2B 42 84 51 51 57 02 19 
[  112261] ch50 r0 a3: E9 AB AA EA 15 94 4D B2 97 6B 46 EA A6 45 6A AB 16 B6 5E 1C 83 5A 26 52 C2 C5 62 95 D2 B6 8A B5 
[  112291] ch50 r0 a3: B4 92 D4 AB 28 28 82 2A B6 96 AA D6 52 AD 55 05 5A E0 42 4E 54 53 9A 95 55 AD 1D 75 54 CA 2A 95 
[  112332] ch50 r0 a3: E4 50 93 22 4A 4A 55 54 F5 41 31 08 29 59 17 15 AA 27 90 54 76 00 14 94 6A 29 47 43 20 C5 75 04 
[  112353] ch50 r0 a3: 00 00 00 44 22 00 A2 08 48 42 80 00 80 81 01 08 20 20 05 0A 12 02 05 20 22 12 2A 1A 00 2C 24 AA 
[  112354] ch50 r0 a3: AA 4A 6E 23 58 A8 84 AB DB A8 A2 8A 19 53 2A 84 91 15 51 44 CA A9 3D 36 16 D6 D5 AA 0D 9B 5A 8D 
[  112358] ch50 r0 a3: 91 29 88 B4 86 2A A9 55 5A AD D4 B6 99 55 4A 38 AD D3 48 4B 4B B2 9A BF 5F 59 4B 52 D5 75 A2 D7 
[  112414] ch50 r0 a3: D2 06 A1 4A 5D 44 18 81 22 51 10 A4 42 0A 80 69 B9 36 09 0D 20 88 A0 13 20 A1 08 41 A2 04 15 09 
[  112487] ch50 r0 a3: A8 79 4C D2 86 60 AC AB 56 E5 AE ED B0 56 AC 6D EA CB 36 2E B1 B2 E5 A6 16 AA A6 26 9B 6C 9D 5D 
[  112520] ch50 r0 a3: C8 20 0A 15 25 BA 23 CA 56 B5 45 26 94 AE 39 AC AA C2 8D BA 55 69 AA A4 62 B2 6B 52 A2 12 A2 32 
[  112563] ch50 r0 a3: A1 2A 49 48 52 8A 02 C0 8B DF 7B B5 FB B7 D6 B4 FB 7D D5 3F 7F 9A ED 75 B7 D9 DA F6 BF D6 DA EE 
[  112568] ch50 r0 a3: A4 CE 2F 52 4B A5 05 22 55 55 11 20 45 6A 64 5A 2A 49 5B 53 73 E9 4A 94 2F F6 D2 51 09 05 D0 AB 
[  112589] ch50 r0 a3: 84 75 19 1B C0 40 81 8A 85 22 C9 49 6A 94 06 0E 91 28 14 4A 64 49 55 C6 AB 5D 99 D5 25 D7 54 AD 
[  112616] ch50 r0 a3: A3 4A 45 29 35 CA C0 62 A9 51 40 85 0A 29 4A 90 28 B6 A8 A5 20 53 51 D4 49 20 AD 14 48 B2 93 10 
[  112619] ch50 r0 a3: A2 96 03 91 6E AA D7 55 56 2F B4 52 45 B4 15 4A 86 8A 05 AA DB 4A 14 91 93 55 06 A8 A1 E9 68 28 
[  112668] ch50 r0 a3: 82 22 B1 76 A1 6F E9 B6 F8 6A EA E9 6A AD 59 6B 75 46 EE D5 69 B1 54 6B 2D 34 69 32 B1 56 DD EA 
[  112671] ch50 r0 a3: CA AD C1 52 16 A8 56 AB 64 13 12 A5 1F A5 71 4E 69 4A 92 D4 18 11 45 5B 5D 12 BA 94 8B 94 D6 A0 
[  112733] ch50 r0 a3: 4A 90 82 4E 20 51 83 E0 5A E4 25 18 0B 43 20 00 98 2A 90 21 4A 52 D0 AA AA 42 A1 D4 55 55 28 11 
[  112780] ch50 r0 a3: 81 2A 28 42 92 12 A8 28 AA 41 09 28 42 C8 24 82 AB 24 80 AA 46 24 4A A6 11 1B 99 4E AA 80 A5 A8 
[  112787] ch50 r0 a3: 48 50 9A 29 01 55 2A 99 15 25 D5 55 D2 95 49 55 92 B2 6A 94 CE A4 CB 00 00 02 20 81 02 48 10 24 
[  112839] ch50 r0 a3: 84 48 11 D1 65 84 26 29 AA 86 A7 E9 46 28 95 AC 39 AA CA 46 D5 67 52 A7 23 57 D2 8D 44 F1 ED 2D 
[  112841] ch50 r0 a3: 52 24 42 69 44 48 24 54 92 61 2A 80 D4 8A 84 6C 2E A5 11 25 04 95 64 AB 49 5A 90 02 09 55 54 D2 
[  112879] ch50 r0 a3: 19 A2 23 2C 95 6B A9 BA 9A 15 DC 89 02 02 DC 13 4A D6 AB 40 AB 92 25 24 85 5B 53 01 45 7E C2 6D 
[  112881] ch50 r0 a3: 10 52 54 A5 46 4A C4 23 15 54 5A 75 4C A2 0D 92 15 55 5A EB 1A 95 95 43 0B A5 04 A9 31 35 42 04 
[  112884] ch50 r0 a3: D1 5A A5 42 85 BB 39 6A A9 B2 BA D7 AB 2B F4 B1 6A F6 AA AD 48 4A 95 50 8D 2B AE DB 76 AA C6 AA 
[  112910] ch50 r0 a3: 56 36 0D 39 4A AC 94 4E 9A B2 95 CC DA A4 A8 98 AA B6 CC DF 6A E9 14 AB 9A B2 B5 5C AD 77 BD F6 
[  112924] ch50 r0 a3: 44 E6 B4 C4 5A D3 51 26 24 18 A2 0A 92 CA 8C 85 85 A4 AB 92 D4 98 AA 29 AC 08 2B 1A B4 82 95 44 
[  112937] ch50 r0 a3: 00 00 CA 24 42 54 03 1A 10 84 A1 34 49 22 D1 00 05 11 04 75 09 48 0A A5 2A A4 55 8A D3 CA B5 75 
[  112956] ch50 r0 a3: 53 67 55 5A EF 6A B5 1D 5B 4D 6B 88 85 B2 2E 97 6D 56 3C 9B 4A 4A AA 4B 55 AD 65 41 15 5A 49 7D 
[  112966] ch50 r0 a3: A5 0A 1A 80 53 56 B4 A0 25 11 15 0A 05 01 00 41 10 A9 D4 A1 14 8A 24 50 86 22 80 4A 52 10 15 A0 
[  112978] ch50 r0 a3: 21 6A 45 28 24 2A 97 EB E9 4C DC EA AD 55 4D 0A 7C B6 5E ED B4 A9 53 90 95 6A 52 9A C5 AB 0E 26 
[  113065] ch50 r0 a3: A8 51 28 D1 29 5D 4B 51 2D 1B 65 25 41 46 A9 56 49 55 55 54 00 00 00 90 00 00 00 01 02 08 FD 6B 
[  113099] ch50 r0 a3: 40 04 00 40 01 61 24 80 01 08 16 00 20 10 15 95 6A 94 CA 15 76 24 A3 2B 4E 69 59 6D 1A AB 92 EA 
[  113167] ch50 r0 a3: 90 4D 51 80 52 80 B8 EC 85 BA 16 DA BB AF DD 25 B5 4A B5 E5 5F F5 65 6B 32 B7 AB 11 6C BA 2E D5 
[  113182] ch50 r0 a3: C8 55 55 CA 62 34 EF D4 AD 56 BD D0 A2 2D B5 7B 48 AB 4E 87 69 55 73 3D D4 95 1D 58 6C F2 2E A9 
[  113186] ch50 r0 a3: 93 A4 92 E8 B0 5E 52 67 4D 60 13 A0 49 29 E8 51 95 74 65 2A DA D7 AB 74 56 EA F4 D3 D5 75 A9 55 
[  113187] ch50 r0 a3: 96 84 A0 81 58 F5 5A 52 35 05 AB 84 56 ED 0D BA CA 28 12 C9 4B A1 94 41 73 3A 58 29 4A A6 69 52 
[  113193] ch50 r0 a3: 66 B5 B6 D7 2E A4 6F 55 69 0A 62 DA AB 6D 56 42 44 A5 9C C2 FD 9A D4 DC C9 49 6F ED A5 D7 34 E4 
[  113204] ch50 r0 a3: 55 48 9D 41 87 16 C8 2B 88 83 A3 F6 AD AF EC 25 35 9E B5 32 F5 4D 75 29 55 5B DA 5D A5 64 AB 57 
[  113222] ch50 r0 a3: 45 14 76 B4 41 03 51 76 A0 B2 94 B4 4A A5 BA 8A 23 55 4A 2F 55 2A 76 B5 AA 69 CA B9 62 A2 A9 AA 
[  113250] ch50 r0 a3: 20 85 CE 81 1A 9C B6 85 54 0A 35 1A C3 28 B0 41 A8 86 D0 43 A9 54 0B 06 2A 10 A9 4E 58 55 EC 22 
[  113383] ch50 r0 a3: CA AA B9 46 56 AB A1 A5 96 6A 97 4B A4 AC 6D 95 84 34 A5 4A AD AD 2B 56 E2 B5 55 D6 4A A5 55 21 
[  113395] ch50 r0 a3: 00 04 51 05 44 88 08 40 A2 4A 24 44 28 10 4A 02 6C B5 5C D6 56 AD 11 8C AA 2A 99 AA 85 52 D3 D6 
[  113408] ch50 r0 a3: 68 16 37 4A C6 AA BF EA 43 5F 5A A4 94 96 55 B5 55 4A AB 55 39 6A AB 8B D9 2B 15 29 6A 54 56 F1 
[  113410] ch50 r0 a3: 04 44 82 8A 42 40 4A A2 29 8A CA 23 05 54 04 6A AD 49 65 B4 D2 AB B5 A3 76 C9 BE 97 4B 1D AD A5 
[  113441] ch50 r0 a3: FE 37 06 69 67 D0 AD E7 B6 4D E0 AC 8E C1 C8 3B 8B 24 88 98 B8 FA 51 B8 7E 91 5C 42 36 A4 7B 62 
[  113453] ch50 r0 a3: 68 9A 15 55 B2 C5 22 E3 F2 92 0A A4 AA AD C2 02 2C AC 43 54 DB 22 AC B5 8B D0 C3 99 52 2A 64 38 
[  113454] ch50 r0 a3: 92 BA E8 CA B6 7E 94 9B BA AA AD 4B A4 AD 56 A5 6D 94 D5 69 E3 D5 AB 2A ED 29 55 EF A7 55 57 D9 
[  113509] ch50 r0 a3: A6 49 24 0C 28 11 10 42 44 22 15 15 29 04 08 12 84 0D 00 A9 24 0A 84 4D 44 40 88 13 95 40 D5 65 
[  113527] ch50 r0 a3: 6F 52 A1 98 8A 34 C4 B5 58 A3 05 BA BF 5E 37 5D EE 3A 35 7B D2 93 B9 37 A3 D9 AA 5D FD 2A E5 6A 
[  113617] ch50 r0 a3: 6A D2 D1 54 58 B5 26 42 62 DA 2A 58 5D 55 16 BB 1A D5 6D 2B 6B 95 6A 69 AF 4B 54 AA A7 41 5A 55 
[  113704] ch50 r0 a3: 04 AC 92 A0 41 44 85 6C FB 59 AF 5C AA 8A 92 16 D7 3B 59 74 55 2E 5C 55 28 F5 55 A5 DE 45 A3 AE 
[  113708] ch50 r0 a3: BA B7 5E ED 7A BA EE E5 67 AA BD F3 56 EB EF AA D5 9A BB 62 89 5B 96 EF 5E 6A D9 55 6F AA B3 A6 
[  113709] ch50 r0 a3: 19 76 92 ED F5 E2 AF 92 94 FD BB 75 29 A8 CB AB 0B 29 8D DB 5A 4A 13 7E B5 BE B3 2B 35 45 85 F3 
[  113712] ch50 r0 a3: 82 50 95 6B 55 25 AD 55 5A D6 8B AA 8B 54 BA 21 AA B5 BA 5A A9 11 29 66 2A 91 52 22 AA 94 84 DD 
[  113740] ch50 r0 a3: 4A 2B AA 94 28 F4 36 C0 2D 64 65 55 6A 29 70 29 2B 44 AA A5 38 85 BA EE 4A B4 9A 06 55 A5 2A EA 
[  113793] ch50 r0 a3: 4D 48 48 D1 58 25 A4 28 4A 92 49 AA CA 72 D2 52 15 B2 D3 4A 65 16 59 6A 8B 72 D5 8A 41 46 60 29 
[  113849] ch50 r0 a3: BF AA B6 5A 98 5D A5 B4 DA AC BA A9 55 62 E5 89 48 8A EA AB 72 8B AB AD 15 22 52 C9 5D 4A AA 95 
[  113855] ch50 r0 a3: AA 4D 0A A9 4B 26 81 6A 6A 5C 6A 52 EE EE 20 B0 29 20 D4 4E EA B2 29 4A A6 08 8A 48 93 9C 82 60 
[  113943] ch50 r0 a3: B1 54 92 37 54 BC CA A1 55 AB B5 B9 B5 51 75 55 22 A6 9A 65 5B 55 67 71 CF 5A AD A8 96 AA 76 A8 
[  114053] ch50 r0 a3: A9 49 09 AD 57 29 84 69 85 15 04 9B 26 B0 AA F6 82 A8 A1 6A A8 AD 6B 1A 2B 35 36 91 50 D6 09 52 
[  114055] ch50 r0 a3: 75 5A AA A0 15 54 D3 B4 8D 41 2D 6A 78 D3 40 28 28 15 62 AD 27 62 CD 28 A2 44 95 A5 1A DE AA B0 
[  114109] ch50 r0 a3: 96 48 01 25 5B 5A 5C 7D 56 AD 8B E9 A9 CE 55 2E 96 8E 7C BD 54 F0 AE 73 BD A5 AA 98 6E 55 59 56 
[  114135] ch50 r0 a3: 28 95 5A AE 95 59 34 32 D6 CC B5 74 BA 58 C2 AB 4E 4B 6B AB 31 52 CD 9C 68 52 E9 1A 96 AA 9C 94 
[  114152] ch50 r0 a3: CA 74 A2 E1 A1 1A D7 7A AA E9 D0 BA 95 74 57 A6 25 D4 12 B6 55 45 55 55 74 A9 08 EA 5A D6 CA B5 
[  114159] ch50 r0 a3: 55 4C B4 29 41 B3 04 52 D4 8B 25 2C A8 44 45 25 11 A2 32 91 52 42 8A 53 34 A9 54 29 62 D5 B1 16 
[  114165] ch50 r0 a3: 8E 55 54 66 8F 42 51 51 36 70 9A 9A 1C EB 62 A3 15 48 B1 69 9A A5 B6 D3 10 97 75 5B BD AA D2 E9 
[  114245] ch50 r0 a3: 85 CE 3A D6 91 4A 94 91 4B 56 B4 64 C9 54 D5 64 D6 9D AA D9 54 85 52 AA A5 C5 2A A6 D8 76 D5 45 
[  114265] ch50 r0 a3: A5 44 A9 24 24 96 AA 42 25 54 52 3D 5B FF FD 7E FD DF FE 65 51 02 52 B4 9A 28 42 A3 65 C1 A5 B7 
[  114290] ch50 r0 a3: 80 78 46 C8 12 25 2B A2 AB 50 52 42 05 48 4D 4A 24 A8 CB A4 40 21 02 05 46 89 88 C8 11 42 D4 91 
[  114305] ch50 r0 a3: 55 25 C8 A2 29 5D 0A 29 44 A5 52 8B 25 4C AC A8 F5 25 B7 14 B2 56 26 95 C6 DC 84 DC F6 85 50 32 
[  114312] ch50 r0 a3: 80 82 A8 A4 5B 41 2D CD EE 57 B9 FA B5 AB 2D 5A D5 F9 6E F6 5D AC 56 9B 6E 6C 5D F6 F5 DB 56 BB 
[  114318] ch50 r0 a3: 59 46 AE 4A 55 56 C9 29 9A AA D5 86 A2 5F 95 AA 12 A6 D4 A1 EA 55 94 D5 3B 49 35 D6 B0 8D 95 90 
[  114362] ch50 r0 a3: AB 94 FB 16 01 AA B5 C5 D4 96 31 11 D9 41 02 AD 2C 68 AA D2 55 72 55 B5 AB B9 AB 56 AA 55 F9 6B 
[  114374] ch50 r0 a3: 4A 61 20 BD 11 0B 48 80 4D 21 28 12 83 14 E7 4F 27 0A A4 25 B6 20 04 24 F6 B8 15 69 44 58 05 76 
[  114396] ch50 r0 a3: 90 72 52 A8 A8 AA 54 80 A5 54 84 8A 29 54 74 12 90 09 26 D2 89 AB 70 17 48 40 A9 45 56 B4 B1 25 
[  114446] ch50 r0 a3: B5 55 08 8A 36 66 95 48 2E 2A 55 25 2A 40 60 AA 58 DB 52 2A 94 51 21 05 14 A8 02 2A 30 5B 06 58 
[  114471] ch50 r0 a3: 2A BA 6D A7 48 AA A8 AA D5 24 51 22 D5 58 96 EA 6A 4C 94 2D 4A 45 C6 B1 24 A2 CA 87 42 54 44 AD 
[  114487] ch50 r0 a3: AA AB 96 84 C6 48 D8 8A A9 55 4C 02 85 48 8A 2C 8A 95 62 9E B3 40 76 89 55 27 6D 4A 8C AE B1 64 
[  114502] ch50 r0 a3: 15 2A 0A 46 92 A4 04 44 90 B0 28 04 2A 60 29 21 04 21 0A AC CA B4 46 DE 52 AB 50 BA 74 E8 1D AC 
[  114505] ch50 r0 a3: 32 55 42 D6 69 0D 21 02 88 4C 51 A4 AD 29 08 A8 DA A9 95 00 24 DB 06 A4 55 D4 AD 50 B4 54 9A AA 
[  114520] ch50 r0 a3: 61 22 40 20 04 24 22 42 52 81 AA B0 84 49 05 56 B4 CA 11 01 51 75 76 A5 55 29 54 55 28 B0 AB B5 
[  114524] ch50 r0 a3: 52 9E D1 59 52 B3 53 59 55 21 D2 AD 56 54 6A 96 4B 4C AD 25 2F 56 A2 E5 4A AE 49 6A AA 62 AD 35 
[  114537] ch50 r0 a3: 99 4B 8A A1 98 56 95 B1 49 A1 AA B7 53 0A 61 5A A0 BD 64 D5 59 55 79 44 9A 45 5A 56 52 A9 2A 4A 
[  114635] ch50 r0 a3: 54 10 84 94 45 2A AA DA 8A A8 25 A9 9B 5A 54 11 5D B5 B4 D7 6F 7B E5 F6 B5 B4 76 DE DE 96 EA E5 
[  114647] ch50 r0 a3: B2 AE 89 94 A8 9A D9 55 A5 29 50 2A C8 88 55 4A DB 26 36 98 6D 56 D6 2B 5A ED 7B 76 AA E8 D6 A5 
[  114692] ch50 r0 a3: 8A A0 81 15 24 EB 42 14 A8 4B 5A 52 AD 20 1A 92 65 95 08 86 0B 28 29 11 04 56 24 8C 82 01 44 98 
[  114701] ch50 r0 a3: 2C B2 4A B5 95 5E 53 6D B5 55 5A A0 A8 29 55 B2 A9 29 24 B4 A9 8D 96 39 04 4A 53 B5 CB 52 92 DB 
[  114752] ch50 r0 a3: 44 A8 EA 22 96 28 8A 97 0A 41 4A B5 B5 76 95 49 48 13 84 10 4A 03 00 B2 D2 26 88 40 82 85 45 2A 
[  114755] ch50 r0 a3: AA 94 46 4A 20 95 54 E9 08 96 05 25 35 4A 20 84 D2 A5 54 44 85 02 4C AA 24 71 50 5A 93 2A CE 02 
[  114808] ch50 r0 a3: 2A A1 36 96 6C A2 B8 B4 9A A8 AB AE 15 B2 9D DC 89 6E 96 6C 88 55 46 49 52 A2 4C 74 94 F4 AE AD 
[  114828] ch50 r0 a3: 8A 54 45 5A 25 C0 3A DA 55 4B 55 56 F1 B3 35 CD AB 0B FB E7 15 B4 88 D2 95 26 C9 51 4D 2A 89 9A 
[  114853] ch50 r0 a3: 1C 25 68 95 D8 B7 0A 42 8A 2A 54 5A 96 C9 82 3D 56 2C 00 D1 31 52 2D 5E D7 24 9D 4A 13 52 B4 52 
[  114862] ch50 r0 a3: 54 8A 05 4B 50 CA 8A 99 45 50 EA AA CA A5 B2 9A EE DE AC 57 AD AD 6E E9 9D 32 A4 3C F5 39 69 58 
[  114863] ch50 r0 a3: 93 A4 61 6C A3 A1 AB DB A9 69 AF 45 4C 63 56 D0 90 A9 CD BD 55 4B AB 4B 42 8F 66 5F F5 3A BE CB 
[  114867] ch50 r0 a3: B1 55 0A 49 12 B5 54 AA BA 62 2A D5 6C AA D5 26 52 A9 AC 55 A8 35 54 55 45 25 4A 54 52 92 88 54 
[  114900] ch50 r0 a3: AB 39 2B 6D 59 ED 4D 7D AA F6 B7 65 54 53 5B 5B 8E CE 0D 9D 4D 46 A2 F2 AF F6 B5 5D EB D7 B6 A9 
[  114968] ch50 r0 a3: A2 50 D1 54 2A 4D A5 24 C2 C4 16 A2 0A 15 E8 4E 59 DC C6 4C 15 30 20 25 91 6A 28 1B 04 34 B3 D9 
[  115088] ch50 r0 a3: 01 29 10 82 A2 30 A0 48 48 34 02 52 10 42 48 34 4B 6E 45 53 29 52 AA FE E4 7D 56 AB 17 29 2A 5D 
[  115089] ch50 r0 a3: D8 66 02 D2 44 6B 89 32 86 16 50 AA A7 BA 66 B6 08 D6 14 F2 52 EB 55 95 52 26 8B 7A 7C F2 AD 41 
[  115093] ch50 r0 a3: 5A DB 64 18 95 4D 26 05 94 95 65 72 89 DD 2D 94 47 70 E8 35 27 D1 59 8A 14 B5 4A A4 AB 33 DB 52 
[  115100] ch50 r0 a3: 00 90 12 55 C5 A5 0A EF 2C 1B 86 64 03 78 FC 7F C2 8B A9 C9 07 78 77 92 04 4C 5A 16 4F 7B 53 B8 
[  115106] ch50 r0 a3: 56 A4 A6 22 CC A9 57 9A AE D6 EB 84 12 5A 50 56 9A A9 54 A7 EA 89 01 52 54 B5 52 57 51 39 4B 30 
[  115136] ch50 r0 a3: 82 04 4A CA BD 29 AF 7B 5F 89 6B 8A 84 8A 10 12 72 80 B4 A3 44 8A B0 12 CA 00 09 08 47 4B 20 12 
[  115148] ch50 r0 a3: A9 21 8A 55 64 4A 03 51 45 06 82 9A 74 19 14 82 59 52 8A 7C 48 D5 4E E5 12 5A 92 22 55 95 5E 94 
[  115154] ch50 r0 a3: A2 42 C4 52 65 4A 4E 91 2A A5 93 24 8D 48 88 55 40 56 AA 95 35 90 5A F2 94 A0 89 6A 50 20 A9 32 
[  115212] ch50 r0 a3: 4A B3 51 0A 56 5A A3 0A 45 10 D5 25 54 B4 AA EB 5D B6 6C 22 AA 54 A1 AB 3A 59 8C CA 4A C9 5D 67 
[  115226] ch50 r0 a3: 09 84 24 14 75 54 2B 4A 18 92 A4 1A 6A 56 8A 96 2A C9 C2 7B 4D 7D C7 3A A6 40 21 08 74 A4 89 4A 
[  115266] ch50 r0 a3: 24 4A B6 14 92 CB 4F 48 51 21 33 92 E6 55 85 24 D3 25 4A 95 74 6F 14 85 56 AA AD 43 6E B5 F9 AA 
[  115290] ch50 r0 a3: 15 30 8E 14 5A B9 8B 55 B5 9A 4A D5 F9 D6 8B C7 5A B2 EF E4 48 11 1C D6 14 0A 95 15 11 14 22 88 
[  115321] ch50 r0 a3: A1 10 A8 A0 AA 54 AD 44 94 11 24 95 2A 20 8A AD 4A 1A 95 4E 9E 95 29 95 29 54 95 6F 69 6D 54 C9 
[  115362] ch50 r0 a3: 89 AB 4A A2 75 5D 14 CB 58 58 84 EF 29 52 6E 54 94 A8 22 85 2D 5D 4A A2 B5 13 9B 7C 93 61 74 A6 
[  115400] ch50 r0 a3: D3 2A 1A 0C AA 98 48 41 E4 54 A4 55 95 2D 2D 4A 8E 2D 49 A9 55 2C 25 58 49 40 2A 55 C9 58 A8 C9 
[  115411] ch50 r0 a3: 44 14 58 B5 54 62 62 48 C4 95 55 5C 8B 5F 19 2A DA B0 2C B1 A9 4D 54 2B 0A B3 AD 5A C9 2A AC BA 
[  115419] ch50 r0 a3: 9A AA 29 7C 99 83 2F 0E C9 14 34 D6 5F 18 53 AA 50 9D 9D 75 96 8D 79 A5 33 79 DE F4 65 77 02 95 
[  115434] ch50 r0 a3: 92 85 20 AA A6 AD BA 8A 6D BA 2D 36 9B 42 F6 D3 2C AA DF A6 19 B6 5E 80 D2 5F 4A 98 AD D2 14 90 
[  115448] ch50 r0 a3: 61 35 29 5D CC 89 56 91 2D A0 C1 45 40 11 2C 39 95 94 51 32 06 A4 9E 4A B9 B6 B4 B1 95 25 12 4B 
[  115498] ch50 r0 a3: 43 52 51 15 51 C8 D8 A2 40 5F 5A FC DD 71 2B 79 6B 34 F5 F2 B7 9F D7 75 56 BD 55 65 9A D2 B4 49 
[  115517] ch50 r0 a3: 49 A0 18 A3 5A CF AA 67 25 55 52 6F 75 7D 34 B6 1D 5E A5 AE D4 95 CD 8E 9F AA 36 DE 6B B1 99 99 
[  115528] ch50 r0 a3: 22 17 6B D5 2A 96 9A AE 55 6D 55 21 32 2A AA 57 14 AA 09 6A 85 A5 CD 59 46 2A 84 56 96 95 A0 AD 
[  115578] ch50 r0 a3: 12 8A 42 21 21 22 55 08 90 91 6C 67 1D 9C AC 4E 8A E2 EE D5 65 D6 AA BE FD 5A 6A B9 6A 4D F5 27 
[  115582] ch50 r0 a3: 02 A1 0A 54 50 14 0A 80 92 28 A1 2A 2A 62 40 42 44 4A A4 AC 44 92 92 01 48 80 69 42 40 24 48 91 
[  115588] ch50 r0 a3: A9 54 46 8D 13 AD 54 95 55 AC AA 1B 6E B4 82 D7 E9 74 9B 29 90 3D 2B 9D AC B6 AA 7A 55 B9 4A DA 
[  115590] ch50 r0 a3: 04 42 A2 A9 5D B9 8B 54 A8 ED FA BD 55 5A AA B1 C9 48 8A A8 EA 95 AA 35 AB 56 DC A8 48 44 DB D8 
[  115639] ch50 r0 a3: B2 D9 6D 44 A0 52 81 B2 E0 51 56 29 4B 52 2E 2A 4B 44 AD 51 41 88 95 A2 42 C9 15 33 44 55 6D 76 
[  115717] ch50 r0 a3: 94 AA 51 49 6A 0D 25 8E A5 08 A5 69 0A A6 A9 49 6A 96 02 98 A5 49 22 AA 54 AA 49 32 A8 42 51 25 
[  115728] ch50 r0 a3: 52 91 09 21 25 15 0A 65 8C B2 92 A8 53 2E FB BF 25 5B 95 5B DB B6 AD A6 D5 64 AE EC 52 A5 6B 4B 
[  115736] ch50 r0 a3: 05 50 A9 3B 4B 55 25 55 34 92 6E 4D 45 2B 17 1B 6A B4 4A AA A6 90 9A 02 89 60 12 A9 0D 31 2D 16 
[  115742] ch50 r0 a3: A9 18 94 95 28 21 11 12 2E 09 35 6C 40 D9 44 69 32 AB AB 85 32 D9 46 3D 29 51 2A 44 A0 D7 5A 07 
[  115743] ch50 r0 a3: 04 49 54 82 88 5C 8B 0A 71 51 0E 95 4C B2 B5 B5 66 AA DB 5A A2 97 B9 4E AA 22 CB 6F 4A A3 6F DF 
[  115779] ch50 r0 a3: 5A AA A8 A6 92 AA D4 D5 69 D5 49 56 23 71 4D 56 D4 8B 18 B5 A5 9A ED 66 8B 16 AD 93 68 AC 2A DA 
[  115803] ch50 r0 a3: AA 28 10 AA A2 E2 E2 A5 5A 93 08 45 68 5A A9 F0 4B 65 54 A7 44 44 11 8A 82 AB 6A 57 40 A4 4C C5 
[  115864] ch50 r0 a3: B6 AB C5 42 28 AA AC 85 12 4A B7 34 8C 12 D0 08 19 69 55 55 AA 34 6A B2 5A 4A A5 09 29 52 02 88 
[  115871] ch50 r0 a3: 65 04 2E 28 A9 6A 22 86 89 10 28 55 75 44 2A 53 51 4C AA 8E 82 85 28 D4 AA DA B6 D5 6E 5B 6B D6 
[  115881] ch50 r0 a3: 72 99 22 24 0A 10 85 40 CA 52 81 05 22 14 52 00 21 4A 34 45 48 12 40 A0 26 16 49 49 15 54 86 88 
[  115891] ch50 r0 a3: 97 4E B5 94 90 D7 5A 9D B5 75 56 54 A6 C4 5C F3 31 32 A5 A4 AA EB 69 71 73 64 62 B7 A5 AB 6A 8F 
[  115943] ch50 r0 a3: 4B DA 56 95 25 46 B5 68 B7 57 3C B5 6F B5 4A 58 C6 D3 A0 09 6C A1 6D 5A CF B2 8D 7A 5E B0 99 2A 
[  115945] ch50 r0 a3: A5 4A 32 D4 AA 2A AA 9E 81 4A 55 14 94 D5 AD 50 87 A4 46 A6 18 CF E8 42 EB 54 8A 8D 55 5D 2C B2 
[  115948] ch50 r0 a3: F6 18 65 5B 2D 28 4C 92 F5 60 49 55 20 2A EA F5 85 57 16 55 2A BD 0D 2A 8A 85 49 56 D5 08 2B C6 
[  115949] ch50 r0 a3: 29 48 94 A8 91 01 6A CA 42 14 48 10 91 26 1E 54 15 45 00 94 4A AA 2A A5 66 08 96 49 32 5B 1A AB 
[  115989] ch50 r0 a3: D4 22 81 2A BB 5E A2 CA BA 92 9A 9D 4B 5D 95 EC 4D 4F 0A B5 81 6A D5 53 84 D8 AA 4B 0B A6 69 76 
[  115993] ch50 r0 a3: 8A 04 4A 95 2A A1 04 AA 94 29 0A 00 E0 84 49 28 B2 92 9D 13 12 45 0A 95 0A 04 12 90 88 24 29 54 
[  115999] ch50 r0 a3: D4 A4 AA 25 44 9C 48 8A AA 2C C6 A2 8A B5 61 2A 61 68 95 94 59 24 AA A9 29 34 95 08 A8 A5 55 2C 
[  116010] ch50 r0 a3: A6 85 5E 4A 92 0A AC 94 A1 9A 43 6A 69 56 C8 AD E5 54 C4 99 60 33 42 14 90 A9 A9 45 93 51 20 4C 
[  116026] ch50 r0 a3: FC D2 88 BA 5B 8B 05 57 ED 3E E9 4A B7 FB B7 7E D4 6D 62 4A 6A 9D 61 9A AD 4A 4A 8C 50 B6 39 68 
[  116087] ch50 r0 a3: 59 55 55 51 68 95 40 92 4B 15 62 8A 65 50 AA A9 14 54 0D 68 6A 4B B2 8D 8B 62 CA 0A 14 99 43 9A 
[  116132] ch50 r0 a3: 16 B2 62 21 0A 52 85 44 A4 A4 CB 5A A9 2A 92 51 42 8B 62 9D 53 56 2D 6C B5 DE 56 BA A6 D4 EF 6A 
[  116133] ch50 r0 a3: 8D 45 A0 21 19 AC AD B8 FB AB B9 3E C0 9A CD B5 EE D6 5B 4D 37 87 D7 96 73 AD B1 4A ED B4 6F BF 
[  116154] ch50 r0 a3: 34 5B FA 85 6B 48 52 88 58 9A 34 15 7B BB 01 96 D9 B5 4F 12 AD 74 D5 91 2B 14 A5 A2 55 A2 9A AA 
[  116200] ch50 r0 a3: 55 57 2A B5 95 CA B1 4B EA 28 B6 E2 94 68 95 63 56 3C 7A 90 D9 7A 64 AD 49 38 CD 45 6A 8A 08 A5 
[  116228] ch50 r0 a3: A5 28 74 14 AC 99 6A CE AA 26 A2 B4 CB 16 C3 14 95 6A 42 B2 D0 88 9B 64 9C A0 43 36 AA AA 5A D3 
[  116233] ch50 r0 a3: 00 05 55 CB 57 1C CC F9 65 52 E5 55 51 55 49 1C 9B 6C BA AA B2 54 2B A4 05 E5 29 43 50 C4 12 AA 
[  116287] ch50 r0 a3: 90 B1 41 4A 6B 95 86 92 96 A8 93 2D CD 72 92 AA 89 09 15 5D 15 55 15 1A 22 2D 54 10 8A 85 25 1A 
[  116314] ch50 r0 a3: BC A6 AD 67 2A 6A 54 AB 2C D4 29 2A 52 A0 69 23 49 91 B2 B5 AD 76 D5 A9 B5 6A 9A BA AA AB CC EA 
[  116363] ch50 r0 a3: D5 2D 32 B1 44 C0 51 04 62 AA E5 7A C8 46 C9 6D 50 E4 5D 74 A4 6D B5 3B 17 95 7E 9C A4 EF 5A BC 
[  116425] ch50 r0 a3: 42 24 28 AD 12 14 24 A2 00 02 26 3E B6 44 50 E3 33 29 18 55 AA F6 5B E5 91 04 2C D2 2E 7F 42 24 
[  116433] ch50 r0 a3: 34 AA A2 64 2B DB 5A AB 6A 9B EB 68 38 BD 74 4D F6 E9 5A 9B 5A EA AA AA 91 51 2A CD 29 E8 14 AA 
[  116444] ch50 r0 a3: 22 04 48 AA B7 50 D4 B3 48 8D 56 AA CA A1 6B 25 54 51 01 55 65 04 D5 95 55 DA 92 22 D2 DC AD 81 
[  116462] ch50 r0 a3: 98 28 AA 71 48 C4 1A 69 18 D2 00 01 08 22 41 20 A4 25 5C 15 12 14 12 2A 55 29 7A D6 82 20 13 14 
[  116476] ch50 r0 a3: 00 7A 18 D9 A9 57 36 09 EA 95 4C B9 32 E8 90 AA 2A A2 A9 56 65 6A 46 A8 D2 4A A1 2A AB 63 5A AD 
[  116548] ch50 r0 a3: 84 DC 81 B7 2A 82 B1 8D 10 8E 52 82 29 55 8B 6A 1B 6A DA 5B 8C EB 91 16 4C 29 7B D8 EC 9A 68 55 
[  116569] ch50 r0 a3: 6B 29 D2 05 57 51 15 4B A2 D5 54 A9 56 22 95 54 A0 D6 15 4D 55 54 52 6A 95 4A D4 55 A9 A9 42 45 
[  116584] ch50 r0 a3: AD 05 CB 6B 51 35 9A 97 EA 25 4B 10 53 55 75 D3 75 F5 02 02 CA 5D D5 2A 98 A9 37 B2 6A A6 1B D5 
[  116692] ch50 r0 a3: 10 A4 02 28 A9 7B 6A F5 2A B5 B5 EE EA E9 F9 85 BF D4 4D FD 6A D7 65 9A B8 BD F6 AE 6E B1 5D D5 
[  116712] ch50 r0 a3: 81 00 50 A1 07 4A 91 6E 2A B6 5A 84 D7 14 45 28 DC 4F 59 55 52 05 21 38 0A 93 13 92 82 35 A1 45 
[  116724] ch50 r0 a3: AA A9 AC 95 7C 5D A2 93 DB 19 D4 93 AA 02 96 95 5A F2 14 8A 23 3A 3D 2E 60 6D 47 66 53 29 12 45 
[  116749] ch50 r0 a3: 2C 45 42 1A 29 12 05 19 11 00 06 55 55 29 7A 92 DF 6A BC B9 AF 95 75 5A 8F 0E 92 98 17 95 98 A2 
[  116767] ch50 r0 a3: AA 6B 10 D4 A8 4D 01 A5 13 50 44 99 A4 59 28 A9 65 52 45 BB 9B B7 7A BF 7B 7F F7 2B F5 AB B5 7F 
[  116777] ch50 r0 a3: 91 62 96 54 52 0E F9 9B FA B5 FA E7 CB 6D 2A AB 56 E6 CE BA 4F BE DF 0A BA 5F 55 2B D5 6B 4A 55 
[  116801] ch50 r0 a3: 85 26 E2 44 B4 BB 04 2D 64 69 2A 47 E5 B5 DF E7 6E BF DB 7B 5A DF D5 53 55 7D 6B BF F5 52 5B 6A 
[  116825] ch50 r0 a3: 54 40 0A AC A2 21 56 81 92 A9 38 12 89 34 11 22 25 2C 36 A8 D9 9A 24 21 20 60 D4 25 4B 56 DD 14 
[  116836] ch50 r0 a3: 85 58 02 21 13 21 AC 05 B6 89 12 23 27 1C 88 21 05 18 96 0D 5B 9B DA AF DB 55 6A CF 4A 53 D5 97 
[  116929] ch50 r0 a3: AA AA B3 86 8D 3B 5F 33 2F 5A AA 25 AF 75 59 D5 2A A2 A6 D2 96 B8 6F 7D 9E D1 B5 6C F9 8D F5 B4 
[  116947] ch50 r0 a3: 51 00 54 94 8A 83 4A A5 A4 B6 88 92 24 08 05 04 AA 96 3B 22 A5 2A 6C 06 AA 11 86 04 E8 52 89 18 
[  116951] ch50 r0 a3: 2A 2A 06 82 55 D2 AA AA 2A 52 8D 55 29 CB 54 24 25 08 25 97 54 22 68 9A 96 57 44 85 AB 08 85 54 
[  116971] ch50 r0 a3: 7A FB FF DC 6B BF 5F B7 AB 4D D7 B7 B6 7A B5 4A D5 63 A5 5A A4 56 2B 56 9B D5 55 96 4A 32 A8 A9 
[  117033] ch50 r0 a3: 01 48 29 26 AA 92 AC E6 E9 52 D2 AD 51 54 4A 5A 6B 13 59 62 B5 55 14 DD 1A C9 11 55 2D 55 E9 75 
[  117034] ch50 r0 a3: A2 98 D9 29 22 60 6A AA 59 1A A9 65 AA AD 09 58 14 4A 2A 19 53 59 52 30 97 16 D5 A1 2A 65 08 2A 
[  117072] ch50 r0 a3: 53 49 49 2C 00 10 A3 55 4B 17 60 D8 88 A6 E9 E1 DD 12 21 E1 09 C8 89 14 13 56 57 BB 46 6A 4A BA 
[  117092] ch50 r0 a3: B7 57 5D AD 55 2A A5 BC 82 61 02 A2 48 00 21 11 11 00 05 19 13 72 B6 69 5A D7 5F 48 DD BB 2A C0 
[  117116] ch50 r0 a3: 09 54 42 9C C1 93 2D 55 54 85 35 26 F6 77 E8 B2 69 D4 E3 CB 16 B5 96 95 4A B9 A5 6D 29 56 95 B4 
[  117155] ch50 r0 a3: AE 6D 12 89 D5 53 32 15 B4 55 2A A4 D6 AA 68 AA BA 4A 44 F4 AD C9 29 28 52 46 69 4A B9 75 6A B8 
[  117179] ch50 r0 a3: C6 8C BA 42 14 B4 4D 11 79 96 44 D4 96 CA B2 D2 53 49 C9 9A 2A AB 8A C2 91 24 F5 56 A3 B4 80 82 
[  117203] ch50 r0 a3: A8 95 AB 4C A5 B0 AA A6 56 A9 56 53 39 55 3A B5 4A 09 6A 85 48 B4 5A C4 92 8E 51 F7 0C AA BB 25 
[  117221] ch50 r0 a3: C6 95 AA A3 53 55 D1 43 AA A8 58 8A BB 4A C7 64 94 89 0A A8 15 51 56 AA D2 A5 55 52 8D A4 EA CB 
[  117252] ch50 r0 a3: A9 15 7A DB 94 56 55 54 5A CC 9A D4 47 68 51 52 A6 CC 4C AA 97 AA A6 C8 E2 2A 03 0B 27 4B 55 2A 
[  117280] ch50 r0 a3: B5 C5 44 62 AB 55 ED 55 6B 51 5C F7 29 04 45 11 25 12 84 92 06 08 11 30 48 6D 45 10 91 42 90 20 
[  117282] ch50 r0 a3: 0A 02 04 49 11 52 4C 8C 08 AA DA AE AB AA 06 FE 2B 2D 75 32 D9 BB AA DF A9 72 DD A9 93 59 AB 4C 
[  117293] ch50 r0 a3: AA 4A 44 9D 46 76 A5 32 75 51 42 AA A9 2A 15 A5 1C 52 5B 69 B2 BD A8 A8 6E B5 42 69 55 09 55 AA 
[  117294] ch50 r0 a3: D2 A5 52 D5 4A A1 6B 8B 62 A8 D0 D1 5A AA A0 D5 6A 2A B5 6C D0 92 E5 71 CE 16 60 12 52 13 54 A5 
[  117329] ch50 r0 a3: F6 B5 68 92 D4 5D 55 20 39 2D AD 48 D6 52 89 55 25 55 4E B5 29 0A A3 6A 8F 29 9B EA A5 69 2D 39 
[  117336] ch50 r0 a3: 4A C9 58 12 8C D6 1A 0B A7 54 A1 25 4A A9 B9 2A 53 EC AD 62 6A 55 18 D4 68 55 44 AC 4D 0A 85 54 
[  117409] ch50 r0 a3: B4 46 AA CD D5 B2 85 AA A8 B5 CA 5A EA CA A4 4A 02 B4 5B 56 EE A6 89 AD 88 92 AC A2 D6 BB BB 49 
[  117442] ch50 r0 a3: 0C 50 3C C1 4D 12 E5 2D 56 81 C7 45 A9 98 12 6E 28 AF 55 11 34 A0 A0 19 14 49 12 8A A3 5A 01 81 
[  117445] ch50 r0 a3: 56 A9 4D DE 55 35 24 55 13 8E B5 52 76 52 94 3B 98 93 20 A5 D3 34 AB 49 55 DD 89 45 A9 74 A5 CD 
[  117469] ch50 r0 a3: C9 51 8A E7 7A CD 54 4C AA DB 69 2D 4A 91 2D 01 1B 23 ED AA AA DA A5 B5 55 15 22 87 95 A4 51 2D 
[  117470] ch50 r0 a3: DC A9 8F 6A A5 46 DC B5 1B 42 F5 5A AC AA C2 AE 6A AF 52 AA AA 55 CD A3 5B 5E 75 13 AB 28 BD AB 
[  117473] ch50 r0 a3: 04 50 95 95 55 56 A5 2F 6B 24 25 4F 56 49 5A CA 8B 55 28 1B 53 66 94 AA AC 55 76 5C 46 96 48 CB 
[  117579] ch50 r0 a3: 28 2C 15 50 42 4A 5A 4B 04 8F 45 75 22 74 44 E7 5C A9 71 15 44 09 29 49 91 AA 95 55 A8 95 4A A2 
[  117588] ch50 r0 a3: BA 76 A8 55 45 AA EA A0 48 94 22 81 11 11 04 88 D3 82 01 6A 91 14 49 29 16 41 95 65 62 C2 64 52 
[  117626] ch50 r0 a3: 41 40 42 9F 8A 55 CA 45 75 B5 DF B1 52 CC 5F 6D 55 AA 42 B4 B3 62 5A 52 AA AD C8 23 79 55 AA EE 
[  117673] ch50 r0 a3: B3 54 A8 44 B5 44 48 C2 10 14 AA 51 2C A9 24 A0 93 52 25 2A 84 54 57 0E CA E1 26 49 4A CC 82 C2 
[  117675] ch50 r0 a3: AB 54 B2 52 83 24 32 BA A1 48 A6 B7 A2 AD 4A A9 D5 8E 8A 69 45 D2 26 B4 25 29 D1 55 6A 22 51 2A 
[  117697] ch50 r0 a3: 89 0E 10 22 49 44 8A 6C 51 2A 41 75 6D 49 6F B2 A4 ED 57 BF 7F 6A BD 4A 9B 9A B5 7B CA D7 75 2E 
[  117753] ch50 r0 a3: 28 4B 42 91 08 10 88 92 91 5B 57 34 77 5D 43 92 95 96 CF 21 D2 14 EC BE F5 67 61 20 E3 33 74 02 
[  117818] ch50 r0 a3: B1 55 08 41 6A 51 22 9A A8 5A E2 BA 41 75 2A 8D 49 21 5C D5 79 53 55 42 AE AD 48 C9 4D D2 36 00 
[  117819] ch50 r0 a3: A4 A4 96 C9 52 8A 69 08 6A 51 6A B5 94 53 2D 74 5C 26 AB 5B 14 AE 2E B2 AB 5B 65 57 AA 8A D5 6D 
[  117824] ch50 r0 a3: 82 00 C4 09 32 8A 2A 7A 4A E2 AB 43 5B 26 AA C9 AA 9E B8 55 2B B5 AB B2 A4 9A 9A 64 AA DF 31 47 
[  117827] ch50 r0 a3: 15 9A 51 93 6A D5 9B AA 4A AD 42 35 6D 22 AA 21 A4 36 A2 E0 A2 0A 4A A9 51 6A AD 17 91 54 34 B5 
[  117854] ch50 r0 a3: 11 05 29 55 6C 14 30 94 93 2A 5B 52 79 29 2A 54 9A AA AB 56 B9 4A D6 2A B5 AA D9 56 A2 42 4D 72 
[  117856] ch50 r0 a3: 88 03 A9 01 2A 29 64 08 32 09 02 25 59 81 0A 89 A1 75 AB A1 4E 06 F6 C8 11 02 26 5F 62 EB 24 0A 
[  117865] ch50 r0 a3: 0C 11 48 24 A8 95 00 41 25 00 52 54 F2 CD 4C 59 20 42 AE F4 D0 D0 AB D9 87 45 8F AC 33 0F A0 5A 
[  117909] ch50 r0 a3: 05 84 24 40 9F EA FA B4 EB A5 0F 39 63 B2 CB A1 2A 88 AA 5A EA BE 5D 55 41 69 2D 1A 8B 0B 00 25 
[  117917] ch50 r0 a3: 74 4B 42 2A 89 1A AD 23 6B BF BA D7 67 25 BE 4B 26 B8 A8 BA B6 DD 35 F5 3E DF 53 55 B2 DF EA D5 
[  117930] ch50 r0 a3: 2B 09 1A B0 B6 88 52 81 41 15 11 CA AB 5A AB B4 AB 55 5B F3 BD 5D 4A 6D BA BA B5 54 CA 6D 45 6C 
[  117938] ch50 r0 a3: 43 23 35 03 0A CA 75 7C F6 63 A0 83 4A 35 BC 72 82 AE A6 51 0A 79 44 8C D5 AA 20 09 A0 B5 57 A9 
[  117945] ch50 r0 a3: A8 39 97 3E D0 1C 55 69 5C 84 15 92 AD 56 6A A2 42 C4 AC 92 A5 39 6B 22 A8 70 2C CB 70 A5 57 A3 
[  117977] ch50 r0 a3: EA D5 2A 5A 11 24 90 B4 94 87 4B 75 04 AA 8C 81 04 D4 A5 B1 2B 49 55 20 24 B2 52 6B 46 21 7E 26 
[  118103] ch50 r0 a3: 52 27 54 56 09 62 B5 88 A2 94 94 A0 53 12 C2 51 04 A9 32 A9 0D 51 D0 84 16 56 90 D3 D5 45 5A 96 
[  118111] ch50 r0 a3: B5 4A D2 52 A4 A8 56 35 51 56 46 55 2D 2C 4E 02 DB A5 49 AF 5D 74 A9 F4 93 94 8D 9F AA 8B 55 55 
[  118128] ch50 r0 a3: B2 A5 10 21 2A 54 21 29 32 91 68 84 62 50 0D 28 44 D2 89 88 C0 81 20 34 EA 20 82 48 40 10 84 52 
[  118151] ch50 r0 a3: 21 0D 12 25 09 46 0E 29 12 81 2A 46 4C D3 84 48 90 52 AC 94 AB 55 7A A7 95 AA 54 7D D1 4B A5 B6 
[  118198] ch50 r0 a3: 69 65 15 54 52 AA 59 48 85 52 AA CA D5 D2 6B 08 D1 1E 4A C2 AB CC 2E 52 2D A4 95 B6 D3 64 51 E5 
[  118244] ch50 r0 a3: 42 25 49 54 AA A9 01 69 01 51 0A 85 15 08 B1 52 2A CA 2A 5C A1 49 17 49 65 45 29 50 84 B0 42 50 
[  118296] ch50 r0 a3: B5 16 D5 CD 64 75 BA D9 67 45 2A 93 9D 5B 5C A7 B5 A7 67 64 4B 11 53 D1 FA 7C AA 94 F9 29 65 AD 
[  118303] ch50 r0 a3: 24 25 49 28 46 82 42 B0 20 85 1A 45 28 AB A8 CD 5A 69 AD 55 1B 51 A5 9D 53 12 15 56 56 CA 99 0B 
[  118346] ch50 r0 a3: 51 51 2B 59 94 28 B5 8A B0 AC E9 2A 5E D5 8B 2A 2C AC 42 69 04 EC 8A 76 54 5B 90 85 55 2E 5D 51 
[  118406] ch50 r0 a3: 0A 26 54 88 A8 08 02 41 04 A0 08 15 4A 9C AA D5 56 6A A9 52 0A B5 2A 4A A2 EB 29 2A AB 55 36 55 
[  118439] ch50 r0 a3: B2 4A A5 11 4A AA B4 05 92 8B 4A B8 C4 A9 B2 06 A1 64 A8 AB 9A 4A AA 57 2A CB 5A 9A A2 85 54 AC 
[  118454] ch50 r0 a3: 82 A5 22 91 45 59 29 12 98 0D 49 49 48 40 12 45 19 09 41 16 45 30 8C 49 49 A8 A8 AA 95 65 11 04 
[  118540] ch50 r0 a3: 52 0A 90 0A 54 68 88 48 AD 24 12 30 53 6F 0C 95 12 35 20 AD 2D 01 6A 6B 90 D1 46 25 6E A8 8B 08 
[  118548] ch50 r0 a3: 2B 1D 5A A2 5A D4 AE EB 58 25 34 D4 AB A6 35 48 AC D5 A1 55 B5 57 B5 D5 24 BB DB BF DE BD A5 DE 
[  118551] ch50 r0 a3: C0 22 B2 A6 19 52 AA 2A 95 D7 1C 71 7B 4E F9 5A AA A9 A4 A5 AA 0C 2C 6D 02 09 4A 48 C0 AD 15 55 
[  118584] ch50 r0 a3: 0A CA 4D 75 8C 5A 96 A1 55 29 2A 52 DC A1 6C C3 AF E5 27 AF 4E 2B 51 1D A9 51 56 6A D1 56 A1 6B 
[  118617] ch50 r0 a3: 1A 14 3D 1A 84 AB CA 11 E2 A4 69 75 B5 C9 3A 50 D3 80 54 C0 A2 41 42 B0 A6 40 95 4C 71 20 58 49 
[  118643] ch50 r0 a3: A4 B5 23 8A F7 5D CB 4E C2 2A AC 75 56 B5 AB 52 70 76 8F A5 58 6A B1 2A 8B 76 51 4C F6 A5 4B 70 
[  118655] ch50 r0 a3: 25 12 A4 8A AA B4 B9 67 AE BD B6 DC EF 57 B5 7E F4 F7 75 B3 7A F5 BB 5A F6 76 DF 7F 3C C4 F5 AD 
[  118673] ch50 r0 a3: 0E 46 01 C2 12 48 12 8A AB 45 49 24 52 6D 21 40 81 0A 40 89 08 01 54 AC 14 88 24 50 C4 6A 22 45 
[  118767] ch50 r0 a3: 2D 1C 8A 6C 04 D7 50 A4 15 52 20 71 53 11 0B 24 84 25 11 84 74 A3 94 95 08 99 6A AB 21 59 51 2A 
[  118775] ch50 r0 a3: 9E C6 01 62 10 6A 4A 92 89 C1 59 24 66 75 02 48 89 A5 05 93 58 82 5A 99 2A D4 39 E0 C4 2B 22 19 
[  118781] ch50 r0 a3: 28 92 AE A4 64 7F 6A 7B 3B AD 4A DB 48 55 EA 6A A4 E2 1B 6C 9C 94 53 A0 AD 9B 9D A8 CF 97 74 5A 
[  118821] ch50 r0 a3: D5 70 94 0A C2 B0 CB 45 08 86 85 09 19 88 25 6B 55 5A 89 55 75 B5 76 2E BB 2D 5A A8 AD 6C ED 52 
[  118838] ch50 r0 a3: 4A 49 AD 43 61 58 CD 1A D1 2E 55 20 B5 0B 29 44 89 61 88 55 13 45 4A AA 91 52 52 56 8A 5E AD A6 
[  118855] ch50 r0 a3: 35 CA 96 B0 BA 05 E5 14 B4 ED DF 55 DB 57 B2 A0 6C B2 D2 5E AA 49 28 BD 29 04 5A AD 7A 8E AE B5 
[  118898] ch50 r0 a3: B8 90 A9 4A D0 A2 35 20 BA 55 25 89 2B 91 28 12 22 8D 06 AC 4A 55 24 95 A5 8A 9D 4B 2A 5B 24 D5 
[  118903] ch50 r0 a3: AB 2A 56 A3 49 06 82 A9 09 25 12 D2 A2 43 55 6A 95 6A 26 B2 92 51 2B 91 6B 55 6A 52 DA 6B 12 A9 
[  118945] ch50 r0 a3: BA 92 B5 52 28 EC C2 B5 5A E9 E6 A5 A6 AD 44 B2 91 6D 15 59 97 5D 5A FE DB 1D AD 6B F8 96 C5 6B 
[  118961] ch50 r0 a3: D0 A2 48 E9 02 55 30 8D 14 2E B9 00 29 51 5A E4 26 4D A8 95 03 12 D7 0A B2 8A A4 20 B2 55 A2 D4 
[  119035] ch50 r0 a3: 82 7E 03 22 92 58 CD C3 DA 80 2A 44 0E 4E 74 29 90 FA 10 11 29 5D 4C D2 28 32 08 5D 02 AD 41 C3 
[  119090] ch50 r0 a3: 91 D5 55 B5 8D B2 02 D6 80 B0 AA 94 2A D3 91 51 29 50 55 D6 CB 32 EE 5B BB 6B 36 DB 4B 2A D1 45 
[  119149] ch50 r0 a3: A7 56 86 A9 50 CC 0D AA 54 B6 9A A5 4A 8A 59 51 0B 39 45 5A 54 CC B0 8C 14 20 5E A7 48 A5 28 8C 
[  119187] ch50 r0 a3: A1 CA 2A E9 59 55 7C AC EA CF 55 DA AD CF D5 75 DE D4 B6 BD F6 D7 ED D9 AD EB D7 56 BE D3 15 7B 
[  119244] ch50 r0 a3: 32 E4 62 A8 4A 04 51 45 4A 4C 54 41 29 34 B7 5A 89 14 91 02 0C 95 4A 1A 75 2B 55 48 94 55 B2 A5 
[  119383] ch50 r0 a3: 56 96 AA 84 54 50 85 2A D5 2D 88 53 92 A4 8A 92 46 93 8C 4A 8A 62 8A 94 AA A5 4A C2 5C 32 29 4A 
[  119434] ch50 r0 a3: A6 96 5A 82 AB 5A CA 86 B5 D3 CA DA A1 69 A9 DA A8 CA 7A 49 24 67 2A BA 14 AD 48 F5 51 56 97 4C 
[  119436] ch50 r0 a3: 64 88 8A AA A8 BC 45 2A 81 35 43 D2 10 CB 56 82 95 5B B2 C0 6A F5 35 55 64 55 73 D5 45 63 16 A5 
[  119468] ch50 r0 a3: 12 50 85 12 4A 62 92 37 A8 AD 4D 40 B7 6B 10 52 55 5A EA B2 A9 5B 55 D4 9B AD EB DC 97 DA FF 7F 
[  119469] ch50 r0 a3: A6 52 D2 CD 49 54 80 53 44 54 55 0B A1 55 AE 85 2D 55 5B 6A 9A 56 D7 D5 7B 22 A4 DA BA A5 96 D6 
[  119470] ch50 r0 a3: 29 A4 08 45 0A 21 54 08 54 2A A5 0A A2 48 42 01 29 29 40 09 00 55 35 0D 46 82 02 AA A5 27 99 30 
[  119483] ch50 r0 a3: 9A AA 35 57 5A 61 07 A2 51 46 AB F4 A4 52 25 48 B6 D4 4A B5 4D A6 2E 95 56 BA 09 AA 2D 52 42 8B 
[  119486] ch50 r0 a3: C8 56 85 56 24 95 55 54 2E 98 A8 91 14 AC 54 DB 7E 55 B9 76 D5 74 AA AB B5 A7 75 43 2A 64 51 A5 
[  119504] ch50 r0 a3: 95 51 41 55 66 51 AA 2D 58 85 09 55 49 88 44 A9 AA DB 5B AB B8 9B 57 6D A5 5A E8 94 AA 4D 2B 4A 
[  119552] ch50 r0 a3: D2 81 B3 DA 6D 15 AC 4B EA A2 A5 00 54 A9 75 D7 92 53 5D 76 D2 DD BA 96 93 CF FB 3F 6A CD 5A AD 
[  119588] ch50 r0 a3: 10 51 31 54 60 68 A5 65 4A B2 10 08 0C C9 BA 53 44 60 29 2B 59 80 8A 29 25 04 A1 45 55 C4 8A 08 
[  119612] ch50 r0 a3: 69 0E 69 5A 8E 65 58 6D A9 BD 6B 59 D6 4A 82 31 79 ED 65 05 32 AD 6B 6B F7 F7 B5 6B BC B5 AA B5 
[  119633] ch50 r0 a3: 84 54 AA D3 E0 A9 86 9A A8 95 54 A6 49 53 C7 94 95 5E BA 9D AD 92 CD 44 DF BB 3E BD 4D 2E 1A BB 
[  119669] ch50 r0 a3: 82 52 4A 94 4A 94 95 5A E2 28 48 92 5A B2 EA 98 E2 8A 11 14 AA B2 A1 A9 29 89 11 25 8A 30 B2 52 
[  119680] ch50 r0 a3: 91 05 13 52 32 9D 52 55 1C A5 41 28 58 84 B8 04 05 42 9A 94 4A 88 12 73 46 A2 D9 35 25 22 8A 6A 
[  119705] ch50 r0 a3: B5 0D 53 32 2A A1 14 95 AB 4C AB 9D 24 AF BE 61 E8 52 B6 AB B6 B9 5D EB DD 26 88 28 EA 96 9A D3 
[  119777] ch50 r0 a3: A2 49 08 62 AD A9 55 5E D5 E9 6B BD 52 EB 1B B7 5D 85 F3 96 DD 5F 77 6C 2C A8 55 59 28 55 49 AF 
[  119787] ch50 r0 a3: 23 04 18 84 1C 95 0A 88 90 3C 81 22 40 51 4C 8C 22 B4 00 50 52 A1 14 A9 AD 2E E9 A8 29 A5 58 95 
[  119853] ch50 r0 a3: 8A AA 44 85 02 C1 88 42 52 92 0B 61 64 C9 88 AE A4 B2 55 52 29 A6 CC 6B D6 A5 8E EA D7 E5 56 A8 
[  119860] ch50 r0 a3: 90 41 12 A0 10 54 80 CA 0A A9 45 25 54 8A AD 34 BA 68 C9 5D 88 A9 DF D1 2D 12 B2 D6 2B 9A 05 A9 
[  119887] ch50 r0 a3: 54 BD 31 55 72 5A A2 FA AA 92 6D A5 1A A8 90 04 88 8A 35 15 9D 51 12 70 24 8C 49 1A 2A 62 20 D4 
[  119902] ch50 r0 a3: 20 A1 3C A5 05 56 4B AF F4 5A 22 12 07 97 38 93 75 C5 4A 5A 9A 9A D8 2A 16 8E 50 A1 D1 4C 63 EA 
[  119931] ch50 r0 a3: 6D 25 54 B6 59 62 52 92 54 42 14 54 62 21 2A 95 A6 4A 20 2A 94 AA AA C5 28 8A CA 97 E4 85 56 DD 
[  119943] ch50 r0 a3: 54 55 56 96 5B 3A A8 32 E4 D5 AB CD 5B CC E2 7D DD 4A ED 64 D5 8A AA 80 29 55 A5 6A A2 A5 43 55 
[  120021] ch50 r0 a3: 85 52 51 58 D4 B1 55 B2 D5 A4 B3 2C 6A 9E A2 F8 48 D6 2D 33 55 89 51 51 10 31 55 C6 BC 95 44 9B 
[  120064] ch50 r0 a3: 07 2D 49 51 A2 4A B5 4A A5 AA 25 A6 AA 5D 9A AA 55 08 85 08 08 00 84 04 26 04 83 0A 20 22 88 A4 
[  120088] ch50 r0 a3: 92 91 29 01 24 B0 93 60 0A 41 24 6A 54 94 26 8A 51 15 4A 68 49 11 52 A8 9D 2D 54 4A F5 39 65 52 
[  120095] ch50 r0 a3: 48 14 D2 71 69 57 96 34 F6 92 AE 58 A3 91 0A A2 60 55 13 CB 27 14 70 D1 EE AA D7 77 F4 FB DD 6D 
[  120103] ch50 r0 a3: 28 88 59 09 AB 06 95 12 24 89 A8 A4 71 00 42 00 95 55 58 CD E7 53 4F B1 75 4A 59 AF AA D4 B1 0B 
[  120113] ch50 r0 a3: 2A D4 8A 45 D0 A4 49 43 A3 49 49 14 38 D1 6A 11 DD 66 ED D2 AF 5F AA EA AA DD 6A 5A E9 48 A2 95 
[  120192] ch50 r0 a3: D1 1D C5 15 54 23 59 45 AA 95 E8 91 1D 51 65 8D 2A AB 74 54 96 B5 93 D4 A0 AA AD 74 A5 A9 02 AC 
[  120345] ch50 r0 a3: B2 4D 13 0B 48 45 14 AB 12 89 49 10 22 A8 6A 55 94 A2 2A AA A5 24 41 6A 55 8A B1 1A A2 89 AC B5 
[  120371] ch50 r0 a3: D2 B3 35 AE 14 54 DA D6 A2 37 55 AB AA AD AB 6B AD 24 52 95 4D 56 D5 5E AB 65 8B 33 83 55 E9 BD 
[  120413] ch50 r0 a3: 52 81 B4 81 18 94 F6 81 5E 0A 35 5F 4E AC 8A 14 84 A2 85 4F 0E 69 BA B8 F5 A6 59 41 28 DC 09 A8 
[  120472] ch50 r0 a3: 42 54 54 A5 B0 98 D5 8B 56 CA 25 22 B3 15 F1 50 A1 75 1A 6D 43 9A AB 76 97 F0 B5 B6 5E 12 A5 12 
[  120485] ch50 r0 a3: 88 82 A8 05 14 25 0C 32 8A 16 A0 92 22 B2 AA 55 A9 52 30 17 5F CA BA 69 2B 6A 85 3A D6 9C 75 9A 
[  120507] ch50 r0 a3: AA 05 34 A2 84 92 51 2B 52 55 52 78 17 6D D5 6A B4 C5 4D 10 91 55 25 41 AA 50 55 59 21 94 B6 ED 
[  120582] ch50 r0 a3: 0C 80 04 15 21 53 2D 12 44 C1 12 80 9C FD AE E9 6A DF 97 1F 3C DA 89 AE E6 A6 E4 B6 D2 EE 5B BC 
[  120602] ch50 r0 a3: 68 A8 52 96 8A D1 94 18 A4 B6 80 05 12 4B 5A AA 0A 64 49 0B FC 29 52 A9 12 74 11 49 4A 88 A9 4E 
[  120658] ch50 r0 a3: AE D6 4A 05 20 42 AA C5 A9 10 A4 2A F2 58 94 58 8B 2B 52 A2 50 54 A0 56 A8 D3 22 04 90 92 89 2A 
[  120715] ch50 r0 a3: 10 9B 95 2A B6 22 76 F9 D4 B5 4A DD 4A CF F5 1E 93 57 CF 7F 58 55 4B DA AA B5 11 54 E7 59 B7 4A 
[  120733] ch50 r0 a3: 20 3A 3A 52 78 6C AA 59 1E EB 97 DD 7B 69 39 5A E7 B2 D8 8D 9A 5D 6D 5A AB 5C AE D1 ED 59 57 45 
[  120737] ch50 r0 a3: 62 AA 9A 6A A5 99 58 AE F4 94 9E EA A9 EA 55 A4 C5 4E E6 A9 4C D6 59 55 B5 B4 D6 5A 46 59 52 CC 
[  120753] ch50 r0 a3: 4A 38 14 89 2A 00 A9 50 A9 AA 30 A5 11 E2 64 8A 4A 2C 10 20 59 24 14 8C 04 05 02 49 52 B4 B2 88 
[  120754] ch50 r0 a3: 49 4A 62 41 34 A5 25 46 35 16 AC 1C 45 55 3B 25 39 A5 56 A4 09 6C D1 2D 5C A2 5B 5A BE D2 42 32 
[  120763] ch50 r0 a3: 28 42 14 8A 68 8A 1A A9 4A 80 46 44 51 00 46 40 10 4C 14 95 04 A6 32 D5 49 10 24 04 28 00 85 15 
[  120772] ch50 r0 a3: 12 84 AB 75 66 EE 6A 6A 9F EF 75 55 BE 55 7C A8 EF 4F 53 B5 BD 57 DD E9 BD 7A 15 9A 95 B5 E5 7B 
[  120790] ch50 r0 a3: 88 00 50 41 15 10 A0 5A B5 4B 55 CA BA AB 37 56 D4 91 ED B5 D2 CA A9 5E 56 53 38 2E 2E 9D EF FF 
[  120801] ch50 r0 a3: 91 4A 09 04 55 01 2B 4D 01 22 AA 89 55 B5 74 60 B0 15 2D 4A E8 28 2E A6 59 49 2A A4 6A AA D5 5A 
[  120820] ch50 r0 a3: B0 00 92 15 95 54 98 52 15 21 0C B5 1A 00 29 28 E1 42 55 5A 5D 02 5C 81 02 27 52 91 58 94 35 49 
[  120824] ch50 r0 a3: 02 A2 2A 84 48 81 48 40 80 AD 10 42 EF 7F 39 BA CF BE 52 5F F5 6A CA 65 49 5B BA 1D AB 56 75 75 
[  120827] ch50 r0 a3: 58 7A 04 62 C8 02 26 8A 05 F2 F8 D1 53 D6 B9 2B 16 69 AA 49 3D D4 75 9D 5A 8F 65 BB DB D7 57 5E 
[  120873] ch50 r0 a3: 00 02 EE B7 9D BA F2 BE FB EC B7 4F F7 FF 72 82 2A 26 53 2A B8 B5 CE 38 CA 58 68 2D 57 00 D2 A5 
[  120875] ch50 r0 a3: 29 60 A1 68 2A 4A 8B A9 82 AE 90 41 82 1A 92 82 D5 A9 2E A6 A8 60 5D 13 A9 67 6D B6 AD 2F 7A DD 
[  120880] ch50 r0 a3: 54 AA A5 2E AA 77 E9 DD 2A 8A 5E F8 B5 E9 2A DB AF 5D EB 2A D7 2A AA A9 3A 49 12 D5 7B 5D 75 EB 
[  120896] ch50 r0 a3: B0 94 C4 90 6A 8E 09 48 44 45 6C AA 28 14 A5 4A 4D 12 A9 50 CA A2 54 4A A8 88 86 AB AA 92 A2 D4 
[  120925] ch50 r0 a3: 45 B5 AA 69 55 BB 65 59 AB AB DA DA AA 54 93 D5 D5 B6 B4 6E 94 5E D2 37 4E AA 69 AA A8 B5 E3 5A 
[  120926] ch50 r0 a3: 43 9D 39 4D 70 64 43 07 59 24 82 10 BA 79 47 45 24 08 94 BA D0 33 53 95 94 AB 28 A2 C1 D8 42 90 
[  120946] ch50 r0 a3: 54 2A 96 0A D6 49 4D 35 12 D0 AA 16 92 AA 90 29 68 8A C5 55 56 B6 5A 99 98 25 46 AA 28 49 28 92 
[  120948] ch50 r0 a3: 02 A9 21 46 10 24 89 14 09 08 84 48 00 29 44 A8 92 92 A6 54 88 89 44 A5 44 60 89 D7 80 35 6E 8A 
[  120953] ch50 r0 a3: 45 6A C4 AC 35 31 25 88 B5 21 52 D2 AA 52 9B 41 56 94 79 56 4B 55 3D 55 AA 54 92 BA 85 54 24 C6 
[  120966] ch50 r0 a3: 42 84 D6 81 12 48 34 AD 0E 42 64 0A CA 24 29 42 00 D6 84 A2 70 C9 51 48 28 49 4A 8B 8A C4 2A D5 
[  120976] ch50 r0 a3: AA 91 4D AA A1 2E FA ED B6 F5 96 BD FB AA BF D1 22 A5 4A 51 16 15 A5 45 50 A5 52 03 89 B4 23 04 
[  120991] ch50 r0 a3: 8A 8A 0A 61 52 4A 02 2B CB 68 84 42 54 C4 A5 40 88 C2 91 8C 45 53 05 45 D6 AE 9D 3B 55 62 BA 58 
[  121076] ch50 r0 a3: 03 03 24 45 54 EC BE AA B7 65 57 AD 4A D4 52 92 AF AB 97 29 92 E9 AA A5 AA DA A9 57 5A 1F D5 EB 
[  121103] ch50 r0 a3: 28 50 AB 25 21 0C B2 84 29 28 89 15 22 B5 7C 40 98 B9 A2 52 29 20 C5 D5 C6 0A 95 29 A9 42 21 11 
[  121143] ch50 r0 a3: 01 51 4A 38 90 21 52 C5 4A 31 2D D4 8D 69 50 26 45 42 C4 C5 B6 BA 9B 2B 92 44 B2 88 35 88 9A 5C 
[  121158] ch50 r0 a3: 02 A4 14 52 0A E4 6E 4A 95 24 80 AA 4A 51 29 AA C8 BF B7 DE DB 5E 0D A6 AD 27 A3 D6 F3 7B 95 7F 
[  121185] ch50 r0 a3: E7 13 C8 AE B5 58 BA 5E A1 8A 5A D7 43 16 10 EE 7B 6F BB 5E 52 99 2E 39 83 06 4D CA 45 40 9A AA 
[  121216] ch50 r0 a3: E5 54 25 B9 15 21 52 4F 55 10 19 48 6B 4A AD 66 DA 52 B1 2B 24 E8 4A E5 94 95 66 87 6E 29 6D 7B 
[  121263] ch50 r0 a3: 00 22 48 29 42 2A 0A 89 14 01 5C 53 54 45 A9 7E DB FD 77 69 DF B7 6D 55 5E DD 73 F3 36 DD D7 6D 
[  121297] ch50 r0 a3: C4 8D 2A 38 83 6A 6A 74 D2 96 2A 8B 25 18 DD 24 D4 50 91 52 A4 41 A0 8A 6D 0A D1 64 52 2D 28 42 
[  121333] ch50 r0 a3: 91 A8 56 25 41 1B 01 25 75 DB 14 76 24 EE 92 3E 41 80 B4 55 6E 55 16 B6 D5 34 A5 62 95 22 96 D6 
[  121335] ch50 r0 a3: 12 97 18 96 2A 55 09 46 B1 6F 0A 54 A9 24 AB 82 04 84 A0 82 26 2E A5 08 C4 67 34 26 BA D6 B8 6E 
[  121355] ch50 r0 a3: 21 81 40 08 44 90 44 41 00 34 88 60 01 09 0A 40 8D 49 10 29 15 90 48 00 54 D3 41 8D 50 9E 14 E5 
[  121356] ch50 r0 a3: 2A 4C 96 92 2E 89 53 77 49 84 22 DA 7A CB D5 A8 15 41 A4 3D 6A 95 0A 15 6D B2 9B 42 4C A5 19 8D 
[  121376] ch50 r0 a3: C9 51 A3 68 52 EB 54 A5 45 14 5D 59 52 6D 52 D5 AE 50 86 D7 31 44 C8 92 55 24 4A A2 5A 26 84 AA 
[  121413] ch50 r0 a3: 00 A4 28 24 82 84 0A A4 0A 44 22 99 16 31 09 8D D1 55 4F D4 B2 44 55 7E D4 96 94 A5 44 55 4A 44 
[  121434] ch50 r0 a3: 00 00 00 08 00 00 00 00 02 01 4A 56 81 28 0E 95 13 04 96 D4 CE 64 88 95 9A E4 AA AF 56 6D 2A 56 
[  121474] ch50 r0 a3: 00 01 40 00 11 00 04 00 08 0A A5 4A 52 AE C2 08 D3 92 29 14 D5 79 63 35 59 0A 92 94 21 23 49 4D 
[  121478] ch50 r0 a3: C8 55 28 2C 28 99 51 25 6D 2D 56 AE D2 BD 2A 56 52 D1 5B 69 A9 67 AA DB AD 53 39 55 12 5A C2 A2 
[  121594] ch50 r0 a3: 30 A2 51 61 92 92 15 31 2A 13 80 A8 09 49 54 05 65 AA 50 EB 64 6A 84 AB 53 ED 5A 94 B1 54 AC 40 
[  121608] ch50 r0 a3: 10 02 D5 2A B5 2B A9 2A A3 42 A9 F5 5A 34 9A 2B B6 45 F9 75 ED D9 22 40 20 01 68 91 51 14 EF EA 
[  121627] ch50 r0 a3: 32 08 53 2E AA AD 2E AA 2A B4 81 55 0C 2A BD 56 A0 A9 15 49 58 42 22 55 54 94 A4 D2 AD 54 48 CA 
[  121638] ch50 r0 a3: B8 C0 82 82 4A 97 35 8A 29 A5 44 11 24 C4 A8 B0 91 66 A5 42 24 95 54 80 C8 A9 4C 12 48 94 AC 92 
[  121640] ch50 r0 a3: 41 08 82 4E 89 48 C2 54 A9 04 D0 2A 68 52 55 12 19 89 0D A8 C8 20 90 12 55 22 82 27 22 09 54 B2 
[  121681] ch50 r0 a3: AA 82 A4 A6 93 6B A3 F2 C9 43 6A 10 6D 6D 13 55 02 DD 4A B6 AA CA A4 CA 55 EA 9A 53 DA DB 13 5B 
[  121693] ch50 r0 a3: 25 13 44 A5 2B 00 29 8E B5 44 12 30 41 21 B2 BD A3 22 CB 2C 4E 94 B2 84 50 A9 01 A6 82 84 05 A2 
[  121705] ch50 r0 a3: 25 00 45 41 00 20 C0 00 40 04 00 40 09 14 A2 CE CE F0 B5 55 D9 BE AD 7F 7B DB AA B5 6A 5A EA B5 
[  121720] ch50 r0 a3: A8 AA A5 4A B7 3C AA 8B 54 CA BC 4A CB A1 19 A5 AB AA B5 12 20 00 00 00 11 41 20 51 0A A0 0A 91 
[  121723] ch50 r0 a3: 30 C8 A4 99 92 2A 26 6C E5 63 BA 55 0E 4C B2 A9 3F 52 B1 46 42 52 82 55 A3 78 0F 54 30 85 12 AB 
[  121786] ch50 r0 a3: 2C 2A 89 22 41 EE 40 12 91 44 12 2E 88 A2 24 B2 CC 29 A5 36 A1 4D D4 94 61 51 09 11 8D 05 16 2A 
[  121829] ch50 r0 a3: A0 4E 44 4C 66 84 32 2C 2A CA 68 D9 0A 85 95 11 06 44 29 50 58 55 20 55 1D 5A D5 25 2E B4 D3 BB 
[  121862] ch50 r0 a3: 67 8B A9 CB 26 2A FA 57 D3 DC 0C AF A5 2B 4E 47 A9 82 85 03 74 9D 60 22 B3 BE 2E 57 BA 74 A2 62 
[  121877] ch50 r0 a3: 4D 69 53 42 AB 46 52 2B 5D 57 56 B6 D5 AD 2D B7 6D 72 EE 99 7A 08 A9 41 82 15 22 92 43 22 82 1A 
[  121914] ch50 r0 a3: 51 02 40 09 02 14 02 5A A9 29 53 C5 29 6E D7 4D 6A AB 75 23 1E 6A 50 C9 1A 55 6A C6 D7 5B 36 A6 
[  121934] ch50 r0 a3: 44 17 10 9D BC EE B5 F4 F7 5D D3 57 9D AF 5B 7A FA BE F7 FF FF FF FF FF FF FF FF FE EE BD B9 56 
[  121953] ch50 r0 a3: 34 96 21 00 AA 4A 4A B1 A8 EA 32 88 B9 8A D4 6E FA DB 14 50 2A EA A5 75 52 B7 AA 75 5C F6 94 95 
[  122117] ch50 r0 a3: 88 05 32 94 A8 92 08 93 04 14 30 A8 14 84 81 15 15 15 49 29 01 92 08 6C 04 14 24 54 24 44 A8 A4 
[  122118] ch50 r0 a3: 81 4A 88 2C 29 01 09 09 01 50 92 28 84 08 1D F5 B6 BD F6 B7 5E EF FB 57 F6 AF EB 73 EB FF EF EA 
[  122125] ch50 r0 a3: 90 2D 5D 4C 65 A9 1D 24 8A 4D 6D 65 42 3A 22 A5 54 A1 62 A2 A1 29 4C 8A 14 9A 92 24 48 94 A5 29 
[  122174] ch50 r0 a3: 00 00 00 20 01 75 44 A2 AE F7 ED 6D D4 37 B7 4F BA CB 83 4D BF 5F CB 9D F2 75 EE FB A7 EF 6B AB 
[  122230] ch50 r0 a3: 24 82 55 C4 5D 52 82 92 01 85 48 0A 52 45 4B A8 AD 7A 37 45 A8 54 B6 5D B3 6A B3 44 E4 E3 4F 30 
[  122235] ch50 r0 a3: 55 AD 50 14 52 50 56 C5 9C 4A 34 AD 08 55 48 C4 50 E5 32 82 36 15 69 75 6A AA AE 56 49 06 AA 92 
[  122270] ch50 r0 a3: 90 15 62 0D 42 02 12 A2 A2 00 8C 52 4C 00 04 89 B1 4A AE C1 5A 2A EB BB 59 DE BA 5D 46 CB 76 96 
[  122284] ch50 r0 a3: 00 00 00 00 09 51 65 96 A5 3B AD EF 16 BE AE EA AE 99 EA E4 F3 A4 F4 AB 52 CD 55 FE E2 AE 9B BE 
[  122315] ch50 r0 a3: 28 A5 54 56 A8 F9 20 A7 56 40 A2 04 36 0B 4E 14 54 A3 24 CD 40 2B 72 2D 40 C9 02 9A A5 2E 8A 40 
[  122380] ch50 r0 a3: F7 B7 65 57 BA 8A DA B4 AE 55 A7 45 55 55 AD AB A9 4F E5 99 A9 5F 9B BD 2E 76 A3 F6 F6 5D 95 57 
[  122412] ch50 r0 a3: 20 8A 51 28 49 22 C0 92 48 CA 85 59 01 28 A1 28 AB 19 54 1A A6 54 8B 5B 69 5A BA A5 48 01 50 88 
[  122414] ch50 r0 a3: 00 10 84 00 00 00 00 00 01 70 EB 25 9D 35 CD 2A 12 A3 33 58 B7 2B 69 18 1B AC B6 53 3C 8B C6 B5 
[  122415] ch50 r0 a3: 0A A2 29 04 48 A1 48 20 82 54 9D 22 2B A3 5B 5D EB 5E 4B B9 0C 8A B3 24 F5 F5 42 A5 35 83 55 2A 
[  122443] ch50 r0 a3: 00 00 88 05 20 41 40 51 42 80 25 3A 94 A3 2A 8A AE 8E B1 49 8A 4A 91 40 AE A9 93 55 55 59 26 A5 
[  122452] ch50 r0 a3: 92 13 84 B2 23 0A A4 69 04 44 19 80 4D 45 65 05 04 2E A0 4C AA 95 82 A8 32 90 24 78 85 14 91 0D 
[  122454] ch50 r0 a3: 00 00 01 00 00 00 00 00 00 01 12 8A C4 60 50 AA 8A 55 2B 55 4C 92 99 20 A1 52 6B 72 00 92 2A 55 
[  122463] ch50 r0 a3: 91 48 92 52 95 54 15 55 28 84 65 55 41 5A D1 AE DA 96 DA 7B D5 24 54 AD 96 4B 39 54 2A EB 51 10 
[  122493] ch50 r0 a3: 01 45 25 52 44 50 92 67 69 6A AB 66 24 52 B5 53 3D B1 AB 20 44 49 B5 48 00 20 A2 29 28 AA 51 54 
[  122527] ch50 r0 a3: 42 8A 22 21 54 51 48 28 45 44 91 4A A1 56 4A 25 08 A4 A4 05 28 82 D5 C4 44 AA B0 42 56 35 44 A6 
[  122531] ch50 r0 a3: 8A 6B 43 DA 95 7A AD 45 45 A5 94 4D 22 BB 2E B6 A9 02 92 AC CF 4D F4 B7 AE 4C B9 55 AD A7 AD 05 
[  122533] ch50 r0 a3: 00 A4 48 29 4A AA 0A AA 94 40 AC 4A 8A AA A8 91 85 29 2B EA 55 65 52 D5 BA B6 A5 AB 57 B2 D7 44 
[  122534] ch50 r0 a3: A4 14 84 40 40 09 48 54 20 52 15 88 01 84 C2 50 88 15 28 52 C9 44 A1 A8 51 56 A9 56 6A 91 B2 36 
[  122555] ch50 r0 a3: 00 02 20 90 04 00 14 00 08 25 16 1B 56 DA A9 6A A0 A0 A9 29 8A CC D5 0A 8B 35 69 93 84 E1 46 36 
[  122606] ch50 r0 a3: E2 99 2A AA D2 A5 93 62 B9 81 29 51 AB 6D D5 75 55 35 7F 32 ED 65 96 BA D2 A9 D6 B1 5E ED 51 26 
[  122607] ch50 r0 a3: 50 22 50 0A 50 4D 89 25 21 10 99 0C 15 08 26 10 04 2A 04 92 91 4C A9 27 22 29 89 31 5C AB 24 41 
[  122617] ch50 r0 a3: A8 89 04 B5 42 82 25 26 68 D2 F0 A9 17 42 D6 14 24 A1 0A 19 CE B4 33 AC 56 A2 5A 26 84 A5 2B 2A 
[  122624] ch50 r0 a3: 1A 57 25 A2 30 80 00 10 05 00 00 49 05 5B FF B7 AA FE CF ED 5D F9 3F AD AF BF F2 DE FF 77 DB BA 
[  122628] ch50 r0 a3: 9D 35 69 36 D5 BA AB D9 A6 1B F6 D7 5A D2 56 A4 A5 DD B5 25 55 B1 55 11 6A 29 AA BB 44 56 58 A9 
[  122638] ch50 r0 a3: 97 36 25 1A B6 D5 0C AB 95 AB 73 92 AD 12 65 91 52 2D 52 A9 31 AA 58 19 29 6A 90 D5 6B EC 09 A3 
[  122679] ch50 r0 a3: B9 2B 45 2A C4 45 92 DD 5A B6 56 AA 60 D4 4C 93 E5 A4 AB 51 0B 52 72 A8 10 4A C1 66 AA 31 28 83 
[  122763] ch50 r0 a3: EA 90 09 48 30 4D 01 E9 7B AA 66 AD 6E 94 AA 6A 56 D6 A9 56 D6 B5 D1 3B 5D 58 5E DB 4A 6D A6 CE 
[  122765] ch50 r0 a3: 00 01 10 48 02 00 0A 00 04 12 BA A5 55 29 45 45 2A 92 65 29 8A 92 4D 56 A9 22 A5 5A 2A 52 15 6B 
[  122768] ch50 r0 a3: 04 08 90 A8 94 22 14 8A EA 8A D1 D6 AA F3 19 53 CA 40 89 81 AA 83 35 18 DC 02 9C B4 6E 6B A7 79 
[  122838] ch50 r0 a3: 12 55 49 29 62 B8 B5 4D 22 14 92 20 B1 05 78 59 CD 56 A9 95 3A AA A5 4A 5D 43 5A 14 02 A5 11 A2 
[  122912] ch50 r0 a3: 20 90 82 01 49 12 00 02 01 4D 48 11 10 04 52 84 88 80 00 80 00 22 D4 00 AD 08 02 C0 10 80 09 12 
[  122916] ch50 r0 a3: 10 20 B2 50 50 A6 48 93 70 01 54 2D 52 AC 55 5B 40 A9 50 92 24 A2 B7 3B 55 B9 09 95 AC 94 4A B2 
[  122937] ch50 r0 a3: A4 6A A3 34 AA B1 48 84 A4 40 69 50 A9 4A 55 22 85 11 36 B9 EA 54 D4 C2 B9 A9 52 4A 45 16 C6 70 
[  122942] ch50 r0 a3: C4 5D 40 08 42 22 C8 28 49 0B 15 54 82 B2 54 89 54 B4 51 50 95 52 40 A2 A6 54 A5 4A 92 A9 AD 36 
[  122974] ch50 r0 a3: B0 4A 84 A5 0A 96 15 32 AA 2A 4C 02 11 14 11 01 12 55 5B 54 A0 D5 28 94 D2 A2 53 01 49 92 00 32 
[  123033] ch50 r0 a3: AA 94 51 D8 49 C9 6A 1D DA 95 52 64 02 A8 95 28 B2 AD 1A ED 1A D3 96 D7 E4 D4 74 D5 B5 DB 5D 58 
[  123044] ch50 r0 a3: 00 00 44 00 00 00 20 00 90 08 1C A9 34 92 AA D4 8B 31 35 53 17 3A 51 4A D1 0A CA 1A A1 71 E8 A5 
[  123053] ch50 r0 a3: B0 A5 6B 4A F5 5E B2 FC E9 97 5A 4A A2 29 62 D7 96 B5 9A 44 34 B7 56 A5 5F 51 83 8A 19 35 AD 48 
[  123063] ch50 r0 a3: 1A 4A 08 8A 49 56 49 82 36 C3 34 B4 85 55 53 62 32 34 A9 0B 55 15 42 08 2C 85 2C D2 85 9A 11 97 
[  123074] ch50 r0 a3: 91 A2 45 14 17 46 1B 5C 4A 23 54 34 A9 62 2D 53 23 82 80 84 92 24 A0 12 00 8A 32 A9 84 A9 51 55 
[  123096] ch50 r0 a3: 4E 8C D2 4A 69 F0 A5 6A A4 D5 A4 6A 99 A8 0A 96 AA E8 71 45 0C 10 51 18 8E 01 02 D1 51 52 40 AA 
[  123117] ch50 r0 a3: 9A 36 2E BA 94 C5 2A 65 57 5F D3 3A 27 5B 52 B6 13 35 2B 6E 88 07 13 4B 46 6A FA 51 2A EE 25 02 
[  123145] ch50 r0 a3: 54 AB 4A 95 95 52 9A 4A 2A A5 2D 30 AA ED DA D6 D6 AB AA 52 C5 6B 66 BB 65 2F 5D C8 B5 59 56 AA 
[  123149] ch50 r0 a3: 91 A5 54 56 82 59 94 81 4A 24 49 5E B2 4A 95 4A A0 6C 25 4A 94 32 95 62 A9 24 61 85 49 25 15 40 
[  123180] ch50 r0 a3: 95 5F 4A 9B 66 83 11 60 EC 3B 83 31 19 EE 93 14 20 12 40 20 06 6D A9 55 2A FA 41 B4 66 1C E4 8A 
[  123195] ch50 r0 a3: 88 00 00 01 40 10 00 20 AB AD 50 A8 C5 52 54 15 AA B3 30 06 B5 7D 7B D7 46 94 8D 6A DF 5D 4F 71 
[  123216] ch50 r0 a3: 54 48 12 85 00 64 08 49 7A 2A 4A D5 E8 EE 7A 4A AA 61 A5 28 29 25 45 25 65 29 6C DD 4D 56 82 BC 
[  123356] ch50 r0 a3: 20 44 23 12 24 26 10 83 BD 77 4E 9C E5 76 9E B8 F1 FA FF 3D B7 D6 B7 B9 6D F5 55 D1 5D 59 92 45 
[  123392] ch50 r0 a3: D2 F0 89 8B AD 8A 37 3E 9E D0 A3 53 27 96 C3 15 57 5B 4A 44 92 D4 F4 A5 12 37 3D 92 2E BE 94 4C 
[  123399] ch50 r0 a3: 0A 40 91 10 95 8A 95 45 A6 82 C8 B4 94 3D 55 AA 06 82 46 A5 49 22 A9 65 76 55 AA 02 4B 15 75 52 
[  123402] ch50 r0 a3: 90 5A 24 B4 AA 44 FA A9 4C 92 40 C2 E5 59 A4 48 9A A9 2A 56 52 A4 8A 54 35 05 2A 35 62 4B 52 50 
[  123438] ch50 r0 a3: 56 2A A8 AC C9 5D 2C BB A5 D9 48 04 EC 92 E5 6A 42 A5 35 A1 12 92 0D E6 F5 CA 9E 07 A3 5D 0A BD 
[  123445] ch50 r0 a3: 16 55 4A A6 55 52 A2 D2 73 B6 AB 17 15 64 93 55 48 5A 95 AA C2 A6 CB AA A9 66 B7 E5 0A 12 99 56 
[  123490] ch50 r0 a3: 16 89 D5 14 85 32 15 22 43 2A 95 54 8B 7D F1 A7 6A 94 A6 D1 2A D5 D5 B5 2B 50 A7 2A D6 66 36 76 
[  123556] ch50 r0 a3: 02 20 90 04 88 84 00 08 A0 41 0D 25 84 89 2A A8 D2 66 15 3A A9 48 0A 34 B5 12 88 29 EE E5 B2 97 
[  123593] ch50 r0 a3: 84 74 1C 42 94 42 80 AD 66 AB 8B 55 ED 55 90 D4 90 AA B6 A9 2B 46 53 52 95 64 AB A9 AB 69 56 6A 
[  123627] ch50 r0 a3: E9 54 6E 9A 26 B9 6B B5 75 7B E7 B0 96 E9 93 68 33 5C 25 6E 54 7B A3 5A CA D9 AA 96 95 5E F6 7A 
[  123636] ch50 r0 a3: AA 95 55 50 0A B2 CB 20 45 14 8B B3 FC FF EA FB D5 3A D5 B4 A2 F5 4A 69 6D 6D 2B AB EA AD DF 77 
[  123678] ch50 r0 a3: 4E 3B C8 24 B6 D5 55 57 64 5B 95 35 4B CA 90 98 E5 0E 45 6A 4D B9 69 58 B8 DD 5A AA AB 49 AD A9 
[  123699] ch50 r0 a3: 75 5C 89 2E 85 FB A2 A2 93 E4 54 20 95 AA 0B 5C 8E 03 C4 34 D8 25 25 5F C3 B2 8C 32 6A 77 96 48 
[  123706] ch50 r0 a3: 44 41 22 02 48 84 45 25 00 0E 2D 6F 75 4B 48 36 AB B6 A9 66 BB 6D D9 76 66 CE A5 4A EA AD BB 95 
[  123721] ch50 r0 a3: AB AB 1B 00 C6 79 6A 21 4A B2 2B 5D AA F2 54 84 A6 89 4A 4A C9 25 25 A2 E8 05 EC 82 45 59 15 25 
[  123753] ch50 r0 a3: 54 A5 50 03 94 59 95 51 11 21 44 09 4A C2 88 4E 2A 22 4A 2A 0D 12 5A 84 69 33 06 48 14 95 4A 21 
[  123761] ch50 r0 a3: 04 D7 BD 4B 19 31 89 87 12 84 22 22 D7 22 94 B3 5A 54 4D 92 A5 0A 8C 83 22 A4 A9 21 10 42 25 7C 
[  123921] ch50 r0 a3: 0A 0D 71 86 42 13 24 A5 48 29 08 04 4A D5 AC 76 6F BD B4 5B 64 7A BD D5 55 B3 EA 6F BA 41 69 92 
[  123988] ch50 r0 a3: 82 AA A6 21 4C 8C 10 80 AA AE A1 10 52 A5 40 14 57 2B 20 40 96 A5 13 A4 02 A9 06 D6 55 08 B2 97 
[  124001] ch50 r0 a3: 25 10 45 D0 50 67 39 2D 09 A1 56 B0 6E 61 25 06 46 43 0A 15 93 A7 25 88 34 EF 62 A8 AD 46 30 0A 
[  124014] ch50 r0 a3: A5 28 EA A0 A6 A9 20 D4 55 4A 95 4A D5 F3 56 89 EF 28 DD EB 7F 97 56 AD 56 BB 4B 6A EE 7A A9 AC 
[  124043] ch50 r0 a3: 01 45 52 AA 21 25 75 48 DD B6 A3 2A 8A 56 CA 46 B4 AB 56 A4 6A 56 EB CA 99 D9 6A 28 27 13 1A 25 
[  124044] ch50 r0 a3: 45 9A 8C 2A 50 A5 74 4B 42 4A 55 AA A9 A2 90 29 04 AA A2 95 54 14 4A 28 8A 8D 55 33 51 45 39 2A 
[  124149] ch50 r0 a3: 8D 6E 6A AA CD B2 14 8B 00 A2 68 B1 2C D2 A4 D1 1D 13 A4 2D 73 49 2C 8C 94 A9 43 61 90 0C D2 0A 
[  124183] ch50 r0 a3: 84 94 15 44 90 49 0A B1 1A 5C 28 48 A0 A1 09 21 2B 40 50 12 52 04 90 08 98 42 0A 95 A2 50 40 0A 
[  124203] ch50 r0 a3: 4A 4A 44 21 52 8A 24 95 43 A5 EA AA D6 97 D1 7A 98 F5 54 AC 66 50 BA 11 9C E4 BF 51 74 A2 75 88 
[  124239] ch50 r0 a3: A4 D0 D2 DA A9 A8 D9 55 D3 69 37 62 B3 28 64 B4 AC B9 29 64 56 ED AA 36 AD 2A 7D 2D 1A 64 52 B5 
[  124245] ch50 r0 a3: 98 AD 28 92 84 A8 55 8D 52 0A 2A A8 84 8B 58 AA 51 B9 5F 15 D4 20 81 10 C9 25 16 15 2A 0C E4 08 
[  124249] ch50 r0 a3: 91 95 C6 D4 A3 58 50 4C 6A 4F 4A 55 51 57 2D 68 69 54 50 4A A8 35 4A 39 65 26 94 CD 1A 23 78 9A 
[  124286] ch50 r0 a3: 12 2A AC A0 22 88 D0 88 80 A0 24 B1 AA 4A 84 88 29 42 A4 52 4A B0 22 65 A5 02 8D 54 94 32 D4 66 
[  124320] ch50 r0 a3: 22 02 29 6D 58 91 12 95 57 14 AE 04 02 14 A1 52 25 09 08 61 29 26 68 16 C9 48 AA 6A C0 E0 49 CA 
[  124338] ch50 r0 a3: 94 81 42 D0 1D 50 55 54 CA 55 39 2A 53 54 84 52 8B 1D FE FF F7 FF 5F BF FE A9 24 89 24 8A 8A 92 
[  124365] ch50 r0 a3: 31 14 28 AA 94 D0 AA 14 D4 41 15 21 6A 94 92 C4 8A 95 22 45 42 B5 55 41 49 2A 15 42 A4 43 35 53 
[  124372] ch50 r0 a3: 20 90 50 B2 CA 49 AA FD 7A F4 9D 95 15 F2 A7 75 EB 1A 5B FD AB 6A BA B5 DB D7 55 4D 97 AE 9B 56 
[  124382] ch50 r0 a3: A5 35 34 4A 24 67 6C 85 36 CD 9A D2 A4 95 52 8E A3 B5 12 E4 D5 94 92 A2 A1 22 0A 89 05 6A 85 AE 
[  124390] ch50 r0 a3: 89 A5 64 71 A5 48 39 54 16 70 8B A1 6A 2A 94 12 61 31 D5 89 FA A9 55 AE FB B6 B7 2E FA 3A 4F 5D 
[  124408] ch50 r0 a3: AA 31 58 3A 09 20 08 98 8A 90 22 52 81 45 2A 49 43 6A D1 22 83 24 09 48 08 94 09 50 E4 A3 60 E8 
[  124409] ch50 r0 a3: 0A 55 48 41 88 AA 48 34 99 20 50 DD 7B 5A B5 44 BA 99 BA A0 4A 0C 61 34 96 E9 A9 7B DD 36 83 64 
[  124439] ch50 r0 a3: 54 4E AD 29 6A 24 D2 89 24 E8 94 55 92 51 51 41 41 4E 14 E2 91 05 0D 81 48 11 45 24 90 55 51 50 
[  124441] ch50 r0 a3: 32 30 04 90 05 88 91 05 0A 94 93 2A B9 A3 5D 66 5A A9 C4 95 98 52 BE 2A AB 2A 61 45 55 36 86 A6 
[  124450] ch50 r0 a3: 02 A2 94 16 10 D2 82 AC 40 41 18 80 08 58 24 20 08 E4 4A 08 A2 82 56 31 89 08 A8 0B 2A 20 2D 24 
[  124510] ch50 r0 a3: 4A 55 D6 C1 12 94 74 A5 3D 22 23 1F 05 56 A1 DA 72 82 9D 4A F9 20 08 11 31 45 60 64 25 2D A1 45 
[  124540] ch50 r0 a3: 4C 85 39 53 20 A2 AA 64 2B 38 34 14 42 A1 45 A6 2C 91 09 2A 55 1A 4A 40 2A 88 45 68 B5 55 76 DF 
[  124543] ch50 r0 a3: 52 8E AA D9 20 A4 85 AE A4 6A DC 8C B3 6B ED A5 62 56 8D BA 35 4B AB 16 E4 CA 5B D9 2D 6C A3 70 
[  124567] ch50 r0 a3: 24 22 84 08 21 C0 11 2C 51 02 55 44 A8 80 0A 2A A9 54 54 85 42 82 AB 14 92 42 65 11 11 24 18 40 
[  124572] ch50 r0 a3: 91 45 19 15 2C 97 37 04 21 85 64 58 A4 24 9A 14 04 A4 48 44 24 54 55 8D 0E 2B A9 53 6A AD 56 19 
[  124590] ch50 r0 a3: 54 4C EA 45 6A 92 2A 95 55 24 8A A9 49 41 D1 56 44 41 DD 56 DF 17 5D DD D9 AF E9 06 4B FB EF CC 
[  124638] ch50 r0 a3: 10 85 42 95 12 A9 6A DB 53 33 4D 35 65 17 5B 7D 5F 79 FF 6F FF 55 AD 7A ED 7F FF 6E EF F6 D7 BD 
[  124640] ch50 r0 a3: 53 0D 45 D0 2D B5 21 27 15 AB 5B E5 3A A4 04 A7 AA BA D5 12 48 53 2F 2A 4D 26 92 75 58 AD AA B7 
[  124657] ch50 r0 a3: 18 23 32 89 49 19 2A 4E 4C AA 1D 69 54 A0 D5 35 14 5A 95 30 4A B2 89 56 B5 4B 56 51 69 40 90 09 
[  124683] ch50 r0 a3: 92 91 09 22 31 34 4A 60 55 76 E6 2A BA CE 14 14 77 26 A2 1A B6 AC 95 78 3B 2E 63 55 EB D1 B9 47 
[  124685] ch50 r0 a3: 04 00 88 4A 08 09 2B 18 08 08 10 04 09 40 08 02 10 10 47 29 B5 77 6A 4D 3E 82 D6 D4 4D D8 AA 55 
[  124699] ch50 r0 a3: CA 4A 85 64 54 AF 6A 6A 52 4D 49 30 A5 55 29 78 52 6A 54 AA FA AC 34 A5 54 56 4A 49 5A 55 92 D9 
[  124701] ch50 r0 a3: 45 5A 6A 64 4E 5A 65 C5 44 B0 6D 29 EA 2D 6D 55 7D 63 96 32 A4 BA 4A D9 54 35 13 4B 6F 3B 6C 2C 
[  124770] ch50 r0 a3: 89 3A C1 F5 F1 13 24 11 38 A7 20 A6 25 2C B4 0C 1A 20 4A 21 65 02 04 01 40 0D 42 41 95 25 A6 48 
[  124779] ch50 r0 a3: 0A 55 50 AA 85 45 AC 9B AA B6 BA 9D B2 55 DA 55 29 44 AA 96 91 2A E6 08 69 8B A5 B5 57 6A BD 34 
[  124787] ch50 r0 a3: AC EE AA 56 AD 74 A7 7A 55 9A A9 29 25 60 42 AC AA A0 BF B7 BD EF AB D1 55 4A CD 48 69 28 55 35 
[  124794] ch50 r0 a3: 4D 22 AE D4 E4 ED 9D DE 64 AA 75 A6 21 68 6A DB F4 8A 55 FE CA B4 EB DD EB B5 74 55 54 B5 D5 FA 
[  124802] ch50 r0 a3: CD 16 51 5D AE A8 A4 9A AD 5A CA A5 6F 75 AA D9 5B 4D C5 FD 52 2F 3A FB 59 BD 56 DF 75 B6 D5 BA 
[  124824] ch50 r0 a3: 55 34 B4 65 2A 93 A8 86 94 A0 D2 5D 49 6F E9 15 42 86 93 49 3A 55 92 E5 21 A6 C6 4B 0A 2E 9B 24 
[  124833] ch50 r0 a3: 11 62 02 C2 1A 21 24 54 84 2D 95 62 10 94 95 AA 69 56 09 6A D2 B5 AA 89 D5 54 95 28 06 D4 D5 CF 
[  124840] ch50 r0 a3: 2C 09 48 22 15 21 56 54 00 C1 4A D1 86 16 45 90 08 46 92 14 0A 22 32 AE F2 6F 2D D6 5B 57 55 AA 
[  124859] ch50 r0 a3: 25 4A 81 0A FA BE 04 A1 16 AA 55 4A A5 0A CB 6F 5A 3A 49 3D 16 BC 96 88 AA A9 2A AC 5B AB DE 69 
[  124903] ch50 r0 a3: A5 52 32 20 62 C2 2A 94 AA B5 43 15 4E 62 49 7C 69 A1 28 B5 52 28 48 6A 12 49 4A A6 A5 B2 A9 42 
[  124908] ch50 r0 a3: 03 84 4A 22 49 96 F6 14 52 42 80 20 03 50 56 22 A1 4B 2B A5 29 31 25 1A 08 09 42 51 49 50 28 45 
[  124954] ch50 r0 a3: 52 42 A6 A6 A5 79 5A A5 3A F1 66 FD 2A 44 56 D5 95 AB 35 54 2B 6D EC 19 6A AB 0B 55 5D C6 35 4A 
[  124955] ch50 r0 a3: B2 C8 15 2B A0 00 05 94 34 D7 1C 58 16 2B 49 AE 49 6A BA 2A D8 B3 15 1A 40 A4 12 2B A8 01 8B 18 
[  124985] ch50 r0 a3: 32 40 2E 88 80 D8 21 20 01 BA EA B5 59 8B 6D AD 55 2B 96 AB 5A B6 BB F5 6C CA ED B6 A2 A5 51 55 
[  125025] ch50 r0 a3: 88 87 F0 8D 28 92 A2 42 C7 50 8A 42 73 42 AD 95 0B 2A 8B 1A A2 43 71 FA 39 59 60 98 91 BA D8 33 
[  125058] ch50 r0 a3: 00 03 20 CA 08 06 41 2A 17 62 CD 81 94 82 08 B3 96 4A 40 92 AA 9D 6A AA AA AA DA B4 EB EA BA BA 
[  125072] ch50 r0 a3: D5 69 32 95 58 95 35 A4 D9 9F 41 50 0A C8 16 47 28 B5 49 AA AD 25 F4 A4 AA AA 90 28 32 F8 A2 B9 
[  125097] ch50 r0 a3: A9 69 08 15 55 54 2A 89 55 56 95 5A A9 9D 46 99 2F 2A 8E AE EA 44 A2 D5 AF 9B 3E 6E 66 51 9D 5B 
[  125142] ch50 r0 a3: A1 01 28 18 A5 4A 81 54 AD AA D7 54 4E 55 75 EA 9E DA DA D3 AB 6D AD DD 3A DB 3A 95 BB 2D 5A B4 
[  125145] ch50 r0 a3: 80 80 04 23 02 12 88 08 04 00 02 AD 65 BD 1E A4 E5 56 B9 C9 54 C5 45 8B 57 28 EA BC A0 DA EA B3 
[  125149] ch50 r0 a3: A4 22 40 51 0A 26 A9 82 02 93 33 13 00 24 82 8A 43 05 52 36 2A A9 A5 56 93 55 55 55 DA BA C3 AB 
[  125156] ch50 r0 a3: 92 00 89 55 48 8E B5 2A EA CA A0 B9 2A A5 18 AD A8 95 8C B6 AA DA D7 D4 AA 6C B1 AE 96 57 52 AD 
[  125167] ch50 r0 a3: 54 3C 28 95 D5 C9 48 4B 54 45 AB 24 D2 B4 9B 55 32 74 95 53 A4 A5 92 71 24 D1 48 B4 AA B5 4C 95 
[  125228] ch50 r0 a3: 24 20 48 52 A5 14 90 C8 0A 09 08 2A A0 1B C9 25 06 D6 D5 56 82 50 8C 2D 68 82 08 50 A2 85 09 14 
[  125237] ch50 r0 a3: 00 20 00 00 00 00 40 00 04 25 4A 5A 6A 94 A5 05 45 59 0A BE 94 52 7C 9E 19 A5 72 07 96 6A 62 C9 
[  125244] ch50 r0 a3: 80 A4 49 2A AA AA 09 6A B4 55 AE B3 37 41 F5 A9 28 2B DE BA 8B 9A 9E 69 BC EA 85 D1 E4 A5 C5 6F 
[  125246] ch50 r0 a3: 85 60 AB 6D 6A AB AD F7 35 BF D5 5C 85 B5 60 29 FE D8 95 3E 87 55 2D 49 8B B4 8A B5 71 56 5A 5A 
[  125267] ch50 r0 a3: 14 B0 A5 D5 69 2E A5 67 54 F7 FB A2 92 92 65 4A 30 86 A6 2B 54 4E 03 C4 34 D8 25 25 5F C3 98 75 
[  125341] ch50 r0 a3: 67 8B A9 CB 26 2A FA 57 D3 DC 0C AF A5 2B 4E 47 A9 82 85 03 74 9D 60 22 B3 BE 2E 55 2A 54 A2 62 
[  125377] ch50 r0 a3: DA B9 01 51 4A D4 BA 8D A5 15 4A 6B 75 45 66 94 D5 72 A8 B5 AE D4 9B 4C DE 29 40 9D 96 BA 52 95 
[  125401] ch50 r0 a3: 50 AA DD 95 6A AB 44 85 25 22 8B 04 2A 09 44 2A 46 84 96 42 24 88 0A 7D 04 CA 94 93 8D 13 9A 85 
[  125401] ch50 r0 a3: 51 2E 24 65 65 4A 88 89 04 2D 64 82 1C 53 36 00 8B 28 C4 49 60 24 0B 5A 16 50 94 56 DA 90 E1 0C 
[  125403] ch50 r0 a3: A8 AA 95 1A B5 5F 65 2D 57 55 F6 DE 6D 5B 53 4F 7B 7F B5 AB F4 DB 6A 95 27 55 2A 0B 9A 5E 89 EE 
[  125416] ch50 r0 a3: CA 44 90 EC A4 0B 42 55 24 B5 C1 2C 55 05 20 4A 24 50 AA 45 14 D2 91 12 22 F0 49 AB 43 0A 44 82 
[  125474] ch50 r0 a3: 4C D5 25 67 51 A2 29 EA 64 2D 49 22 55 24 8C 81 55 DE 2B 64 57 5A EA 9E 6A E1 71 55 DA AA B5 A8 
[  125510] ch50 r0 a3: A2 4A 20 69 35 2A A9 16 44 D4 2B 55 8B AA A9 6B 62 B5 54 43 92 B3 4A 52 98 AC 64 65 4B 61 6A 92 
[  125583] ch50 r0 a3: C5 B2 55 32 B5 52 65 08 D5 0A 95 16 E4 B6 69 46 52 8E AC 99 1C 44 14 AA 16 AC 93 12 55 0A 95 31 
[  125636] ch50 r0 a3: 9E 46 05 A2 11 45 12 82 AF C1 68 24 62 75 AA 40 91 92 0B 91 50 89 5A A9 AA 48 15 40 08 52 21 12 
[  125680] ch50 r0 a3: 80 53 52 05 09 2A 81 10 90 D4 24 A4 A1 54 A8 25 0A 8A 3A EA 93 42 4A 24 89 80 0D 2A 80 90 52 C4 
[  125698] ch50 r0 a3: 4A 98 16 34 71 36 8A D5 12 A9 29 32 55 95 44 0A 29 54 99 94 A4 95 25 9E 51 59 5A AA 23 25 24 49 
[  125725] ch50 r0 a3: 94 AA 95 2A AB BA 57 4A 5D 78 53 12 94 D6 A7 6D 7E 62 A4 A2 A8 AA AA AA B0 8B 12 89 25 53 09 31 
[  125792] ch50 r0 a3: 8A 5D B3 2A DE 21 35 24 63 84 45 01 52 82 C1 0A AA 40 82 84 41 2A 25 92 53 31 49 29 A0 10 50 85 
[  125796] ch50 r0 a3: B9 FE 95 51 05 A2 B5 22 CA AD 5A B4 63 57 34 4B EB DB BF CC AB 8F 56 E9 AC F6 D5 BA AB 75 35 6B 
[  125799] ch50 r0 a3: 04 E8 55 1A 13 25 42 34 25 2E 4D 16 2D 69 69 25 5A 0D 54 94 5B AA B5 F6 5A A5 54 D5 59 A2 B4 AD 
[  125859] ch50 r0 a3: 4D 54 A4 E2 86 2E 25 01 54 A5 20 76 89 32 95 5C C1 B6 B2 B4 4D 4A 55 4C AD 55 34 C1 53 45 51 48 
[  125877] ch50 r0 a3: B2 41 34 95 54 95 52 51 12 53 54 E9 54 AC D0 6A C1 6A A0 C6 54 AA 9A 2A 96 CA D6 FD B7 DF 76 EE 
[  125898] ch50 r0 a3: A5 49 51 25 4A 08 AA 50 2B 16 42 65 26 5A 98 2E 6D 92 9A 54 E5 4A A1 46 C5 75 1D 29 28 AB 20 52 
[  125917] ch50 r0 a3: A4 8A A0 59 96 B1 28 81 BB 46 58 CA EC 94 94 4A 54 A5 B0 4B 55 6A EF 6D 5D AA 91 B5 DA 5E 55 75 
[  125944] ch50 r0 a3: 8A A4 96 53 52 D1 29 55 6B 4A D0 88 33 33 BE A4 AA D1 46 0A D5 0A 3B D8 E8 C7 29 FA E3 65 81 45 
[  126012] ch50 r0 a3: 15 55 15 45 97 4A C1 AB 42 31 29 49 A9 55 53 37 37 D4 9A 97 55 4A C5 5C F6 AA 75 52 A2 B5 55 55 
[  126070] ch50 r0 a3: 11 A4 B4 AA 2C 2C 00 92 EB 36 EA D2 A2 8A 66 CD 9A 4B 56 42 CD D9 2A D6 AE EF 6B AF 5B 57 E9 9D 
[  126111] ch50 r0 a3: 98 04 EA C5 21 00 02 69 01 28 21 A8 02 0C 00 28 33 02 E0 E8 80 12 11 58 04 48 72 58 01 50 4B 76 
[  126119] ch50 r0 a3: 96 A7 40 A4 43 42 89 6A 43 50 55 26 4C 0B 64 12 CA 57 69 44 8A 8D BE DA C9 45 AF 54 D4 AB 95 2A 
[  126153] ch50 r0 a3: C8 A2 16 85 6A 89 29 53 28 52 8A 48 50 51 14 4A C9 1A 42 DB D5 69 92 92 26 D7 44 49 4B D3 55 2A 
[  126160] ch50 r0 a3: 10 10 08 05 28 4C 5D 92 40 89 8B AD 81 13 15 8E C1 D7 46 6B A1 0D 36 0C D4 BD 50 AB E9 45 7D 28 
[  126168] ch50 r0 a3: 20 CA 49 14 D7 67 0A AE 35 18 58 CA 86 B2 82 AA 4A 58 EF 55 6D 56 54 1B 56 B5 CA B6 38 CE 84 50 
[  126170] ch50 r0 a3: 22 BC 2C 69 17 64 AA 02 88 12 0A A0 44 A4 90 10 99 66 90 96 C9 14 29 53 21 26 42 8B 08 81 12 4D 
[  126171] ch50 r0 a3: 08 84 24 02 22 52 40 06 29 54 82 D4 64 A9 05 20 82 09 29 6A D3 57 AA 52 A9 BA BB 28 55 D5 51 55 
[  126196] ch50 r0 a3: 93 56 AA 0C A5 89 6A 89 0A 41 22 AD 15 24 95 42 DA AB 81 96 A5 5A AA A7 55 5E E2 EB 4B 61 A2 95 
[  126209] ch50 r0 a3: 39 54 53 29 A8 A9 4A 05 3A 15 40 09 58 91 94 11 48 C1 B3 4E 0C A6 52 E9 24 6E AB 56 8A A1 15 0A 
[  126213] ch50 r0 a3: 15 6D 44 64 2B 5B 35 0B 41 52 96 AA 92 81 AA A5 AA 00 AA B2 D2 2A 24 4A E6 4D 29 4A 2A 26 59 62 
[  126277] ch50 r0 a3: B9 49 5A 29 68 85 64 B1 54 49 63 4A 63 41 C5 62 51 59 5A 2D 6B 15 EA AA 48 AD 5A AA 4A 81 0A 52 
[  126348] ch50 r0 a3: 94 8B 95 1A BB ED DE AD 5F 76 5E EF AD AD 2B AD DA DC EC EB A9 AB 6F FD CB B5 ED DF EA DE FF 75 
[  126388] ch50 r0 a3: CA A6 E9 16 AA AA 56 D5 D6 CB 29 53 54 97 4F B5 D1 29 D4 AD D3 AE AA 88 54 D1 AB A9 EE AD D5 55 
[  126426] ch50 r0 a3: D4 49 53 31 4D 09 46 95 27 AA E1 D2 23 AC E8 93 6C 50 AA 9F FE 5A DD A9 52 CA A7 57 D2 AA B5 FA 
[  126431] ch50 r0 a3: A5 24 25 4B 04 F5 49 55 15 06 52 21 42 32 C4 E0 93 23 CA 20 02 40 91 51 8C 56 12 AB 9B A3 04 24 
[  126533] ch50 r0 a3: 92 B5 D5 55 34 AD 5A A4 D4 2C AD 55 67 65 4B 56 AA A4 A8 A4 5A EA B2 CA 66 B2 8A 51 96 E2 6A 29 
[  126579] ch50 r0 a3: 08 02 00 40 04 4A 05 D2 D5 6A 15 54 64 A2 44 87 04 23 08 AB 09 84 2A 10 CA 4A D2 22 85 24 55 0C 
[  126580] ch50 r0 a3: A8 25 A0 14 0A 05 22 AC AF A5 44 A8 AA 6A FA 3A AA EA AA 2A BB 36 4A 22 56 45 C9 55 8C 55 5A A9 
[  126588] ch50 r0 a3: 95 82 43 92 A2 40 58 95 5B EF 7A BB 6A D5 0D 22 8B 6A AD 52 2A B4 A2 E5 5C 4A 55 54 2A 2A AD 15 
[  126659] ch50 r0 a3: AE 8D 5F AD 99 AA B2 AB 6B 55 5F BC AC F5 48 BA B7 44 15 55 65 28 AD 42 A6 A6 D8 EA A4 7A 8B 0D 
[  126735] ch50 r0 a3: 4A 05 28 A4 69 23 35 48 0A 50 85 22 C5 6A 6A 90 BD 4D 12 40 55 41 54 94 94 5A 49 65 14 86 53 52 
[  126776] ch50 r0 a3: 9D B5 0D 65 55 94 A3 5C AA BB 53 C9 4A 55 5A 25 A9 59 2A C6 B0 0A 76 BA F7 A7 38 D9 EB E8 40 A8 
[  126795] ch50 r0 a3: 2A 8A 55 22 90 A5 2B F7 59 F9 B2 BF 55 CA 9B DA 9E 9A 2D C5 0D 11 5C CA C8 08 55 12 D6 A9 2C 55 
[  126835] ch50 r0 a3: 25 22 A5 47 BE EE D6 6E D5 5F FB ED 53 DC FA DA DB 5E AF AD 7B FA EA 6F AF 6B 65 D3 6D 54 FA FD 
[  126865] ch50 r0 a3: 54 54 D5 D8 51 20 A1 67 D5 2A AA D5 D5 9D 6D 4A 12 8D 1E AD 2A D5 D2 B5 6A EA 51 48 28 A2 B4 70 
[  126884] ch50 r0 a3: 22 A4 16 B4 4D 55 09 29 02 29 2A 22 05 0A AE A7 54 D9 89 4B BD 1D 72 D7 5B 22 B2 68 B5 95 28 9A 
[  126897] ch50 r0 a3: 4C 75 22 D2 95 94 98 DA D4 4D 2D 12 00 A1 28 0C 8D A6 02 AE A2 36 0B 54 52 28 94 86 15 15 5A 0E 
[  126942] ch50 r0 a3: 40 4A 93 2A DA 62 AB 69 7D 44 8A B5 99 82 D5 59 AA 05 55 69 6A AD 5D 1B 16 48 36 AD AA A2 AB A5 
[  126944] ch50 r0 a3: 21 08 12 A4 A0 4A 22 12 42 05 04 14 A8 21 24 95 55 35 48 B3 10 EC 4A D0 01 4E 82 28 20 74 50 88 
[  126994] ch50 r0 a3: 53 CA A2 D9 75 A7 B6 DB 18 AE 2A 5E 74 42 E2 A9 55 49 BC 92 AA AA 70 D6 A0 A9 AE D5 55 93 D6 2A 
[  127032] ch50 r0 a3: 93 D5 5A B0 B7 2A 16 69 84 75 52 94 5A 25 15 19 52 28 6C 49 24 11 75 1C 69 2C 18 94 A8 43 29 49 
[  127069] ch50 r0 a3: DA 15 40 7C 08 8D 24 41 65 62 2A 48 95 E1 44 A1 62 99 16 95 6A DA E8 FA 75 B9 6E 6B 5B 16 D4 B4 
[  127101] ch50 r0 a3: 7E A8 94 CC 50 54 50 6B 91 D8 9A 91 4D A8 C5 09 AA 52 5C 6C 96 54 88 35 21 93 04 D2 48 93 12 90 
[  127164] ch50 r0 a3: 46 A2 51 34 91 69 10 2A 25 3A 8A 16 26 B7 7B B6 CD D6 AB 49 35 5B AC 89 95 49 72 B2 A9 3A A6 4D 
[  127213] ch50 r0 a3: 2E B5 55 A2 96 A2 AB 5A C0 E0 98 54 6D 4D 5A EA EF 49 57 B2 AD 92 55 26 D7 A6 AF AA 5B 0D F7 FB 
[  127235] ch50 r0 a3: AC A4 00 48 D4 52 BA 57 48 2B 17 B9 DE FA 8B D6 7A D5 F5 E5 55 69 F6 15 6F 54 D5 79 59 5F 55 AD 
[  127264] ch50 r0 a3: CA B6 AA AD 1A 49 5F 3A 88 A4 D9 AE 9A A4 A2 AA 05 D0 44 22 5C 55 51 F4 92 C8 45 21 2E B5 16 54 
[  127267] ch50 r0 a3: 92 46 12 AB 01 94 02 85 44 49 14 42 89 12 29 10 45 24 B0 41 00 52 15 4B 84 56 A6 AB 72 85 BA F2 
[  127268] ch50 r0 a3: A2 AC 85 AB 59 49 53 51 14 82 55 28 94 AB 42 F4 9A 26 A4 8A A1 54 91 24 92 B4 AF 14 52 A2 5A A8 
[  127275] ch50 r0 a3: 22 E3 D5 5A BD 36 D5 AA 5D 2E AB 4D 5A AB 5F D7 BD 76 D5 AA AB 9B AB 33 65 AD 5B 59 F5 FB 4D 56 
[  127281] ch50 r0 a3: A9 2A 0A 4A 91 54 22 55 4A 4A 4A B0 CA F2 C1 09 95 46 8A 60 95 52 21 04 A5 B5 02 A5 51 04 A4 A9 
[  127309] ch50 r0 a3: 80 2A 32 50 A1 15 50 AA AC 88 55 30 0C 2B 2D 3A 95 4A AD 94 B9 04 4A C5 6A 92 4A A1 20 29 51 34 
[  127360] ch50 r0 a3: 12 A5 02 72 2A 95 41 4C 3A A9 42 91 25 40 AE 56 B6 B7 D6 56 AA 1D A8 6A AA 8B 52 AF 56 BE D1 1C 
[  127368] ch50 r0 a3: 00 02 D5 2A B4 A9 A6 CA 15 5A 3A 1A DA B2 AA DA D8 C4 84 D7 B6 DD 55 55 5C 0A 84 AA 73 16 9A 23 
[  127419] ch50 r0 a3: 54 12 A2 2D E8 B4 EA B5 92 94 59 D4 8F 4A 8B 29 42 51 AA C9 16 54 8D 25 52 4C 94 96 A9 9A AC 23 
[  127436] ch50 r0 a3: 24 A7 53 42 32 5A 59 34 D1 66 BD 9D DB DB 6B FE BA 94 6A BF 5E 67 B7 55 F5 5D 57 AC 7B 5E DE BD 
[  127450] ch50 r0 a3: 3A AD 6E A9 EA AA 20 A0 F5 55 54 B5 2D 54 D5 95 A4 29 45 02 20 95 AA 41 45 0A 02 40 B0 80 5D 65 
[  127462] ch50 r0 a3: A0 56 91 B9 5D 28 B1 D4 A5 A0 52 28 68 88 83 56 4A C2 BB 95 50 A6 15 66 B5 8A 0A C3 54 B0 2A D3 
[  127475] ch50 r0 a3: E2 8D 95 9A B4 12 6D AA 7A 64 25 D9 56 9A B6 22 CD 5A EA A5 57 2A B7 AD 38 AA AC 69 23 26 15 A1 
[  127535] ch50 r0 a3: EA 5A A4 A9 91 47 A4 D4 B8 41 96 5A A8 44 2D 34 AB F5 D1 55 25 7D 4A 40 79 2A 1D 2D A9 CC 61 5B 
[  127544] ch50 r0 a3: B0 49 3E 22 6D 06 56 84 D2 60 80 A8 10 A3 40 22 8D 39 65 54 4A 20 1A 91 E6 41 24 45 04 25 8B 4A 
[  127553] ch50 r0 a3: AB 21 62 A9 4A A4 52 55 12 74 82 62 0A 94 A8 51 5B 29 24 A9 A8 AD 8A A1 46 55 2C 40 28 A5 50 09 
[  127555] ch50 r0 a3: A4 A5 8A BD 05 9A 82 55 A5 0B 0A 55 1C D6 9A 36 AA 95 BF 65 49 B3 FF A9 15 15 45 A5 AA D5 59 62 
[  127615] ch50 r0 a3: 88 AD 36 90 4D 4A B6 B5 55 6B A2 50 4A 35 53 48 A8 AA 56 B2 A8 9A A1 B5 EB 77 77 AF B6 DB 76 FE 
[  127638] ch50 r0 a3: 94 AA 95 16 B5 55 52 12 B6 09 06 30 2E A4 0A D4 96 A4 82 47 01 60 02 42 65 10 49 55 56 44 4A A5 
[  127658] ch50 r0 a3: 88 00 21 28 12 00 48 52 80 14 90 54 14 64 85 68 1A 49 40 82 45 04 B2 2B 40 82 42 2A A2 54 8A 28 
[  127718] ch50 r0 a3: 92 A1 02 31 5A D4 8A 80 92 12 60 69 46 11 32 8B 09 14 97 22 D0 A4 22 50 0E 53 D1 B6 2D DB 52 55 
[  127728] ch50 r0 a3: 77 BE F7 FD 53 56 B5 7F A5 77 54 DB 4A AD B4 49 F2 1A 4A D5 56 CA 8D 7D 8B 94 DB 6F 24 C6 95 D1 
[  127730] ch50 r0 a3: C8 56 53 5B 5D 33 59 72 37 6B CA A5 55 54 46 8A 44 A4 D0 94 9A B2 CB 14 1A 8C AA 5F 52 52 92 48 
[  127737] ch50 r0 a3: 8B 55 95 15 2A 92 1A BA 20 B8 28 7A DC A9 17 36 41 2D 6A 97 53 41 56 93 B1 34 A2 D1 6A 36 4C 45 
[  127746] ch50 r0 a3: 4A 75 73 64 AB 56 DE AB 5A 6E 15 BE D5 6A 83 5E 31 6B 4A CA 14 47 48 53 66 BE AB 8B 15 A4 9A A5 
[  127825] ch50 r0 a3: 85 52 22 0D 21 51 32 85 B8 A1 49 D4 CA 95 49 54 AA 2B 25 12 64 A7 AA C5 BA 94 8D B4 92 24 54 AD 
[  127833] ch50 r0 a3: 85 92 88 92 85 19 62 55 12 8C B4 52 A9 2D AD 34 A9 9B 2A 6D 52 6A 2E AD 48 14 50 62 58 51 AA C8 
[  127839] ch50 r0 a3: A6 28 6A 42 8A AC 26 89 0A 6E 15 46 8A D8 A5 50 8A 12 99 4A 29 55 62 81 B2 85 52 A1 04 A4 68 C4 
[  127892] ch50 r0 a3: 48 B2 48 C4 DB AB D9 A1 CF 87 3B 2C 91 29 46 84 28 11 64 81 46 2C 0C B2 40 00 A8 21 31 13 8B CB 
[  127923] ch50 r0 a3: 05 00 50 D3 89 96 80 B1 44 95 32 49 44 10 94 A8 42 0A 85 55 BA AE DE EA FF 6B D5 97 77 55 EF 3A 
[  127985] ch50 r0 a3: D0 22 0D 14 D3 14 55 45 04 A8 92 49 22 A9 42 31 14 92 A5 69 55 92 55 42 4A 4A 52 86 F9 AA AA BD 
[  128021] ch50 r0 a3: D0 02 DD 55 0D 1F 02 D7 51 47 D2 40 16 26 2C E4 A2 08 8A 00 28 04 92 E5 B6 CD D2 B4 BD DF 70 EC 
[  128026] ch50 r0 a3: 55 08 E5 53 13 4C AA 4B 19 2A 52 A9 DA A2 2B AD 14 23 55 4B 12 A2 B8 8A AD 0C 97 09 CD 2B 61 9C 
[  128111] ch50 r0 a3: 22 B2 10 30 45 48 15 C9 2A 33 63 4B 55 F4 AD 5F 5C B6 65 6B DE 6A FA CF 5B 6A DD 7A 5E 5E 9D 62 
[  128115] ch50 r0 a3: 51 36 42 14 A0 0B 01 21 22 2A 49 54 49 DB 01 4A B3 30 AD 0A 55 08 3A 05 4D 36 84 2E D4 D6 62 D8 
[  128140] ch50 r0 a3: C4 AC 8A D4 A7 51 24 49 24 54 C5 50 AB 35 2A 26 45 2D 54 AB 58 54 54 CD 69 5F 6E 4E B5 42 C8 29 
[  128151] ch50 r0 a3: 8A C8 11 23 94 E8 95 12 85 59 86 48 2A 48 49 05 2A 93 34 2B 6A 5E AC 22 D7 AE A9 7D 9C DB 58 BC 
[  128182] ch50 r0 a3: A0 49 14 95 5F B5 6F 69 A7 9A A6 A2 EE DC 86 6D 5D AF B6 99 6A 95 B5 B5 56 5E F7 DE AE D5 A5 75 
[  128182] ch50 r0 a3: AA 59 A1 22 53 2A 48 95 C9 B3 A8 52 EB 42 94 F4 99 2F D1 4D 59 EA DF 25 55 59 53 BB 69 6B DB 4A 
[  128183] ch50 r0 a3: 65 14 31 8A 52 A4 D2 55 14 4A A2 05 4B 54 BA AA A5 5A 55 40 EA BB FF 6D 1B 94 AE B5 AA A1 55 A2 
[  128196] ch50 r0 a3: 45 C4 D6 A1 9A 8C 75 A5 4E E2 DB 63 77 BA DF 95 73 44 83 55 17 09 2E C8 77 D9 E9 FD 58 D0 5F 1F 
[  128222] ch50 r0 a3: 7B D2 D5 AA 5B 50 5A 6A 12 D4 DA A9 D5 55 56 85 B5 57 BB 76 ED DD F4 CC DB 95 76 F7 86 B1 56 BB 
[  128256] ch50 r0 a3: 40 CA 01 E0 44 08 08 22 A4 04 51 28 02 80 82 50 04 A8 22 2D 24 0A 69 A4 58 11 A4 84 34 40 10 89 
[  128261] ch50 r0 a3: A5 14 C8 52 44 59 5A 54 29 12 D1 54 00 02 14 0A 20 80 40 A9 D2 AB 53 4A D2 44 0A AC 55 2A 26 AF 
[  128286] ch50 r0 a3: 5B 22 52 D0 84 80 4B 62 49 49 80 45 0A A5 66 54 84 28 08 A2 85 0A 52 14 11 15 05 44 01 2B 29 26 
[  128302] ch50 r0 a3: 89 A8 DF 68 D5 F4 21 71 DE 58 24 44 8B 6D 31 A8 F6 D2 AB 75 E2 42 96 85 12 16 51 89 10 41 3A D8 
[  128355] ch50 r0 a3: 58 69 6E 88 65 09 5D A2 24 BA C5 0D 1D 55 59 4A AD AD 22 AA A1 6E 9A EF 76 4B 72 E9 27 94 CC B3 
[  128365] ch50 r0 a3: 56 54 4D 34 86 4A 01 64 C5 10 36 8D 2D A6 EB 80 56 5A 22 D2 90 84 AB 15 51 D1 A5 16 5C 7C 59 01 
[  128404] ch50 r0 a3: 42 C0 8C 3B CD 5F 42 AF A5 64 92 04 08 98 BA 83 24 B6 48 11 30 8A A5 B0 64 A6 45 55 20 C5 BF 3D 
[  128434] ch50 r0 a3: CD 28 28 4A 25 6C D2 6D 55 75 2B 39 B6 B4 A1 BD 55 71 24 A2 A3 57 35 22 11 69 62 CB 52 33 55 D4 
[  128465] ch50 r0 a3: 08 16 48 42 25 48 41 01 48 02 0A 0A 54 84 09 80 3B 10 84 00 22 59 20 11 04 18 81 01 40 41 34 01 
[  128467] ch50 r0 a3: 4A 2E 26 54 11 02 CA 52 A3 C2 33 08 0C 24 2A 54 0A C4 A4 D0 A9 EB 4A 54 BE 29 5A D1 AC CA 4A AE 
[  128472] ch50 r0 a3: C3 64 AA AB 4F AB 55 35 9D AB E6 A9 63 CB 45 AE B5 97 74 AD B4 59 DB 17 7D 96 3B 52 D3 6C E3 1A 
[  128491] ch50 r0 a3: 4D F0 25 26 25 91 52 B9 20 1A 31 55 52 56 A1 45 05 D5 28 A9 49 15 25 23 4A 49 A8 49 69 53 82 D0 
[  128589] ch50 r0 a3: 90 4B 10 A2 02 C5 91 09 80 54 93 4C 92 C6 25 CB 21 4C C9 AA D4 E3 39 34 4F 22 46 A4 C2 C2 2A 2E 
[  128605] ch50 r0 a3: 40 A3 D0 40 8A 61 02 A4 26 A5 32 40 88 98 2A D4 77 35 F9 36 B4 51 A5 52 85 29 12 88 05 22 D1 01 
[  128704] ch50 r0 a3: A8 88 82 18 44 55 94 7A AC AA DA 95 E1 3A BD 42 75 53 6B AA 51 36 4C 54 46 98 B1 58 A9 45 55 52 
[  128789] ch50 r0 a3: 93 2A CD 45 61 A4 2A 86 A2 9A 42 B3 72 C5 53 2A BA A5 01 42 13 18 04 B6 D2 A4 4A 6A BA 85 28 45 
[  128823] ch50 r0 a3: AA 06 22 92 AD 2A BF D5 C4 D9 6A AB 6B E5 5D 72 E8 D5 99 6D 1F AD AB 69 34 A9 A9 54 CA 58 8B 55 
[  128841] ch50 r0 a3: 40 99 9A 11 BA 4A 02 84 30 54 1A 9A 28 1C 89 A0 85 A0 48 49 42 5D A8 4C C0 42 B4 CA EA 28 04 D2 
[  128870] ch50 r0 a3: 02 08 85 4B 8A 2F A9 35 35 D3 24 3C AA 49 03 05 2F A1 44 4C 8C 06 84 2A 14 82 A9 83 48 19 54 42 
[  128881] ch50 r0 a3: 09 2A A2 C8 15 A8 2B A5 41 96 D5 C5 36 26 C8 E6 68 AC AA 4B AA E5 44 B2 84 E2 A4 B2 44 A8 A4 AD 
[  128931] ch50 r0 a3: 41 05 4B 4E E9 4C 56 A8 62 AC 67 4C A5 49 9D 25 40 AA 89 AA 54 8D 21 70 B1 44 A9 54 B2 AA 9C D2 
[  128943] ch50 r0 a3: 1C AA 2A A5 21 2A 4C 8B 90 A5 57 16 81 3A B8 8D 6A 26 32 49 6E 05 54 9A 62 9A AF AA 08 6D 72 75 
[  128964] ch50 r0 a3: 95 94 A4 15 03 0D 14 C9 05 14 FA 89 46 A4 83 2A 90 19 54 6A 02 8C 91 4B 55 9E F4 27 2A D5 EA 15 
[  128974] ch50 r0 a3: A6 B2 A6 54 64 05 4D 52 96 25 3A 05 02 C0 8C 84 94 A8 90 41 0A B2 DE 55 4C 09 BA 09 6A 78 B2 D6 
[  128998] ch50 r0 a3: 95 6D 2D 45 3A D3 14 AA A4 97 55 AC B1 0B 55 6E A2 2D 84 E8 65 A7 4A D5 9D 7C 95 2A D5 AA AE AA 
[  129000] ch50 r0 a3: 9E A5 56 29 32 A3 4B A8 55 32 AA C4 AA 95 D9 0A D2 A5 35 11 C9 1A 81 89 CA 94 58 8A 4B AF EB DA 
[  129007] ch50 r0 a3: B0 AA 51 56 A9 6A 4A 22 0A 92 AA AA A1 54 D2 22 08 AD 02 A9 A8 0A A5 69 2A AA 29 50 4A 52 CC B0 
[  129022] ch50 r0 a3: FA 68 45 8A B4 54 97 58 D8 99 AA 54 5A 2A 25 95 21 13 E9 AA 4A A6 50 2A AA E2 AC 56 20 26 EA 42 
[  129039] ch50 r0 a3: 45 1A 03 05 0A 4A 55 4A 41 22 48 54 D0 B5 DE 11 1E ED 66 CC DA 98 A3 58 CC 4B 9A 50 5A 5A 50 B1 
[  129056] ch50 r0 a3: 95 11 02 06 10 95 04 A9 28 96 85 54 92 16 55 4C 04 60 53 8C 88 4A AA 4D 7B 2B B2 AB 51 1A AA ED 
[  129090] ch50 r0 a3: 28 A2 CA 82 89 B8 D5 2A 6A DA AC C7 5D 75 4D BB 2D 98 B4 5E DD AF 2A BE AC 8C 81 45 29 89 38 D2 
[  129102] ch50 r0 a3: 5B 52 A2 C0 49 4B 65 6A 24 A2 4D 29 4B 8A 0A F1 86 AB 41 6A 8A FB 44 C9 40 89 10 55 D2 FC 09 55 
[  129138] ch50 r0 a3: 2B 14 A1 A8 E7 46 D0 49 54 95 2B C5 2A 94 A0 48 9A A8 03 4B CE 42 E4 42 85 9A 96 2A 16 86 98 0A 
[  129149] ch50 r0 a3: 88 89 94 29 25 72 A8 8A 68 D2 95 2A 9A 54 8A 81 56 24 2A C8 A9 65 2C 2A 52 94 2A A8 D5 25 CC 0B 
[  129248] ch50 r0 a3: A4 80 C3 52 2A AA 41 81 19 49 32 45 42 42 B3 02 42 95 05 11 12 68 81 22 45 25 81 01 04 28 8A C0 
[  129260] ch50 r0 a3: 94 A2 48 A0 8A D6 A9 2D 53 35 32 D2 C9 C5 C8 97 28 8F 0D 57 56 56 95 C4 D9 55 5D 6D 48 FF 6A F7 
[  129320] ch50 r0 a3: AA 5A 94 22 D6 0A 55 85 46 A9 AB 22 07 0B 28 2A A9 15 56 4A 52 89 5A 29 A9 51 31 29 AA 04 95 31 
[  129332] ch50 r0 a3: 92 91 17 86 A0 2D 68 A0 56 AA E3 55 C4 54 AB CE 65 4E 1B 6A 1D 8B 56 B2 8D 87 B5 A6 94 90 12 60 
[  129367] ch50 r0 a3: CA 20 55 55 54 A5 4A A5 53 94 A4 32 55 31 56 A2 40 4A 25 00 24 85 58 A0 28 A4 45 59 46 55 50 52 
[  129379] ch50 r0 a3: 01 15 28 28 D5 B5 64 4A FC BA 89 CA A5 78 BB A9 4D 35 52 A6 E6 CD A6 91 80 B5 76 DE 77 BB E5 2E 
[  129381] ch50 r0 a3: D4 95 57 5D 53 56 6B 95 DE AA A3 92 85 55 5F 33 95 75 5C DA 54 CA FD 54 D9 62 F5 88 76 FE 5E FE 
[  129413] ch50 r0 a3: 48 92 C0 A8 12 4A 55 48 04 45 50 24 B2 2A 94 49 29 02 06 64 42 06 2F 52 50 49 11 40 72 91 25 23 
[  129475] ch50 r0 a3: AA 94 B4 9A C2 06 A0 C2 A5 14 25 18 94 AA 28 5A 93 44 54 06 A4 EA 4C 8A 10 95 24 28 90 52 0C 98 
[  129491] ch50 r0 a3: 32 29 DE 75 5C E9 E7 D6 FA 4E 91 EE AA 6B 5D 1B D4 D7 6E EF 59 65 FD 97 37 76 F5 67 16 EB AD CA 
[  129492] ch50 r0 a3: B7 25 6C 6C 35 92 55 56 A7 53 44 8A 4C B3 94 A9 56 69 6A 6A AA A8 4A 9C F5 52 DA 4D 32 A5 33 4D 
[  129525] ch50 r0 a3: 22 00 43 25 45 0B B1 21 2B 0E 4C 8C 45 4A 49 11 00 02 1A 00 25 21 13 01 03 A6 24 10 4A 64 AB 02 
[  129538] ch50 r0 a3: A4 AB 69 58 29 9A AB 74 4A 56 98 51 B2 8C 9C 47 38 2D AD 7D 52 FB BB BE 92 97 5A AF 6A 5E 9E D3 
[  129541] ch50 r0 a3: A5 AB 53 62 B4 C1 6B 37 49 02 A2 CA 92 92 D9 48 69 50 1A B3 2A CA 28 22 71 8A 54 A4 92 4C BB 49 
[  129547] ch50 r0 a3: B1 42 8A 34 20 51 48 14 85 48 8A 25 25 2C 94 D0 0A 00 B4 64 A2 A4 50 A0 29 8D AC 92 75 69 E5 D7 
[  129636] ch50 r0 a3: 16 6A 25 6B 29 91 DA A5 54 95 2A A4 92 92 A9 10 A9 31 51 2A 20 95 55 32 85 13 65 21 29 55 28 32 
[  129654] ch50 r0 a3: 89 25 25 50 69 15 68 BA D7 6C E6 CA E3 6A 8D AE AD 5B 56 AA D2 BC DA 96 5D 6A A5 54 D5 AC 58 5F 
[  129706] ch50 r0 a3: C9 6E 55 92 9E 89 46 29 4A A5 00 8A 11 2B 34 A5 75 B4 AD 42 D2 C9 40 8A 92 54 49 08 B5 45 31 64 
[  129767] ch50 r0 a3: 8A 07 29 A0 95 69 42 A4 29 C1 42 A2 00 21 A5 84 48 A2 A8 A8 22 AC 28 A2 42 36 42 5A 57 61 0A 54 
[  129773] ch50 r0 a3: C2 29 7C FA 55 50 61 28 AD 12 25 D6 49 25 0A DD 92 B5 56 83 98 B5 53 6A 4A A4 59 08 AA E2 64 5B 
[  129797] ch50 r0 a3: A2 13 A0 55 45 21 32 4A 09 34 84 7D F7 6E DD 7D F5 DE F6 AD 57 7E 9B CA 7B 5E AE FF F5 EA D6 BE 
[  129812] ch50 r0 a3: C1 59 5A C5 55 65 4C 4A 25 5D A4 C1 89 54 56 14 A0 54 EC 8B 2B AA E5 62 AC 79 57 13 AA 1A 20 95 
[  129825] ch50 r0 a3: 8A B7 10 90 A2 54 53 48 AA 89 48 95 54 B1 15 20 01 00 2B ED D4 D5 4A AA BA B6 B5 61 77 5B 7A D5 
[  129834] ch50 r0 a3: 75 73 4E AB EA 31 25 52 D9 74 A5 2D CB F3 06 EC D5 2A 80 11 16 D3 22 22 EB 0F C2 83 59 3C 27 16 
[  129840] ch50 r0 a3: C5 1B 66 51 42 20 1A 08 4C A0 4C 98 09 A0 49 A4 48 42 10 32 84 A0 48 E3 25 6A 13 48 A6 57 96 B4 
[  129874] ch50 r0 a3: 50 54 08 8D A9 02 69 58 A1 6C AC 20 F6 ED 6D 55 ED F7 4A 4A 44 26 EC EB 49 35 9A 61 AA D7 4B 27 
[  129910] ch50 r0 a3: 86 30 A4 10 39 18 68 5E 11 04 41 09 05 06 00 62 18 4A 82 12 88 12 DB BF DD 77 AB BD 4A B4 B6 AB 
[  129956] ch50 r0 a3: 21 98 91 AB 12 42 A9 49 F1 AC 34 9A E2 CA 3A BA AA 00 4D 21 63 56 55 A5 B6 94 C9 D5 2D 6B 55 CF 
[  129976] ch50 r0 a3: A2 05 41 54 D4 A0 55 66 91 A4 AB 36 AE D2 2D C5 6B 15 6A BB DB 51 F1 AD 26 1E 64 92 A9 6B 9A D2 
[  130021] ch50 r0 a3: A2 20 D2 60 A5 46 E9 94 85 15 51 58 B5 5D 55 12 E3 0A 40 39 4D 15 23 47 95 AB 52 D5 5C 81 1D E5 
[  130083] ch50 r0 a3: A9 52 84 45 34 5A D6 C8 1A 95 AE 09 51 59 0A 55 08 A2 96 DA 4B AA E0 85 08 A2 64 B6 2B 54 D5 21 
[  130118] ch50 r0 a3: 91 55 15 30 94 89 2A 0A A4 4A 80 91 5A A9 4A 94 42 E9 D1 B1 01 29 51 09 73 21 22 2A AD 2A 30 82 
[  130137] ch50 r0 a3: 50 20 22 D5 25 49 49 72 D1 66 61 2A FA CA FB D6 A0 5D E6 D2 99 6A AC A0 6B 51 4B 52 BD 36 A1 6A 
[  130143] ch50 r0 a3: 00 02 62 A6 56 0A C1 A2 DF 07 38 A0 80 12 96 57 06 6A 01 B4 05 7D 08 9C 2E AA E2 C9 02 26 01 38 
[  130149] ch50 r0 a3: 94 D2 48 55 A2 9C C8 09 95 56 95 A0 91 12 28 A4 3C 86 BA F2 D5 AA DC 22 85 55 69 4B 45 54 25 50 
[  130163] ch50 r0 a3: 1A A9 31 32 ED 88 A9 6B 44 45 41 AA C2 AA 45 CC A4 95 5A 56 85 4B 6D 3D 90 B6 D1 A6 59 4A 5D 04 
[  130194] ch50 r0 a3: 95 32 88 99 A3 2C A4 A4 45 4A 56 C9 55 51 22 95 1D 41 2A 5A 16 62 C4 84 84 4C 4A AA 95 5C 49 1C 
[  130204] ch50 r0 a3: 75 D0 CD 90 8B 63 62 92 96 A8 84 42 8A 59 62 15 60 4B 51 9B 6D D6 89 4A 09 6A AA C5 6D 55 6A 8A 
[  130229] ch50 r0 a3: C2 55 14 AA A4 D1 14 95 B9 A6 82 A3 7A 35 17 4D A4 C7 42 26 94 C3 4A 5C AB 2A AB 50 58 05 22 29 
[  130237] ch50 r0 a3: C7 2A 4A 2A 8A 65 15 59 74 BB 28 AA CB AA E5 55 4A A2 AB 45 49 5B 75 52 AA 49 0E 6A AB 54 95 AA 
[  130302] ch50 r0 a3: 89 21 24 41 44 A4 C1 40 48 AA 85 45 34 B4 84 90 54 A4 A4 24 3F 3B A5 67 4A 86 A4 D6 E9 54 EA AB 
[  130423] ch50 r0 a3: A2 B4 24 2D 6C CE B5 AA B9 40 16 2A A6 29 4A 8F 80 B2 EA 53 8C 9D 44 93 40 D1 6A 8E AA C5 36 E8 
[  130442] ch50 r0 a3: 65 46 25 2A 54 EA 28 B2 C8 2C 8A 51 2A 91 2A 56 95 6D A6 2A 55 2D 2A E0 51 91 2C A5 65 93 4B 2A 
[  130468] ch50 r0 a3: B5 48 56 A8 B2 9A A9 2B 3A A8 25 8A 49 2A 0D 2D 14 85 50 24 CD 21 44 83 16 32 8A 69 96 A5 09 48 
[  130478] ch50 r0 a3: C9 26 D2 2A BA 3A 94 B9 55 E4 76 81 59 0A 91 54 05 B4 65 15 B4 68 4C 4B AB 5B 18 54 8A 61 A3 63 
[  130490] ch50 r0 a3: 05 2D 4A 51 2A D7 F1 BA 6A AE AB 72 6C AF 2A 52 AA AF 7F AD 73 9A EA 5A D3 26 A8 46 89 6B 16 D2 
[  130501] ch50 r0 a3: 4C 4C 8B 09 46 54 D2 59 48 A4 CD 42 A3 12 36 3A 8A 48 81 45 58 A2 C9 6A 95 29 13 15 72 AA 24 A0 
[  130510] ch50 r0 a3: 14 81 A0 67 15 A4 CB 5D 6A 85 DB 17 7A A6 AD 2D 4D AA AA 7D 4A CA 08 D1 CE A9 12 E9 85 56 A8 55 
[  130511] ch50 r0 a3: 4A 54 65 34 52 BA 89 09 D5 2D 95 21 11 0A A1 57 40 15 08 84 B9 51 20 AA 86 B5 74 EE 96 87 56 97 
[  130513] ch50 r0 a3: AB 46 9B 06 C5 15 2D 75 B5 C5 6A A4 50 6C 29 46 55 36 CA 7E 92 B4 CD D7 14 50 E9 55 65 25 73 59 
[  130518] ch50 r0 a3: 14 A1 40 20 11 8A 22 34 6E EA C9 5B 49 3D 4A B0 B4 AA AC C9 6A A9 6A AA 0A AD 5B 54 A5 D6 85 25 
[  130541] ch50 r0 a3: A8 B5 55 50 95 24 AA D4 AC 32 52 B0 65 5D 40 1C 2A E9 7A C1 4B B2 31 64 28 99 4A 28 2A 8A AE 73 
[  130564] ch50 r0 a3: 45 28 53 00 48 B2 96 81 A0 B4 0A 90 8A 81 34 A2 AE 52 04 45 50 A4 82 A5 42 50 81 42 41 91 5B 12 
[  130582] ch50 r0 a3: AD AF 35 4D 57 5A 13 4D 4B 95 25 53 71 72 6D 5B 15 54 75 8A 52 AC 56 28 AC AD 55 76 A0 99 4B 4B 
[  130591] ch50 r0 a3: 04 8D 55 8A B6 D6 B5 95 BE EB 25 AB F6 52 76 2E B2 EE A8 A8 BB B9 C5 74 D5 55 4B 3D 53 59 51 65 
[  130592] ch50 r0 a3: A1 25 01 16 52 54 48 6A B3 52 B4 95 EA D5 36 6B D5 55 44 D4 A1 62 DB 25 EA D7 EA 4B 2C 5B A5 A9 
[  130611] ch50 r0 a3: C7 6A 25 16 25 45 DA FA 83 93 49 4B 55 4E 6A A7 4D 7D 6A 12 DA D2 BA AB 7E A9 5D 95 17 65 51 33 
[  130672] ch50 r0 a3: 2D AD 11 88 28 4D 10 AB 13 21 21 41 2A 80 45 94 B1 49 62 A9 21 24 AB 54 D5 9D EA 49 4B D5 19 14 
[  130684] ch50 r0 a3: 6A DA AD 5A 88 EA 8B 50 55 2D 6F EB DA AE D5 AE 5F D4 61 6B 54 28 41 46 72 24 8B 55 56 EA A6 D4 
[  130698] ch50 r0 a3: 20 AA 95 2C A6 AA AA A3 DD 44 D5 1C ED 85 61 15 2D 2A 99 A1 16 0B 69 23 56 D9 AB 53 12 D5 59 76 
[  130739] ch50 r0 a3: 9E C8 0A D7 16 55 4E 12 A8 8A 94 A9 4A 40 40 22 18 55 68 20 85 4A A5 44 98 A2 11 A2 52 95 2D A9 
[  130753] ch50 r0 a3: 0C 8D 25 6E B5 5B 31 59 AB 95 8D F2 E6 00 47 2B 2D AD 42 A5 4D 2D D6 4A 12 25 51 B4 14 6A E9 5D 
[  130755] ch50 r0 a3: 48 05 31 75 A1 44 B2 29 A1 56 81 28 46 B0 4D 24 54 B4 40 05 5A 51 25 37 AA 28 40 6A 4E 74 24 AE 
[  130768] ch50 r0 a3: 71 0C AA D6 0A 4B 52 AC A4 AA BF B4 B5 79 DD A5 DC 57 F0 A4 A5 47 59 55 2A B2 A9 A6 D7 6E B5 4B 
[  130808] ch50 r0 a3: 5A A8 6D 54 08 A8 5B 95 56 D2 A2 52 A4 90 24 AA 9A 2A 25 12 56 98 B4 94 A5 54 A9 2A 69 22 4A BF 
[  130818] ch50 r0 a3: 97 49 54 09 0D 44 EB 41 44 9A 15 29 05 55 44 44 13 5D 12 B2 88 12 A6 22 85 4A 6A 56 A5 50 88 48 
[  130829] ch50 r0 a3: 28 65 48 A8 B3 02 AA 9B 6A 8C 52 3E 77 AB 5B B6 69 4D AC BA AD FA AE 54 96 56 95 C2 92 E9 53 20 
[  130837] ch50 r0 a3: B4 AA AB D7 AA B5 60 8A 96 55 2D 29 97 55 63 29 DA 96 93 85 B7 4A D4 57 55 49 9A 4D AB 55 59 BA 
[  130851] ch50 r0 a3: 25 21 0A 40 00 42 00 AC C5 B8 57 5A AE DA 54 9E D5 D7 55 6A F6 31 A8 FB 2A 26 55 A8 F2 2A 1B 1B 
[  130918] ch50 r0 a3: A2 D2 E9 82 59 02 8B 24 95 64 1A 94 92 8A A5 24 24 64 C5 25 64 80 40 A4 4C 12 38 5C 27 08 29 A0 
[  130963] ch50 r0 a3: 22 AA AC 89 8A 88 35 C3 6C 21 98 3D 4E AA 19 2A B1 4E B2 55 95 AE B1 66 6A 7A 18 B0 AC AD 12 D5 
[  130991] ch50 r0 a3: 90 49 29 54 A5 96 D5 06 75 9A 9C 68 B3 82 E4 6C E4 6D A1 50 84 A4 A6 99 ED 1D 5A 44 E2 A9 58 A2 
[  130996] ch50 r0 a3: 1A 0A 15 0C 44 A8 8E 1A 54 8C 55 C5 18 A8 2A D9 2A C9 50 65 5D FA CB D5 6B 49 2D 3D 26 5A 92 8D 
[  131014] ch50 r0 a3: AA 4A 74 52 7A 1B C5 65 FF 6A A6 8B 54 57 75 6B 55 2B D1 4B 51 0F 4D 5B 54 75 AC 86 D2 4A 7D A2 
[  131021] ch50 r0 a3: B4 97 49 6E A5 2A 64 AD 8B 15 54 10 89 4A B5 55 52 94 56 D5 AA CD 55 56 CB 42 94 E1 53 59 D6 DE 
[  131033] ch50 r0 a3: 91 5A 82 CA 27 48 7A 58 8D 4B 2D 8A A6 52 EE A8 D0 94 AC 54 94 D5 52 CA A9 A4 46 E5 55 2A AD 45 
[  131104] ch50 r0 a3: 0D 0B 32 AA A9 2A 49 06 B4 C9 24 55 49 6B 41 50 96 59 29 5A 8B 5A B0 AB 6A A1 65 3B 66 B5 4A 2B 
[  131114] ch50 r0 a3: 80 54 88 27 2A 14 4D 4A 25 8D 49 12 91 22 14 C4 AA A4 CE 25 09 3C 89 C2 44 85 50 85 09 24 52 A0 
[  131140] ch50 r0 a3: 62 5E AA 41 95 50 15 4A 2E 2A 97 2F 2F 2B 31 1D AA 50 27 0E 31 25 7D 5B 4A B1 29 AD 44 EA 5A AA 
[  131153] ch50 r0 a3: B4 04 9B D2 C8 5A 02 88 54 30 8A 20 91 A2 28 21 A8 45 52 94 64 18 40 11 96 12 A0 85 2B 50 AE DB 
[  131158] ch50 r0 a3: BE BD EF EA E7 CD 4E 8D 79 6D D1 BD D5 8B 55 A2 A5 8A 4A D5 4C D5 55 55 54 15 4A B5 6A CE 7C AB 
[  131165] ch50 r0 a3: 21 08 20 14 68 2B A0 10 05 68 53 0A 09 6A 12 40 2A 12 89 30 92 08 8A 85 1A 8A 09 89 91 6A 90 50 
[  131165] ch50 r0 a3: 60 54 04 AA A4 B1 29 24 88 12 A0 24 09 25 15 28 0A A8 D4 AE 56 0A A7 2A 82 50 EA 20 08 3A D8 33 
[  131183] ch50 r0 a3: E4 48 29 48 54 31 04 A2 85 43 91 24 85 2A 48 46 90 A4 A5 23 29 43 51 41 62 9D 48 09 55 40 12 95 
[  131224] ch50 r0 a3: 28 84 82 28 01 12 82 03 41 44 85 24 88 9A 08 25 2A 22 A8 2A 2A 41 03 08 49 08 00 55 20 11 15 52 
[  131252] ch50 r0 a3: 10 A0 73 09 28 88 65 41 14 99 0A D3 62 9D 17 55 1C 65 8C FC DA EF 54 A6 EF BD E5 AB 5A FD 55 4A 
[  131260] ch50 r0 a3: 0A 48 A1 05 D7 8E 92 57 54 23 CA 59 2B 49 64 D5 6B CB 5B A6 5B 6D 5A FD 53 AC AA 8A D7 35 4C 58 
[  131286] ch50 r0 a3: 10 C4 04 94 14 B9 95 21 4D 02 45 15 55 68 B3 32 94 A6 56 D6 96 49 5D 53 5F EC EF 66 DA A7 3B E9 
[  131323] ch50 r0 a3: B9 14 CA D6 AA A9 D6 94 AC DD 2B 54 8A 29 13 5A 04 13 4A 6E 54 D5 8D AA 80 A8 6D ED 55 28 A4 58 
[  131351] ch50 r0 a3: 21 02 12 91 50 A9 52 D5 A5 44 B6 B6 0A 4A A5 55 2B 13 2B 55 64 8B A0 35 AF 15 95 55 54 2F 52 2A 
[  131351] ch50 r0 a3: D4 A4 11 45 55 16 09 4B 8C 93 08 08 5A 05 A9 53 12 0C 08 AD 5A 2C 94 9A A2 81 B6 64 A6 08 48 12 
[  131358] ch50 r0 a3: 5A 94 11 57 10 55 05 12 61 4B 19 11 24 A2 08 78 0C 45 0D 2D 49 99 46 32 A6 84 A3 1A B5 2A 94 A5 
[  131394] ch50 r0 a3: 82 08 92 92 A2 A1 2A 22 A0 31 42 8A 10 06 8A D0 11 92 92 19 21 50 50 AA 02 29 48 17 CD 5B AA 5A 
[  131424] ch50 r0 a3: B2 B3 49 13 69 4D 92 09 72 AE 53 71 12 C2 10 41 21 4A A5 9B 35 26 14 81 55 35 17 49 94 41 29 54 
[  131512] ch50 r0 a3: C9 4A C6 AC 14 C1 A5 C0 E8 50 A1 81 A5 88 95 08 94 09 95 42 C1 7A 90 0D 59 AB 4A B0 8A 50 A5 29 
[  131532] ch50 r0 a3: 0A 1A 6B C6 88 38 52 C4 A5 54 D5 5E AA BD 56 A6 FD 3B 5E BF AD 55 AD 77 DF 2B B7 55 D5 3D EB 67 
[  131634] ch50 r0 a3: 48 A5 52 91 16 D2 13 54 55 B9 9A 1A A9 4A 55 68 AB DA DC AD 51 54 A9 15 1E C9 49 B9 55 3E AD 23 
[  131663] ch50 r0 a3: 05 12 82 0A A5 55 01 53 0C 32 61 95 4A 90 78 55 4B 7D 15 BB 56 5D 44 2A 26 DB 56 CD F8 A1 5A 12 
[  131682] ch50 r0 a3: 44 ED 52 B6 BD 7A 66 D2 28 54 C2 B1 16 8A 95 23 B9 D5 3F CB BA D2 BD 6A EE D7 73 D7 D7 EC AC AB 
[  131693] ch50 r0 a3: 52 92 B5 A4 81 50 2A 8C 84 1A B8 42 49 4A 4C 29 52 91 20 9C 4A A9 75 5C 5B F3 53 57 29 4E AA A7 
[  131718] ch50 r0 a3: 87 AC CC AD FF B2 B3 B9 63 F2 B5 4C 54 D4 DA D2 D6 AD 45 54 A5 51 C9 78 53 62 AA BD A1 94 AC B6 
[  131771] ch50 r0 a3: 80 C1 12 54 08 13 82 27 3D A1 56 30 95 0C 08 FD 51 A7 79 64 80 26 4D 5A 9C 7E 3F 12 04 4C 5D 6C 
[  131784] ch50 r0 a3: 88 89 41 0A 59 4B 26 2E 55 D8 5B 04 6A BB 8A CD 48 90 32 25 86 8A CD 0A B2 94 96 76 38 23 E8 21 
[  131803] ch50 r0 a3: CD 81 2A 95 02 94 80 F5 54 49 2D 95 55 3B 75 60 D1 54 E7 0E 0A 32 0A 72 D4 99 0A 5A D3 55 94 A8 
[  131907] ch50 r0 a3: 95 48 88 85 11 09 03 71 AA A2 59 2D 49 54 5D 10 44 C0 AA D1 2A 4C 82 24 95 EB 4C 29 74 AD 62 A4 
[  131908] ch50 r0 a3: AA 4A AA AA A1 DA 45 55 8A D0 2A D0 54 2B 15 12 6A B5 2A 5D 28 09 99 68 C4 AD 48 5A 12 95 15 2A 
[  131926] ch50 r0 a3: 64 21 0B 28 29 2A 75 15 94 A0 06 48 01 28 9A A4 B5 56 C0 57 7F D2 D2 4C 94 BA 05 14 B8 D1 89 44 
[  131986] ch50 r0 a3: 44 8D B6 C3 52 98 56 95 54 2A 17 4E CB 2C B7 49 19 28 99 29 77 C5 90 84 01 48 A1 28 80 22 00 25 
[  132023] ch50 r0 a3: A9 6A 6B 0A 58 DA E4 B7 15 AB 25 DB 55 54 2D EA AA A3 4B 16 A8 E5 D5 8A A1 5B 9D AA 9A 96 AA A2 
[  132039] ch50 r0 a3: CA D6 A5 65 2A 2A 63 3A B4 55 4A 55 56 8A D5 5A 2A 83 38 A9 11 4B 25 A4 A9 A9 D1 A5 2A AB AC 6A 
[  132075] ch50 r0 a3: 09 44 24 8A 8B 6A 91 15 5D 22 40 92 D4 12 B4 AB 55 50 94 95 65 15 1A 89 56 8E 6E A9 45 56 23 4A 
[  132142] ch50 r0 a3: BC A9 45 CB 2F 7D 95 D4 C5 F9 55 D5 D2 48 52 DA D5 05 53 7A 56 A6 4B A3 6B 39 E2 55 71 51 B6 2B 
[  132165] ch50 r0 a3: A5 56 55 BB 0C 91 92 94 6D 29 A8 9B 49 26 1D 2A AB 62 BA B2 5B 69 4A D1 AB 22 C5 0C A5 48 54 AD 
[  132188] ch50 r0 a3: B5 6C 90 60 60 82 C4 50 30 92 AA 69 6A 1C C8 B1 35 C0 D1 57 4A F6 2A D4 B2 94 0C BE BE A8 8B A9 
[  132202] ch50 r0 a3: 67 8B A9 CB 26 2A FA 57 D3 DC 0C AF A5 2B 4E 47 A9 82 85 03 74 9D 60 22 B3 BE 2E 57 BA 74 A2 62 
[  132253] ch50 r0 a3: 2A 5A A9 08 A4 A2 D4 94 8A 0A 08 52 08 81 10 82 8D 20 54 08 AD 08 92 99 29 0A 89 CA 0C 63 62 AD 
[  132330] ch50 r0 a3: 14 8A 49 45 C8 A8 CA A2 41 06 11 0A 8B 12 81 00 52 8A 84 B4 94 AA 56 48 6E 6B 36 A8 B6 AB 76 16 
[  132379] ch50 r0 a3: 94 51 11 3A 52 10 80 58 24 64 88 55 00 40 04 76 00 45 4D A1 20 A0 02 25 52 54 44 0A 47 29 22 94 
[  132390] ch50 r0 a3: 42 B5 48 45 0D 05 4C 20 4A 60 68 2C A3 51 A6 2A A4 B6 A1 15 25 46 A3 30 6A AA 06 27 34 95 2C 16 
[  132396] ch50 r0 a3: 2A 8A CA A8 52 9A C9 55 D4 E9 84 DB 4C 99 A5 86 29 94 AA 29 09 8E D6 A7 39 3D 3C A5 53 5A DA 8A 
[  132554] ch50 r0 a3: 95 29 6A C5 47 6A 56 AB A4 B9 11 49 5C 9A AC 11 A5 E9 2A DC B2 86 A8 B1 34 3A AA 2A 83 2B 4A 6A 
[  132561] ch50 r0 a3: AE 9A 6D 54 51 5B 5C B2 D5 A8 AA 36 D2 AE E5 B2 95 11 AA AA B4 A6 4A 12 AA 5A B4 8A D4 0B 52 15 
[  132586] ch50 r0 a3: 75 A8 88 01 45 B0 CB 4A 62 A8 00 47 95 42 52 14 91 51 AA 4A 81 07 40 24 80 2E 24 89 34 95 0C D8 
[  132620] ch50 r0 a3: 95 24 1A FD 1A CA AA BD FF D6 DA 53 5D 2A D8 5A 44 26 51 4C 8D 6A 33 22 D5 04 91 54 1C AA A5 22 
[  132632] ch50 r0 a3: 94 8B 24 AA 5A CB 44 85 29 54 6A 89 D5 DA F9 2B 52 D9 75 28 6B 51 0B 57 AA 55 94 2D 14 05 55 5D 
[  132652] ch50 r0 a3: 88 50 20 60 25 4A 69 59 22 02 65 55 93 56 AD 55 2C 14 92 09 28 4B 51 08 AD 15 34 52 AA 15 2A A8 
[  132653] ch50 r0 a3: 42 5D 75 84 95 A4 C9 EC A5 29 2A 20 8A D2 B5 0C 91 0D D5 51 50 35 11 62 96 B6 18 A0 E5 44 E5 2D 
[  132656] ch50 r0 a3: 56 55 95 74 AD BB ED EB A8 F5 D4 2A BE BB 54 E4 D5 3B 45 AD 99 CD AA E6 AD 26 B9 56 CA F6 A2 D5 
[  132669] ch50 r0 a3: 6A 0A 93 2D 51 29 A8 B5 20 A5 48 24 A1 29 72 81 7B FE 6F F7 DF 7B BE EF BB 7F 7F DE D7 DB F6 BE 
[  132707] ch50 r0 a3: 01 68 54 55 6B 10 A2 91 80 28 44 26 42 22 A5 12 91 AA DA EA A5 1D 08 B2 A6 B2 56 95 D5 F4 28 75 
[  132748] ch50 r0 a3: 6A 23 94 55 36 95 48 60 50 B3 51 23 50 25 28 05 11 AA 31 42 A9 71 52 A4 A5 50 91 25 01 51 51 64 
[  132788] ch50 r0 a3: A9 A2 CE 54 08 06 9A 80 64 55 15 78 94 51 4A 64 55 4A 21 A8 B4 A8 43 24 D4 6A A4 96 55 52 4A 55 
[  132821] ch50 r0 a3: 82 51 15 24 00 95 51 52 4F 51 2A 5B 53 15 5C B1 43 4A CA 4A AA 92 52 65 5A C5 6D 49 54 95 55 39 
[  132828] ch50 r0 a3: 84 A0 42 0A 41 1D A0 62 29 92 A6 5D 44 A3 A8 14 0A 11 7C 54 BC AA F1 65 AA AD AD B4 D5 0F 6D B4 
[  132863] ch50 r0 a3: 41 2A A1 A9 0B A8 24 96 55 54 48 0A A9 22 B3 05 44 B0 05 5A 2A F5 25 5A F5 68 4C 59 42 B7 32 30 
[  132897] ch50 r0 a3: 82 90 02 24 14 70 AA 90 42 00 0A 91 24 13 18 00 2A 04 10 20 84 04 00 24 80 00 22 22 AA 2A 00 94 
[  132900] ch50 r0 a3: AA 28 B5 AA 69 15 55 8D A2 A5 DD 5B 64 AD 61 AB A8 05 54 50 BA 44 4A 53 A9 4D 52 54 92 41 52 A4 
[  132942] ch50 r0 a3: AA 54 95 05 B2 AA 99 28 05 15 6A BD 55 D5 26 97 95 2D 54 67 52 57 AC AD D6 95 B5 43 69 58 28 95 
[  132960] ch50 r0 a3: 29 16 CC 57 32 56 D4 DB B5 95 2A D3 96 A9 5E 25 C3 34 22 81 51 46 1B 26 9C 65 2A DD D3 80 0A 8A 
[  132961] ch50 r0 a3: A9 D5 6A A2 D4 A1 90 85 F5 4A A5 30 22 90 E1 AD 45 52 79 57 52 A2 96 21 E4 E2 A5 98 A9 72 04 BC 
[  132978] ch50 r0 a3: 54 47 54 8C 57 15 2D 49 52 AA B4 F4 E2 B0 AD D6 C2 D5 59 69 5B D7 D7 4F 5B D4 D5 B7 5B DD 79 54 
[  133008] ch50 r0 a3: A2 31 20 EF B0 99 11 26 3A 25 60 8D 4A 6A 40 A9 A2 1A 8B C1 AA 51 20 44 85 B4 81 14 14 B0 85 54 
[  133025] ch50 r0 a3: 49 28 29 85 29 89 9A A4 56 79 20 D6 B4 65 63 44 6A 5A 2A 8A 8D 27 6D 39 D2 52 B1 01 1B 10 E4 45 
[  133071] ch50 r0 a3: 58 AB 21 80 56 32 52 94 4C AA 53 69 0B 50 28 0A 82 15 46 24 AA 1B 01 4D A8 AA 33 12 A4 30 8A 85 
[  133106] ch50 r0 a3: B1 2A 95 2C BB EA 7E DE 2E 5D 50 AA BD 56 94 C7 5E EC 09 A9 7E D7 96 CA 6D 48 4E D6 BB A6 55 65 
[  133137] ch50 r0 a3: 54 B1 14 A8 01 9D 49 14 82 92 8A 10 88 04 24 B1 08 A5 05 A8 F2 48 C9 3A 94 08 81 12 15 37 21 16 
[  133145] ch50 r0 a3: 86 15 56 05 11 55 6E B6 B5 55 5D 91 5A 9A 56 D5 C9 52 AB 1A AC A9 22 B4 FA 92 BA AA CD 34 42 CA 
[  133277] ch50 r0 a3: 2A A3 51 AC AA D5 23 22 69 4C 11 51 24 A0 A5 92 4A 88 94 B5 81 44 A1 0A 91 33 32 69 14 11 06 C4 
[  133278] ch50 r0 a3: 08 12 24 81 48 8A 92 45 12 2A 41 00 00 00 00 04 08 04 12 48 8A 55 44 11 52 48 2A 25 82 16 22 92 
[  133336] ch50 r0 a3: D5 C1 0A 78 FF 7C F4 7E C5 32 52 BD F6 B8 B7 51 F7 42 0D 33 29 AB 7A 2A 32 37 EF 2C 4D 90 2B 4B 
[  133383] ch50 r0 a3: 0A F7 54 12 A9 32 A9 20 A5 19 52 8A 29 10 54 49 04 84 55 10 90 91 55 00 00 0A 94 99 8E 4B C3 62 
[  133414] ch50 r0 a3: 5A 28 1C 53 4A 3A 22 B6 AC 6B 4A AD 7E D6 85 BB 5B B7 2A 6E B7 D2 73 ED 4A AD A2 68 97 52 12 EB 
[  133415] ch50 r0 a3: 82 A8 AB 28 C5 0C 52 A4 95 69 99 14 B4 82 64 42 56 A4 55 6E D5 10 4A 95 4E 98 55 55 54 9A D0 8B 
[  133440] ch50 r0 a3: 5C 3D D3 26 65 B1 D0 B6 01 23 D3 29 D3 2C BB 5E 54 B9 5B 87 7D 65 BD A4 AB 4A AB F7 67 45 27 CC 
[  133488] ch50 r0 a3: A2 F9 52 AA D6 AA 8A 84 84 4A 27 15 4A 29 94 50 A8 8A 6E 64 B4 C8 48 16 69 2D 5B 54 D6 A5 12 4A 
[  133502] ch50 r0 a3: E1 55 12 86 5A B5 52 EC 11 92 D5 FF 36 ED B2 95 D2 95 56 16 E5 6C 55 26 19 39 34 AD 3D 09 BB 45 
[  133511] ch50 r0 a3: B5 59 2B AB 76 26 91 D4 D5 50 47 68 2A 42 A5 44 91 49 0A 08 49 01 29 02 2A 40 04 8C 42 22 5A 52 
[  133514] ch50 r0 a3: A9 A3 46 F4 97 1B 91 B5 51 6F 4C AB 29 2A 9B 29 5B 55 7D 5A 5B 54 F1 AD 15 56 95 55 52 F5 43 AB 
[  133517] ch50 r0 a3: C5 D5 1A 46 65 AA 88 B4 94 22 50 B4 4A D2 5C 14 92 B5 62 0B 44 81 04 AA D5 33 20 80 D2 03 21 41 
[  133528] ch50 r0 a3: 52 C5 55 55 B2 55 3D 66 A2 54 52 AA AE 91 55 AF 93 55 14 DA 36 BF 4D 3B CB 1B 5B 51 6B AB 6B A5 
[  133531] ch50 r0 a3: A4 A0 2A E5 79 64 F9 B5 D2 AF 95 50 16 4D 58 A8 59 4A 51 0B 05 96 E0 51 4D 4D 2D F5 CE 16 AA 1D 
[  133611] ch50 r0 a3: B8 4A B1 0B 76 E2 E7 30 6A AA 5B 6A A9 BA B5 58 AA F6 AB 9B 57 B4 E9 5E 95 56 50 A2 44 C9 54 4A 
[  133656] ch50 r0 a3: 05 51 BA 08 D2 4E 00 1A EE 82 AB B2 35 03 42 B4 AE B6 9D 6B C1 53 46 E2 E8 BD A9 A8 1E BA DA 57 
[  133712] ch50 r0 a3: 92 8E 91 91 2A 90 42 34 9A 9A 2A 3F D6 DE DD 7D 4D AB 55 6E EC AB 3B 4A 55 FD BD F5 2C 75 DC B6 
[  133724] ch50 r0 a3: 85 04 94 25 04 20 44 40 22 54 0A 40 00 20 18 00 84 A8 15 56 B5 1B AC 4B 2E ED 37 A9 6C A8 AE 0A 
[  133728] ch50 r0 a3: 44 45 31 22 05 95 10 2C 84 90 89 22 A0 04 24 52 21 26 A1 28 04 74 24 20 62 20 AA 11 11 22 64 A8 
[  133730] ch50 r0 a3: 2A 44 32 50 B3 41 AA 48 33 64 94 C9 92 92 89 2A 02 24 8D 57 4B 10 A2 EA F3 94 D4 AA 22 A9 54 AE 
[  133815] ch50 r0 a3: 55 0B 45 52 22 A9 4A 15 2A 95 0A CA 96 95 9A D8 D1 E1 55 14 94 29 AD 48 06 12 2A 0E A8 95 2A 52 
[  133834] ch50 r0 a3: 4B A0 88 0C A2 5A 95 0A 4D 20 8A 12 AB A2 90 00 55 12 04 D1 0A 16 AB AA 52 AB A6 B2 A4 56 30 53 
[  133862] ch50 r0 a3: D3 B1 93 9F 20 31 78 A3 AF 14 8C 64 9E C4 B8 5E 1C D6 02 58 64 70 66 EA 50 B7 FE 4B 14 30 CD B5 
[  133889] ch50 r0 a3: 2B 02 05 B6 45 14 F6 8F 02 FE 4B F8 D8 50 28 07 C7 12 94 86 A0 ED 65 98 E0 9D 97 17 88 36 D6 02 
[  133896] ch50 r0 a3: 86 2B B8 0B D4 D4 F3 40 A8 30 EC 55 1E 2F 97 A0 6F FC D6 31 C9 B7 23 4F 8F AF 0A 77 45 AC 00 21 
[  133911] ch50 r0 a3: 11 E9 44 42 A1 54 48 34 05 54 8A 51 28 A5 04 AB 5A B5 22 AA D5 EB 58 9B A8 A6 DA AC 4A 8A A1 A1 
[  133918] ch50 r0 a3: C9 5B A2 6E A8 91 BD 29 4E F5 A9 25 13 4E A6 A5 BA 5D 6D 35 5A F9 14 D3 AD 32 26 85 4C CE D1 54 
[  134074] ch50 r0 a3: CA 74 A8 4D 6A 66 C1 61 08 02 E6 B5 6A A0 3C 5F D8 B7 B1 72 55 84 55 71 CB 90 00 1C 1D 39 70 28 
[  134077] ch50 r0 a3: D2 AD 61 4A 10 A8 D6 B8 6A A4 4A 21 06 FB B3 A2 93 E6 56 30 97 AA 0B 5C 8E 03 C4 34 D8 25 25 5F 
[  134217] ch50 r0 a3: 1F 5A 7A 5B D8 51 D5 56 D2 DA BE 92 49 01 57 2A 55 56 82 AD 51 51 75 5A 52 AE 5D 76 D5 0A D3 AD 
[  134226] ch50 r0 a3: AA 2A 14 EA 29 2B 62 A9 68 A9 37 69 32 5A 6A A1 10 22 56 AC 42 6D A4 AA 8A A8 ED 12 A1 56 AF 5D 
[  134279] ch50 r0 a3: AA 32 44 A9 24 2B 53 25 D1 18 A5 A1 55 24 81 B4 49 50 21 12 96 75 1C 6A 86 D2 55 75 58 92 BA 4A 
[  134289] ch50 r0 a3: 94 A7 4C 51 8A 26 BA B2 72 25 52 AC AF 32 96 54 A5 4F A9 25 B5 8A 89 55 B7 20 CA 75 4B FD 72 A5 
[  134313] ch50 r0 a3: AA 92 98 8A C1 14 44 56 09 14 8C 8C C8 40 29 04 A8 90 95 55 15 96 AA 52 92 50 11 A2 53 4A 25 21 
[  134378] ch50 r0 a3: 4A 62 8D 2D 35 55 C9 CA 0E A9 6A B8 CA 4D CA 85 08 28 9A D5 25 65 B5 55 BF B9 42 91 13 4E 8F F4 
[  134450] ch50 r0 a3: A0 90 31 55 43 54 AA 65 54 B6 A5 6A B5 6D AB 4D A6 48 AD 6D 22 95 28 AA 94 A9 21 62 C9 4A 1A E9 
[  134502] ch50 r0 a3: 15 69 2A 45 51 BE 49 41 2A 00 8A AA 59 68 52 26 A1 44 A5 2A B2 6A 29 41 CD 25 92 AA 25 15 42 A1 
[  134523] ch50 r0 a3: 51 1E 54 A9 0D 94 75 08 54 94 4B 64 19 49 CA 8B 55 2B 51 2A 45 6B D5 69 B5 D5 A5 62 B3 55 0A F4 
[  134544] ch50 r0 a3: 8A 51 2D 55 49 AA A8 D4 95 0A A5 12 A9 A9 52 C9 52 09 95 24 59 82 B7 65 5C 17 62 A9 AA 52 6F 4A 
[  134545] ch50 r0 a3: 44 A2 15 28 51 58 E4 14 24 0A 25 2E 51 5A A4 C2 88 A0 49 2A 86 11 C2 A9 04 0A 12 A5 21 95 65 94 
[  134593] ch50 r0 a3: 40 4A 50 12 98 85 90 A4 45 45 08 80 96 24 A4 A5 02 10 21 20 35 08 40 08 00 02 4A E9 08 85 42 90 
[  134603] ch50 r0 a3: 96 60 51 C5 14 A3 22 4B 54 A9 29 55 05 42 6D BA C4 A5 74 8D 68 42 9A 92 49 49 4B 6A 81 51 2A 94 
[  134604] ch50 r0 a3: 80 F3 93 ED 52 6D C9 35 4D 5A EA 4F 95 FD 56 50 E4 A9 A5 6D 4D EA 95 8A 8D F5 BA 8C 55 B5 57 75 
[  134606] ch50 r0 a3: 54 AD 62 1A A4 AA DA BA FD 97 35 54 D1 5B 51 54 54 EA 55 4A 01 25 52 A1 25 29 DA AA AD AA 97 52 
[  134696] ch50 r0 a3: 8A 28 AA AA AA AA 52 52 2A A8 AA 02 A5 45 6A D4 93 6D AA CE D8 56 B4 2D 56 28 C6 4A D9 D4 EB 69 
[  134734] ch50 r0 a3: 00 00 A4 49 58 89 7B DC 50 A9 B7 CA 11 4A D6 3C 2F 44 97 6A 92 95 32 9A 4A B1 A5 75 D4 97 9C 6B 
[  134754] ch50 r0 a3: E0 AF 20 16 6F 0C 6A E9 6D 6C 51 12 45 D6 01 D4 08 55 7D 1C 27 5F 2A 54 B4 B6 22 A6 55 55 11 5E 
[  134816] ch50 r0 a3: 55 95 97 5A B5 B7 A3 56 36 A7 69 6A 95 82 E6 4A 5E AE 94 B7 15 CB BB AD 55 4B 56 8B 46 D5 A9 A4 
[  134896] ch50 r0 a3: A2 D4 D2 BA A2 03 0A 85 6C 21 45 25 34 94 8A 95 7A AA 91 41 2D 4B 48 C5 18 D4 09 22 9D 08 9A 14 
[  134937] ch50 r0 a3: 4A 9D 56 58 8D 93 51 B6 45 8A AB 5A 92 A2 C4 AA 50 15 99 2D 26 4B 53 2F 0C 4B 3E E6 E9 6A CA 2B 
[  134967] ch50 r0 a3: A9 ED B6 5A 6A DA 33 AB 6E A8 56 B3 FB B3 A2 93 E6 56 30 97 AA 0B 5C 8E 03 C4 34 D8 25 25 5F C3 
[  135040] ch50 r0 a3: 14 32 AE 41 53 AC B4 15 58 E5 53 4B 2B 62 53 56 48 BD 2E 4A 36 AE 95 51 26 4F 24 93 61 59 64 85 
[  135061] ch50 r0 a3: B7 41 A5 5B 6A F6 DF AE 53 99 8D B6 34 5F 6E EF 3F 45 8A DA DC EB F9 7E DB 16 BE 79 B6 DB 4B 4B 
[  135076] ch50 r0 a3: F5 AA D3 45 33 4D 9A D9 24 14 BA E9 96 92 9B 95 51 56 CB 6B 99 AD F6 6E F8 6D A7 F4 A5 7A A9 48 
[  135103] ch50 r0 a3: 0C C5 48 C8 A9 26 8B 98 52 A4 62 44 A6 82 82 56 0D A7 2B A8 95 27 C1 42 86 20 29 29 52 20 09 2E 
[  135195] ch50 r0 a3: B4 CA A5 67 55 52 AB 42 5A D5 A9 5A EC 52 13 44 A3 61 6C DE D4 95 75 2C 42 F4 4A F6 AC AD AB 16 
[  135247] ch50 r0 a3: 50 8A 20 24 AC 09 55 B1 46 6A 0C 69 29 6C 29 62 08 02 10 24 92 04 28 48 45 28 69 29 54 A4 94 9A 
[  135253] ch50 r0 a3: D3 0B 49 11 69 20 5B 52 29 45 A4 0C A0 AA 89 04 AA 7A AA AF 42 A9 2C ED 22 2A 62 76 8A 54 AD EA 
[  135293] ch50 r0 a3: B2 8B 15 05 6A A2 81 97 44 2B B5 3B 41 6D 11 2C A8 95 6A B6 23 34 DC B5 95 6A B6 95 56 CA 18 87 
[  135311] ch50 r0 a3: 00 01 48 11 95 54 94 52 91 00 69 72 52 41 24 85 4A 6A DA BB 51 A5 99 45 51 01 B4 4C AC B1 2A AC 
[  135416] ch50 r0 a3: 00 02 50 22 AB 92 F1 43 6A CA 95 5D A2 AB 63 4A 88 68 D4 41 2A 32 11 12 0C AA 80 95 44 04 51 05 
[  135420] ch50 r0 a3: 84 00 ED 00 B4 2E EB DD 6D 55 7D 36 D1 85 6D 5A DD AB D1 AC BA B5 92 35 2A EB 96 3A CD 5B 55 29 
[  135469] ch50 r0 a3: B2 20 D6 A2 58 01 55 04 A9 84 0D 4A AA 8D B0 A3 14 12 54 83 15 15 2D 51 13 17 55 4A 33 5B 2E 6A 
[  135490] ch50 r0 a3: 49 45 02 29 45 D5 BA A5 EF D7 CA 9A AB A6 AB B6 54 2F 6B 73 B3 4D CC A8 D1 53 D5 AD 40 44 A8 13 
[  135508] ch50 r0 a3: 55 2A 41 A9 7C 47 95 22 C9 69 35 15 A0 29 25 2A 5D 82 28 04 0B 6B 39 69 22 A3 00 70 59 12 95 02 
[  135515] ch50 r0 a3: 1C 58 58 A2 14 24 A8 A1 E4 58 95 88 6D 49 54 AC 23 47 91 30 4A 99 0A 4A B2 59 5A 5C 93 A4 25 50 
[  135516] ch50 r0 a3: 82 AD 54 D6 50 15 2E 9A D6 29 24 46 24 84 43 25 29 13 17 77 DE 16 AA 2E FA 02 90 04 65 51 9A 59 
[  135533] ch50 r0 a3: A8 58 94 43 15 55 AC 54 C8 54 C2 08 28 AD 26 D5 4A 95 64 11 A1 56 A6 AA 9B 5A 2A 47 51 4A 25 52 
[  135536] ch50 r0 a3: 94 25 55 4A 26 A4 C9 42 E7 A9 9D 69 68 A9 BA 59 7D A8 60 AA 54 59 68 48 B4 69 8A B1 52 6E CC 9D 
[  135677] ch50 r0 a3: 15 15 52 6B 6D AD A5 FE 95 9A 4C 52 C5 77 DA AA 6E 55 3B 38 F7 A5 64 96 A9 4B 4A 60 55 62 93 55 
[  135686] ch50 r0 a3: 84 55 45 59 7B DA 5A 55 54 60 C5 36 E4 A2 B4 D6 45 46 AB 27 55 42 92 5A C2 05 4A D6 A7 94 14 55 
[  135743] ch50 r0 a3: 01 86 04 D2 11 01 40 88 18 80 D5 03 21 59 42 60 92 A3 52 9C AB 55 95 D9 51 58 36 D3 1C DC 1D B5 
[  135848] ch50 r0 a3: D5 85 D5 46 2A 48 82 10 9A 25 05 4A 55 0A 92 B1 64 AE 1A 6A 29 A7 45 AA 42 11 07 28 28 54 D9 49 
[  135934] ch50 r0 a3: 56 B4 65 63 2A 2A A2 55 97 92 2A AA 5A F9 32 2A A9 55 13 5C 09 A4 92 5A AB 35 69 2A 52 54 4A 57 
[  135951] ch50 r0 a3: 28 DA 72 DA 58 89 2A 23 55 51 55 2B 4A 49 61 2A 81 CA AC C5 0A 97 D4 52 56 A2 CA C5 6A 81 91 29 
[  136009] ch50 r0 a3: 08 92 50 48 A2 44 B5 B2 8D 5B 24 28 AD 51 45 2A B2 C9 81 F0 8E A5 85 4E BA B5 20 14 F9 61 2E E1 
[  136029] ch50 r0 a3: 58 B4 2D 8A 2A 4A 94 45 53 6B 4B C6 4C D2 45 4C B0 56 30 44 6B 42 30 A6 2D 49 12 6A A2 A5 51 07 
[  136033] ch50 r0 a3: A7 55 4A 27 89 1A AD AA 9B 23 55 AA B1 5E 8A DA 91 D1 98 8E 91 68 DD 17 11 2A 59 49 A7 2A F4 59 
[  136037] ch50 r0 a3: D1 54 89 7A A7 49 A4 56 35 5D C5 55 32 AA 72 14 8D 9D D5 6A 55 D1 4B 59 5B 44 ED 6D EC DD 47 52 
[  136039] ch50 r0 a3: 00 00 A4 0A AD 06 A9 11 18 5A BA A2 12 52 82 AB 55 7A DF 66 56 9A 91 A0 B0 EC AD 64 A9 BA 6D 78 
[  136045] ch50 r0 a3: D2 52 AA 85 8A EA 29 4D 48 A2 44 5B 1B 64 54 C8 4E 4C 94 CA 55 4A 8C A7 35 5A 5B 99 5D A4 AA ED 
[  136047] ch50 r0 a3: C8 D6 2C 42 35 48 B3 13 55 AD 94 A5 52 8A D2 29 2D 64 B4 55 DD 3A 2D 27 1A 2B 55 55 6F B9 5B 5F 
[  136052] ch50 r0 a3: A9 72 00 A5 54 D2 A2 09 94 90 4A 95 4D 01 35 48 A9 85 08 10 D3 D2 A2 80 AA 9C 92 89 55 40 CA 52 
[  136117] ch50 r0 a3: 8A 4D 6B 35 69 60 95 95 54 AA 4D BA A4 2C 55 2A 59 7D 69 52 55 96 8C 85 54 AA 1A 85 4A A9 0B 52 
[  136124] ch50 r0 a3: 32 A1 09 40 42 28 08 A2 21 04 2A 0C 55 02 BE C8 DB 4A 15 CA D1 52 AD 96 9A B6 A4 B6 AC AF 2A 5E 
[  136132] ch50 r0 a3: 14 91 29 59 E9 03 29 69 C9 CD 56 8A AA ED 50 BB B7 4A A6 D3 53 34 B3 6D 6D D3 4A BB EA 95 46 5D 
[  136183] ch50 r0 a3: 28 B8 92 D8 16 C2 19 D1 74 B3 6F 6C 59 57 52 81 04 18 BA 4A A6 8F 2D 8C 19 21 A8 4A B7 3F 45 E2 
[  136204] ch50 r0 a3: 4A 55 AA 85 56 D5 64 AE 4E B3 73 E1 55 29 6B 35 52 A6 D6 BA CD 69 59 6A ED 65 B5 0A EA B6 96 AA 
[  136236] ch50 r0 a3: BC 50 25 A4 92 AA EA B6 56 D4 D6 36 51 35 6D BD 5A 2B 45 FB 4E 55 45 57 7D AA 56 DA D6 F5 B5 AB 
[  136241] ch50 r0 a3: A6 5A A0 D2 15 52 D0 76 AF 6E AF CD 4B 77 BE AF AF 2D 55 2A D5 B6 4D 53 92 D3 76 AE 90 9A 4A 45 
[  136249] ch50 r0 a3: 00 01 5A B5 54 AB 89 42 55 2A 56 A2 4C 94 A5 4A A9 35 18 30 A8 26 69 00 00 01 28 19 12 00 A9 22 
[  136256] ch50 r0 a3: A0 A5 24 92 A8 65 5A A8 2B 2E 29 15 15 F4 8A 93 2A 4A AD C4 D6 D5 94 0A 12 82 C8 A1 6A 6A A9 14 
[  136258] ch50 r0 a3: AA 8A 2A 33 89 90 0A 41 30 40 5C 28 A1 00 EB 08 28 53 40 19 10 6C 5A AD FB AB 5C DA 6F 56 2A D5 
[  136271] ch50 r0 a3: 05 6D AD 6A D7 EC F6 79 5C BF 75 5D 21 40 26 8B 51 22 E0 27 24 B5 69 11 2A AA 52 A6 28 D5 6A 3D 
[  136279] ch50 r0 a3: 9D 12 8C 52 4A 68 46 65 00 A5 4A 4A B2 8B 95 20 AA A2 A5 C6 95 2A B9 76 55 30 B4 EA 9C 4B 9D 52 
[  136344] ch50 r0 a3: 52 A8 91 83 6A 48 02 94 AC 24 A4 A8 55 54 A2 90 22 A5 48 8A 85 11 05 55 09 49 68 55 D4 40 21 22 
[  136403] ch50 r0 a3: AD 06 4C 04 88 A5 4A 8D 4A A4 C5 42 16 B1 82 D0 85 BA 54 95 3E A9 AC AA 24 76 64 E9 25 8D 75 35 
[  136407] ch50 r0 a3: 14 D5 48 50 81 2C 00 84 92 0A A1 45 28 16 50 B2 82 87 0F 8B A8 48 BB 15 72 AA D6 15 B4 D5 86 84 
[  136461] ch50 r0 a3: 2D 61 4B 67 32 6A AD 83 5D 0B 69 55 69 A6 97 4B 24 CB 0A A1 15 4A AB 34 A9 B5 5B AA E3 AE 35 A5 
[  136499] ch50 r0 a3: BC B6 AC 5B BB BA CA D9 EB 37 2E D7 CA DD 6B AF F9 D5 11 9A F6 55 69 D1 75 B5 6B 49 6D A5 6D AA 
[  136506] ch50 r0 a3: 65 25 96 A5 5E 34 A9 9A 11 DC 85 55 11 24 54 55 65 04 D4 92 94 92 96 B4 89 02 12 AD AF 5B D5 4D 
[  136508] ch50 r0 a3: 89 0C 94 B2 AA 56 99 22 55 25 69 AA CD A9 11 11 52 90 17 8A 94 94 49 15 AB D5 6D 58 C5 90 65 02 
[  136524] ch50 r0 a3: C2 55 15 11 20 E0 94 20 8E 40 10 8C 14 AE D0 05 44 41 35 08 44 44 99 A0 08 45 2A 0A 45 1B 04 45 
[  136565] ch50 r0 a3: 6A 9A 57 36 4D 1D 49 6A 44 BD 05 A8 50 77 35 0A 4E B5 54 31 04 CB 6A 5C 5A CA 48 4D A8 D2 49 26 
[  136579] ch50 r0 a3: 89 6A 14 B0 29 09 09 41 00 75 0A 40 12 12 6C 42 D5 AA 46 90 4A 20 C4 88 40 22 51 0A A1 20 48 AA 
[  136652] ch50 r0 a3: 94 24 4A 99 8D 09 8A 01 84 85 3C 29 49 AB 01 88 94 51 EB B5 AF AF 8C D3 AB 66 DD 35 69 ED 5A 14 
[  136681] ch50 r0 a3: 91 F4 49 09 A4 95 8E 20 55 20 4A 90 A1 57 11 54 A2 95 56 66 19 57 50 A9 AA D4 14 4E 40 44 C9 37 
[  136734] ch50 r0 a3: 95 35 55 D2 08 97 17 08 51 52 01 A4 2D 4D 44 A2 4A C2 CC 4A 50 A1 55 44 A2 A6 06 A4 45 2A A8 A2 
[  136749] ch50 r0 a3: 63 DE A5 9A B5 A2 B2 25 5A AB 6B 5D D5 EA 80 DD 5D A4 94 B2 E7 AD 29 D5 25 AD 9A AA 9A C6 5E A8 
[  136760] ch50 r0 a3: A3 6D 46 A9 53 16 22 8D A4 AA D3 95 32 25 6D 42 1A B4 B2 96 A5 55 5C AA 9A 56 5A AE DE D7 5E A6 
[  136779] ch50 r0 a3: 44 00 10 00 25 02 11 66 89 53 50 54 52 06 C8 2B 68 11 41 09 20 88 C9 A9 88 00 68 11 60 20 62 08 
[  136861] ch50 r0 a3: 8B 09 34 8B 19 7D 15 21 54 8B 56 AB 72 DB 48 D4 A1 69 55 9B 56 55 2A 51 A5 6D 36 95 55 5E 31 2A 
[  136989] ch50 r0 a3: A1 55 54 94 93 11 62 D2 AE AA C6 76 AD 25 A5 75 59 51 A9 D5 35 32 A5 4A 52 95 5A D3 74 B2 D8 B4 
[  137008] ch50 r0 a3: DA 15 52 55 54 A5 6D 5A 2A CB 08 D6 B9 22 05 35 85 26 AB B2 ED 94 65 32 D2 18 2A AA 29 97 96 65 
[  137062] ch50 r0 a3: 65 15 0B 4B 4A 88 A4 02 22 01 01 0B A1 25 45 A9 02 30 9B E4 3C 0D 55 24 2A 93 15 0E 85 45 1A 55 
[  137099] ch50 r0 a3: A9 A4 95 D6 FA 2C AD B6 28 D5 53 29 49 46 AB 68 69 49 54 B5 2F 6E 65 56 D6 A4 EA 59 2D 56 56 5E 
[  137101] ch50 r0 a3: 0A 15 14 5A 06 08 40 95 00 22 A4 A9 50 24 AA A9 2A 4A D0 16 CA CD 5A 5B 49 95 5D 56 D7 36 BB 55 
[  137166] ch50 r0 a3: 24 89 54 2B 89 49 05 AB 7D 65 4B 96 B5 50 F6 3A 22 AC E5 AC C9 50 26 51 49 72 AC B8 9A 81 0B 15 
[  137182] ch50 r0 a3: 5A 94 4A 52 01 2E 15 D8 93 71 04 85 D5 55 61 56 B4 8A D2 4A 36 8D 2E B5 D1 55 55 35 A2 92 A3 DB 
[  137201] ch50 r0 a3: 04 02 08 A8 56 02 51 68 55 15 1A F5 55 7D 79 D6 5B A5 49 68 A4 5A 74 AA A4 02 94 A9 0A 12 21 2A 
[  137314] ch50 r0 a3: 94 B4 96 5B 62 A5 3A BD 84 45 A9 75 D5 4C 72 A9 66 2A DD 52 8A 45 B4 49 52 42 AF 26 EB 52 B2 B5 
[  137316] ch50 r0 a3: D1 A4 14 3A 06 89 B9 A9 52 8B 94 CD A2 69 98 55 09 55 4C 89 4B 89 08 4A 52 A4 55 59 74 8D 29 0A 
[  137335] ch50 r0 a3: 27 DF 6F 69 F5 EB 71 F3 BE B6 BD D5 9F AF FD B7 FB D4 AE 7B FD BF 67 72 57 7D EF D7 DA F2 FE EE 
[  137337] ch50 r0 a3: 45 52 BD 56 BD 6A 6D EB 4F AD DF A9 55 57 46 C5 AB A6 AC 2D 5D 2A D5 AA D5 AB 54 99 B2 D7 9A 55 
[  137357] ch50 r0 a3: 95 17 54 64 AD A5 1A 9E A2 D2 C9 D4 CA D5 1D 3A 5E B6 AD 9A B2 AA 95 15 69 C4 B6 EB 4C A5 6B 5D 
[  137412] ch50 r0 a3: 35 89 4B 48 32 98 72 28 72 40 40 D4 3F 48 72 C9 02 06 A2 50 B4 03 24 80 22 C8 B7 29 15 50 96 48 
[  137448] ch50 r0 a3: D7 AA 98 08 91 2A 0A 5A CA 52 52 42 25 2A 54 8A 34 14 15 68 C6 6D 29 2B 95 11 22 AE AD 4A A1 A8 
[  137449] ch50 r0 a3: A8 B0 91 24 82 50 72 02 44 40 80 A1 15 22 9A 8A 40 98 91 15 06 41 03 08 48 65 22 28 02 F2 36 A8 
[  137479] ch50 r0 a3: A4 94 A8 85 05 48 D1 A5 5D AD AB 45 6D 8A 8D 4D FA 41 15 5D EE EB 6D 80 0A A9 15 2A 94 84 24 4A 
[  137493] ch50 r0 a3: AA 5A 53 42 4A B6 A2 9B 21 16 8B AB 4B A9 DD D5 5B 09 A9 6E B6 A9 91 53 7E B4 83 D0 AE 62 2D A9 
[  137513] ch50 r0 a3: E2 0A 64 12 B2 1E A9 65 64 62 75 91 01 81 8A CF 51 58 D6 5A 81 AE 58 3D 62 44 6B 03 4F 4C 8B 6A 
[  137540] ch50 r0 a3: 09 42 50 12 EA 88 8E 42 54 8E A8 A9 52 CB 1A 52 CA 95 68 F4 BE DF 53 BD E5 79 BB CA EB BD D7 55 
[  137554] ch50 r0 a3: FB F7 FE EF 7D AA B5 CA 55 44 85 54 91 05 36 52 5E 5A 15 00 21 EE 88 98 24 2A A4 D2 E4 D5 D3 4D 
[  137569] ch50 r0 a3: 28 B0 84 08 C9 04 52 66 C1 54 9D 88 41 81 12 02 40 A9 52 95 6F AA EA DB BE A6 55 2D E5 6E 9A 9D 
[  137570] ch50 r0 a3: 48 B6 AA 92 52 29 12 CA 40 6A 42 96 B6 A5 39 20 11 63 44 4A 46 31 84 C1 2F 45 AA 52 14 9B 4A 01 
[  137584] ch50 r0 a3: 65 12 51 A0 90 EB 96 F3 EE CA AD 2A 6E 7F A9 AB 51 D7 9A 58 E5 51 54 80 32 9D 0A 95 ED 51 CD 13 
[  137588] ch50 r0 a3: 92 8A 8D 44 D0 84 40 A8 29 29 31 94 09 40 01 04 C9 89 10 14 96 22 B0 41 81 DA 2A A8 55 48 D6 AF 
[  137634] ch50 r0 a3: 40 0A 85 16 0D 41 4A 08 41 45 54 22 40 4D 10 44 25 01 28 82 89 54 64 90 86 C2 44 40 88 4A 90 AA 
[  137652] ch50 r0 a3: 02 24 81 40 90 02 28 91 00 04 14 A8 08 91 14 20 54 21 28 92 00 48 15 82 80 08 40 29 09 4A 48 10 
[  137665] ch50 r0 a3: A0 A5 12 59 54 A5 5A AC B5 51 20 58 15 32 49 48 C2 B5 49 29 55 A4 8A 5A 9E 5A 2A 96 54 2A 34 82 
[  137684] ch50 r0 a3: A2 A4 91 21 24 89 56 70 AB 63 D3 B7 1D 28 C1 6D 55 4C 95 28 52 AB 55 94 A7 7B 69 55 2D 6A 49 6C 
[  137698] ch50 r0 a3: 22 90 41 C5 54 50 AA 80 96 22 73 0D 95 29 A5 6D A8 15 05 29 AC C4 83 D2 AC CF F8 47 55 19 16 64 
[  137702] ch50 r0 a3: 93 29 50 D0 62 46 A8 51 2D B6 95 5B A8 20 41 50 95 4E A8 42 A9 4D 45 42 B2 25 51 54 DA EA A4 04 
[  137705] ch50 r0 a3: 12 B5 11 EC B5 DB 55 5A 92 AE EA F9 6D 65 6A DB 6D CB 7D CA B7 25 56 5A 7B 6E DD 53 6C D4 E5 F5 
[  137724] ch50 r0 a3: B0 21 C8 A4 8A A2 D7 25 5A 35 42 B5 0C F3 39 65 49 2A AC BD CE E2 6B 1A AA 49 55 2D 4A B5 49 22 
[  137738] ch50 r0 a3: 5A D5 6A BA 55 BD EA AA 9A 6A BA 67 5A 89 0B AA D2 95 6F D3 B6 AB F5 AF FB EE 55 BF B5 36 DF EA 
[  137822] ch50 r0 a3: 1A 2D 21 B4 D3 AB A2 8A C8 BA 25 52 13 4E 92 A6 B6 61 2A 1A F6 5C 2A A4 59 46 89 24 4F 58 95 2B 
[  137828] ch50 r0 a3: A4 04 34 92 5A 50 54 A5 A4 2A AD 22 4B 48 69 51 36 25 29 25 30 AA B6 B5 4D A2 AA DD 35 69 57 5A 
[  137854] ch50 r0 a3: 94 EA 97 36 BE 9D BF CD F7 7E 9D B3 4F 5C 74 BA D6 B4 5F AF EF 34 6B A9 B6 DB AF D4 BD 9A 9B 55 
[  137881] ch50 r0 a3: 10 2A 45 69 52 00 2A 84 4A 44 B5 45 AE 12 69 E3 53 95 24 98 35 CF 55 6E D6 95 B5 55 56 95 74 55 
[  137901] ch50 r0 a3: 24 02 8A 44 CA A0 17 23 15 AA 8D 95 44 AA 0B 0B 41 49 EB 32 92 A2 A2 56 09 12 04 AB 65 D2 5A B4 
[  137911] ch50 r0 a3: 11 AA 48 A5 12 4B 6D 21 B2 A5 12 69 69 76 55 A6 29 5D 54 A2 FA FD 4C 24 A9 2D 35 53 1A 95 C4 A4 
[  137924] ch50 r0 a3: 55 A1 AD 20 AC 55 AA 35 6A 58 96 B7 4B 52 EA B7 56 AB 53 52 BA ED 4D 76 AD 4A AE AA B5 29 AD 5F 
[  137926] ch50 r0 a3: A0 54 50 A5 8A 09 42 A1 AB 28 AB 35 5B 5D DE DA B2 CD 52 A8 55 DE 7F 45 3D 2F 29 5D 1D 95 59 A2 
[  137955] ch50 r0 a3: 68 AA 52 58 44 8E A2 55 29 12 75 71 51 58 96 96 DB 8A 84 A9 59 6E 55 15 86 73 A4 29 09 6A A3 94 
[  137983] ch50 r0 a3: 10 55 24 D6 14 D1 42 D6 93 D4 2C 93 52 A8 CA D6 F6 56 9E 91 5A C9 A8 6A B9 D3 D8 B6 4E A4 0A 92 
[  138003] ch50 r0 a3: 52 2E AC 89 6A 12 AA 2D 29 81 D5 A1 55 54 AA A4 A4 8E AA AB 2C E6 22 B5 52 22 A6 6D 10 42 2A 90 
[  138075] ch50 r0 a3: 8A 51 80 4D 10 94 29 42 8B 2A A1 02 C4 2A 12 80 A2 2A 08 92 11 44 A0 68 9C 89 53 09 54 20 12 52 
[  138079] ch50 r0 a3: 44 15 11 91 0A 24 82 02 8C 66 AA AA 32 42 57 11 51 56 2A AA 62 64 44 1C 15 88 A6 C1 BA 59 21 19 
[  138124] ch50 r0 a3: 8A C4 AA B9 54 71 56 8C D2 51 2B 53 4A D6 8C 88 35 25 A5 84 95 6B 14 11 26 A1 12 8F 5C 25 26 36 
[  138124] ch50 r0 a3: D6 5A 11 2C B3 45 6D 26 5A 52 4A BB 5B 15 42 AD D5 4A A5 11 F4 51 B5 5A A5 96 CD 05 6C BA C5 59 
[  138146] ch50 r0 a3: 8C 26 B0 60 84 20 D4 0C 83 00 60 02 2A 04 12 33 10 01 25 5B 96 CD 0D 95 32 C1 36 E1 DA BD D8 AF 
[  138152] ch50 r0 a3: 34 88 84 51 45 69 51 14 AA 10 4A AA 15 56 91 54 06 12 84 90 14 B5 AC C9 08 43 4D 68 85 6A A5 2B 
[  138197] ch50 r0 a3: 28 08 2A 51 D5 84 08 C0 A0 23 55 7F 5D EB D7 3D 49 D7 A5 7D D5 EF B7 B7 75 2D 1B 57 19 DB D5 5D 
[  138207] ch50 r0 a3: 48 C1 00 8A 08 94 A4 00 20 08 90 00 24 04 00 A2 05 00 22 15 81 09 40 04 01 50 40 80 24 32 90 00 
[  138239] ch50 r0 a3: 24 69 14 45 29 55 0D 53 A8 D2 93 42 1E 89 A8 D5 62 B2 8A 60 B4 B4 A9 53 6B 74 45 25 2A B4 0B 1C 
[  138240] ch50 r0 a3: 2A 8D 73 72 BF 4A DA 2E 75 6E ED 29 DA 95 76 B5 55 5D 5A 2E E2 DD D7 4A 04 21 13 08 A0 97 22 2C 
[  138304] ch50 r0 a3: 00 A8 05 45 12 09 41 0A 24 D2 4A 89 11 53 28 A9 2C AD 40 43 08 9C AD 4A B0 A9 35 52 52 95 40 92 
[  138307] ch50 r0 a3: 08 26 84 A4 0B 91 40 06 2A 22 55 01 09 08 02 93 49 54 10 0A 8B 2A BA 66 96 2A A2 D4 54 A8 A2 2E 
[  138312] ch50 r0 a3: 24 85 08 4A A6 00 A5 16 A8 86 32 53 4A 82 82 28 88 B3 02 12 44 21 12 84 28 15 28 D3 6D D5 AB 4D 
[  138405] ch50 r0 a3: B6 B2 52 2E 55 94 B5 40 95 96 B5 4E D2 35 6D 06 AA AB 55 28 AA BE 5B 5C AF 96 A5 D2 9B FD 6A C8 
[  138417] ch50 r0 a3: 54 93 2A 91 2E 29 22 AF 91 79 41 C6 B5 2A AA 82 45 4A A8 08 AD 32 51 F4 AF 5A 79 EB 3A B5 7B D9 
[  138459] ch50 r0 a3: D3 71 59 40 48 85 45 24 28 89 73 29 52 85 AB 48 21 6F 48 22 A4 9E D5 59 F6 B3 49 B3 AB 55 15 49 
[  138463] ch50 r0 a3: 68 AA D6 A8 98 23 65 50 56 EB 69 35 EB 88 6D A4 1A AA 8B 3B 75 7D 6A 6D 55 59 A5 99 74 E7 1D 54 
[  138486] ch50 r0 a3: 8A 48 38 44 89 80 50 24 14 CA 89 55 BA 2A 28 90 A7 4D 09 5E 95 17 54 AB 5C 85 69 12 D7 D7 42 B6 
[  138532] ch50 r0 a3: D1 61 26 0D 14 8A 07 A4 11 29 5C 10 A8 C8 44 4D 12 91 AB 4A 54 18 B8 56 89 40 D5 01 42 54 90 04 
[  138578] ch50 r0 a3: 2B AE D5 CA DA A6 AA C9 CA 2A 51 55 A7 56 CB 52 B4 DD 3A 95 45 24 DD CC 7A C8 CA 4E 90 2B 39 51 
[  138596] ch50 r0 a3: 9A 21 0C A9 92 75 28 84 C9 42 A6 69 57 79 4C AA A8 B6 B5 FD 75 2A 96 B4 8A C9 36 E1 D4 D1 6E AE 
[  138628] ch50 r0 a3: 18 16 4B AB 9A 96 76 D9 2D CA 52 D5 42 AA 15 0A 65 B5 12 32 AB 56 2B 49 55 7A C8 C8 A5 0C 6B 36 
[  138659] ch50 r0 a3: 48 21 53 52 04 F9 29 34 94 59 29 42 9A 41 2A 8A 89 09 55 DA 9D A7 52 52 A3 59 4D B5 95 52 95 4D 
[  138690] ch50 r0 a3: 32 20 BC 14 D2 CA 81 55 52 6A D7 BE AA EA B5 6C ED A9 5D AC CF FD 6F E5 6F AD D6 6B FD BC E6 FD 
[  138702] ch50 r0 a3: 89 A9 51 2A 0A 41 D3 2E 4A BC 8D 6A 6A F2 82 DF 0A 2A 15 28 04 C5 12 C0 46 A4 10 6A 6A 4C 96 60 
[  138717] ch50 r0 a3: 00 09 2A 4A 82 52 02 11 28 14 28 94 25 02 04 0A 4F 68 A9 25 AA 95 6A A5 49 92 22 85 0A 55 11 44 
[  138770] ch50 r0 a3: 95 14 21 55 47 A8 53 52 D8 97 D1 6D F4 A7 45 4D 5D 45 51 78 41 E9 99 75 A1 2A AD 36 6F DE AF 67 
[  138781] ch50 r0 a3: 80 48 51 52 90 4A 4A A9 22 89 33 8C 28 50 64 D2 4B 4C 42 A8 54 50 A1 4D 21 22 26 94 AA 04 25 0A 
[  138812] ch50 r0 a3: AC AD 91 2A 2A AC 2A 8B 01 56 96 52 D6 93 AD 53 12 51 14 49 35 D2 4A AB 36 AC 69 15 52 14 52 B5 
[  138844] ch50 r0 a3: CD F9 EE DD DA DE FF BC F5 BB DF DF 5F 56 F7 AF 6D D6 95 AA FA A9 75 55 55 2A FA FA 6A B6 BE FD 
[  138846] ch50 r0 a3: D5 49 D1 2A 1B 95 58 A1 50 88 93 94 AE A6 30 97 B4 AA 67 55 98 EA 19 E0 12 24 5C 18 6C 0B A9 47 
[  138944] ch50 r0 a3: 6A 28 5A A2 93 76 52 BA 84 A9 28 54 12 E2 A5 74 09 4D A4 4A 58 A3 D7 3D FE 56 B5 C9 3B 12 14 46 
[  138977] ch50 r0 a3: A2 88 52 D0 92 92 1A 24 64 9C 90 98 25 23 37 0D 0A 50 82 48 90 E2 86 22 84 40 54 20 43 54 42 A0 
[  138987] ch50 r0 a3: D1 6D 2D 59 59 D4 D5 AD 2B 75 69 55 24 50 8D 16 B8 5F 35 96 8A D5 54 BA C9 AA D6 9A 77 7A 3E 29 
[  138992] ch50 r0 a3: 5B 5A D6 B7 BB 50 A7 A2 A9 DF 73 F4 6A BB AF 73 92 B3 D7 5E BD ED A3 DB A1 1B 69 F6 AB 4D 56 F4 
[  139045] ch50 r0 a3: AA D5 A6 A9 44 8A 0D 57 6A 9A B5 6F AC 65 ED 4D 3A B6 AD AE 2F 8A B7 F7 D4 CA DA 7A 05 DC 57 46 
[  139051] ch50 r0 a3: 48 28 C8 AA 52 24 15 CA AA CB 9B 54 69 01 55 14 D8 A1 2E 35 5C D0 49 5F D5 68 BA D5 95 E8 94 42 
[  139052] ch50 r0 a3: 91 52 A8 A9 02 28 42 50 88 40 22 52 2D 48 41 53 11 55 54 AA B4 AA 16 4B 50 21 2A 55 50 A1 81 54 
[  139067] ch50 r0 a3: 31 52 9F 56 F2 B3 57 6E EC AA D5 AA DA D2 F6 53 3E AA 8B EA 73 12 D9 B3 B5 34 F6 CA D7 16 2D B6 
[  139103] ch50 r0 a3: 52 54 52 09 AA B6 C0 32 A5 91 D4 16 BA 59 D6 AA 6A 56 A6 AB 55 51 45 AB D5 59 AB 2A AD 15 16 4D 
[  139121] ch50 r0 a3: 95 1A 00 00 00 00 00 00 00 04 22 89 02 40 00 00 80 00 01 24 12 54 09 62 CA B6 D2 D4 2A 0A 52 45 
[  139168] ch50 r0 a3: 28 C4 2A 09 14 4A 20 AA F7 8E 36 25 45 28 91 C9 D8 A8 A4 66 BD 81 16 48 A0 46 66 09 0D 22 15 39 
[  139259] ch50 r0 a3: 66 A8 55 1D E8 6A AC 45 CD 91 94 A7 5F C9 7F 49 2A D4 FC AF 38 30 D1 3D A8 D5 DB 8D 35 B2 ED 29 
[  139314] ch50 r0 a3: 44 12 A0 05 08 54 95 44 00 0A 02 12 A2 55 80 50 0A C9 0A 28 09 02 55 02 74 92 91 22 20 40 22 84 
[  139386] ch50 r0 a3: 05 B2 A9 55 4A 02 D4 AC DA 89 6D 08 A8 B6 FA A2 A7 D4 A5 73 30 49 4A A4 BA F4 50 8A AC 35 1A 28 
[  139430] ch50 r0 a3: 61 3F AD DA B5 77 5F B5 56 E1 2D DB 55 D7 5F AB 27 ED 53 55 7E AB DA BF BD 74 69 F7 B6 B9 D6 AD 
[  139437] ch50 r0 a3: 8A 85 64 A8 5A D5 28 AA B5 4A 61 43 25 66 EA CF 64 34 99 DD 5B 5A B2 89 0E 59 A7 8E B6 95 4A AC 
[  139441] ch50 r0 a3: 94 69 59 2A 1B AA 34 84 43 4A BB 33 4D 48 91 25 A4 4A AA 89 A6 84 4D 52 41 F3 BD 22 94 59 4B 96 
[  139451] ch50 r0 a3: 96 AC 80 A9 84 CD 14 AA A5 6A EA A9 28 83 15 2D 6C DA 82 91 24 95 42 92 8A CA 89 0A 52 49 08 50 
[  139509] ch50 r0 a3: 96 C4 B9 32 48 B3 44 CC 5B 1A A6 09 9A 94 8C C4 49 64 48 D3 46 09 29 58 D3 AB 4C 2E 94 5C 8A 4A 
[  139634] ch50 r0 a3: C9 1D 49 65 97 6D 3E AD 42 B2 CB AA E8 EE 30 85 BA 2D 59 B5 B2 E6 4D 49 48 D5 55 AF 5F 54 FA 2B 
[  139639] ch50 r0 a3: 54 55 4A 87 55 4D 0A 18 AC 89 58 11 41 08 93 4A 48 46 82 B4 88 55 15 97 92 A9 6A D4 42 65 CB BD 
[  139717] ch50 r0 a3: 82 9A 12 00 08 10 52 92 45 68 05 40 55 12 54 8A 15 DE FA D1 55 55 C0 68 42 77 59 5E D9 AD 56 6F 
[  139721] ch50 r0 a3: B3 28 AA 08 A2 95 49 15 29 14 94 AB 44 B3 01 29 2A 2A 4A 15 36 2A A4 54 91 A2 05 AB 41 51 55 53 
[  139722] ch50 r0 a3: 82 AE 55 6A 11 56 95 B5 AA AF 9C 86 EA B1 A7 6B AF C2 9A BE C5 FA 97 66 69 62 AA 5A 64 14 28 F1 
[  139734] ch50 r0 a3: 99 16 D6 B1 4A 0E AA 5D A4 85 4A 56 D5 4B 8B 35 AA 6B 5B A2 55 52 29 51 53 45 54 AA 92 C5 0E A5 
[  139821] ch50 r0 a3: 0A 2A A9 2C 92 12 A1 12 0A 84 24 48 40 20 09 04 61 40 32 00 85 82 45 A4 12 62 96 82 10 80 A2 04 
[  139827] ch50 r0 a3: 54 92 85 29 52 A5 35 45 4C 8D A9 A9 0A 29 DB 5C AD A9 32 DD DE C9 E9 AF B5 D2 8D B9 72 B5 B3 55 
[  139828] ch50 r0 a3: 02 CD 25 69 B5 7A 79 6B 76 AE AA 26 3C 4E FA 42 C6 DA 49 B5 29 B8 A5 7A D0 9A AB 56 A9 94 52 B3 
[  139920] ch50 r0 a3: 84 4A 0D 21 6F DD 5F AF FA 9F 6E E8 DF 73 FA BA AF 3E DA ED D5 AE 9A BF 5B DD D5 1D F5 7F CA BA 
[  139959] ch50 r0 a3: 4D 6F 88 A0 6D 06 5B 82 49 4A 81 7A 62 95 6B 18 09 19 1D 92 18 8A 4C CC A5 62 9C 54 06 96 94 29 
[  139990] ch50 r0 a3: AD 75 52 E8 C6 75 44 2A 4A A9 54 42 2C AD 55 55 2D 81 B5 44 12 D6 9B 45 AA D2 84 B5 18 44 D6 26 
[  140002] ch50 r0 a3: 82 98 A4 CA 84 A5 44 56 D6 54 8A 48 A2 1B 55 A4 8D 6C AA D5 76 29 12 86 94 23 5D C7 5D 23 96 D4 
[  140075] ch50 r0 a3: B6 92 81 32 29 20 54 AA A5 52 21 38 B9 52 33 19 5B AE A4 D6 2D A5 6B 54 13 13 17 5B 12 E9 72 9A 
[  140146] ch50 r0 a3: 2E 48 9A DB 46 95 25 48 B7 6E 8D 62 84 D2 A5 77 24 AB A2 2A AB B0 CB 5A B6 9E 34 51 94 62 41 75 
[  140156] ch50 r0 a3: D6 8E D5 1B 22 A1 0D 6A 66 88 85 40 8A 02 B2 2B 4D 24 09 1A 4A B0 A6 33 51 69 FA A9 85 01 46 A1 
[  140174] ch50 r0 a3: 59 56 D4 CD 65 DA D9 5B 4C 5A BC 5A 54 2A 2D A3 62 34 A8 45 B4 D8 45 34 AD 82 93 6D 2E 4B 0C AA 
[  140234] ch50 r0 a3: 35 55 AE 65 B6 CA C5 6B 56 6A B6 97 69 AB 57 00 85 A9 D7 5A 36 97 B6 DA EB D3 14 45 96 7A 56 5B 
[  140238] ch50 r0 a3: 24 82 35 2A 94 15 51 01 0A 08 73 12 2A D8 7A EA 7F 2D C7 BB C9 ED 49 11 5B A9 41 9A B7 55 57 A4 
[  140260] ch50 r0 a3: 90 5D 4B 5A 5A 50 2A E9 54 5D 54 B5 45 5A 53 25 44 91 25 75 56 25 01 FD 09 12 28 03 06 A6 40 1A 
[  140291] ch50 r0 a3: A0 55 28 12 A5 19 A8 DE 59 23 71 54 DE 64 81 0B 77 88 3D 87 A1 55 44 A2 99 15 69 14 8C 9A 02 49 
[  140317] ch50 r0 a3: 24 BA 4B 75 5A 69 69 6B AA B6 AD AA 1A 66 95 48 D4 A5 93 54 AB 7F AF 73 9D 9F 1D 24 D5 AA 54 BD 
[  140352] ch50 r0 a3: A5 4A 24 71 2E 6E 1D 48 AC 20 52 35 A3 54 8F 5A 63 A5 2A 41 29 AA A9 2A BD 4E 02 34 15 54 A5 26 
[  140409] ch50 r0 a3: 26 00 A5 20 D2 CE 01 40 A9 2A 82 C2 AA 4D 20 A2 51 53 08 62 95 A9 2A 49 48 A1 28 45 21 74 51 4C 
[  140509] ch50 r0 a3: 55 AA 85 2A A9 4D 6E 95 3B 59 22 65 B5 DE D5 0A F5 57 B6 9D 4B 4A AA AA 89 51 12 9A 95 A8 12 92 
[  140529] ch50 r0 a3: 30 89 20 49 10 96 00 82 19 21 C5 09 40 C0 D1 82 80 90 80 2A 88 88 6A C1 02 80 04 56 94 16 02 85 
[  140553] ch50 r0 a3: 24 94 92 22 92 42 40 84 00 92 29 56 85 58 9A 55 53 32 AF A2 55 34 D4 AB 6B 5D 48 8A CD 31 29 59 
[  140554] ch50 r0 a3: BD 55 50 53 4C E5 CE 25 81 62 50 29 10 28 05 52 44 90 04 94 A2 14 4A 00 14 47 45 54 26 25 95 5A 
[  140560] ch50 r0 a3: BF 5B FF 5D CC 6E 9D 7A 76 CE 29 DF 79 B6 ED EF AF 6C AD 6E AA 5D BC 5E 92 AB BD BA 45 D7 B8 B5 
[  140616] ch50 r0 a3: 51 05 84 76 50 4D 24 A2 AB 7B 63 D9 6A EB DD 5A 91 37 0A AB 6C ED 72 95 5E 63 A2 25 4E EB 65 AF 
[  140622] ch50 r0 a3: 30 00 4C 96 55 26 C2 06 AA 08 54 55 15 2D 59 76 CD 66 BB B9 52 A2 DD BD DA 6E 14 8A 36 56 BA B6 
[  140643] ch50 r0 a3: 00 A0 91 26 DE 5D D3 2D C4 C5 51 7A B5 CA AA EA A6 B4 5A E9 D6 D5 FD 5D AE EF 52 D2 D6 BB 6A B5 
[  140653] ch50 r0 a3: 4A A8 A8 93 28 55 55 1C B5 AA DC F1 A6 55 42 B4 50 BA C5 35 2A E9 EA 49 55 A9 52 96 28 85 90 5B 
[  140672] ch50 r0 a3: 72 25 15 EB 2E B6 53 34 DB 18 9C D5 26 AC BA E5 35 49 B3 4A 9A 5A BA CE E5 AF 6A A8 D5 52 AA 6A 
[  140675] ch50 r0 a3: 54 51 85 51 0B 48 D2 F1 57 42 DA 2A 43 AA AA 41 26 90 D0 A5 2A 57 08 94 B5 09 AC 3A 56 95 71 8D 
[  140688] ch50 r0 a3: 37 5E C3 3C B2 40 89 89 AD 83 15 29 EC 12 BA 94 6C 3F 63 68 DB 1D AB 19 47 A2 EC 6A E2 EB 24 D5 
[  140689] ch50 r0 a3: 4C 83 80 40 1A B0 DE 94 4B 0A AE 8D C5 AD B3 49 90 48 E2 93 19 4A A5 4E 48 9C 53 D9 25 53 57 95 
[  140700] ch50 r0 a3: 53 D5 19 14 A3 9A 69 B0 A4 4B 56 61 3A 89 61 E8 9A 89 44 81 54 4D 95 17 15 60 DD 4A AA AD 20 66 
[  140743] ch50 r0 a3: 40 A5 21 ED 9B 56 D5 52 EA A3 62 E9 5F 4A 94 A9 55 B8 AA B2 DD 57 5A AB CA EA BA 72 A9 4E A0 A8 
[  140752] ch50 r0 a3: 6A AA 12 D4 8A 4A 8A 16 85 AA B0 91 88 94 2D 93 57 2A 95 2B 5D 77 63 3B 6F 5D 25 9A A0 E5 1E B3 
[  140758] ch50 r0 a3: B4 4A AC 48 29 58 8A 92 D8 01 A9 14 4A 0A 4A 84 CA 89 23 08 25 24 94 05 40 A2 94 93 40 29 22 58 
[  140778] ch50 r0 a3: 95 BA AC AE A1 85 54 12 DB 8A 4B 4A 80 20 C9 0E 82 35 43 B2 B2 CC B5 83 15 17 18 B0 26 01 52 54 
[  140922] ch50 r0 a3: 80 29 6C 92 80 00 8E 24 A2 42 94 92 34 00 07 4D 24 94 A8 9A 21 44 4A 65 25 4B 4C 93 0A A9 12 42 
[  140938] ch50 r0 a3: 88 2B 41 8A A2 A6 9A AA F5 55 1D 4A C5 26 4A 72 05 C9 2E 9D E4 29 96 B2 6D 16 D4 2D 56 34 B1 16 
[  141013] ch50 r0 a3: D4 52 A4 C5 50 95 21 0A 4D 15 42 AA CD 48 57 54 AC A4 95 14 99 29 5A AA 9A 8A 2D 49 48 A9 2C 52 
[  141017] ch50 r0 a3: AC 20 41 45 24 13 48 AA 44 20 04 8D 28 06 41 20 A8 82 49 08 45 49 10 8A 54 25 10 00 CA 96 79 11 
[  141026] ch50 r0 a3: 8A 20 02 52 00 90 42 34 82 50 28 8A 89 11 84 43 29 55 52 A4 94 AC 48 95 44 D0 16 18 26 9A 89 52 
[  141072] ch50 r0 a3: 10 66 4C 02 92 23 43 00 A9 04 54 35 53 F0 AB 28 85 34 09 65 48 2A 20 42 86 02 01 56 58 B3 2A A5 
[  141088] ch50 r0 a3: 22 68 C4 54 50 AC 80 49 04 D1 2A A5 24 A8 A5 A3 53 B2 AA 43 52 94 45 09 01 95 85 0D 54 4D 2D 60 
[  141098] ch50 r0 a3: 50 3A 2A AA 44 A8 95 01 2B 2D 45 96 2A 54 6B B5 5A FA CB B9 BA BD ED B5 52 CD 55 6C 14 61 6D 4A 
[  141134] ch50 r0 a3: C5 09 29 8A 8E B5 53 45 96 6B AA CA D3 4A A3 B5 40 DA 57 43 52 D1 32 62 56 DB 2D AC 98 64 0F 16 
[  141147] ch50 r0 a3: A5 98 90 D2 53 12 D1 D5 55 D5 4A 4D 8A AA AD 9A 2C 8C C8 A5 58 52 53 53 A5 55 45 9A CA D5 50 B0 
[  141208] ch50 r0 a3: 0A 48 A2 51 99 89 24 03 29 42 06 06 98 90 2C 27 25 11 64 AA A9 AA AB D6 6D 6A D8 14 93 30 94 55 
[  141234] ch50 r0 a3: B2 CD 0A AB 28 86 21 45 C9 74 85 2B 49 2B 55 5B 5B 0E 0D 52 EA 5D 14 AA D5 B3 5B 75 8A 52 5B 6D 
[  141342] ch50 r0 a3: 2E 52 29 B0 88 24 5D 2D 05 54 51 62 84 24 A0 B1 14 94 A9 31 24 DC A5 A3 28 55 48 20 29 44 80 2C 
[  141359] ch50 r0 a3: 50 55 52 8A 95 15 22 63 5B 69 29 12 95 C5 D2 52 A9 23 05 82 86 EA C1 65 32 91 42 45 8A 94 85 4D 
[  141368] ch50 r0 a3: 8A 95 51 4A A9 24 D4 A6 5A B5 4A 30 54 A4 8A 52 84 30 A0 00 B9 54 C4 2A 8A 20 94 CD 82 A8 36 56 
[  141391] ch50 r0 a3: 85 AA 9C B6 EB 5B 75 4E 2A 97 2B BD 6A AD FB FA EA A2 25 9B 23 42 B5 B2 AD 2A 96 B5 59 D2 9A AA 
[  141417] ch50 r0 a3: AF 7B 69 7E EE A7 5B 6B AE FD 6B 55 EE DF F1 28 95 AD 0A B8 F9 9E D4 E7 B4 2D 72 32 94 E6 23 87 
[  141466] ch50 r0 a3: CA EA AB 65 AD 5D 6E 2A 0A C6 A8 B6 F6 55 2E A9 BA 65 A9 BA B5 55 6D 2A 9D 7B 5A DA 1A ED CD B5 
[  141477] ch50 r0 a3: AF 5A 09 56 54 55 11 0A 2B 8D 28 65 51 29 59 04 21 A4 3B 21 D1 29 00 14 A2 E8 CC A9 4A B6 5B 24 
[  141628] ch50 r0 a3: A9 49 54 8D 28 A5 14 8C 2A C7 29 55 04 47 72 7A A2 D4 98 B9 84 89 88 B2 B2 54 E6 D8 B5 DA A9 AD 
[  141629] ch50 r0 a3: CA 6D 55 BA A9 58 CA 55 AA D6 56 16 AF 24 96 54 12 B5 2A CA 96 99 AA 95 BA 7D E3 5A 4B 5D 7B E6 
[  141631] ch50 r0 a3: A8 55 32 95 69 4A 22 F5 94 96 1D C6 86 42 8A CF 57 B9 2A D5 58 A6 9D 73 5A AD 75 5A C6 F2 C4 B5 
[  141648] ch50 r0 a3: E6 94 B9 BD 16 43 85 35 D9 15 54 F2 D2 A8 47 36 AD 66 AB 16 2B ED 34 B7 00 3A A2 5C 96 AA D2 AD 
[  141674] ch50 r0 a3: 93 03 50 AD 72 D2 71 A4 2D A2 7A 6D 56 95 DA AB 35 2D 70 59 2A B2 D5 14 3D 57 B6 D5 1B 76 96 AE 
[  141735] ch50 r0 a3: AF B6 BB A2 4D 12 5D 6B 4F 0B 67 9A B4 AA AE 10 AA 99 52 9A 56 AD 59 55 6D 43 48 92 5E 4C D5 4B 
[  141768] ch50 r0 a3: A9 4D 29 55 65 2B 51 D5 12 C5 22 95 15 47 54 2A E2 50 A8 80 55 6A B6 AE 37 46 37 9A 97 4A 9A 55 
[  141804] ch50 r0 a3: 89 A4 20 C2 45 41 45 5A 22 02 65 52 C7 2B 2D 95 42 B4 2D 55 DB 54 48 59 D5 12 A4 C8 B4 AA 84 42 
[  141822] ch50 r0 a3: 00 B2 02 02 02 01 6A CA 22 29 14 A4 CE 92 AA A0 9A 95 15 55 2A D4 48 44 A4 D2 A1 55 45 5A B5 8A 
[  141919] ch50 r0 a3: 20 CC 15 54 D6 64 75 CB 55 52 0B 4C 77 56 A3 D1 B4 76 57 52 31 CE A9 3C FA 9A A9 DA AD 74 DB DB 
[  141922] ch50 r0 a3: A0 00 D0 A2 CA 24 02 4C 96 84 18 AD 54 EA D6 EF 71 52 3B 2A AA A9 24 48 55 0A BB 5C A4 C8 A4 AA 
[  141939] ch50 r0 a3: B4 A1 63 25 54 C4 AB 2C 55 37 4D 73 8A 96 E5 AB EC A2 3E A5 4A D4 B4 E9 BC 49 44 B7 53 8D D7 2B 
[  142055] ch50 r0 a3: B5 67 5A 7A 35 D2 93 45 49 B1 4D 65 75 52 63 51 E6 B5 4C E5 58 21 24 D8 9D 4E 80 94 B1 02 AD 55 
[  142096] ch50 r0 a3: 55 92 51 85 40 34 87 90 29 28 8A 60 34 24 29 45 2A 0A AE 50 88 B4 D1 48 92 8D 52 D6 EA A7 6E 73 
[  142130] ch50 r0 a3: 82 6A 90 91 40 45 0A A5 00 08 04 88 44 04 53 F7 AF 7C EE EE 6B DF 5E F7 DA DD 76 D6 D6 BE AF B7 
[  142181] ch50 r0 a3: 56 61 8A 88 4A 88 11 11 31 44 08 A4 28 54 C6 55 0A 82 15 83 12 59 49 49 01 28 04 A6 46 06 41 28 
[  142198] ch50 r0 a3: 54 32 AB 2A BA C0 58 2D A3 6B A2 34 74 0B 2E AE 55 5F 11 1A D6 55 A0 7B F3 7A B5 58 A6 D0 2B 42 
[  142200] ch50 r0 a3: D1 D4 91 60 8B 10 B1 AC 8D 98 82 08 AC 92 A8 D2 12 14 4A 60 5A 4E AC AA 45 24 85 52 AA 44 55 0A 
[  142200] ch50 r0 a3: 81 48 D1 0A 44 68 11 8A 81 44 A2 02 68 12 C6 16 B4 96 7C 88 A5 45 41 AA A9 57 B1 12 0A 09 06 55 
[  142212] ch50 r0 a3: 09 A8 05 3A 32 5B 48 A8 96 95 96 A2 2E A8 AA EA 56 08 A9 55 BB 5A AB B5 66 6D AE F9 B8 9A 56 B4 
[  142247] ch50 r0 a3: 25 A5 09 15 02 08 52 02 32 89 22 8A 0A 45 56 6C EA AA 71 51 54 B5 BD 1A 56 50 9E AA 9A EF E9 5B 
[  142249] ch50 r0 a3: 85 45 08 4D A2 25 4A 0D 14 A4 0D 28 93 43 5F D3 2F AF 6E D9 7A F5 9D D4 BD 7C B5 FA DD 65 BD B3 
[  142322] ch50 r0 a3: D4 69 21 08 82 95 28 42 A8 97 A7 4A 54 65 AD B6 81 5A A6 A6 C5 51 11 34 46 C4 B6 E4 73 50 AA 2F 
[  142323] ch50 r0 a3: 95 44 35 0A 35 AA 22 68 95 26 6C A0 B6 55 4D 0D 1B 54 47 02 B6 A9 84 A8 4B 95 5A 55 26 26 24 4D 
[  142339] ch50 r0 a3: 81 B5 F4 9F 32 8D C7 F0 EF 2C 90 20 FB 95 9C 7C 7F 49 04 6E 3F 87 46 EE 73 F8 77 96 77 9B C3 AD 
[  142368] ch50 r0 a3: B4 6A 36 45 4A 55 86 54 12 4C A2 AB 60 A6 BC AA 7B A2 7A EA 9A 95 6B 6B B5 63 AB 75 A6 AA 54 A4 
[  142392] ch50 r0 a3: 93 40 4B 1A 08 35 88 8A C0 44 84 D8 AA A6 9A 13 42 B6 DA 55 5D 2D 56 C6 AE D5 B7 6D 6A 9C EA 94 
[  142429] ch50 r0 a3: 1D 4A A8 94 A2 84 08 24 88 4A 5C 0A 98 AA 56 EA 20 4A 91 23 4A 0C 30 A2 42 D1 28 CD 6A 6B 42 AF 
[  142429] ch50 r0 a3: 26 91 0A 72 C5 21 42 30 92 2D 34 A9 64 85 53 B5 2B 04 1A 8D A1 5A 01 00 48 ED 35 98 92 6C D2 89 
[  142434] ch50 r0 a3: 44 85 32 95 77 D8 AA F6 2B D6 A3 96 3D EF A4 3A D8 93 5B 23 31 6D B2 DB CA 73 2D A5 56 E5 57 56 
[  142438] ch50 r0 a3: AD 99 40 AA 95 63 2A AC C9 61 1B C2 85 49 29 4A 88 B5 55 A0 17 F7 36 FB 6D 5B DD FF FF FF FF FF 
[  142467] ch50 r0 a3: 99 11 AB 48 2B 55 66 24 55 34 12 11 AC 54 A6 2A C5 00 09 49 2A 0E EA D4 D5 35 21 89 5A 2D 5A 96 
[  142473] ch50 r0 a3: 20 AA 69 28 65 55 04 AA D9 41 4A 20 00 21 55 6F 54 24 DA D0 D5 29 B2 CB B7 AC AA AA CC 6A AA D6 
[  142475] ch50 r0 a3: 95 14 52 D4 9B 15 57 AF DB 59 75 6F D2 94 29 53 25 65 93 04 45 26 4C AC 21 81 22 84 BA 52 15 89 
[  142519] ch50 r0 a3: 89 1A 24 D0 49 2A BD 6B D5 00 B4 C8 15 32 54 86 A2 04 04 4A 5A 92 40 07 A8 C9 45 05 28 C9 41 6B 
[  142526] ch50 r0 a3: A8 A5 44 8A D8 58 B4 D2 90 96 D5 5B FD B6 EF 56 9F 5D 59 73 D6 B5 F3 CD D5 73 DF 7C B6 BC AB 56 
[  142630] ch50 r0 a3: 08 08 A4 82 20 14 54 94 84 20 A1 50 49 41 05 86 43 21 04 C0 94 D4 12 19 14 54 8D 43 65 4A A9 05 
[  142653] ch50 r0 a3: 88 96 12 A2 24 E8 10 68 23 34 52 60 94 29 21 1B 48 50 95 1E 12 93 55 6B B5 6A 90 E4 6A 51 7F 74 
[  142729] ch50 r0 a3: 48 55 52 A5 55 79 D7 D3 E5 D6 5D 2A A9 5A CA 05 49 45 69 2D A1 D2 48 91 09 42 23 B4 D1 55 58 D4 
[  142743] ch50 r0 a3: B2 60 50 20 85 5A 88 9A 84 C1 12 94 C4 81 45 25 12 2B 16 9E AA 93 51 6C AA 74 B0 2D 4D 6A D0 2D 
[  142767] ch50 r0 a3: B4 92 66 24 69 48 AA 53 44 F5 6A F4 51 7A 9E B9 67 6A DA AB 36 65 7A 5C 6B 94 AA A9 93 33 16 8D 
[  142773] ch50 r0 a3: 9A 49 D3 65 A8 AE CA A4 91 52 70 C6 A6 8A 5E 59 71 28 06 55 2A AB CA A9 8B 02 C7 51 56 94 35 26 
[  142789] ch50 r0 a3: 95 64 85 12 07 BB 49 75 95 32 45 52 B6 6B D5 25 CD 68 40 D2 6A 89 52 A9 6A A5 29 45 A6 A5 04 AA 
[  142815] ch50 r0 a3: 90 55 5D 52 14 42 8D 14 95 2A 22 B4 AA 99 0A 45 A0 0A 66 22 4B C4 A5 58 C2 D5 55 5C D0 B9 A9 52 
[  142896] ch50 r0 a3: A1 42 14 81 49 8B 46 AD 64 5B A8 EF 2C EA D4 94 2E E9 75 6A B2 B5 7D 58 7A D5 6E 96 96 B9 55 59 
[  142911] ch50 r0 a3: 25 14 2A AB 6E 33 B2 A2 51 54 2D 4A 14 EA 21 52 8A 2C ED 5A 12 A9 27 54 84 5D 95 55 55 64 65 6A 
[  142920] ch50 r0 a3: 5A A4 AA 95 DA 45 25 04 B5 6C 41 6E 94 69 0A 80 9E AB AA 59 A3 24 AB 48 20 A8 85 AA 2D 48 D6 AA 
[  142932] ch50 r0 a3: AD 6A A2 42 41 14 95 55 8A 86 B5 4A AB 65 4C C9 5A 81 29 B5 42 AD 2B 5C 49 55 55 56 A6 2A EA EA 
[  142961] ch50 r0 a3: 62 69 29 55 25 00 AB 59 55 2B 2A 39 80 24 4A 28 48 44 A2 D5 26 D2 A4 86 E2 84 97 6A 2A 6A 6A C9 
[  142974] ch50 r0 a3: 95 68 14 00 23 62 36 09 50 42 80 52 2A 4A 44 89 22 42 8A 04 4A 49 A5 04 90 91 15 53 72 5C 92 D0 
[  142989] ch50 r0 a3: 8A 5A 24 48 B5 58 50 0C 04 2A 28 D0 94 95 2A AA 95 59 AA AA A4 8A D3 D8 4D 52 4B 15 4B 54 A1 49 
[  143009] ch50 r0 a3: 14 40 48 42 8A 49 43 25 13 AA 92 5E 8A A8 D5 55 AD A5 48 48 2B 1D 11 22 82 28 15 51 12 55 81 28 
[  143016] ch50 r0 a3: 0B 49 41 2A 8F 59 50 8A 94 34 62 80 C8 21 56 32 B0 89 05 21 50 02 88 29 4B 73 55 B6 82 A4 92 80 
[  143043] ch50 r0 a3: 04 00 94 42 8A 8D 60 63 28 B0 41 28 A0 2A 2A 95 2A B2 90 05 55 28 D0 65 02 12 89 02 26 2D 92 08 
[  143044] ch50 r0 a3: 42 0A D9 22 CD EA 98 CE 6D 52 55 A6 99 DA A7 EF 73 5E A6 56 AA B7 95 E3 3B BD D9 26 28 95 6D 5B 
[  143045] ch50 r0 a3: 65 A7 12 A8 4A D5 8D 4B B0 AF 29 90 6A 56 45 5A 95 4C 55 29 56 D0 84 D6 F0 AF 68 8A 6C CC D7 49 
[  143050] ch50 r0 a3: 90 87 55 23 0B 62 B4 95 56 B2 DA 2B 40 25 29 6A 55 92 62 B9 9F 9E 5C 79 54 8D 12 99 06 44 02 97 
[  143190] ch50 r0 a3: 29 50 A9 D2 DB 4E AA AC 99 76 5F A4 32 A6 9D B3 16 AA 2E BE B4 FC BE DD DF D5 AE DB CD 5A CB 7F 
[  143200] ch50 r0 a3: 23 53 63 52 99 61 92 09 94 EC 95 52 6A 20 45 40 9C 55 91 2E 58 23 45 31 29 42 81 ED 1B AD 5A FB 
[  143230] ch50 r0 a3: 08 81 00 20 10 00 02 08 08 40 20 08 00 00 10 0A 08 E5 42 81 5A 52 53 09 54 00 22 11 10 80 04 81 
[  143279] ch50 r0 a3: A9 A4 28 65 65 71 09 2C 55 A9 5A 13 54 13 F4 F2 54 2B 95 A1 41 40 4B 1B 00 95 09 45 60 AE 6A C0 
[  143297] ch50 r0 a3: 2B 29 4B 41 35 5A F5 AA B1 2B 68 96 A1 8C A4 55 B5 46 12 45 2C 8E AB A4 41 1A 29 A9 A2 94 A4 52 
[  143356] ch50 r0 a3: 2B AB 0C 15 B2 A6 A8 11 42 34 D5 56 AE D2 A5 5D 41 58 91 6C 01 18 A4 CA 92 93 4D AA A5 52 2F FD 
[  143381] ch50 r0 a3: 10 05 15 2E 43 85 22 22 B9 AC 16 D2 88 AC 55 45 52 E8 DE A2 68 96 B6 91 55 0F 2D 55 AA CD 5C 22 
[  143413] ch50 r0 a3: 44 A2 D8 55 5A 15 29 68 D9 90 CE CD 4E C1 9A A2 CD 44 AB 52 23 43 52 99 51 45 CA CD 52 A5 AA 89 
[  143473] ch50 r0 a3: 70 28 09 50 C4 95 28 81 20 C9 10 72 8A 92 CA 49 2A A9 16 11 2A 2A 56 E8 0A 09 25 29 33 25 28 92 
[  143495] ch50 r0 a3: 0A 52 80 25 47 55 D3 D6 9A 12 94 02 6A AA 90 5A A9 14 AA 52 00 A1 E2 11 04 08 45 61 2A B5 A6 A9 
[  143519] ch50 r0 a3: C8 C0 95 48 58 8E A6 A8 5A B5 AA 2E A8 91 64 CA 8B 5A 4A AD 52 84 B5 56 F1 89 BA 59 9A 65 CA AE 
[  143588] ch50 r0 a3: 51 E5 96 ED 65 4C 59 25 75 5D 88 92 0D 69 45 82 49 0C D0 AB 5A D1 55 4A D3 04 11 29 9D DA 8C B2 
[  143617] ch50 r0 a3: BD 52 82 95 BE BE A4 95 5E AA C9 56 96 E6 4A 2A A6 D9 5C CA E1 57 D1 55 25 2B 5D 72 6C B0 3B 7C 
[  143651] ch50 r0 a3: 8A 2A C4 4B 4A B2 95 42 8A 3A A9 B8 57 B2 89 5E B4 55 48 91 EB 18 BA 25 99 56 2A E9 6A B4 C7 0A 
[  143682] ch50 r0 a3: 15 28 5A 46 98 42 B0 82 21 88 AA A2 89 6A 52 CA D2 EA 45 49 0A 54 4B 51 A8 4B 4A 6E 24 47 A9 52 
[  143734] ch50 r0 a3: 8D 53 2A 55 22 C5 4A D5 12 94 EB 54 AA D6 AA 55 BB 31 36 BB 66 95 DA 8D 62 B1 54 A6 A2 8C 4A 6A 
[  143738] ch50 r0 a3: 49 4A C8 86 96 2C 81 06 90 B7 35 59 08 AE A5 55 62 7A 63 72 8B E8 D4 06 2D 4D 52 65 39 90 A1 64 
[  143753] ch50 r0 a3: 96 94 82 A9 52 2D 5B 3B A2 AC 2D 16 04 AD 65 66 5C 91 68 CD A5 A8 A7 BF FF 7F FF FF F7 EF FE FF 
[  143759] ch50 r0 a3: 05 23 80 71 0C 36 03 48 57 A8 D4 B2 35 1A DB 04 50 D5 2F 45 55 6B 6D 35 D5 64 2D D1 43 14 B5 8F 
[  143776] ch50 r0 a3: 2C C4 98 81 28 AA 32 C9 0A 15 43 4A 91 95 13 54 89 0A 55 55 45 45 25 48 A8 41 2A 54 16 B9 1C 07 
[  143778] ch50 r0 a3: 6E BA 4B 7A 61 13 AA 56 AD 45 4A AB A7 16 95 56 9A C9 AA 2D D7 52 4A 54 DC AD 5D D2 92 97 4A D4 
[  143798] ch50 r0 a3: 80 6A 0A 84 AC 13 99 52 B4 A4 D2 80 26 89 34 52 D4 A5 B4 05 AF 2B 54 9A CD 04 26 A8 AB 19 52 45 
[  143816] ch50 r0 a3: 54 B2 B5 10 56 95 A5 6D 55 2B 6A 2A 44 A5 A2 AA FA 92 DA A8 AC D6 2A 23 14 13 60 90 06 FB 2D 8D 
[  143862] ch50 r0 a3: C0 D6 09 20 25 85 84 48 08 98 56 85 5B 40 36 9A 83 0D B0 40 81 4A 85 4D 24 5C 44 A2 54 98 D0 52 
[  143867] ch50 r0 a3: 25 DA 91 24 52 02 49 91 22 AA CA 69 51 32 C9 D4 AA A8 CE CE D5 24 9A B0 EF 37 6A 22 4C 7D 5C 15 
[  143888] ch50 r0 a3: 50 29 8A 66 10 85 D2 15 54 D5 3C 13 20 81 A5 15 54 02 A0 12 08 A4 2C A0 89 22 06 22 2A C5 36 32 
[  143908] ch50 r0 a3: 81 24 4A 44 28 44 42 21 0A 0A D5 B6 29 44 5A D9 AC 32 55 50 24 32 5D 7B 2A 99 B2 D5 B1 06 8D A3 
[  143986] ch50 r0 a3: 44 AF 2A B5 12 B6 22 95 8A 69 54 2B 41 2C 28 54 45 14 54 B6 D2 55 4C 51 66 A7 55 7B 3F 56 EA 96 
[  143991] ch50 r0 a3: A9 25 10 A4 65 53 A9 45 45 28 84 C5 44 89 2C 52 75 24 44 64 C4 A9 5C 49 0A 9D 6B 2C 14 BA 50 AB 
[  143999] ch50 r0 a3: E2 B5 6D 99 60 55 B5 25 9A 4D 85 93 4D 54 45 54 BC AE DA 2B D2 45 96 A6 AE 8D 3D 67 4E B5 31 47 
[  144019] ch50 r0 a3: A6 EA 4B E4 B2 6A EB 4B CB 2C 12 E9 AD CB 5A 5A 8A B3 1A 59 3A EA D2 A5 59 49 95 AD B1 5A A4 6D 
[  144021] ch50 r0 a3: B6 B5 15 5A 69 55 59 A5 D6 AD 54 A6 97 6B 3A B1 24 A9 2B 50 A9 45 2C 18 94 AA 8E 55 4B 6A 55 B5 
[  144045] ch50 r0 a3: 40 63 A2 B1 66 AD 0A 46 95 01 57 FD 6B 3D BA AB DF 75 37 6A ED 6E FD 6D 7B D6 AF BA 57 7F B4 AB 
[  144067] ch50 r0 a3: 04 15 42 10 50 40 81 00 04 42 94 28 A0 19 3E B5 6A 9F 4A 0D 45 58 BF D5 57 B5 E2 9C AA EA D5 3A 
[  144077] ch50 r0 a3: A5 A4 88 AD 63 7E ED EA AD FB B5 AD 6D EA AA D7 6B AA F5 5D 76 AB 5B 57 F0 EC A3 0C 9A 9D E5 92 
[  144107] ch50 r0 a3: D2 25 92 41 A1 0A 00 21 2A 84 90 9A 2A 4A B5 25 15 1B 2B 13 35 48 A2 AD 24 96 44 ED 0B A4 9D 25 
[  144108] ch50 r0 a3: 81 34 E5 DB 2B 35 5B 0A C0 5C 52 75 84 95 55 52 51 40 55 01 55 AA AD 55 3D 57 6F 9B 3D D7 6D 6B 
[  144120] ch50 r0 a3: 48 02 54 85 29 42 08 62 02 91 44 91 A0 48 69 14 4D 15 64 02 29 69 44 A8 82 8A AB 9F 8A 76 FB 6D 
[  144231] ch50 r0 a3: 08 C3 8A 92 EA 4D 4A 91 11 49 5D 54 AB E9 02 A3 EA 97 93 2D 04 A8 E3 39 90 20 43 6A 40 96 39 00 
[  144236] ch50 r0 a3: 12 A4 20 4C E8 81 B0 10 B7 BC D6 D8 FD 54 51 52 94 29 28 9C F1 2B 28 86 A9 54 AA AB B2 B9 5E AA 
[  144260] ch50 r0 a3: A8 45 11 6B 49 45 5A E2 54 84 A2 A2 CD 4C 9A 20 DD 31 D3 92 A9 0A A8 D4 8A A9 55 0C 55 54 95 61 
[  144312] ch50 r0 a3: A8 8C 02 0A 0C 15 14 44 A2 D4 A8 A8 08 16 0C 82 05 01 14 49 20 95 5E B5 B5 56 7B 6B BF 77 3D 8F 
[  144332] ch50 r0 a3: B3 A7 AF 75 5D 28 4A 51 56 89 AA 97 25 65 2D 53 F6 55 75 7B 6B 32 53 31 B9 52 46 83 11 55 EA F9 
[  144367] ch50 r0 a3: B2 A1 42 4D 55 A3 7B 78 DB 5E A7 6C AB 5B EE A2 AE AA E5 2D 5D 28 CB CD 25 B9 9A 55 2E 6E 55 19 
[  144392] ch50 r0 a3: 54 4D 52 A9 2B 6E 44 D9 B5 6A 55 5D 57 22 4A A6 51 6A 6D 5A 22 92 ED EA 95 34 6B 7A A4 72 49 5B 
[  144396] ch50 r0 a3: A8 C0 15 B6 79 6B 92 64 B4 D1 95 53 28 A5 69 14 28 A9 4D 62 CD 0A AA D5 6E D2 55 A3 6D 50 CD 24 
[  144436] ch50 r0 a3: 06 AA 46 A1 45 52 90 28 81 59 49 80 A9 55 14 11 AB 5E FA DE E9 76 FE AA B9 54 59 79 57 A7 4E AA 
[  144439] ch50 r0 a3: AB 19 55 06 DA A4 8A 44 AB 0A AA 56 1D 75 BA F3 D9 7F 49 94 52 A6 2B DA B1 08 02 03 A4 48 5A 22 
[  144450] ch50 r0 a3: 95 0A 8A A0 A4 DA 55 8A 54 A2 55 08 B4 94 16 45 79 4B 4B 55 35 49 64 E4 54 6B 49 EA A5 B7 BA 92 
[  144476] ch50 r0 a3: 16 E4 90 91 62 8C AA 29 0A A5 13 35 64 55 14 46 DD A8 9A 35 24 AA 8B 14 29 65 54 94 A4 29 A1 4B 
[  144483] ch50 r0 a3: 2D AE 7D A5 45 CA B9 42 AB 45 CD 2A AA 14 A5 AB B5 E7 4D D9 6D 2D 5B 0A C2 51 92 C5 AA 21 48 01 
[  144485] ch50 r0 a3: 54 52 8A 90 04 90 D9 50 D5 05 AD 68 8C D2 2C D5 45 69 A0 26 A2 0D 68 95 AA 28 91 33 68 B2 95 55 
[  144522] ch50 r0 a3: 09 A2 A0 50 41 0A 12 1A 09 AA 89 55 14 55 39 2D 4C 00 08 40 88 28 01 5F AD B3 E6 BE 69 77 7A B5 
[  144524] ch50 r0 a3: C4 DA 48 51 90 5A 94 45 8D 85 95 33 0A 38 82 BA 92 D4 6B 72 95 40 C9 6A E2 A8 AA D4 28 D0 A9 D1 
[  144581] ch50 r0 a3: 40 C5 D4 C1 92 98 96 81 55 00 21 4D 35 94 12 21 44 54 50 A2 36 29 AA 49 02 8A 82 67 46 56 52 D4 
[  144581] ch50 r0 a3: CB 2E 28 49 79 49 10 AB 52 55 0B 08 95 12 85 1A D3 95 5A 24 D4 90 D4 A9 25 55 98 04 07 D4 95 32 
[  144588] ch50 r0 a3: CA 29 03 24 90 A1 1D 72 63 0A 52 26 AA D5 68 19 74 98 AB 61 4A 96 A8 A5 D4 83 52 49 35 95 80 AA 
[  144611] ch50 r0 a3: 92 68 AA A9 20 82 81 51 6A DA 62 52 E0 B5 93 54 B5 4C 89 55 31 AD A4 95 A9 D3 53 C5 4A B4 61 09 
[  144667] ch50 r0 a3: 3D 81 AC 80 2A 05 12 D5 97 23 18 09 51 42 6A 03 22 60 48 43 64 AA B5 61 A9 EA D6 EA FD 56 D6 D9 
[  144688] ch50 r0 a3: 54 85 AA B6 AD 24 AA D9 41 8B 6A 25 2D AC B1 69 A6 96 7A 94 4C A5 55 28 1B 36 1C DF A9 1A 97 55 
[  144691] ch50 r0 a3: 95 5A A1 05 AA 25 62 A3 C4 8E 86 45 50 8D 92 4A B2 CA 08 A4 62 AC 4E 2E 97 2F 52 AA A4 B5 24 49 
[  144709] ch50 r0 a3: A0 AA 95 2C AA EB B5 5D 37 52 CD 6E 5F A9 96 D3 DA 6A D4 DB D5 E5 8C 29 59 DB A1 B9 D5 36 DB 6A 
[  144813] ch50 r0 a3: 28 12 02 32 2C 81 11 29 82 05 0A 05 54 26 81 08 14 90 A2 49 06 58 84 80 10 AA A9 C4 BA 4C 5C EB 
[  144831] ch50 r0 a3: 29 8A 62 B2 85 2A A0 A2 8E 95 42 A1 4A 4A 2A 08 A9 51 55 46 61 02 E4 DA 85 51 4C C5 27 52 B4 8A 
[  144833] ch50 r0 a3: B4 26 54 83 2A 21 B0 A9 45 52 D5 A2 24 8D 15 25 68 D1 CB 09 71 08 99 09 2E AB 42 12 04 D5 2C 91 
[  144849] ch50 r0 a3: 2A A1 1C 65 B1 6B 06 FD 6B 2C BF B2 D9 B7 AD 77 B9 D6 2F 5E 4B DB 6B F2 EB AA ED D7 FD 6B 5E CE 
[  144888] ch50 r0 a3: A9 04 AF 0A B8 B0 56 22 44 0A 89 4C 9A AB 45 8B 61 11 43 82 01 28 B5 3B 05 5A A4 84 A2 68 21 40 
[  144927] ch50 r0 a3: 0A D5 2C AA 55 AA AD 2B 56 16 A5 EA B3 5E AA 6A AA CE F4 3F E9 5C 41 AB 5F D5 68 AA EB 76 C9 6A 
[  144937] ch50 r0 a3: 20 90 85 4A 14 22 24 40 A8 84 25 09 80 6B A6 AA 85 42 85 15 45 24 AA 4D 56 93 22 AA 43 14 19 BA 
[  144961] ch50 r0 a3: 6C E6 15 45 B5 DD 59 22 D4 A9 39 5B AB 4A A2 46 5A C6 55 52 AB 15 85 06 CC 03 31 44 29 4A C6 A4 
[  144993] ch50 r0 a3: 48 14 48 90 AA 28 41 45 02 25 30 CA 15 65 55 2D 2D 29 D7 6C 56 6C B6 52 29 5D 4E A5 4D 3A D2 9A 
[  145065] ch50 r0 a3: 8A 49 45 14 A4 A2 48 25 0D 0A 4A A8 58 F0 C5 57 85 48 15 FB EA FF 5B 76 AF 12 B7 6E AE E5 32 ED 
[  145068] ch50 r0 a3: CB 5B 4A 4B 19 AB A6 5D 9D 32 2A B3 5A C2 BA 95 6B 52 4A C8 21 BA A6 88 9D A4 AE 76 A4 B4 B6 CD 
[  145095] ch50 r0 a3: A5 2C AE 26 2C A6 22 97 02 B1 7B B7 58 B2 7D 68 AA 14 AA D4 6C D2 55 69 AA B5 D2 AB 11 55 14 2E 
[  145115] ch50 r0 a3: 80 00 00 00 00 40 00 00 00 08 00 00 00 00 00 00 00 00 0C E7 25 6D 55 26 95 58 C9 A4 61 8B 54 AA 
[  145161] ch50 r0 a3: 20 48 82 7A 88 82 AA A0 54 61 65 08 A4 A9 52 0A A4 2A 82 AB 73 65 B9 55 D7 F5 56 DB 66 D6 AE 96 
[  145182] ch50 r0 a3: 46 88 92 85 30 4A 10 82 44 59 09 23 96 68 82 54 A8 88 15 98 B6 88 14 02 84 2D 4A 84 55 52 41 95 
[  145194] ch50 r0 a3: A9 11 09 03 A8 2A AA 28 89 A5 4A 30 58 88 88 B6 11 90 D8 04 D4 E2 0A AA 89 0B 75 05 9B 8F A0 9A 
[  145197] ch50 r0 a3: B4 AA D5 6C AD F4 CA 2A B2 A1 40 05 4B C1 2C AB 15 44 AA C9 94 CB 26 62 37 04 A9 64 1A 6A EB 5A 
[  145264] ch50 r0 a3: 05 20 54 22 94 52 50 49 49 29 16 0B 25 40 92 22 92 52 62 AA 92 A2 8A 92 24 AA 50 2B 52 95 56 CE 
[  145381] ch50 r0 a3: 11 4A 50 B3 EB 91 72 55 5A A9 79 AF 85 6C AE AD 55 45 15 C2 D4 CA 8B C6 9E 5A D4 B5 5A 95 95 6E 
[  145416] ch50 r0 a3: 3A 42 54 DA 9A 63 13 5A A3 95 29 06 65 54 14 D5 B6 32 69 51 45 96 BA 96 CB 31 4A B2 63 38 B0 9B 
[  145417] ch50 r0 a3: 5D AA 22 A0 43 0C 4A 6C 12 80 A4 12 42 89 4B 46 95 92 59 56 A0 B5 90 92 AA A5 29 56 9D 25 60 88 
[  145434] ch50 r0 a3: 2A 89 CE 56 88 24 89 52 AA 21 6A A3 73 DE A2 A9 55 52 AD 2A B5 B5 94 8B F7 6D DE 3B 4E D6 65 A9 
[  145436] ch50 r0 a3: AB 96 85 14 4A A9 46 92 91 95 4A 93 69 50 A9 56 D7 95 0A 2B 88 4A D4 58 A9 50 A8 A0 94 2C 2A 92 
[  145452] ch50 r0 a3: 35 27 4D 55 8A BA A5 7B 19 DD 69 95 64 A9 A5 D5 D5 68 AB 76 DA D6 DD AC F5 6D D6 D5 A6 6D 7A 2B 
[  145584] ch50 r0 a3: A5 42 3E 15 0D 6C F0 2B AE AF 2D 3B 59 56 AA AA AD 14 CB 54 92 B5 18 AA 2B 41 CB 73 79 21 6A 59 
[  145613] ch50 r0 a3: 41 02 40 08 84 25 D5 EF DD FF F7 BF 14 DF F3 77 9E AE B5 F6 FE D9 BE E8 AD 65 55 1A EA DE BF 5C 
[  145613] ch50 r0 a3: 55 50 09 26 A9 09 14 04 54 AA 11 10 10 09 20 98 45 5B EF 6F FA AB 7E ED 6B 5B 7A A0 B5 C8 E0 3C 
[  145706] ch50 r0 a3: AA A9 A8 DC F6 EE F6 8B 56 AE 9A D1 BA AD 55 49 73 69 57 4B 57 77 4A EA 4A 95 F2 6A 90 D2 A9 A6 
[  145774] ch50 r0 a3: 32 55 4A 97 5E B5 57 29 EA F5 AB 85 5C 7E 5C AB 63 55 F7 6D 55 6A AA A0 15 95 52 4A 50 75 55 2A 
[  145872] ch50 r0 a3: A4 FA 56 F3 5A 12 95 47 26 B5 15 32 D4 92 D5 7B D6 A1 3B 24 0A A5 55 52 2A 75 65 48 54 AB 55 46 
[  145894] ch50 r0 a3: EA EC 6A 56 B4 6B 41 32 22 45 51 B1 96 A6 91 2A DD 75 5A D6 7A E6 D7 DA DA D5 7C ED 16 BE 6A A9 
[  145934] ch50 r0 a3: 8A 32 AA 4A AB 24 C4 08 AA 89 0B 2A 4A 89 9A 51 22 D4 21 34 40 50 1F 35 26 A9 54 3E 8A 4A 1B 60 
[  145974] ch50 r0 a3: C2 96 14 24 58 59 41 5D 24 80 00 21 41 2C 34 11 60 10 4A CA D1 88 0A D5 5D 2B 56 7A 5D 5C FA 4A 
[  146016] ch50 r0 a3: AA 05 34 8D 6A AB A4 AD 4D 23 78 6C CA 27 45 B4 B9 54 16 94 29 A4 4A 49 3F 0D 73 58 C0 CC 73 92 
[  146046] ch50 r0 a3: B3 2D 45 29 89 14 56 92 D8 D5 B4 FD 55 73 6E 76 AF 12 9B 35 8F F5 34 AD AD 2F A5 2A B4 EA EE A3 
[  146067] ch50 r0 a3: 00 40 00 00 00 20 04 A9 27 5D 27 B2 12 D4 B1 34 54 C5 51 50 5A 54 D6 A1 AA E9 02 42 61 2C A4 A5 
[  146106] ch50 r0 a3: 8D CA 98 49 AD 12 94 91 52 55 2A 94 9D 30 94 23 52 36 15 2E 45 92 29 4A 89 B4 A5 12 52 11 55 25 
[  146131] ch50 r0 a3: 2C AC 82 82 A4 85 AA 02 AC F9 25 5A AC B2 E3 22 65 0D E9 95 45 F4 D6 93 56 47 6A AD 95 57 B7 20 
[  146153] ch50 r0 a3: A9 94 51 A8 8B A3 D5 29 0A BA CA AB 2A DB 55 55 51 B6 95 44 80 82 15 4A 99 2D 9A 35 53 4A A5 C5 
[  146175] ch50 r0 a3: 10 2B 52 AA 84 AD 54 91 AA 07 0A 91 43 09 AA 88 10 09 55 69 BA 24 D6 B9 F5 2C 95 B5 4A AA 6D 94 
[  146194] ch50 r0 a3: 10 8A 95 2A A9 F9 D5 59 35 45 1D 57 55 2E D9 34 92 AD 96 48 61 DA AD 2D 4A 35 65 54 55 49 6E 49 
[  146240] ch50 r0 a3: D9 4A 92 51 4A 9B 8A A1 57 D7 5F 75 FF D5 53 29 7B 9A 73 BA FD EA DB AA B2 DB 2F B7 9E 8A A6 6B 
[  146241] ch50 r0 a3: 15 B5 0B 52 28 A9 F4 AA AA D9 D1 16 A6 D1 95 29 29 97 4E E2 19 89 63 74 AE 6E E7 69 D2 D6 71 48 
[  146277] ch50 r0 a3: 08 06 B0 25 74 A5 4D A9 3A 56 7B 2D 68 34 6A 95 35 63 43 28 B4 DB 43 15 64 1A 05 08 C0 29 B1 50 
[  146341] ch50 r0 a3: 90 93 85 8A 06 0B 8D 3C 36 C3 26 35 59 A6 D7 53 7A B2 A9 75 D7 75 51 E9 26 B5 7B 4A E6 C3 3D AA 
[  146350] ch50 r0 a3: 4A 53 4A 55 40 A1 0A 4B 28 A6 A1 2A 45 56 8A 85 4D A9 2D 52 B9 5A C5 35 73 55 29 8A C4 90 5C 74 
[  146361] ch50 r0 a3: 56 90 6C E2 52 AA B6 29 6A CD 54 B4 AA D6 75 2A A3 14 54 50 31 53 56 9C 56 81 D4 D5 BA C2 B5 44 
[  146402] ch50 r0 a3: 54 E9 B3 04 95 A9 56 82 2A AB 52 D3 6A B6 2C A3 2A DB E9 B4 96 A6 55 8D 85 56 EA B5 36 D5 B6 6A 
[  146454] ch50 r0 a3: 0B 15 49 44 A5 42 28 22 A1 5D A5 14 AD 5A 53 53 8D 5D 46 85 29 61 4A 4B 52 86 AA 16 C4 42 91 55 
[  146512] ch50 r0 a3: 54 24 25 44 05 58 CA AA 31 5D 2B 52 A9 2A 62 A3 AB 55 05 29 4B 56 55 52 AE AA 45 58 D6 9A DB 23 
[  146515] ch50 r0 a3: 8B 50 2D 55 AD 52 29 57 D8 56 D5 53 D7 A7 56 73 FB 99 26 D5 A6 5D E3 ED 55 6F C3 6B AD D6 DD 59 
[  146585] ch50 r0 a3: 41 09 B4 20 98 5C B6 94 51 4D 45 54 44 A2 C2 22 89 98 80 25 81 8A B1 6D 8A 22 2D 04 45 55 6D 29 
[  146614] ch50 r0 a3: 42 CA D6 0A 02 8A 12 C0 A0 5E F6 DE 7F DF 9F FE DE A3 B5 25 AD D6 54 D6 B9 6E A4 EA D3 56 95 EB 
[  146628] ch50 r0 a3: 98 7F 0E 52 C9 01 26 28 B2 08 53 D2 20 48 1B C2 20 C0 57 12 45 C6 60 41 2C 50 22 42 69 60 C9 42 
[  146635] ch50 r0 a3: A4 AC EA B5 5A 44 40 6D 65 24 AD 95 64 96 25 36 96 2B C6 6E A9 72 BA 14 44 A2 AE A9 19 28 AC A5 
[  146660] ch50 r0 a3: C5 3A 80 8C A4 CD 54 4E 82 05 00 BD 02 43 0A AB 92 95 54 EC E5 4B 35 6A D4 54 A8 A4 2A 40 67 28 
[  146662] ch50 r0 a3: 64 50 A8 B2 0B 34 32 B2 B5 53 40 A1 92 B4 05 45 5F 45 95 80 93 54 02 09 52 D4 D6 95 74 BC CA B7 
[  146697] ch50 r0 a3: A4 CC 2A 58 90 A9 16 14 AE B5 68 5A A9 55 60 D1 A7 A5 BF B5 E5 51 31 D1 37 83 5A B2 5C D9 61 44 
[  146713] ch50 r0 a3: 1C 5A D2 6E 85 36 59 54 36 42 4A 52 9D 2A 0C 22 A2 49 45 61 CD 50 4C B2 4C 40 AC A9 1D 01 0A 1A 
[  146773] ch50 r0 a3: F3 96 A5 54 55 42 B4 A6 AB 5D 2D 4A 4A 2A 54 9B 45 4A 8A 48 54 D2 65 58 4A A6 A4 C4 A6 6A B5 52 
[  146801] ch50 r0 a3: 25 00 55 26 50 19 AB 55 47 55 D6 D0 55 4B AB 6A 96 A1 34 46 52 E4 BA DA B2 A8 A5 35 44 96 81 33 
[  146810] ch50 r0 a3: A2 FD 47 AA A8 69 E6 EB 6E 16 D7 CB 7B 51 BB DB 65 52 D5 55 AD 35 4A B5 71 A4 53 B6 E2 FA AE AA 
[  147032] ch50 r0 a3: A8 8B 54 64 82 89 09 45 59 11 32 52 85 48 18 41 41 12 AD 60 A4 16 88 A4 A5 C8 4A 91 46 50 41 04 
[  147079] ch50 r0 a3: 5D 20 50 2A 50 4D 29 25 25 50 B5 55 22 02 82 8A 48 A7 41 9D 2C 85 12 26 AD 9B CD 18 8A 37 41 0D 
[  147145] ch50 r0 a3: D2 54 68 84 90 F5 29 20 05 A6 4A 82 29 51 2D B6 C9 AA 85 36 E4 48 9A D0 32 52 90 D4 C1 02 22 A4 
[  147175] ch50 r0 a3: 26 02 54 52 50 46 95 55 0A 90 04 91 20 29 04 A9 28 A3 32 51 55 D0 AF 57 53 95 10 F6 A6 AB 5F 2B 
[  147232] ch50 r0 a3: 89 A1 56 CA 48 12 44 22 A0 52 B3 52 54 19 57 54 C5 5D 6A 2F BD 4C AD 6C F5 D5 D2 CB A6 CF 52 AB 
[  147297] ch50 r0 a3: 21 27 05 5A AD 12 A5 D8 B5 94 4D 58 2A 2C 09 6A B9 A2 28 A2 89 55 26 68 B4 55 AB 45 56 8D A8 4A 
[  147298] ch50 r0 a3: 89 12 95 21 52 52 04 46 0A 02 E3 18 41 15 AC AC 84 CA 29 52 55 69 35 95 49 29 21 21 5C AA 9A AD 
[  147398] ch50 r0 a3: 4A 9D D5 EB 7B FF 67 2D 75 55 BF 53 55 92 04 CC 4B 04 08 A9 4D 64 08 9F 44 07 78 32 1A 24 6C 3F 
[  147477] ch50 r0 a3: 26 B5 5B 52 54 AB 29 4A D4 15 09 2C AB 52 A2 0B 4A 6C 4A 15 32 68 A4 28 B5 12 AA E4 0C 2A AB 6A 
[  147553] ch50 r0 a3: 14 03 72 B3 02 54 B7 5B 0C 40 23 34 94 D1 88 84 3C 55 63 2E 85 5E 42 E2 32 D7 DD 77 B4 AC D8 D3 
[  147556] ch50 r0 a3: 32 15 44 56 94 92 AB 48 28 AA 6D 6B 45 A8 A3 11 EA AA 4A AF 56 EA 6C 14 61 DD 54 9B 41 4A C5 DB 
[  147617] ch50 r0 a3: A8 6B 13 AF C6 AB 78 AD AA AC 8D 55 77 44 85 82 8A A9 AC A5 CF 71 D5 AF D9 B5 4C E3 31 36 4D DA 
[  147663] ch50 r0 a3: 48 55 42 8A A6 55 87 30 E2 C4 AB 6D 75 7A A6 5B B5 FB B7 FA F5 56 A9 EB 6F 55 77 B6 D6 ED D5 5F 
[  147758] ch50 r0 a3: 04 42 20 44 04 0A 40 8C 31 D4 9A 0A AA FB 48 5C 66 23 57 C3 97 4A 1D 85 B0 66 A7 10 E9 72 28 55 
[  147783] ch50 r0 a3: 44 10 18 84 90 A4 41 40 82 41 43 56 8B 4F 02 85 A4 2D 92 A6 35 58 AA 88 AA 15 A4 81 20 15 04 40 
[  147786] ch50 r0 a3: 95 2A 89 51 82 21 50 47 49 C9 74 D1 AE 11 03 72 D1 13 4A 4C A4 A1 24 AA 85 D0 E4 B8 B6 2A 2C C5 
[  147787] ch50 r0 a3: AC 45 0B EA B6 ED 52 B2 A7 65 B5 AB B6 D2 AF 4E 9F DB 52 B9 56 EB 3B 5D 2D 55 5C 3A 9E D7 6A 52 
[  147791] ch50 r0 a3: CA 14 35 A8 50 84 89 56 26 92 39 15 14 08 91 09 2A 20 E5 44 22 A5 28 82 94 8A 25 02 B4 48 94 CB 
[  147807] ch50 r0 a3: 00 02 08 A8 50 C2 9A A2 56 15 34 5A AD 28 B4 AB 48 68 4A 96 8D B3 50 A5 96 B1 42 D0 D8 20 9A B5 
[  147842] ch50 r0 a3: 15 D5 DE A5 4D E9 6B AA B2 D9 5A 6B 2E ED 79 D5 AB 45 96 AB 15 B4 5D DB 98 BB A9 55 DF 65 5A FC 
[  147894] ch50 r0 a3: A5 5D 10 13 AB 49 21 22 C9 6A 44 B2 A5 66 6A B3 AC D4 4E A4 45 17 55 4A A2 0B 4D A8 49 CA 65 20 
[  147942] ch50 r0 a3: AD 5A 55 52 B2 A9 7A 81 FA D5 2C BE 4F 4C E6 EA 6F A7 6A D5 2A B7 0C A8 E1 A3 B6 D0 56 89 26 28 
[  147958] ch50 r0 a3: AC A5 14 85 AA A2 8A 67 42 41 26 4A A8 61 0B 55 16 99 14 07 08 41 80 4A 46 AD 87 84 B1 09 96 A9 
[  147988] ch50 r0 a3: 44 C5 56 C0 92 1A F6 85 5B 4A 2C 1F 83 0D 9A 94 BF 1A A9 CC B2 C8 02 26 8E B6 08 D0 63 94 29 BA 
[  148016] ch50 r0 a3: D5 5D 2B 2D 52 B5 5D 3C 6A AB 55 45 42 E3 45 1D F9 29 CB 72 A9 26 22 81 51 44 B0 56 8A A5 55 75 
[  148085] ch50 r0 a3: D4 A5 15 5A 57 B5 75 2B 8B 56 ED EF BB 5E DC DA BA BE AD 2B 45 37 B9 5B 5E ED B2 B4 F5 EE CA DD 
[  148090] ch50 r0 a3: 4D 2E 15 9A 62 9D 6A AA 4D B0 A3 56 BD 16 AB FA 5B 8D 56 A5 B1 62 AE 6B 90 7C 8D 2A B2 B5 42 92 
[  148111] ch50 r0 a3: C1 38 14 17 25 24 A2 A4 CA 91 60 41 24 92 12 50 A0 4D 69 73 54 9A AA B9 75 D5 4C A5 2A AF AD B2 
[  148163] ch50 r0 a3: D5 14 24 A4 89 90 89 4A 19 16 B4 95 E2 15 54 C8 BE CB 71 8C 8B 53 56 AC DD FD B5 FA EB F7 73 7F 
[  148209] ch50 r0 a3: 15 06 AA 2A A1 65 69 40 AA C9 54 A8 B4 2A 14 F1 5A 96 25 54 23 11 53 36 93 8A BA B5 A2 A5 52 D5 
[  148260] ch50 r0 a3: 45 53 05 4D 12 55 16 8A 94 6A EA D2 35 A5 0D 0B 24 A2 52 26 48 89 A6 2C 15 65 6C B9 E4 D5 BA 2D 
[  148282] ch50 r0 a3: 56 C2 29 52 8A A2 95 01 42 90 94 85 13 6D 52 10 E2 08 C4 8A A0 F5 AA 4C 89 10 61 60 22 B2 51 11 
[  148295] ch50 r0 a3: D2 53 55 4E 8B BD 96 95 55 52 95 90 D9 D5 02 AA C9 6D 50 8A 22 6A 81 81 6C 93 0C A6 91 52 AB 35 
[  148327] ch50 r0 a3: 04 29 20 56 22 51 A4 41 00 A5 49 12 8F 44 4A 10 80 A4 E4 92 80 AA 49 81 48 02 81 27 96 DA 14 6A 
[  148367] ch50 r0 a3: 75 64 11 56 A8 56 A8 2A 20 69 34 74 4A 71 55 5A 29 55 60 D5 A3 A5 6A 57 11 52 DB 71 1A 8D 45 34 
[  148377] ch50 r0 a3: 0A 93 C0 2C A2 27 72 5D 28 A8 8B 49 09 69 55 62 90 8D 2C 90 04 D1 42 55 05 80 25 41 1C 89 56 D5 
[  148405] ch50 r0 a3: 35 52 2C 49 51 AC A8 45 52 65 6E A2 A5 5A 8C 65 54 AA 59 02 6A D2 9A A8 85 2D 89 6A 45 2B 7E EC 
[  148414] ch50 r0 a3: AA 18 AA 82 50 30 82 42 55 56 52 86 40 CA A5 B5 48 C2 83 78 93 34 56 0A A1 69 21 A6 12 D5 E6 A6 
[  148443] ch50 r0 a3: 56 91 86 59 76 07 A5 14 46 88 46 00 2A 11 49 28 85 52 A8 65 28 29 08 62 44 09 44 A1 25 E2 60 5A 
[  148455] ch50 r0 a3: 57 55 5A 21 32 11 08 42 92 89 55 41 15 00 54 B4 8A 24 4A 3E D3 58 BA EA 95 59 DD 7A 12 A5 6D 54 
[  148472] ch50 r0 a3: 57 4A 0D 1D 83 BC 12 40 89 8A 29 07 15 31 A8 0A B6 94 EE 2D 86 C8 4A 55 45 A1 5B 42 AD 02 20 35 
[  148478] ch50 r0 a3: 44 AA BA 2B BA D9 4D 49 56 8A 25 94 1C B3 17 B2 F4 14 94 26 D4 D5 52 2E 2B 2B 4A A5 99 2B 6A AB 
[  148545] ch50 r0 a3: 90 95 AD AA D3 4B 0A 55 39 25 2A A9 36 CA 88 A2 25 A5 8D 90 26 52 9A 4E B6 A2 A8 AA A2 68 A7 9A 
[  148557] ch50 r0 a3: AB F7 35 5B 7C 55 AB 28 A9 B0 8C CA 96 5A A5 51 28 2D E7 4A AD 55 5E CA CA 76 32 DA BB 9D 52 D7 
[  148563] ch50 r0 a3: A4 A0 A6 A3 AA 50 55 5D D2 D3 65 D5 D1 2B 5A D5 55 D5 5E 74 46 AD 12 A9 5A 4A B0 52 F9 4A 72 6D 
[  148566] ch50 r0 a3: 92 40 66 50 A6 34 89 91 B2 88 45 22 A2 52 25 16 51 12 44 20 52 40 48 36 1A 20 96 02 44 2A 29 A4 
[  148601] ch50 r0 a3: 22 A4 05 40 52 D0 81 2B 11 16 AA 9A A8 85 95 94 40 4C AA A8 84 AD 0D 04 A0 A4 B1 4B 49 01 52 49 
[  148615] ch50 r0 a3: 20 90 2F F3 6F EB 9C FE BF BD 7F 59 EB FF EF 77 7E F7 F3 FB DF 5F 75 39 A7 FD 75 DD E7 77 3B 33 
[  148658] ch50 r0 a3: 41 24 D8 A9 35 00 55 AC B9 29 2A A1 55 55 BB 56 D2 55 2A AD AE B5 A9 68 B9 D5 0A 6B 53 59 52 B4 
[  148676] ch50 r0 a3: 42 8A 71 AC 2A 06 D7 BC 15 12 20 80 54 D0 AB E8 56 63 68 6B 4A B1 28 28 44 68 80 54 52 4D A1 98 
[  148734] ch50 r0 a3: 51 55 80 AA 56 A1 2A 80 A8 C9 09 28 AA A6 D1 32 95 2E 29 0C 04 2D 51 CA 29 52 34 50 D6 EF 3A 0A 
[  148742] ch50 r0 a3: 54 02 D1 A2 8B B0 27 04 4D 31 15 4D 4A 2D A2 A5 15 28 55 28 41 C3 21 2A AA A8 69 25 9D AA FB 49 
[  148778] ch50 r0 a3: 08 00 10 41 20 00 85 18 81 52 D2 08 27 54 8D 20 82 AA 54 35 21 4A 80 14 8B 46 F3 65 AB 52 8B 51 
[  148817] ch50 r0 a3: 92 A7 CE 89 D5 34 A7 2A B5 51 54 B5 D4 94 6A 69 25 98 AB 15 A5 53 6B 68 A8 8E 1C A4 51 25 55 2B 
[  148850] ch50 r0 a3: 06 95 36 9A BF 54 A8 DD 6D 5F D5 51 0B 2E B2 EA 97 9B AD 54 6A 76 AB 4D A1 A7 5A C7 DA B2 75 97 
[  148858] ch50 r0 a3: 71 28 40 55 10 C2 A2 4A 93 05 05 06 50 99 66 AA 23 12 4D 50 D0 22 A8 05 50 43 0A 24 A6 A9 44 12 
[  148930] ch50 r0 a3: 45 5B 8D 55 C9 08 F2 3D 9A 61 35 88 AD 44 91 AA B5 85 5D 5D 51 94 1D 35 75 75 C9 59 25 69 2B D4 
[  148991] ch50 r0 a3: 81 6A 16 89 25 30 48 05 A4 94 51 55 24 4A AA 55 5D 88 57 5A 97 94 C8 54 95 88 22 93 32 D4 A5 A6 
[  149003] ch50 r0 a3: CA 74 91 8A AA A3 21 AB 6D 19 49 A2 8A 8A 9E C2 94 0A AA 9D 6B 42 CA 94 2C 91 54 D2 64 8B 56 90 
[  149033] ch50 r0 a3: 52 AD AA 16 62 3D 96 AC 1A 28 F8 9A 8D A2 AB 92 DB 65 85 AD 18 29 57 5A 29 56 13 5C C4 4C B4 A8 
[  149035] ch50 r0 a3: B2 6F 57 D9 41 4A F8 AE A4 DB 4F 63 68 A9 D1 5B BA C5 BA AA B2 52 A5 55 2E 95 AD 4E F4 75 4F 4D 
[  149050] ch50 r0 a3: AA A9 A5 D3 55 68 EE 9A A2 94 1A 3A A2 4D 4B 31 25 01 28 02 2B 3A AA 9A 55 19 17 A7 6A 5D 97 FB 
[  149052] ch50 r0 a3: 65 1A 51 24 D0 55 A4 D6 D9 63 88 55 89 96 D3 17 49 2A 32 F7 46 61 54 AA B2 5D 94 72 8A DB 49 0B 
[  149157] ch50 r0 a3: B2 25 51 04 96 D5 27 A5 55 4D 06 A8 50 62 5A 9A 58 A2 A8 94 49 A9 C3 2D 59 69 CA D2 AA 4A B3 AA 
[  149216] ch50 r0 a3: 54 C1 A1 12 A2 54 12 88 C2 05 21 4A 08 A0 C9 49 8C 96 02 28 09 83 1C 51 10 40 4A 99 16 80 2A 6B 
[  149229] ch50 r0 a3: 95 34 12 42 D5 EA AD 95 85 67 44 BC 91 AE 10 13 26 D4 1D 6D 31 A5 24 90 56 94 59 83 3E CC 30 CD 
[  149230] ch50 r0 a3: EF B6 FE E5 BA F7 59 5A FA BF DF D5 CF F5 45 B2 EB 5B ED 6B DD 95 D2 E9 ED AA AB D7 DF FD AF EA 
[  149243] ch50 r0 a3: 8E 40 55 49 84 77 55 0C 65 68 43 01 09 B2 56 BB 6C 5A 64 D7 52 AE 8F 34 56 59 52 B4 2D 88 0C 39 
[  149243] ch50 r0 a3: AD 36 55 4F 19 B6 28 27 68 D6 C6 9D D5 B6 96 D4 3A 2B 1A EB 52 D3 99 BC F6 51 5F 4A B5 11 97 72 
[  149257] ch50 r0 a3: 2B 65 43 51 34 F6 54 96 C2 A3 32 24 6B 44 55 48 94 CA 75 12 D1 4D 3B 88 58 EB 0A 7A 5B 9D BE 85 
[  149304] ch50 r0 a3: DA A5 5F EE CE 8A 4F 99 58 C2 5E A8 2D 72 38 0F 10 D3 60 94 95 7F 0E BA D1 60 67 B0 00 00 08 98 
[  149306] ch50 r0 a3: 26 AA AE 95 70 B1 2D 95 95 D4 BB AA B5 D7 6C B5 2B A7 D9 59 7B B9 D9 BB 55 E9 AA 3B CD 7A ED 55 
[  149320] ch50 r0 a3: 6A 4A 60 B0 6C A2 68 B5 3A 97 35 1C A3 5A CB AB AB 22 B5 8A 75 D6 DD 55 2B 7E EA 7A 55 EB B5 DA 
[  149329] ch50 r0 a3: 50 42 28 92 46 32 84 A8 04 5D 52 4A A2 94 4D 97 1A AA B3 29 D9 12 AB 4D 32 AA E7 68 66 D5 AA AA 
[  149412] ch50 r0 a3: 15 2B C8 AA CE 95 12 E0 4A A4 60 53 4A 8A 29 48 B2 60 AC A5 61 4B 54 82 DA 8A 54 C9 85 5A AB 8A 
[  149484] ch50 r0 a3: A5 69 DA 22 80 44 88 8C 25 45 85 24 22 A8 55 05 16 1A 52 8A 22 8A 6A 35 04 CB 2D 52 AA AB 16 A5 
[  149533] ch50 r0 a3: A4 A0 58 A4 A8 2A 49 91 A1 44 A4 08 90 10 B6 85 24 A9 0A 89 53 5A E6 DC 55 AB 49 1D 9B 29 DB 56 
[  149575] ch50 r0 a3: 45 A4 51 11 15 35 01 00 95 BA 47 00 EA AE C4 52 D0 25 16 11 21 55 B5 AA 10 D5 28 C7 2A 22 A5 14 
[  149585] ch50 r0 a3: 00 02 B1 6A BB A9 4A 51 54 92 91 99 43 CE AA 30 AA AB A5 B5 2E 44 95 28 5D 25 12 B5 42 D4 D5 4D 
[  149587] ch50 r0 a3: 46 90 08 55 08 09 56 95 45 62 8A EA 59 42 A4 0D 0C A2 D6 3A 99 96 8A A8 90 2B 40 E9 99 3A 09 5C 
[  149596] ch50 r0 a3: 68 1A 6D 12 96 25 61 49 64 66 75 A2 82 A9 05 46 B1 18 D2 5E 29 94 C8 2C E0 86 5B 02 1F 45 5A DA 
[  149611] ch50 r0 a3: 54 52 E4 94 91 E8 54 25 30 B1 36 12 CA A5 59 55 52 82 45 27 42 59 02 AC 92 96 D3 52 88 56 A4 6C 
[  149717] ch50 r0 a3: 96 C6 DA 55 51 B5 55 56 A5 AB 4C 21 51 0C C3 5A 2B 0D 28 B4 41 6D A5 76 A2 55 46 D5 54 14 51 A9 
[  149727] ch50 r0 a3: B5 22 69 94 82 81 20 A9 55 52 AA 5A 85 6A A7 D4 30 35 29 45 8A B9 15 65 35 45 AB 21 59 A3 10 9A 
[  149729] ch50 r0 a3: 51 84 2A A4 50 55 15 0A 10 24 60 C4 82 49 12 09 25 68 D2 CD 2C B6 94 A9 96 59 16 D5 5A 33 77 46 
[  149736] ch50 r0 a3: 8E EB 35 B7 98 B2 6D 4C AD 74 A3 54 DF 5A B5 34 86 9A 8A 69 52 C9 9F 53 1D 4B CB 55 52 74 ED A7 
[  149756] ch50 r0 a3: 16 52 91 4D C6 AD 4B 39 24 15 31 4C 29 52 49 6B 49 48 B1 AE A4 A1 15 44 8D B3 A9 0B 14 04 10 01 
[  149759] ch50 r0 a3: B6 28 32 52 D3 AF 0A D6 B5 05 34 2C B4 B6 A9 97 56 2D D1 4D 14 AA 4B 92 A1 53 C8 A8 F5 11 6D 35 
[  149760] ch50 r0 a3: 8C 51 88 55 2C A4 DA CA 55 A1 2B 12 8A 69 49 4C 40 42 08 8D 4A 99 55 94 78 0B 83 19 2A 96 93 4A 
[  149762] ch50 r0 a3: 84 10 25 44 54 20 51 04 28 65 44 54 D4 94 00 50 05 52 51 20 12 91 40 52 42 00 16 AA 53 5E 25 58 
[  149765] ch50 r0 a3: 17 D7 A9 EE CD AF AD 65 2A BB 6D 34 9A BA C4 AD 09 5B 53 72 56 9A A5 95 44 24 85 4E 92 E4 1A 3C 
[  149826] ch50 r0 a3: A6 90 A9 28 14 A6 DA 56 94 A2 A6 55 4A 89 92 29 3D 52 A4 4A 95 15 A4 DB 2A AA A5 4B 56 A9 AD 51 
[  149834] ch50 r0 a3: A6 CA 74 A9 1A D2 60 BB 57 7A 46 B0 D6 A3 7F 15 94 7C D2 2A D9 DE 36 A5 58 EE 96 D2 17 8A 0E D5 
[  149886] ch50 r0 a3: 94 2D 02 1A 85 26 9A 36 CD 52 66 59 49 68 59 38 94 95 49 72 A2 72 A7 42 84 C9 97 09 0A 32 A5 69 
[  149970] ch50 r0 a3: C2 50 A2 F2 AD 29 5A D2 96 5B 5B 0A B6 CD 66 2D 45 B4 B5 67 B5 49 E6 1D F2 31 D6 55 D9 71 F6 A7 
[  149982] ch50 r0 a3: B2 CC 6A A4 51 A6 BE 55 61 E2 4D D5 51 3E 5A C5 57 DF AA DB 8A 9B 5A DF 4A B1 DD 56 4E AD 6B 68 
[  149990] ch50 r0 a3: 50 AA 85 2A AA EA 88 9A A5 AA 54 9C AA 72 95 45 B6 D9 49 0B 2B 54 AC A9 D2 C8 D9 2A 9B 55 35 AD 
[  150000] ch50 r0 a3: 14 05 41 22 03 05 20 B9 9D 6D A2 92 89 41 2E B5 A9 4B 19 43 96 AB 28 94 B2 89 92 79 41 6A D4 44 
[  150151] ch50 r0 a3: 5A 49 2C 52 75 4A A4 85 7F D6 96 A9 54 C4 E9 92 D5 49 73 4C C8 92 24 89 74 75 51 52 CF 47 25 43 
[  150194] ch50 r0 a3: EB A9 14 15 24 AA AE 59 49 57 56 82 A3 45 88 40 AA 8A D6 28 64 29 6D 28 AA A0 A9 4B 2A 25 4A 4D 
[  150210] ch50 r0 a3: 99 6C DA 01 24 A0 A5 24 55 28 A2 A9 A4 94 B1 54 9A 44 A3 42 49 02 08 8C 44 40 09 22 4A 87 40 86 
[  150379] ch50 r0 a3: B9 1D 1B E8 B4 D5 B5 39 D9 6E 6A 4B 7C A7 7F 6D DE 57 56 B5 55 54 24 2C C6 55 04 94 32 8A 6C 89 
[  150416] ch50 r0 a3: AC 30 C0 82 22 AA 92 DB 69 CC B5 C7 C2 2D 68 C8 2F 28 65 0C 2E 85 D5 AA 65 96 54 A8 E8 48 52 04 
[  150439] ch50 r0 a3: C5 34 E7 80 85 71 45 92 B2 3D 42 42 D8 95 28 62 30 55 2A DC AB 5C F2 BE D5 AC C5 ED 91 6A F9 ED 
[  150442] ch50 r0 a3: 54 65 92 DA B0 A8 D4 AB 7A 94 8A AA AA C8 04 89 8B 5A 8A 82 4A 09 34 B5 89 45 A2 53 0E A4 A7 5D 
[  150477] ch50 r0 a3: D1 48 CE A1 51 3A BA 90 5B E8 6F 49 DD 9C 14 B5 52 F5 5B 95 AA E6 A6 CB 05 52 0A B4 0A AB A7 AA 
[  150480] ch50 r0 a3: 0A 82 9A 85 B2 12 8D 03 69 54 08 A5 2B 22 28 52 4A EA A4 28 AC 25 29 A4 64 2D 66 8A 51 A2 08 00 
[  150513] ch50 r0 a3: 55 4A 11 0A 88 88 41 11 85 48 43 2D 2A 42 03 20 CA 0A 85 00 4A 00 22 A8 84 31 8A 44 02 21 52 41 
[  150515] ch50 r0 a3: 08 41 15 85 5A A9 3F 22 A8 35 46 AC F5 96 EA 66 34 50 28 A5 05 4E 43 4A 28 6A 26 CC 62 6A 6A 86 
[  150584] ch50 r0 a3: 92 0D 42 88 04 82 02 5A AB 44 A5 62 A4 AD 15 44 48 8B 54 A9 49 01 2D A9 48 2D 2D 4D 2C 25 9B A4 
[  150614] ch50 r0 a3: 4C 55 06 B2 5A 2B 09 44 AA AA 6C 40 86 4A 95 2C AA 56 A0 EB 4A 48 36 A2 45 2D 65 54 8A C0 C2 D5 
[  150713] ch50 r0 a3: 08 4D 15 45 B5 95 14 B4 25 35 6B 34 4A 9A A8 45 09 1A 21 10 05 30 48 A9 4D 0A 15 5A 30 95 20 8E 
[  150719] ch50 r0 a3: 83 01 5A A0 AA A8 58 CC 82 24 26 A2 A5 D8 90 19 25 5B 2D 4A AB 35 19 D6 06 BB 05 5D 22 20 B5 4B 
[  150748] ch50 r0 a3: 92 80 22 CD 26 55 15 2A 8A D1 60 91 12 A8 92 AA 00 C5 0C 94 25 47 A1 92 B4 CC A4 44 A8 C1 D0 52 
[  150804] ch50 r0 a3: B6 A2 BA 41 55 64 96 52 AE 94 45 2D D4 B9 1C 9D 47 C5 59 56 8A FC 6E D4 2E 8A ED EC A5 6B C4 D6 
[  150814] ch50 r0 a3: A9 48 14 2A 46 91 55 2A 4A A0 00 26 04 51 55 10 A8 42 35 4A 29 4B A2 19 12 54 B1 50 82 A9 AA 02 
[  150819] ch50 r0 a3: 22 B0 95 23 22 28 22 C6 32 8C 13 9A DA F7 7B 47 EF D5 6D 2E 85 35 CD 7C 65 4D 6F B6 EA CE AA D1 
[  150905] ch50 r0 a3: AD 29 69 79 5A 85 A2 24 C8 BB AA 8A A5 40 B2 A5 51 28 69 A4 85 12 06 A6 57 A9 AC 95 14 EA 8B 32 
[  150931] ch50 r0 a3: 94 AD 55 A5 09 A4 25 81 CB 94 12 44 CA A8 2D A2 A9 25 22 96 95 0A 31 3A 8A D2 04 4B 26 A1 29 10 
[  150955] ch50 r0 a3: C2 B6 25 2A 6C 42 A6 AA AA AA D5 50 F4 D6 94 6A AB A4 F5 61 2A 59 58 D4 E4 7A 2D 29 85 69 B5 5A 
[  150968] ch50 r0 a3: 5A 16 95 69 29 AC 0D 34 5E 5A EA A9 AB 6A 4B A3 9A AA CA 34 A9 6B 53 AD 54 BD 29 51 A3 EA 97 4A 
[  150998] ch50 r0 a3: A9 01 52 73 D9 57 CB 4D 4B 4A A1 E4 A5 F1 A4 74 8A AA D6 C9 AB AD 49 0A C2 56 96 B1 2A B5 22 FC 
[  151015] ch50 r0 a3: 41 8C 95 22 0A E8 10 94 4A B5 93 82 E2 33 00 B9 98 AA 9C AB B5 57 CA B7 68 D4 AE 7D 4D 5D 52 C9 
[  151034] ch50 r0 a3: A2 D4 C9 55 A9 44 36 AA 14 82 A9 63 51 56 D2 B9 56 B5 51 AF F6 EC C7 3A B3 AA D5 95 BE B6 B6 77 
[  151054] ch50 r0 a3: 00 00 00 00 00 00 00 00 00 00 00 00 01 3F AA AA AA AA AA FE FF FF FF FF FF FF FF FF FF FF FF FF 
[  151056] ch50 r0 a3: 9D AA A2 50 26 55 32 1A 12 A9 44 53 73 55 05 E1 45 1A FD 02 EB ED 49 16 54 1D DA AD 93 69 29 7D 
[  151067] ch50 r0 a3: 00 00 00 0A 00 00 08 00 00 00 00 00 17 FA AA AA AA AA BA FF FF FF FF FF FF FF FF FF FF FB FF FF 
[  151076] ch50 r0 a3: 00 00 00 00 00 00 00 00 00 00 00 00 00 04 FE AA AA AA AA BF FF FF FF FF FF FF FF FF FF FF FF FF 
[  151094] ch50 r0 a3: 00 00 00 00 00 00 00 00 00 00 00 00 00 01 3F AA AA AA AA BF FF FF FF FF FF FF FF FF FF FF FF FF 
[  151107] ch50 r0 a3: 00 00 00 00 00 00 00 00 00 00 00 00 00 04 FE AA AA AA AA BF FF FF FF FF FF FF FF FF FF FF FF FF 
[  151115] ch50 r0 a3: 00 00 00 00 00 00 00 00 00 00 00 00 00 01 3F AA AA AA AA AA AB BF FB FF FF FF FF FF FF FF FF FF 
[  151120] ch50 r0 a3: 40 00 00 00 00 00 00 00 00 08 00 00 00 05 FE AA AA AA AA BB BF FF FF FF FF FF FF FF FF FF FF FF 
[  151129] ch50 r0 a3: 00 00 00 00 00 00 00 00 00 00 00 00 00 13 FA AA AA AA AA AA FF FF FF FF FF FF FF FF FF FF FF FF 
[  151142] ch50 r0 a3: 00 00 00 40 00 00 00 00 00 00 00 00 00 04 FE AA AA AA AA AA AB FB FF FF FF FF FF FF FF FE FF FF 
[  151168] ch50 r0 a3: 10 00 00 40 00 00 00 00 20 00 00 00 00 04 FE AA AA AA AA AA BB EB FF FF FF FF FF FF FF FF FF FF 
[  151173] ch50 r0 a3: 00 00 00 00 00 00 00 00 00 00 00 00 01 7F AA AA AA AA AA AB BE FF FF FF FF FF FF FF FF FF FF FF 
[  151178] ch50 r0 a3: A1 2A 63 55 55 12 A8 A9 52 A9 5A AA 94 23 55 29 12 84 A1 72 2A 0A 90 54 53 35 1A C4 A5 5C 54 42 
[  151186] ch50 r0 a3: 00 00 00 00 04 00 00 00 00 00 00 00 00 04 FE AA AA AA AA AB EF FF FF FF FF FF FF FF FF FF FF FF 
[  151243] ch50 r0 a3: 00 10 00 00 00 00 00 00 00 00 00 00 01 BF AA AA AA AA AA BA EE FF BF FF FF FF FF FF FF FF FF FF 
[  151256] ch50 r0 a3: 00 00 00 00 00 00 00 00 00 00 00 00 00 00 4F EA AA AA AA AA AF FF FF FF FF FF FF FF FF FF FF FF 
[  151260] ch50 r0 a3: 00 00 00 00 00 00 02 04 00 00 00 02 14 FE AA AA AA AA AA AE AF EF FF FF FF FF FF FF FF FF FF FF 
[  151269] ch50 r0 a3: 00 00 00 00 00 00 02 00 00 00 00 00 00 4F EA AA AA AA AA AA AB AF FF FF FF FF FF FF FF FF FF FF 
[  151273] ch50 r0 a3: 00 00 00 00 00 00 00 00 00 00 00 00 00 6F EA AA AA AA AA FB BF FF FF FF FF FF FF FF FF FF FF FF 
[  151282] ch50 r0 a3: 30 E5 E5 2D 26 AD 6E 56 D5 5B AD 57 AE E5 57 A9 46 A9 B2 AD 2E DB 9B 0F F4 2B 04 AA D3 52 52 35 
[  151282] ch50 r0 a3: 00 00 00 00 00 00 00 00 00 00 00 00 00 13 FA AA AA AA AA BB AF FF FF FF FF FF FF FF FF FF FF FF 
[  151285] ch50 r0 a3: 15 65 15 51 2A 14 48 4A 49 09 61 52 55 52 0A 48 55 AB 5A 48 A9 15 54 DA B5 A6 92 D5 55 45 52 DA 
[  151295] ch50 r0 a3: 00 00 00 00 00 00 00 20 00 10 80 00 00 1B FA AA AA AA AA AA BF FF FF FF FF FF FF FF FF FF FF FF 
[  151308] ch50 r0 a3: 40 00 00 00 00 00 00 00 00 00 00 00 01 3F AA AA AA AA AB FF FF FF FF FF FF FF FF FF FF FF FF FF 
[  151313] ch50 r0 a3: 00 00 00 00 00 00 02 00 00 00 20 00 01 4F EA AA AA AA AA BF FF FF FF FF FF FF FF FF FF FF FF FF 
[  151319] ch50 r0 a3: 44 00 00 10 00 00 00 00 00 00 00 00 00 00 00 00 00 00 00 00 00 00 00 00 00 00 00 00 00 00 00 00 
[  151333] ch50 r0 a3: 40 14 00 00 00 00 00 00 00 00 00 00 00 00 00 00 00 00 00 00 00 00 00 00 00 00 00 00 00 00 00 00 
[  151333] ch50 r0 a3: 02 AA 02 AA A0 00 02 02 05 02 02 A0 20 00 02 00 00 02 00 2B B5 00 00 20 00 00 02 A0 50 00 05 60 
[  151361] ch50 r0 a3: 00 00 00 00 00 00 00 00 00 00 00 00 04 FE AA AA AA AA AB EF FF FF FF FF FF FF FF FF FF FF FF FF 
[  151381] ch50 r0 a3: 61 1A 89 4A 54 42 44 43 55 55 A2 B6 2D C8 AD A9 96 AD 65 66 F5 AB 5A B5 7D 8E 9F 6A E5 25 68 FB 
[  151388] ch50 r0 a3: 2B 7C E8 90 D2 24 D5 AC AD 9B 18 5C 99 54 A7 05 A1 22 A4 10 4A D2 84 12 A6 AA 45 45 46 2B 76 F9 
[  151413] ch50 r0 a3: 69 24 BA A3 94 A8 90 44 08 29 4A 29 A5 4A AA 8E B7 94 D5 9A 57 7D 75 53 55 9A D9 AA C5 55 AA 4A 
[  151419] ch50 r0 a3: 28 98 89 88 15 4A A8 AA A5 5B A9 05 2A C5 9B E5 65 AC 4E 49 CA 6F 67 30 B5 76 A5 69 6D 41 98 6C 
[  151440] ch50 r0 a3: 00 00 00 00 00 00 00 00 00 00 00 00 00 4F EA AA AA AA AA AF FF FF FF FF FF FF FF FF FF FF FF FF 
[  151443] ch50 r0 a3: 9B 15 55 A8 6E E7 3E 4A A5 09 74 95 45 89 19 B5 2C D5 22 62 8A A4 D5 62 95 61 2A A6 A5 15 B7 51 
[  151445] ch50 r0 a3: 14 6C 58 C9 4D 5D 6C AA 55 D3 34 2C D1 A9 57 94 6B 41 41 5B 54 83 92 9D 31 49 22 D2 2A 8A 53 14 
[  151448] ch50 r0 a3: 00 00 00 00 00 00 00 80 00 00 00 00 04 FE AA AA AA AA EA FF FF FF FF FF FF FF FF FF FF FF FF FF 
[  151453] ch50 r0 a3: 80 08 00 02 90 00 05 50 00 01 44 14 00 20 01 10 00 44 20 40 00 04 6C 19 C4 10 B2 32 04 29 12 11 
[  151461] ch50 r0 a3: 00 00 00 00 00 00 00 00 00 00 00 00 00 04 FE AA AA AA AA FF FF FF FF FF FF FF FF FF FF FF FF FF 
[  151475] ch50 r0 a3: 00 00 00 00 00 00 00 00 00 00 00 00 00 04 FE AA AA AA AB FF FF FF FF FF FF FF FF FF FF FF FF FF 
[  151501] ch50 r0 a3: 00 40 02 A0 80 00 02 00 00 00 00 00 05 BF AA AA AA FF FF FF FF FF FF FF FF FF FF FF FF FF FF FF 
[  151519] ch50 r0 a3: 00 00 00 00 00 00 00 00 00 00 00 00 00 00 13 FA AA AA AA BB FF FF FF FF FF FF FF FF FF FF FF FF 
[  151527] ch50 r0 a3: 00 00 00 00 00 00 00 00 00 00 00 00 00 5F EA AA AA AA BF FF FF FF FF FF FF FF FF FF FF FF FF FF 
[  151532] ch50 r0 a3: 00 00 00 00 00 00 00 00 00 00 00 00 01 3F AA AA AA AB FF FF FF FF FF FF FF FF FF FF FF FF FF FF 
[  151542] ch50 r0 a3: 04 89 2A 83 28 59 AE B6 89 2E 20 A4 45 56 D0 5A 25 72 F9 86 88 11 2E A4 32 21 28 A7 55 09 75 4A 
[  151558] ch50 r0 a3: 00 00 00 00 00 00 00 00 00 00 00 00 00 13 FA AA AA AA AA AE FF BB FF FF FF FF FF FF FF FF FF FF 
[  151571] ch50 r0 a3: 00 00 00 00 00 00 00 00 00 00 00 00 05 7F AA AA AA AA AA BF FF FF FF FF FF FF FF FF FF FF FF FF 
[  151582] ch50 r0 a3: 16 14 4A 42 ED 24 21 04 D5 6B 7B B3 AA AB 62 54 52 78 CA C4 12 F5 55 69 95 C4 E8 A6 B2 B7 5D EF 
[  151583] ch50 r0 a3: C2 6B 18 99 50 65 8A A0 84 40 20 02 28 20 57 ED BE DD BD E3 BD FA DD B5 D5 5D B3 BF DE B5 D4 F9 
[  151677] ch50 r0 a3: 92 B5 05 5A 4A B0 A2 46 84 92 A4 2B 15 62 A8 B1 A4 4B 29 44 D4 60 E5 49 41 B5 8A 21 45 22 74 2D 
[  151718] ch50 r0 a3: 21 48 8A 42 88 10 2A 08 80 55 52 8A 60 7A 85 57 53 BD CE EE AB 6A 96 D5 A5 B5 AD 96 22 8D 57 B4 
[  151737] ch50 r0 a3: 00 02 A8 B1 55 D5 D1 35 4D 55 65 12 49 58 95 4A 6A C8 AB AD 56 DD EE CA B5 2F 6F B5 6C BB 5D D3 
[  151739] ch50 r0 a3: 62 52 7B 14 A8 2A AA 54 26 45 74 40 A4 96 8A D4 5B 86 5A 95 39 0A 32 B5 B2 12 33 4A 65 A4 8A CC 
[  151740] ch50 r0 a3: 52 A9 22 25 00 C2 A2 91 68 10 A9 29 14 42 95 80 17 55 14 8A 49 45 08 0D 28 48 52 55 09 13 14 D1 
[  151746] ch50 r0 a3: 55 2A 05 1D 40 A9 95 0A 41 A9 60 96 94 51 2D 54 35 2A 92 E6 85 59 12 41 11 55 55 23 A4 AA C5 AA 
[  151806] ch50 r0 a3: E0 A1 F6 55 0A AD 65 E5 6A D0 9D 9A 6B 92 95 B4 AB 4A ED 65 A6 B5 AB 8A 54 A5 55 2D 55 01 4D 62 
[  151816] ch50 r0 a3: C1 42 88 AA A9 21 02 90 A5 6C 85 48 A8 52 A4 A4 A8 29 49 42 A4 C8 53 04 3A 92 24 6A 42 89 88 98 
[  151852] ch50 r0 a3: AA 96 EA AD 89 54 94 AA 66 D2 D2 D1 72 AD 76 B5 52 C8 A5 22 A5 22 63 10 8C 14 94 13 53 25 54 AA 
[  151864] ch50 r0 a3: 96 BD 43 2E 88 A5 3F BB 3A 29 3E 65 63 09 7A A0 B5 C8 E0 3C 43 4D 82 52 55 FC 3C 7B 62 82 AB F9 
[  151869] ch50 r0 a3: C5 14 AA A8 AA 74 CB 63 A8 A9 53 E2 4F BD 59 B2 AA 8D 2B 56 DA D5 58 B6 AA B5 56 4E D9 A5 B5 44 
[  151902] ch50 r0 a3: 00 20 50 04 0A 01 29 81 6C EA BF FF A1 EE 4F 4A A4 B5 7A AF 5E 69 55 3A 69 75 5E 6F 52 A9 A2 EF 
[  151906] ch50 r0 a3: 5E DD 1D 51 B3 60 2A F7 3A 6D E4 F6 79 05 60 41 60 DA 51 B5 D4 2D 0A 40 DA BC AA 45 EA 05 20 D5 
[  151934] ch50 r0 a3: 20 85 24 44 2B B5 A9 8E 5D AA AA 29 52 A2 A9 51 05 92 1A D1 25 BD 5B 2D 4C 42 26 55 51 74 96 16 
[  151951] ch50 r0 a3: 0C 8B 65 54 D1 A8 A5 2A 5F 12 31 62 9A A4 84 3A EC EA 95 2A B5 9A AD D6 AA D5 02 80 A1 0D 34 09 
[  151978] ch50 r0 a3: D4 B6 92 8A DA 92 91 6E B1 6E CD A5 58 48 FA 4A 5D 4E C9 D9 2D 5A 07 5F 2A DA A2 CB 73 2D 6B 75 
[  152007] ch50 r0 a3: A4 94 86 E7 E9 6E 17 8F 6E 9B BA EA B5 BD B5 7B AC 25 75 BC 8B 7B 53 1A AA E9 5D 7B 7F F7 5D 4D 
[  152033] ch50 r0 a3: 36 A1 84 A8 18 31 4C B1 49 25 62 2A 85 05 25 6B A0 A5 A0 02 29 82 29 81 57 9B 9A AE AA D5 C9 45 
[  152056] ch50 r0 a3: 44 01 D2 51 98 10 41 26 B0 48 2D 12 62 C5 C1 54 7A 0A AD A3 CB 24 1B 35 A5 1B 8C 98 4C A8 89 6D 
[  152059] ch50 r0 a3: AA F1 F2 AB 41 53 8E 5A 51 92 9E 0B 86 03 15 51 7B 09 41 62 8C 84 02 32 48 16 A0 CA 10 91 D2 E2 
[  152070] ch50 r0 a3: 43 3B AA CE 53 29 71 0C AA DA 5A 95 4A E5 8D 5D 5B AD DA 92 B1 4A 2B 65 36 56 CE AA 8D 55 5B 3F 
[  152142] ch50 r0 a3: 5D 5A 12 8C 02 50 00 50 20 44 88 42 41 1A 46 D3 56 AA 84 24 5A 54 1B 4A 05 94 D5 D1 26 89 10 85 
[  152170] ch50 r0 a3: 0A 18 95 AB 15 08 4C 9E DD BE BD AF 4C B8 89 9A 9C F6 85 5F 6C 08 98 22 EB 60 AF E1 DE 08 DC 7F 
[  152195] ch50 r0 a3: FB FD FC B6 BB FF 85 52 33 6A EA B5 08 AA 13 6A C8 86 2A 68 AA 92 AC A5 58 BE 6A CA A8 26 D4 CA 
[  152208] ch50 r0 a3: 90 B8 48 22 93 14 90 A9 6B 44 C0 B8 65 94 40 11 29 65 20 4D A4 81 4E 20 04 91 8B 25 02 9A 6A D5 
[  152286] ch50 r0 a3: 03 42 10 AA 64 95 12 50 08 24 41 4A 21 4A A8 45 55 15 55 41 A6 20 D4 BD 08 AA 82 6A 45 49 A9 18 
[  152318] ch50 r0 a3: 46 40 A8 92 21 24 97 2A 42 51 52 55 D9 CB A7 4E 63 4D 04 0E 8C 63 75 11 53 54 A8 5E B1 25 94 9A 
[  152324] ch50 r0 a3: 68 55 28 67 65 24 EC 95 49 2A 55 21 12 92 AA B9 55 28 89 52 C5 38 85 52 55 50 E2 A4 A2 48 B2 92 
[  152356] ch50 r0 a3: 52 D5 29 2A 10 55 35 56 B3 6A BA 89 DC 76 C2 5A 50 E6 92 DB B9 C5 75 5B AA A9 5B B6 D6 B7 2C 37 
[  152361] ch50 r0 a3: 59 22 65 2A 95 44 D5 A8 AB 44 40 BA A4 B2 6D 15 E2 D1 AB 14 B5 9B 2E A2 CE A9 22 10 AA 2B 56 B7 
[  152362] ch50 r0 a3: 2C 92 F8 83 17 5B 02 22 63 E8 A8 E4 39 68 73 65 3B 42 FF 21 B1 92 55 5C 36 80 A4 44 55 4A B2 A8 
[  152363] ch50 r0 a3: 22 89 01 26 2A 04 68 A4 94 24 42 02 09 0A 44 04 C5 08 21 0A 51 24 8A A5 02 69 40 85 2D 2A 05 15 
[  152364] ch50 r0 a3: 00 4D 94 A1 8A 08 F6 85 4B 4A 03 0A 90 26 00 A3 26 4C AD 55 44 8A B1 51 55 69 1C 7D 12 A4 9C EA 
[  152471] ch50 r0 a3: 4D 8D 16 55 95 96 95 0B 54 AA F2 B7 65 6A 2A D6 8B AA A3 99 63 32 94 B2 94 45 2A 66 EB 0B 6A C0 
[  152491] ch50 r0 a3: 80 D0 A4 A8 6E BD AA BB 5B 79 6C 6C 56 AD 9B D5 AA AA 56 2B 55 AA AB DA AB 65 2D 54 09 06 C9 A5 
[  152499] ch50 r0 a3: 15 46 53 C0 92 8A 92 A4 74 20 82 91 10 86 49 5D C5 4F 44 9A 15 2A 52 71 9D 89 B4 80 D4 94 56 A9 
[  152535] ch50 r0 a3: 14 94 A8 A9 61 80 E0 62 22 82 A2 AA B5 55 25 1A AA A2 C3 B3 03 0A 53 B2 D3 C9 56 A9 4A AE DA 14 
[  152561] ch50 r0 a3: 03 58 ED 25 11 2B 8D 2B 4C 86 AB 28 B4 20 91 29 56 43 34 48 DA 55 49 69 54 91 D2 52 CB 2A 1A 34 
[  152587] ch50 r0 a3: 05 41 B4 F1 49 70 5E D5 2E 3C 25 59 55 DD F5 5D EE 8A A8 BE CD 96 56 AD 57 A5 66 5A E5 9D B5 AB 
[  152599] ch50 r0 a3: 25 03 1D 04 01 32 85 09 11 10 01 C4 46 D3 48 2B 49 4A 89 2C 80 11 30 12 A0 52 D5 26 A6 D8 2C 2D 
[  152628] ch50 r0 a3: 02 41 45 44 91 25 3C 49 B0 A0 A4 92 1A 81 22 8C 80 29 51 06 A5 5C 45 82 10 19 73 66 D5 BA 5B 6B 
[  152649] ch50 r0 a3: 0A 17 17 02 D2 73 DA 15 69 2A DC 75 1C 62 C1 00 2A 69 AD EE B5 2D D7 36 BE 55 CE D5 5A 95 D2 AD 
[  152659] ch50 r0 a3: 04 D4 D5 C1 9A 94 B5 85 56 28 04 A6 AC A4 B2 3B 06 CA 72 9A 15 71 28 CA 79 0E A2 89 60 26 2A 56 
[  152666] ch50 r0 a3: 25 82 09 55 12 89 55 62 89 12 10 84 A4 A9 49 15 61 54 A5 02 09 02 AA CE 77 77 17 AA A4 35 6A 74 
[  152755] ch50 r0 a3: 05 C0 15 DE 94 ED AD 39 4A A5 5A A5 7A A3 AD 36 D4 DF EF AD CA 6A AC 56 AF 6D 52 E9 6E AF E5 55 
[  152770] ch50 r0 a3: 5A E2 C4 48 89 72 92 14 4C 49 36 77 35 41 1A 5E 4B 4A AB 6A B4 B5 6E D3 DB 65 AA 6D D2 BC 6A 2A 
[  152793] ch50 r0 a3: FB 0A 59 4B 28 D8 41 26 AB A9 41 AA 6A 20 4A A2 88 28 94 D2 BA 8B 25 8B 28 9C E1 52 94 A4 2A 2B 
[  152827] ch50 r0 a3: 00 1A AF 4A 80 4D 54 6C BB 52 AD D6 D5 54 09 06 57 CC 51 60 52 19 0F 7B 4A 22 86 EC 25 84 45 06 
[  152835] ch50 r0 a3: AA DD 44 C9 A5 A9 29 CA 49 5A D9 75 54 A2 17 04 B2 A5 97 76 49 6B 6B 14 F5 CE AA AA 8C AA 8D 6B 
[  152873] ch50 r0 a3: AA 26 81 42 9A 24 12 92 2E E1 E9 64 22 ED AA 40 89 08 5D 88 50 C2 4E 94 8A 58 29 20 C5 A9 22 0E 
[  152879] ch50 r0 a3: 00 00 B9 45 43 20 C5 6C 1A 89 8B 41 BC 19 A1 D2 40 4A 2A 02 AC A5 19 82 E3 B0 37 96 48 FA A6 94 
[  152914] ch50 r0 a3: 11 A6 A9 42 8D 29 65 55 52 94 99 B0 96 E5 85 81 B5 56 42 C8 B1 85 2A 5C 32 25 55 5A 62 5B 19 52 
[  152993] ch50 r0 a3: 01 46 12 DC 44 95 64 A7 55 A0 AD 52 02 A2 48 44 51 CA BA 20 26 28 C5 58 85 22 49 0B 25 35 44 15 
[  153018] ch50 r0 a3: 00 81 50 40 28 4A 82 54 18 AA A6 8A 8B 76 E8 AA C3 A5 6A 97 1D 32 43 55 6E D1 A9 34 95 56 49 04 
[  153063] ch50 r0 a3: DA BA 92 4A 1E A9 54 55 66 AA 2A 1D 5D AA 88 C5 93 4A CA 09 5B 4A 6A 24 E2 B5 08 4B 2D AB 56 4B 
[  153071] ch50 r0 a3: 12 42 14 BA 43 49 54 4A B6 A8 89 A9 B7 0A DE E4 AE 6F B9 96 A5 6F 2A C9 62 95 45 45 DA 46 9E 9A 
[  153097] ch50 r0 a3: 6B 2A 3A 89 53 A8 92 46 52 A9 29 4C A4 89 50 0A 8A B8 10 51 09 90 48 08 6A 1C 09 4A 4B 22 84 C5 
[  153153] ch50 r0 a3: 50 20 15 42 92 88 24 84 00 55 91 42 2A 65 2E 82 86 89 28 36 D5 55 AF F5 59 AB 1E 67 FD 87 DF EB 
[  153196] ch50 r0 a3: 29 5A 48 AB 15 B4 68 C2 AD 26 3B 14 44 61 74 A9 0C 33 19 04 63 05 15 11 11 97 51 2C A8 55 74 A9 
[  153204] ch50 r0 a3: 40 24 51 9A A4 54 B4 0D 44 2A 44 88 A1 21 54 A6 AC 08 48 8A 4A A3 52 11 4A 51 50 21 33 32 C1 46 
[  153236] ch50 r0 a3: 92 A9 6D EA ED 55 15 B4 39 4D 9D 54 5B AC 57 9C 05 5E DB 95 55 B9 09 AB B9 22 57 35 50 A5 06 8A 
[  153241] ch50 r0 a3: F5 64 DE 49 0A A5 14 29 65 14 20 A0 DD 5D EA A6 C5 24 CF 5D 29 AC AA DB 62 5A 5B A5 56 D8 A1 AA 
[  153248] ch50 r0 a3: 04 88 81 4A 45 50 82 90 00 14 28 A2 94 CC 22 02 A4 2A 00 82 12 4B 25 52 84 90 D0 84 04 44 11 52 
[  153254] ch50 r0 a3: D0 A2 45 46 82 A0 94 D3 56 0B 49 20 48 53 24 85 48 AA 10 0B 08 22 A5 4A 29 AA AB EA 28 01 54 28 
[  153308] ch50 r0 a3: A4 15 A9 54 84 A5 42 02 99 2A C5 E5 4A 62 96 AD 76 2B 75 59 4A 5D 17 2A 2A 53 F9 B6 4D 2E 4A AA 
[  153341] ch50 r0 a3: 80 1E 80 94 28 19 04 24 81 94 14 94 24 51 06 06 A0 00 80 41 20 20 92 29 64 01 02 00 50 14 08 00 
[  153400] ch50 r0 a3: 95 80 00 00 20 00 44 50 16 D4 25 2B 5A 89 65 45 80 4B 4B 40 8D 11 2A 2B 74 CC 8A A8 85 6A A5 52 
[  153420] ch50 r0 a3: 55 D4 5B 4C 6B 29 69 6A B5 2A 8D 6A D6 F1 6A AD AD 4A 21 D4 D5 5A C5 D2 6A A2 55 42 A1 2C 8A 15 
[  153425] ch50 r0 a3: AB 24 A9 BB DD 96 37 EA AA F4 18 88 89 31 10 AA EA CB 63 A8 D0 18 A8 90 25 4B 42 94 92 24 4D A1 
[  153440] ch50 r0 a3: A5 48 91 B4 2F 6A AA E1 04 F4 AD 6B 16 60 24 50 1A 4B 51 CA 54 62 4A D5 50 20 14 41 52 A8 A5 42 
[  153441] ch50 r0 a3: A8 54 25 4C 42 B8 CD 57 2A B6 42 AA 91 AA 40 93 6A A9 5A 59 2C B4 B5 65 28 55 28 5A 55 52 95 EB 
[  153553] ch50 r0 a3: A1 27 58 04 DA 52 DD 09 21 2A 90 8A 29 2C 40 14 86 30 31 66 10 08 C4 BA 51 52 95 4D 4A D2 C1 A0 
[  153562] ch50 r0 a3: 92 F6 BD 0B 61 D3 65 9A 55 D8 DB 75 B2 AA 32 A5 BC B4 1A DD 37 DC CA 9C A0 B5 C9 43 B5 F6 BA E9 
[  153572] ch50 r0 a3: BE 52 58 D1 51 15 64 82 5E 73 8B 66 4C 41 99 58 A5 55 5D 6A 4B 0D D7 AA B2 C7 3A 7E D5 AD 8A 27 
[  153613] ch50 r0 a3: 00 0C 0A 89 42 A0 50 14 00 80 90 09 12 62 A6 D1 4A AD 15 09 2A 90 B4 12 52 88 A5 29 55 ED AB 31 
[  153651] ch50 r0 a3: 2C CB 12 50 D7 15 5F 94 22 5A 94 85 17 34 A1 45 F2 60 BA 50 0D 56 5E C9 9B 29 56 AA 6A 8A 92 81 
[  153662] ch50 r0 a3: 54 52 46 25 4E 80 11 5A 3A 49 92 86 6B 49 32 50 15 92 91 54 55 82 14 A0 2A 85 02 04 91 22 50 55 
[  153681] ch50 r0 a3: B2 2C A4 25 AB 53 53 12 14 A4 D3 02 49 64 A2 4A 08 48 A1 28 88 38 90 42 A1 55 09 26 99 52 53 25 
[  153699] ch50 r0 a3: 81 55 50 5A 4E B4 8F B9 4B 45 25 51 54 92 8A 95 51 A9 91 49 CE D4 25 4C 93 2B 6A 28 B1 52 29 59 
[  153797] ch50 r0 a3: 40 54 94 C1 5A 9D F6 82 54 4A D4 6A 63 BE D5 53 5E EA 43 12 94 6E B6 AC A4 E9 95 20 52 52 B0 DC 
[  153853] ch50 r0 a3: A4 B5 35 55 79 3B 16 AD 5A EA F9 1B C7 AD 3E 9B E9 1E AF AB 53 B4 B6 AD C2 5D 01 EE 77 5F 55 DD 
[  153858] ch50 r0 a3: 40 22 4A 80 92 C6 A0 5A 28 92 89 28 B5 CD FD 39 71 69 48 90 51 72 BA 43 27 54 92 A0 54 E1 52 14 
[  153868] ch50 r0 a3: 90 82 20 64 15 22 A0 51 25 61 50 82 52 40 01 00 80 08 00 20 21 50 A1 AE D8 2B 48 80 44 C2 55 2A 
[  153869] ch50 r0 a3: C3 13 F5 64 AA AD 77 AD C6 D5 DA D6 DB 5A D5 C9 28 91 6B 26 B3 48 95 92 94 A1 2D 52 5A B7 52 46 
[  153870] ch50 r0 a3: 50 99 2A 49 2A A1 10 14 55 79 2D 0C D0 8B 8D 58 BA E7 28 B4 88 94 CA CB 23 4A C9 B5 24 AD 5A 91 
[  153879] ch50 r0 a3: 55 48 BB 19 95 15 41 51 4D 69 15 2A 29 54 AA 2C A9 0D 4C 32 4A 6C 92 55 22 52 64 9B 68 A8 A4 45 
[  153963] ch50 r0 a3: C3 AE 32 0A 99 1A AD 4A 2A D4 01 12 11 4A B5 34 85 4C 80 04 11 40 10 42 14 44 80 8A D1 01 83 22 
[  153965] ch50 r0 a3: 95 15 D6 BC B2 20 A4 8A 4C 57 35 A5 5B 2E 89 E1 64 F6 E5 9A 19 B2 A1 57 2A A2 A9 D3 7D A8 AC 89 
[  153967] ch50 r0 a3: 08 AA 55 18 3A B4 E2 F5 47 42 A5 C2 5C B3 13 7D B6 50 4D 2A 47 71 8C B4 B2 45 52 B4 52 62 6A 8D 
[  153990] ch50 r0 a3: 59 1A D2 73 90 03 54 A5 45 11 A4 00 5A 22 14 11 48 51 88 2A 68 88 8A 25 34 37 36 2D 90 A9 21 24 
[  154036] ch50 r0 a3: 67 8B A9 CB 26 2A FA 57 D3 DC 0C AF A5 2B 4E 47 A9 82 85 03 74 9D 60 22 B3 BE 2E 57 BA 74 A2 62 
[  154062] ch50 r0 a3: 12 95 28 40 A8 44 5A 4A D4 29 17 54 95 2C 54 55 5F 72 6B B5 AD D9 57 6B AB 31 55 90 64 EA 6A C9 
[  154072] ch50 r0 a3: C2 6B 50 91 60 65 0A A0 1A A9 C7 08 71 C0 0D A7 6F DD DE EC F5 FF FD FB FF 6A BB DF FD DB F5 3F 
[  154072] ch50 r0 a3: 11 0E 04 80 40 22 B7 DB EE BE EF FF 56 DC FB B5 B5 7F 52 77 5D F7 ED 7B B7 7D AB 5F FF 5A BA DF 
[  154142] ch50 r0 a3: DA B5 49 6D 21 48 AA 49 5D 40 2B A5 2B 6D 55 92 6A A2 69 15 52 A4 A9 7B 55 34 82 A6 4D 2A B4 C2 
[  154191] ch50 r0 a3: A8 4A AB 55 2D 9A A0 E9 00 A3 4C 4A 94 AD A8 52 56 9C B6 E5 74 D5 08 C8 A8 C8 A5 54 55 76 54 D5 
[  154225] ch50 r0 a3: E6 A1 A5 26 AA A2 5B D2 6A 66 6E 4E 69 76 AA B4 59 5B 51 21 56 6A D9 0A 5A 75 29 56 8A 96 55 2B 
[  154230] ch50 r0 a3: 42 24 09 14 25 04 3A 40 44 14 48 52 00 95 50 22 2B 4B 52 75 56 67 5A AA AA 85 5A 69 25 AC B3 78 
[  154293] ch50 r0 a3: 00 10 00 00 00 00 00 80 00 00 00 00 24 FE AA AA AA FF FF FF FF FF FF FF FF FF FF FF FF FF FF FF 
[  154298] ch50 r0 a3: 00 00 00 00 00 00 00 00 00 00 00 00 17 FA AA AA AF FF FF FF FF FF FF FF FF FF FF FF FF FF FF FF 
[  154318] ch50 r0 a3: 0A AA 8A AA A0 00 15 0A 8A 8A 13 17 A1 D4 AA A5 5A D5 01 55 55 00 00 A0 00 01 0A A0 A0 00 00 A8 
[  154318] ch50 r0 a3: 00 55 40 AA 85 15 4A AA 00 01 01 00 01 15 01 00 24 80 08 29 20 00 10 02 80 0B 00 10 00 00 00 00 
[  154322] ch50 r0 a3: EA AA EB FE DB BF 6F BF EF FE F7 FD FE FD FE EF 5F BE FF DF FF FF F7 FF FF 7F FF DF FF D7 DF FF 
[  154324] ch50 r0 a3: 00 00 00 00 00 40 00 00 00 00 80 00 00 05 FE AA AA AA FF FF FF FF FF FF FF FF FF FF FF FF FF FF 
[  154332] ch50 r0 a3: 10 00 00 80 00 00 02 00 04 00 02 00 00 4F EA AA AA FF FF FF FF FF FF FF FF FF FF FF FF FF FF FF 
[  154343] ch50 r0 a3: 8E 11 33 30 A2 0A 48 4D 29 2A B6 24 58 CA 11 49 50 A0 A1 28 AA 55 14 12 89 55 A2 4E 02 49 42 A0 
[  154359] ch50 r0 a3: 44 00 00 00 00 00 00 00 00 00 00 00 00 04 FE AA AA AE FF FF FF FF FF FF FF FF FF FF FF FF FF FF 
[  154385] ch50 r0 a3: 00 00 00 00 00 00 00 00 00 00 00 00 00 00 01 3F AA AA AA AA FF FF FF FF FF FF FF FF FF FF FF FF 
[  154388] ch50 r0 a3: 00 89 0A 28 04 01 09 02 00 0A 00 00 94 04 15 08 80 22 10 14 02 A4 42 94 84 00 04 20 08 00 22 20 
[  154390] ch50 r0 a3: 00 00 00 00 00 00 00 00 00 00 00 00 00 04 FE AA AA AA FF FF FF FF FF FF FF FF FF FF FF FF FF FF 
[  154403] ch50 r0 a3: 00 00 00 00 00 00 00 00 00 00 00 00 4F EA AA AA AB FF FF FF FF FF FF FF FF FF FF FF FF FF FF FF 
[  154416] ch50 r0 a3: 00 00 00 00 00 00 00 00 00 00 00 00 00 01 7F AA AA AA AA FF FF FF FF FF FF FF FF FF FF FF FF FF 
[  154427] ch50 r0 a3: 4A 54 51 48 8C 95 4A 28 82 6A C2 D1 54 CD 42 4A 85 66 C5 61 A8 2B 4A 96 0B 29 14 A4 A8 23 00 A6 
[  154458] ch50 r0 a3: FC 29 52 24 AA F2 8A A5 AB 13 C2 A8 B2 D9 95 55 50 A2 A5 55 22 4F 0E 16 30 22 32 D4 D6 EC 58 CB 
[  154463] ch50 r0 a3: 2D B6 97 B4 AF 99 6E 2D 09 19 50 A9 0A 34 81 0E 8E 42 DC AA 50 EE 12 0D 7E B8 93 E5 55 A5 4C 28 
[  154473] ch50 r0 a3: 24 AA AA A2 AA A6 B5 55 55 55 55 55 55 54 00 80 00 80 00 00 00 02 80 02 00 00 00 01 BF AA AA AA 
[  154477] ch50 r0 a3: 00 00 00 00 00 00 00 00 00 00 00 00 00 04 FE AA AA AA BE FF FF FF FF FF FF FF FF FF FF FF FF FF 
[  154493] ch50 r0 a3: AA 29 56 41 52 90 9B 2C B4 5A 62 D4 A8 0A 84 29 A1 4A 6B 68 E1 2D 45 09 85 25 46 E9 4B 9C 95 22 
[  154509] ch50 r0 a3: 20 52 06 41 51 92 20 00 84 27 50 A5 81 11 0D 64 00 4C 5C 7A 51 80 17 54 25 47 90 C2 B0 4A 12 84 
[  154531] ch50 r0 a3: 90 49 00 48 00 10 10 92 91 01 08 80 B4 08 0A 42 0A 04 00 02 80 0C 02 06 11 30 00 01 04 12 11 4A 
[  154539] ch50 r0 a3: 00 00 00 00 00 00 00 00 00 00 00 00 00 01 3F AA AA AA AF FF FF FF FF FF FF FF FF FF FF FF FF FF 
[  154543] ch50 r0 a3: 00 00 00 00 00 00 00 80 00 00 00 00 00 4F EA AA AA AF FF FF FF FF FF FF FF FF FF FF FF FF FF FF 
[  154565] ch50 r0 a3: 00 00 00 00 00 00 00 00 00 00 00 00 00 05 FE AA AA BB FF FF FF FF FF FF FF FF FF FF FF FF FF FF 
[  154570] ch50 r0 a3: 00 00 00 00 00 00 00 00 00 00 00 20 00 4F EA AA AA FF FF FF FF FF FF FF FF FF FF FF FF FF FF FF 
[  154576] ch50 r0 a3: AA A9 93 06 08 48 AD 21 A4 D4 6C 21 53 35 35 5D B6 7A F5 BD 72 3A AC D5 6F 76 B4 AD 4D EE 58 EA 
[  154591] ch50 r0 a3: 00 00 00 00 00 00 00 00 00 00 00 00 05 3F AA AA AB BF FF FF FF FF FF FF FF FF FF FF FF FF FF FF 
[  154604] ch50 r0 a3: 00 04 80 00 00 00 00 00 00 01 08 00 00 13 FA AA AB FF FF FF FF FF FF FF FF FF FF FF FF FF FF FF 
[  154609] ch50 r0 a3: 00 00 00 00 00 00 00 00 00 00 00 00 00 04 FE AA AA BF FF FF FF FF FF FF FF FF FF FF FF FF FF FF 
[  154661] ch50 r0 a3: 48 0D 44 6D 54 2A 83 44 94 5D 3C 82 A5 2D 65 24 68 56 A5 1A AD 08 72 AA 54 15 68 44 A9 00 90 8A 
[  154667] ch50 r0 a3: 00 00 00 00 00 00 00 00 00 00 00 00 00 01 7F AA AA AA AB EF FF FF FF FF FF FF FF FF FF FF FF FF 
[  154671] ch50 r0 a3: 00 00 00 00 00 00 00 00 00 00 00 02 00 13 FA AA AA AA BF FF FF FF FF FF FF FF FF FF FF FF FF FF 
[  154677] ch50 r0 a3: CC 7D 26 D2 55 20 81 35 28 82 98 D4 0C 61 51 52 2C 91 3D 5C 91 2C A4 C8 0A 55 53 AA 96 A9 17 2A 
[  154683] ch50 r0 a3: AB FB BF FD 24 B9 A4 D5 5A AA 9D 55 3A B6 DB AD 57 56 6D 72 B9 94 AA AE DD 4A AB 54 B4 A5 4A 9D 
[  154684] ch50 r0 a3: 10 00 00 02 00 01 00 00 00 00 00 00 00 17 FA AA AA FF FF FF FF FF FF FF FF FF FF FF FF FF FF FF 
[  154689] ch50 r0 a3: 44 52 94 96 91 74 B1 26 65 25 5C 22 98 AD 4A 6B B6 C2 89 A9 29 4C 95 0A AA 54 DA 74 C5 12 B6 54 
[  154691] ch50 r0 a3: 92 2D 66 28 B6 4C 49 2A 85 54 92 95 56 55 69 4D 45 59 93 C2 9B 54 99 3A AC A8 A9 44 56 A6 59 AA 
[  154711] ch50 r0 a3: 00 00 00 00 00 00 00 00 00 00 00 00 00 13 FA AA AA AA AF FF FF FF FF FF FF FF FF FF FF FF FF FF 
[  154719] ch50 r0 a3: 00 00 00 00 00 00 00 00 00 00 00 00 17 FA AA AA AA BF FF FF FF FF FF FF FF FF FF FF FF FF FF FF 
[  154722] ch50 r0 a3: 02 EE AB AC AA DE DA EE B7 B7 76 AA F7 BF 5F 75 DE AA AB 55 55 AA A9 B5 56 B2 BB 29 A9 B5 5B B5 
[  154728] ch50 r0 a3: 29 60 B9 76 BF 2F 6B 60 9A 49 23 37 84 93 97 58 88 35 64 6D 7D 6A A5 5A 2D 1B 8C 5C 4D 2A A9 D7 
[  154732] ch50 r0 a3: 00 00 00 00 00 00 00 00 00 00 00 02 00 4F EA AA AA AB EF FF FF FF FF FF FF FF FF FF FF FF FF FF 
[  154737] ch50 r0 a3: 00 00 00 00 00 00 00 00 00 00 00 00 00 4F EA AA AA AA BF FF FF FF FF FF FF FF FF FF FF FF FF FF 
[  154760] ch50 r0 a3: 90 AB A4 2A 2C 6F DD 6C AA A5 42 A7 2F 45 8B 6D AA 26 99 B1 64 86 9A 95 7C A2 DD 37 6B 52 FE A4 
[  154772] ch50 r0 a3: 00 00 00 00 00 00 00 00 00 00 00 00 00 00 5F EA AA AA AA FB FF FF FF FF FF FF FF FF FF FF FF FF 
[  154819] ch50 r0 a3: 19 A1 32 04 5D 59 44 36 0C A5 94 D4 A8 72 83 02 5A 14 A4 15 72 18 96 4A CC 13 C5 28 54 82 CC 6E 
[  154835] ch50 r0 a3: 00 02 D4 22 AB 9A 9B 45 A4 AD A8 A7 21 15 92 44 A9 A1 15 2B B3 5A 2A 92 AA 68 EF 6B CA 55 23 AD 
[  154850] ch50 r0 a3: 55 5A A1 A2 A5 92 57 B7 BA A5 76 96 92 55 55 64 B4 6D B4 55 6A 89 56 D6 9B BA D1 A5 49 14 D2 6B 
[  154917] ch50 r0 a3: 05 14 B5 0A 4D 45 5B DA AF 59 65 30 A5 D6 9A DF 90 C4 B5 B5 4A 94 95 D5 A4 D4 72 CB 27 5D C9 55 
[  154929] ch50 r0 a3: 94 48 70 52 BA 50 20 50 08 08 A4 01 54 92 23 B5 15 82 42 32 43 24 2A 44 49 4A A5 09 52 21 06 AA 
[  154976] ch50 r0 a3: BA AC AC 89 AD 39 75 94 9A 4A 4B 5A AA A9 A4 9A 50 52 A2 B4 D5 5A B4 8D 9A 74 EA A8 2E AD AD 55 
[  154983] ch50 r0 a3: 02 84 50 B0 44 A5 28 45 04 8A 12 58 35 02 52 4A 0A 15 05 99 32 A0 42 40 54 04 42 40 54 A4 8A 24 
[  155006] ch50 r0 a3: 51 00 24 28 00 A2 22 8A 56 02 91 52 00 02 21 20 10 92 24 10 16 A8 02 00 48 90 C2 48 15 04 25 04 
[  155013] ch50 r0 a3: A5 5D 99 4A 2F D5 56 37 2D 55 A8 AB 6A DA AA D5 53 7C B5 4A 55 05 6A 4B 02 01 CC D6 B6 4F 47 AE 
[  155030] ch50 r0 a3: AC 08 D4 D1 A2 95 53 76 D5 6F D5 57 D5 51 5A B5 57 37 39 6B 5A AB DA BB 51 AA 5E 68 1B 1B 2D 56 
[  155073] ch50 r0 a3: B5 49 E9 2A 92 50 2C CA AD 2D 23 62 8A 52 09 B1 55 36 24 C6 CA 25 AD A6 69 CC 91 7B 4A 23 5A B8 
[  155088] ch50 r0 a3: 42 A5 AD 41 B0 D6 88 55 A0 CC A4 A4 BB 49 AD 54 AB BA 84 E3 49 14 9D 25 46 CA 93 45 1C AA A8 48 
[  155094] ch50 r0 a3: 14 08 A2 40 D4 12 19 4C 68 95 40 95 21 59 10 15 25 53 A5 04 15 FA EB A5 3E AE BC 55 58 EA CA A7 
[  155107] ch50 r0 a3: 37 35 0A 48 D3 44 5B B0 30 4D 2B 6A A5 28 DA 14 6A 44 96 D5 0B 6A 54 8A 92 36 AC 28 2E 82 D2 D5 
[  155130] ch50 r0 a3: 25 EF EB A6 B4 95 AE 12 A2 D5 25 19 5D 53 4E C8 25 29 53 31 25 04 9D 54 13 6D 51 8A 22 AF 84 4A 
[  155168] ch50 r0 a3: A4 78 97 12 AB 6B 5D 55 A6 6A EB 4A A0 AF BA 8A 96 B3 AA CA AB B2 B2 92 76 BB 2E 76 E2 5D 9B 71 
[  155179] ch50 r0 a3: 51 5B A6 44 4A 10 A1 24 2B A2 8D 10 55 55 6C 5A 2D 0A 40 D4 2A 49 65 0A D4 4C 88 D0 85 97 1B 85 
[  155203] ch50 r0 a3: 04 54 90 8B D5 DB 46 94 95 CB B2 D7 5F 55 51 69 F6 DA DA 51 DF 7B D2 2D 9F CF 8D 37 D2 E5 F5 BD 
[  155233] ch50 r0 a3: 21 55 6D 24 A4 7D C4 7F 9B 5A 49 24 25 51 1B 7A A8 A5 4C C6 69 4C 49 96 52 54 AD 26 B2 AC A6 53 
[  155244] ch50 r0 a3: B2 84 4C B2 4B 84 60 4A D9 1B 2D 28 6D 27 5A A9 43 44 A6 5A A6 55 CA 45 55 45 15 A9 07 52 A9 14 
[  155307] ch50 r0 a3: A3 68 AA 90 45 2A 21 53 6C A2 25 5A AA BA E5 46 9B 5E 6A 55 6F 6F CB 0A 92 E7 75 2B EA F4 A5 7E 
[  155321] ch50 r0 a3: A9 4A D0 15 B5 52 14 C5 04 2A A1 4A 66 AA 8A 8D 74 49 BF 34 FA A9 D5 24 2E 8A 5A A5 29 7A CA 05 
[  155324] ch50 r0 a3: 88 D4 26 06 8C 05 33 20 3A 1A EB 7B 6C 53 B3 AA 9A AB 5D 55 3D C2 CD 1A CE D5 5C D6 C7 D7 DA D5 
[  155337] ch50 r0 a3: A6 01 4A 6A A2 95 28 8C 51 56 02 90 89 4A 1B 23 70 AF 2C 90 22 60 88 98 B3 5B 06 6C 59 20 41 DA 
[  155349] ch50 r0 a3: 6A CE AC D1 25 52 B5 64 11 49 0A 26 A8 4D 13 73 45 2A 96 DD 55 39 42 88 52 9C 59 16 2E A0 09 15 
[  155352] ch50 r0 a3: 2D 6B 70 1D 54 AA A4 53 55 50 96 55 52 A2 0B DE 5B DA E8 9E 57 2F DA AE 32 A0 02 C4 91 22 DB B5 
[  155440] ch50 r0 a3: 04 EA 92 DF 5B 65 53 2A D3 5B 55 9A 35 3F 5B 34 41 2C 3E C7 9F 5F 2F 4A 77 76 F5 29 DA B5 0E 9A 
[  155565] ch50 r0 a3: 12 91 31 A1 10 05 08 AD 52 88 95 C0 14 45 0D 4C 88 A9 2A A8 CE A1 56 A2 97 CA 09 6B 18 A9 61 51 
[  155606] ch50 r0 a3: 6A B6 84 9D 59 67 25 4D 44 75 0B 0D 60 93 49 52 99 45 17 34 16 49 53 2C 92 B0 74 85 45 10 10 C9 
[  155616] ch50 r0 a3: B9 55 20 45 44 42 4A AA 12 2C A8 86 0C A3 BB 54 FF DA B9 7B CB A2 E7 DB EA 5E AB 5D 19 AD 29 6D 
[  155697] ch50 r0 a3: 54 B4 B5 21 44 D4 05 52 00 92 8C 08 AA 04 48 A9 29 44 21 44 4C A3 07 75 01 A2 22 94 14 C0 08 82 
[  155718] ch50 r0 a3: 49 B0 25 84 44 12 56 95 6A 57 4B 53 54 B8 50 94 01 00 B1 00 92 C4 24 C8 16 30 AA B0 A9 4A 65 B0 
[  155750] ch50 r0 a3: 11 65 AA 4E A6 D9 35 55 BF AA DC 8E B4 65 4A A4 E6 B6 BA D4 5A DF 75 BA EA B6 85 55 8D 35 43 B5 
[  155802] ch50 r0 a3: A8 81 55 08 04 9C 58 8A 50 B6 45 96 A8 4A 55 4B 26 02 8A 6A 20 02 8A 09 42 02 AA A0 34 A4 0D 6A 
[  155825] ch50 r0 a3: 45 24 2C 31 A2 15 14 8C 19 16 89 29 42 2D 04 52 A0 58 7C 19 82 BB E3 A5 2D 29 B2 AB D3 57 4D 99 
[  155852] ch50 r0 a3: F5 64 AA 14 B5 42 EB 5E D0 06 22 8C D5 69 D9 68 D2 95 45 C0 5A AD A9 6D 11 6A 44 55 05 22 94 AD 
[  155862] ch50 r0 a3: AB B4 D4 AA 90 21 42 C4 D1 0F 25 64 92 A5 6A 90 E4 58 21 5A 55 49 2A 4A B3 28 D0 3A 82 2A 69 55 
[  155870] ch50 r0 a3: A9 CA 94 D1 58 98 A5 D5 DA 4B B6 C8 D2 AB 14 ED 2D EA 5A 55 A5 6D D3 49 4A 45 E6 5E 27 67 15 15 
[  155891] ch50 r0 a3: AD A5 44 28 89 44 4A 4B 55 11 58 00 0C 8A D2 2A E9 6B 55 AA 55 65 D0 AE 55 19 58 A1 55 30 51 52 
[  155893] ch50 r0 a3: E4 40 95 53 6A 84 B4 0A 33 42 10 14 95 04 08 63 35 51 54 9A A8 29 24 AE 5C B4 9A 5A 55 30 08 44 
[  155928] ch50 r0 a3: 95 54 92 03 69 6A 1A AA 12 C4 95 5A AA 28 89 00 AA 40 A6 92 64 D9 4C DA A5 54 AB 5B 56 AA 24 0D 
[  156044] ch50 r0 a3: EC A0 CB 4E AC AD 4A AD 54 ED A2 95 B7 AA 52 AA 92 B5 4A 2B 0A 50 D2 6A 2D 28 4A C6 0A 30 8E C2 
[  156055] ch50 r0 a3: 34 D4 CA A5 96 45 2A 88 52 5A 4A 68 D0 26 A4 8C 4A 8E A1 AA 1A 62 4D CA 92 EB 65 94 16 37 2A D2 
[  156081] ch50 r0 a3: 63 12 68 34 26 4D 38 95 49 54 A6 A8 16 AA 29 94 A1 51 DA E3 7A 4A 9B 6D 42 80 08 54 5B D5 3E F5 
[  156130] ch50 r0 a3: 26 52 A6 61 D5 D2 A0 54 94 37 29 AA 86 54 A4 AA AC 56 A1 B5 21 29 09 14 C5 65 09 B5 22 43 56 D6 
[  156137] ch50 r0 a3: A1 8A 81 EC A3 12 4A C4 55 6A C4 89 1A C0 0A F4 48 CC F9 F6 5A 54 A2 52 90 A4 A5 14 A8 98 51 80 
[  156154] ch50 r0 a3: 28 0A 92 2C 7D 18 3A CC 56 8E 99 DB 58 51 B6 A9 29 46 6B 02 07 AC BA AD AB DD 55 6A AD D5 D2 C1 
[  156200] ch50 r0 a3: 90 A2 AA A8 A9 48 59 07 1A A6 5B 58 9D 95 52 F9 26 AB AA AD B9 76 B2 4D 15 59 25 6A 95 6D 55 A2 
[  156203] ch50 r0 a3: E8 44 8A 2D 09 49 95 A3 42 C9 4C A9 3A 1E 20 8C 68 C2 85 4D CD 58 C5 B6 17 AB 15 3A 11 5A A5 A4 
[  156318] ch50 r0 a3: 34 2B 63 BD 55 35 EE BF B6 B5 7B 7D AB 6D 5B AA 2E F4 4B 3B E6 9D 55 57 6D B0 3C DD AA ED 15 78 
[  156344] ch50 r0 a3: B4 B2 44 E8 EA 2C 56 D1 4B 89 7B 25 65 B6 A5 42 B4 D2 DE 2D 28 A2 6D B3 49 AE 92 CC C4 B6 B1 6E 
[  156346] ch50 r0 a3: 01 0A 3C A2 E9 74 4A CC 07 21 61 44 AA 8C 31 E5 28 64 9B 54 C5 AA 9D A2 A2 E8 5A 9D 3B AA 93 A4 
[  156429] ch50 r0 a3: 58 4E 8A A5 0A 36 00 8B 18 44 82 06 48 44 A4 11 10 2A 40 A2 61 43 00 49 04 45 84 A2 BA 36 55 0A 
[  156504] ch50 r0 a3: D2 94 6A B5 13 89 0B 62 1C 28 1A 1B 50 26 18 A9 80 8D C3 66 57 4B 4D C2 17 AD 19 0D 56 94 2A 2B 
[  156536] ch50 r0 a3: 20 2A 25 49 2C 90 8A D9 49 52 95 56 52 D0 A0 AA 55 14 29 AA A5 18 AB DA B7 55 95 65 6B B4 DC 53 
[  156639] ch50 r0 a3: D3 02 80 4A 12 AA 92 02 04 B7 20 4C AA 6A 53 4E A4 BA D6 9D 9A 99 41 A9 A9 25 55 2C D3 B1 4B 68 
[  156678] ch50 r0 a3: B2 52 2A A2 14 88 4E 96 69 43 93 12 54 AD 2B 54 14 A5 33 A5 89 90 C5 40 E8 D5 54 98 AA A4 64 A1 
[  156704] ch50 r0 a3: 58 10 31 D9 98 44 21 32 41 6A FB 59 2A D5 49 A5 82 55 4A B5 2D 6A B5 69 55 4A 9D 52 CA AA 45 59 
[  156712] ch50 r0 a3: CA EA B6 85 45 55 1A 82 AB 5A A1 6D 11 CA CB 52 D9 49 05 3E AD 48 D5 55 7A AC A8 15 5D 14 65 47 
[  156733] ch50 r0 a3: 69 2A A5 48 B1 9C A8 56 A9 6A A2 0E 55 A7 56 AC CD 51 35 55 0D 2B 30 89 11 28 54 A2 A4 A2 D5 24 
[  156738] ch50 r0 a3: 69 26 AC 55 15 72 54 A3 0C C9 69 23 A5 5D 55 26 69 8D 62 A5 A4 AA 65 3A EC 5A B7 4D D5 3B 91 7C 
[  156765] ch50 r0 a3: 28 EA 4A B8 90 94 45 80 0F A0 AC 8A A4 49 30 B5 D4 80 71 D4 2B 69 16 5B 51 8D 2A A4 B5 ED 0A B6 
[  156789] ch50 r0 a3: 42 85 A8 C4 68 29 35 42 A3 D0 AC 95 94 55 45 28 F4 2D 2A 8A 92 8A 55 32 FE 96 89 36 93 A2 94 88 
[  156817] ch50 r0 a3: 92 A8 95 49 55 12 8D AA AA 32 AA 90 48 25 10 A4 A4 25 29 7A A2 A9 2B 6C C5 AA F2 A0 AC D6 76 B7 
[  156832] ch50 r0 a3: A4 22 4A 94 CD 53 3D A6 4A A8 48 4A D3 2D 4A A6 2C D1 B1 AA B5 81 52 84 C4 B5 4A 0C 22 49 53 A5 
[  156898] ch50 r0 a3: 14 89 15 3E BB 5D 5B EE 99 CA BF 73 D4 9F ED B3 5B B3 5E B6 DE EB 29 B7 DB D1 FE 82 5E DF EB AE 
[  156902] ch50 r0 a3: 9A 75 AB 28 92 ED E4 95 3B 16 F7 28 B5 95 34 58 AF 2A 38 92 4A 48 A5 02 AA 9A A6 6A B5 72 BA 16 
[  156922] ch50 r0 a3: CB 24 8D 3E 49 92 A5 9A 16 08 B9 65 5A B5 59 56 2C 5A A9 AD 45 56 61 54 15 A8 AA A8 F4 EA 94 8A 
[  156922] ch50 r0 a3: B4 AA FE DA F6 FE F6 B6 EB F5 D2 BD BA FE F5 AB 7A DA A7 57 D7 FA FF FE DF F2 EA DF BF 5E D5 6F 
[  156928] ch50 r0 a3: A4 86 E5 A6 9A B5 09 90 A5 A9 32 EB 7A F2 B1 4D B5 AE D6 D2 B2 43 AA 99 29 64 55 49 DA AA 31 A9 
[  156987] ch50 r0 a3: 95 45 24 62 48 55 A9 2D 0A D1 51 24 65 20 2D 3B 50 52 0A 35 12 93 4C 45 6A 4A C0 A2 D4 A9 42 D4 
[  156991] ch50 r0 a3: 54 2A 34 84 A5 55 52 21 55 69 6D 4B 65 11 55 52 28 46 9D 56 AE 5F 44 D4 A8 89 C8 4F 69 05 76 92 
[  157016] ch50 r0 a3: 44 A3 02 E2 8B 52 28 8A 98 73 1A 1A B5 53 6B 81 5E A9 59 B5 BA A8 99 08 32 A7 48 5A FD D9 D1 49 
[  157035] ch50 r0 a3: 55 32 A2 96 6A B6 AD AB 09 AA 90 D4 4B 99 45 4A 9A DE 21 D4 F4 B4 91 10 52 80 C9 98 45 47 00 CA 
[  157036] ch50 r0 a3: 25 90 D4 A1 11 52 4A 55 5A AA 28 28 B5 2A 90 1D 55 B6 B4 AD BB 95 3A 96 59 57 5A F9 FA D7 DB 57 
[  157147] ch50 r0 a3: 85 16 5D AB 54 55 4A F6 B5 75 47 55 5B 93 76 AA AD 65 54 D6 93 5B 6B AB A6 A4 FB 56 AA 5D 49 9A 
[  157167] ch50 r0 a3: B2 8A 32 C6 D6 9A 70 E0 2D B4 D5 90 8A 45 95 3A 69 93 78 DB 5E 49 5B 9A 9B 4A B5 E5 9A F5 6E 75 
[  157181] ch50 r0 a3: 87 AA 81 2D A8 39 AA AA 74 62 45 59 2D 54 54 AD 2C D5 4D 43 AC F2 93 AC B4 56 0A BC 2A AA EA 86 
[  157183] ch50 r0 a3: A9 C9 8A 89 05 2E 4A 8A 04 29 85 06 A1 2D 52 49 65 84 4A 21 48 82 02 D5 22 AC B4 56 F1 92 94 51 
[  157400] ch50 r0 a3: 45 52 D0 24 AB AA AD 5A A2 C6 AA C9 C4 6D 06 F6 A9 2E A5 45 61 65 53 D5 4D D7 0A 49 2E A6 E8 16 
[  157405] ch50 r0 a3: C6 9A 6B 3B A9 59 4A A8 85 5A 54 BD CA E9 54 D9 C8 B0 A9 0E D0 A2 86 D9 96 9C 33 5B 52 84 AB 4A 
[  157424] ch50 r0 a3: 91 28 6E CA 04 2A B0 0A CB 21 61 21 49 10 12 48 49 0B 20 25 84 14 22 90 A0 26 13 21 02 CC A9 15 
[  157458] ch50 r0 a3: 66 95 29 0A 71 B2 49 00 D5 66 AD 61 EC 2A 8A 0B 13 B4 8D 3A B0 92 AB 24 AA D2 35 2C 51 D1 A2 5E 
[  157486] ch50 r0 a3: 0D 8D D6 D1 F6 B9 0E A6 4B 5D 85 AA ED 69 53 29 37 96 CA 22 36 91 58 6B B9 1B B7 9F A4 0A 40 47 
[  157506] ch50 r0 a3: A0 5B 49 76 A7 A3 65 21 90 46 AA 35 50 8A 43 6D AA 85 DD 1E 68 B5 55 4A B3 5A 74 91 AB 4A A5 CD 
[  157587] ch50 r0 a3: 91 A6 A9 6A 5A 52 23 54 C4 4C 64 D5 6A A7 D5 54 4D 95 94 10 AA AD 56 65 9A 53 6E D5 D5 8D 6A 26 
[  157619] ch50 r0 a3: 1B 50 A6 12 A4 4C B4 A0 5A 95 7C B9 2D 71 6A E4 B6 DD 46 55 AA F6 B5 20 D5 5D EB 6A B4 92 AA 94 
[  157621] ch50 r0 a3: 26 AA D4 DA 96 35 52 B7 42 A9 29 54 49 64 25 C4 0A C0 A4 4A 0A 27 51 44 CD 54 89 11 51 52 52 92 
[  157634] ch50 r0 a3: EA AB 66 95 BA D7 3A D5 55 8A 76 F4 06 5D AD 6B 54 46 98 AA A2 DE 22 AA 81 42 6A AA 92 6C 4A 32 
[  157650] ch50 r0 a3: B2 96 09 2D 59 F5 F2 BB 56 53 55 2A D7 54 DA 97 56 91 05 27 EC 3B 79 D7 55 AB 65 EF F5 52 55 75 
[  157654] ch50 r0 a3: 94 48 AF AB DA AD FD 5F 6D 65 D5 35 BA F7 57 36 F6 F3 15 55 4A AF 2B AD 95 55 AC EA CA AF D5 5B 
[  157723] ch50 r0 a3: 24 2A A9 52 AA D2 F5 25 53 3D 34 DA EB 56 BB 4A A5 2C EA 57 F9 B5 F5 DA EB DF AF 49 22 68 9A 84 
[  157763] ch50 r0 a3: 00 00 00 00 00 00 00 00 00 00 00 00 01 3E 80 00 55 55 55 55 55 55 51 49 41 02 84 89 24 80 88 0A 
[  157763] ch50 r0 a3: 2A 12 11 05 14 01 51 05 20 15 08 25 05 00 80 09 51 10 50 01 52 02 42 A5 41 05 45 01 04 11 54 14 
[  157764] ch50 r0 a3: 12 00 08 00 01 FF C0 01 C0 00 1F FF C1 C1 C1 C1 C0 1C 1F FF C1 FF FF C1 FC 00 01 FF FC 1F FF FF 
[  157767] ch50 r0 a3: 00 00 00 00 00 00 00 00 00 00 00 00 00 04 FE 00 01 55 55 55 55 55 55 55 52 95 54 A0 AA A0 A9 54 
[  157768] ch50 r0 a3: 54 05 15 55 55 00 51 29 52 55 2A 55 52 04 54 AA 90 38 87 AA 97 F2 70 F5 17 F4 25 B3 56 8B F2 87 
[  157776] ch50 r0 a3: 00 00 00 00 00 00 00 00 00 00 00 00 00 13 F8 00 01 55 55 55 55 55 55 50 04 80 00 00 50 00 00 00 
[  157780] ch50 r0 a3: 00 00 00 00 01 00 88 00 00 00 00 00 01 3F 80 00 55 55 55 55 55 55 54 00 20 00 A0 80 28 00 02 A8 
[  157781] ch50 r0 a3: 80 22 80 40 41 08 00 08 0A 02 2A 00 2A 00 00 04 80 80 00 00 02 A2 20 00 00 02 00 AA 08 22 00 00 
[  157789] ch50 r0 a3: 4A AA A4 92 49 25 26 A2 AA 56 4A 92 D5 35 92 2A 69 A8 92 55 59 5A 3D B3 16 8A 2A AA AA AA AA AA 
[  157794] ch50 r0 a3: 8A 95 55 54 94 92 14 A8 0E 21 EA A5 FC 9C 3D 45 FD 09 6C D5 A2 FC A1 E8 0A 07 F7 A9 DD D5 BA EF 
[  157801] ch50 r0 a3: AA A0 00 00 80 01 01 01 50 00 00 00 80 00 00 80 15 4A 80 00 10 00 00 01 48 28 00 00 10 00 02 94 
[  157801] ch50 r0 a3: 01 01 00 02 AA 02 00 2A AA 00 15 50 20 00 01 00 00 A0 15 01 01 02 B0 20 10 28 2A 94 76 0F 37 F0 
[  157803] ch50 r0 a3: 01 FF C0 01 C0 00 1F FF C1 C1 C1 E1 E0 1C 1F FF E1 FF FF E1 FC 00 01 FF FC 1F FF FF C0 1C 1F FF 
[  157812] ch50 r0 a3: 8A C8 A4 92 AC A9 52 52 65 51 52 A9 20 50 84 18 AA 97 45 5A 8D B5 5D 46 A1 11 12 14 F6 96 91 4B 
[  157820] ch50 r0 a3: 02 54 0A 55 54 90 55 4A 24 88 0A 51 54 40 41 52 4A 04 84 81 55 40 81 44 81 55 41 54 28 55 51 42 
[  157822] ch50 r0 a3: A9 FD 55 2C AE C5 32 5D 45 D5 CB C6 15 6A EB E5 AF 6D AD 2E 91 AA EA EB BC 59 95 55 8A E7 9A C7 
[  157829] ch50 r0 a3: 01 FF C0 01 C0 00 1F FF C1 C1 C1 C1 C0 1C 1F FF C1 FF FF C1 FC 00 01 FF FC 1F FF FF C0 1C 1F FF 
[  157842] ch50 r0 a3: 00 00 00 00 00 00 00 00 00 00 00 00 00 04 FA 00 01 55 55 55 55 55 55 55 55 54 20 55 55 55 4A 0A 
[  157842] ch50 r0 a3: 00 7F F0 00 70 00 07 FF F0 70 70 70 70 07 07 FF F0 7F FF F0 7F 00 00 7F FF 07 FF FF F0 07 07 FF 
[  157860] ch50 r0 a3: 82 22 88 54 40 04 54 00 94 51 51 41 00 81 55 40 54 01 40 81 45 10 50 40 44 05 00 49 49 40 94 00 
[  157868] ch50 r0 a3: 00 00 00 00 00 00 00 02 00 00 00 00 00 05 3F 80 00 15 55 55 55 55 55 55 55 41 55 55 28 AA AA A8 
[  157869] ch50 r0 a3: 00 0F FE 00 0E 00 00 FF FE 0E 0E 0E 0E 00 E0 FF FE 0F FF FE 0F E0 00 0F FF E0 FF FF FE 00 E0 FF 
[  157873] ch50 r0 a3: 15 29 28 95 45 45 50 55 55 50 09 54 95 55 55 05 2A 05 15 15 55 04 41 51 55 51 54 54 22 95 40 38 
[  157879] ch50 r0 a3: 01 00 01 20 00 01 40 20 00 00 01 00 20 00 00 00 04 00 00 00 00 10 20 21 00 00 10 00 00 40 04 00 
[  157882] ch50 r0 a3: 51 54 A0 00 1F FC 00 1C 00 01 FF FC 1C 1C 1C 1C 01 C1 FF FC 1F FF FC 1F C0 00 1F FF C1 FF FF FC 
[  157886] ch50 r0 a3: 00 00 00 00 00 00 00 00 00 00 00 00 00 04 FA 80 00 55 55 55 55 5D 54 84 AA 52 54 4A AA A2 AA 24 
[  157942] ch50 r0 a3: 00 00 00 08 00 00 00 00 00 00 00 00 00 13 F8 00 01 55 55 55 55 55 51 48 10 00 A1 21 20 28 82 28 
[  157955] ch50 r0 a3: 00 00 00 00 00 00 00 00 00 80 00 00 00 13 E8 00 01 55 55 55 55 55 55 55 55 2A AA 92 AA A0 8A A8 
[  157956] ch50 r0 a3: AA 55 55 55 14 55 55 54 00 AA 00 01 FF C0 01 C0 00 1F FF C1 C1 C1 C1 C0 1C 1F FF C1 FF FF C1 FC 
[  157957] ch50 r0 a3: A3 54 AD 94 15 03 66 E5 22 14 AA 95 5E 2A A4 9D 2D 55 B6 99 95 B6 5D DD 75 A8 52 95 F7 7F E1 55 
[  157968] ch50 r0 a3: 00 00 00 00 00 08 00 00 00 02 00 00 00 5F A0 00 15 55 55 55 55 55 55 54 84 00 44 A2 80 A2 AA AA 
[  157969] ch50 r0 a3: 2A A8 0A 52 8A 82 A2 4A AA 80 40 4A 80 AA 88 2A AA A0 A8 4A 02 A2 A8 52 88 84 04 AA A0 28 4A A2 
[  157970] ch50 r0 a3: 20 15 54 80 40 00 7F F0 00 70 00 07 FF F0 70 70 70 70 07 07 FF F0 7F FF F0 7F 00 00 7F FF 07 FF 
[  157973] ch50 r0 a3: 95 51 10 89 44 44 55 55 50 04 A0 08 2A 54 49 40 45 54 25 41 00 A9 01 55 42 95 40 E2 1E AA 5F C9 
[  157982] ch50 r0 a3: 51 24 4A 44 25 00 2A 50 0A 55 44 11 40 12 AA 10 54 11 20 95 54 10 55 40 2A 50 04 24 52 29 01 25 
[  157999] ch50 r0 a3: A0 00 41 00 08 80 00 40 80 2A 00 14 FE 00 00 55 55 55 55 55 55 55 40 00 88 0A 28 01 2A 20 41 54 
[  158000] ch50 r0 a3: 95 00 54 44 2A 01 54 A8 04 01 54 85 40 05 54 50 04 45 50 02 05 44 29 00 10 90 85 42 44 54 00 01 
[  158006] ch50 r0 a3: 00 00 00 00 10 00 00 00 00 00 40 00 00 00 00 00 00 00 00 00 00 00 00 00 00 00 00 00 00 00 00 00 
[  158006] ch50 r0 a3: 00 10 14 10 10 15 41 00 00 10 00 00 18 01 56 A8 00 01 00 00 00 0D 01 00 00 16 80 00 15 50 09 00 
[  158008] ch50 r0 a3: 10 95 00 02 29 15 05 48 91 10 44 51 44 20 25 15 40 45 55 45 01 51 40 11 01 05 10 85 11 05 09 00 
[  158016] ch50 r0 a3: 84 2B 00 02 85 4A 48 82 09 02 B0 26 55 22 45 00 08 8B A2 68 AA 05 2B 20 31 C0 69 B0 44 DA 4A C0 
[  158048] ch50 r0 a3: 2A AA 81 55 55 41 55 55 50 05 55 55 52 49 51 09 55 54 00 2A 95 55 11 55 55 14 28 55 55 41 50 08 
[  158052] ch50 r0 a3: 15 20 8A 28 08 08 AA A0 08 20 20 02 A2 AA 80 01 22 42 12 88 88 28 AA A8 00 14 80 08 2A A2 A8 00 
[  158053] ch50 r0 a3: A0 05 00 E2 1E AA 5F C9 C2 D4 5F D0 96 CD 5F AF 2F A8 40 A0 6D 7E 2A FA AB 5D 5F 07 7A FB 7C BB 
[  158053] ch50 r0 a3: 05 10 02 08 20 A9 29 A8 CA A2 A9 55 55 08 B4 9A 0D 54 5C 5D 23 6A BA B2 C9 69 50 AA 29 4B 52 0C 
[  158061] ch50 r0 a3: 08 00 08 84 82 00 08 04 20 00 00 02 90 00 00 80 00 A0 80 01 20 00 05 00 80 00 80 2A 80 01 00 00 
[  158066] ch50 r0 a3: 28 05 54 02 A0 55 03 88 7A A9 7F 27 0B 51 7F 42 5B 35 7E BC BE A1 02 81 FF 25 EC 3E F9 AD EC 7F 
[  158078] ch50 r0 a3: 00 00 00 80 00 00 00 00 00 00 00 00 00 4F E0 00 15 55 55 55 55 55 55 00 00 55 28 02 00 42 00 28 
[  158083] ch50 r0 a3: 04 44 A4 51 10 A0 A3 22 C2 50 88 02 55 02 28 94 7B E2 AD E7 15 37 A4 B0 DA 9A AD B4 CD 99 FA AD 
[  158102] ch50 r0 a3: 00 89 06 00 92 51 20 44 44 90 81 12 1C F6 05 5C 4A 15 5F C3 BC A0 ED A0 00 00 AF A4 A7 35 11 75 
[  158136] ch50 r0 a3: 00 00 00 00 00 00 00 00 00 00 00 00 00 01 3F A0 00 15 55 55 55 55 55 55 5E DA AA AA AA AA AA AA 
[  158136] ch50 r0 a3: 01 FF E0 01 C0 00 1F FF E1 C1 C1 C1 E0 1C 1F FF C1 FF FF C1 FE 00 01 FF FC 1F FF FF C0 1C 1F FF 
[  158148] ch50 r0 a3: AF 10 13 96 4D 24 84 50 10 D2 A1 44 A2 48 2A 5E F9 EA BC B6 9A CA CA A5 24 16 23 A6 99 66 D7 39 
[  158149] ch50 r0 a3: 00 00 00 00 00 00 00 00 00 00 00 00 00 4F A8 00 01 55 55 55 51 40 00 00 00 00 00 00 00 00 00 00 
[  158159] ch50 r0 a3: 8A B3 56 80 DE 95 64 91 AC 91 AB BC 41 79 54 A9 29 69 B4 6A 01 96 CA DA B7 53 57 46 19 2B 91 6D 
[  158162] ch50 r0 a3: 00 40 00 00 00 00 00 00 00 00 00 00 00 04 FE 80 00 01 55 45 54 10 00 00 00 00 00 00 00 00 00 00 
[  158166] ch50 r0 a3: 00 00 00 00 00 00 00 00 00 00 00 00 00 13 EA 0B FF FF FF FF FF FF FF FF FF FF FF FF FF FF FF FF 
[  158170] ch50 r0 a3: 12 A0 4A 2C 42 92 AA 74 59 96 92 B5 F6 60 00 02 04 45 28 44 24 8A 2A AD 02 95 40 A0 04 0D 55 12 
[  158171] ch50 r0 a3: 10 95 24 28 CA 02 95 2C 88 43 15 4A CA EC A5 E1 4A D5 6A AA FA 5B AB BD D2 5A 16 B8 D5 40 D6 54 
[  158180] ch50 r0 a3: 00 00 00 00 00 00 00 00 00 00 00 00 00 01 3F A0 BF FF FF FF FF FF FF FF FF FF FF FF FF FF FF FF 
[  158188] ch50 r0 a3: 00 20 01 00 00 00 00 00 00 00 02 00 05 3F A0 BF FF FF FF FF FF FF FF FF FF FF FF FF FF FF FF FF 
[  158193] ch50 r0 a3: 00 10 00 00 00 00 00 00 00 00 00 00 00 4F E8 2F FF FF FF FF FF FF FF FF FF FF FF FF FF FF FF FF 
[  158206] ch50 r0 a3: 00 00 00 00 00 00 00 00 00 00 00 00 00 04 FE 82 FF FF FF FF FF FF FF FF FF FF FF FF FF FF FF FF 
[  158219] ch50 r0 a3: 00 00 00 00 00 00 00 00 00 00 00 00 00 00 00 00 00 00 00 00 00 00 00 00 00 00 00 00 00 00 00 00 
[  158228] ch50 r0 a3: 00 00 00 00 00 00 00 00 00 00 80 00 05 3F A0 00 01 55 55 55 50 00 00 00 00 00 00 00 00 00 00 00 
[  158232] ch50 r0 a3: 10 00 00 00 00 00 00 00 00 00 00 00 00 00 00 00 00 00 00 00 00 00 00 00 00 00 00 00 00 00 00 00 
[  158245] ch50 r0 a3: 00 00 00 00 00 00 00 00 00 00 00 00 00 04 FE 82 FF FF FF FF FF FF FF FF FF FF FF FF FF FF FF FF 
[  158254] ch50 r0 a3: 00 00 00 00 00 00 08 00 00 00 00 00 06 FE 82 FF FF FF FF FF FF FF FF FF FF FF FF FF FF FF FF FF 
[  158257] ch50 r0 a3: 29 44 B0 AB 6A A2 02 D0 94 54 54 52 55 55 77 4E D6 FA BB 5F 6B DB EF 57 75 7F B6 DE EB AA ED 77 
[  158267] ch50 r0 a3: 00 00 00 00 00 00 00 00 00 00 00 00 00 04 FE 82 FF FF FF FF FF FF FF FF FF FF FF FF FF FF FF FF 
[  158271] ch50 r0 a3: 34 8A A4 B5 20 03 98 92 39 A8 AE 29 57 55 12 B6 80 0A B4 95 25 AA 5A A5 24 CB 23 02 94 AC DC 27 
[  158298] ch50 r0 a3: 36 C4 AE B5 A6 A8 9A B4 12 8A 95 01 26 16 AE 51 5C 41 1A 25 4D 15 4B 39 56 AB 50 96 59 F5 F9 6A 
[  158314] ch50 r0 a3: 02 24 2A A5 48 A5 61 20 25 8B 11 2B E8 57 52 8F 01 31 AE 64 9A 9A D1 BA D8 32 42 AD 80 03 37 1D 
[  158443] ch50 r0 a3: 4A 4C 0A 08 40 2A 04 90 80 04 82 A1 25 4D 56 91 EC B2 D4 5A A9 A0 45 A3 54 05 44 AD 95 24 AC A4 
[  158463] ch50 r0 a3: 28 96 D1 29 68 40 65 2D 91 85 04 AC 66 A2 91 50 B6 AA B5 15 52 A9 25 4A D6 AF F5 DA 7A FE A5 DB 
[  158473] ch50 r0 a3: 92 A1 65 29 B2 A2 BE D4 E6 29 99 54 8C 74 72 97 15 55 52 D9 76 AA 52 D3 45 AA 5A AD 74 D6 31 BE 
[  158496] ch50 r0 a3: 51 16 95 14 2B DA EB 55 5D 7F BB DF 29 D6 F7 2C D8 AB 6D A6 D5 A6 71 B5 BB AF 77 76 C5 FF 4A ED 
[  158547] ch50 r0 a3: E8 82 E5 39 40 35 29 6D 19 64 28 45 4A AC 9B 48 8A AC EA A5 A0 0F 28 92 A4 87 28 89 12 10 03 22 
[  158593] ch50 r0 a3: D3 52 56 18 12 A1 44 15 04 40 90 40 40 54 12 02 40 80 45 20 15 04 94 8D 54 80 80 40 54 70 88 49 
[  158694] ch50 r0 a3: A6 C1 1A 8B 65 62 29 0A 14 8A AA 45 10 A9 24 48 D4 B2 55 AA 95 4B 1D EB 75 A5 9D F2 94 CA 90 2A 
[  158704] ch50 r0 a3: 16 2A 2A 10 82 6A A2 55 44 21 04 32 A4 48 85 11 40 01 2A 01 0D 2A A3 94 2B 82 91 2B 2A 49 20 A9 
[  158775] ch50 r0 a3: 2A 9A 14 15 3A 0A E1 09 16 C3 70 12 55 5C CA 51 48 92 AA B4 45 4A 55 A6 51 99 16 28 55 26 A4 A5 
[  158791] ch50 r0 a3: E9 50 9D 12 54 CD 49 28 55 59 A5 56 4A D4 95 EA CC BA DB EB 57 56 97 5B 6B 75 75 69 53 AD 5A CB 
[  158801] ch50 r0 a3: 04 51 EE 54 E5 EE D7 BE F5 59 87 9B 5A 5D 8D AB 56 D5 4F 50 DD B9 A8 97 45 4D D1 62 44 2A 8B D9 
[  158806] ch50 r0 a3: 52 B2 CA 9A AA 75 92 CA 2D F2 ED 57 55 7E 55 3E BB A5 2D 75 77 FE 99 23 AD B6 CD 7D F3 5E 9B AD 
[  158813] ch50 r0 a3: 82 92 93 8E 4E 82 4F 09 54 D2 DA A8 2D 62 98 0D 11 92 60 90 95 2F 47 4F 01 03 89 82 02 4C C2 60 
[  158908] ch50 r0 a3: 2A 51 13 DA 59 0A 82 6E B5 4C 85 5F 37 BC B2 56 77 FF 6A F5 7A 9F AF AD F7 EA D6 A5 7A DA 4A D6 
[  158915] ch50 r0 a3: C5 AA EF 12 40 99 54 3A 29 AA EA 27 DC BD 55 E6 A6 D5 59 56 57 52 92 BB 35 2B 55 55 2A 88 8A C6 
[  158976] ch50 r0 a3: 47 58 5D 7D 5B DA CD 32 DA 56 48 93 22 D3 AF 5B 4A 15 AF 39 B3 EA B7 AD 6D 3A BD B6 BB 5D CD CB 
[  159054] ch50 r0 a3: 92 2A 2A 11 25 11 45 24 42 B2 48 A8 29 44 43 10 50 40 85 56 AB 55 5A 52 25 95 9A B2 D2 2D E5 48 
[  159060] ch50 r0 a3: C5 3A 26 21 41 35 AB 2C C2 58 50 26 FE 5A A9 40 22 D3 A1 94 96 96 50 53 32 16 A5 3A D4 8A E5 1A 
[  159061] ch50 r0 a3: 01 2D 09 32 09 42 22 45 6D 70 0A 46 D1 DD 48 7B 2D 2B 69 63 10 6A 4B 9A FA F6 50 B4 91 AD 2A AA 
[  159078] ch50 r0 a3: 95 19 54 11 0B 58 0C 4B 48 B8 55 4A AE A6 DF 8B 12 52 B3 51 26 B5 6E A2 4D 57 28 8C C3 40 A4 29 
[  159112] ch50 r0 a3: 5D 22 12 26 43 95 0B 49 4C B5 4A 88 BE 92 8C 24 95 0A B4 49 69 55 60 8A 5A AA 25 12 CC A5 50 80 
[  159117] ch50 r0 a3: 9A 25 24 D1 30 95 45 13 14 89 51 51 49 01 35 05 86 5A 4A 19 01 47 41 52 12 8A 2A A4 52 80 41 5A 
[  159122] ch50 r0 a3: 95 55 D4 B5 77 DA 7E 96 BD 4D 42 91 D2 21 54 94 50 1B 2A A4 B0 79 51 15 54 1A 85 B2 34 9C D4 45 
[  159151] ch50 r0 a3: 95 49 6B 0A AA 64 72 2A 83 2A D6 46 DA 57 6A A9 A4 AD 89 53 C5 36 52 96 95 AA 84 CD 55 4A AD 2A 
[  159161] ch50 r0 a3: 52 D1 55 41 55 80 C8 A4 48 98 8A 8A 92 AA 50 93 0C D6 95 8D 6A AD 6D B7 D5 57 75 79 8A 9B 0D BB 
[  159215] ch50 r0 a3: D4 AA A1 52 45 5E AA 44 8A AB 5B AD DA D5 AA ED 6A 92 2D 54 C7 66 FC AA 56 A6 DA B1 92 6C D9 4B 
[  159218] ch50 r0 a3: A9 B2 04 B5 22 86 82 AA 41 64 8A D5 25 2D A6 C5 26 55 1B A8 A8 AD 25 40 2E 70 A2 59 4A 95 55 AB 
[  159239] ch50 r0 a3: 09 55 50 49 11 57 54 A1 49 40 CD 84 58 51 40 02 E8 52 24 2E AB 3A AB A2 DA CE 6C DB 73 7A CA 7B 
[  159280] ch50 r0 a3: 32 C4 A2 90 53 16 55 42 95 25 32 93 59 21 16 11 44 56 91 42 4D 52 A9 49 0A D5 29 90 CA A4 29 15 
[  159300] ch50 r0 a3: DE 14 D3 52 BD 62 30 9D D5 6D 8E BC D4 DB 56 DC B5 11 55 B6 BB 5A AD 4A AA AD 3A AD 18 DA 72 DE 
[  159306] ch50 r0 a3: 90 8B 11 2A 2A A5 D9 22 A1 BA 22 A2 35 52 35 FA AC 4A 61 54 B5 6B 55 4C 8F 55 75 4A AA A8 EA AA 
[  159318] ch50 r0 a3: 8E 51 6A 56 ED D4 D2 93 D7 31 92 4C 86 A9 44 46 54 D5 95 6D 56 64 6F 96 A5 4A 28 DA B4 52 8A 3A 
[  159357] ch50 r0 a3: 89 2A 88 58 5C B0 2A 4A 4A 4B 56 05 45 5A D4 AA A5 22 A9 C0 90 54 28 92 32 AB 14 55 0B 06 AA 22 
[  159368] ch50 r0 a3: 96 E3 7D 9D DD C9 B6 BF EB D7 3B B7 3F 8B 76 6B 91 FB 48 BC B6 8A FE EE BB 7A 75 F7 AD F7 6B 49 
[  159380] ch50 r0 a3: 8A 45 16 A2 92 2C 10 91 BA B5 54 19 54 01 62 08 A0 00 00 00 81 00 08 00 5D 05 63 68 44 97 B2 A0 
[  159399] ch50 r0 a3: 35 65 6D 4A 01 72 C2 91 08 96 49 2A 9A 2A 2A D6 52 A4 52 A8 26 2F 38 44 14 D6 55 28 59 5A 49 52 
[  159410] ch50 r0 a3: A6 97 95 8D 55 3A AF A6 CD B9 6D 52 55 AF AB 9A DE BB A5 53 6C 5B F5 DB CA DB A5 59 F6 9A CD AE 
[  159433] ch50 r0 a3: 66 A5 3D 21 55 D2 8D C6 F0 EF 2D 94 A2 62 CB 36 01 08 15 71 FC 33 CB 24 08 98 9A D8 33 53 9E D1 
[  159437] ch50 r0 a3: 58 B1 E7 24 2A 55 B3 24 44 81 42 4E 60 20 44 55 E8 A4 41 A5 A8 51 83 24 87 D5 19 14 95 22 A1 84 
[  159509] ch50 r0 a3: 16 69 6B A6 4B 56 F9 BB 52 A8 63 91 05 56 D3 53 42 A5 65 65 AC 8A AC 3D 65 9D 72 CB 99 2B 56 F7 
[  159523] ch50 r0 a3: 87 11 92 14 27 18 DC 29 6B 35 28 2A 54 B9 29 54 AA DA D9 DB 5B 59 5D 22 6D CC F5 F7 3B B7 AA BB 
[  159527] ch50 r0 a3: 25 AA 6B 49 6F A6 14 29 4C D6 2A 8E 66 0B A2 A0 D5 23 13 15 7F 65 6E CD C6 AA 05 45 80 A3 30 56 
[  159530] ch50 r0 a3: 84 20 11 56 10 11 08 80 83 04 40 02 30 46 22 92 52 33 00 82 54 29 22 2A 44 20 44 C0 85 2A 02 41 
[  159569] ch50 r0 a3: 69 4A 54 AC 86 49 15 D6 67 6A 2E 4A B2 A4 9C 94 D4 7A 9B 25 54 D3 15 26 92 E2 0A EC 75 EA C5 56 
[  159575] ch50 r0 a3: 84 AA 4A 12 91 52 2C 16 48 2A B2 66 5A 55 09 64 56 A0 AA 8D A5 59 55 25 45 56 A6 A4 48 5A 49 20 
[  159661] ch50 r0 a3: 9E 69 69 BB 65 19 64 A8 43 C5 58 49 5E 52 A3 5B 3B BA 57 A3 27 49 16 54 E2 16 B5 03 A4 6C B6 3B 
[  159671] ch50 r0 a3: 8C 51 50 C5 44 A8 94 F3 40 84 02 01 2A 89 56 72 C2 B4 2C 5A EE 8A 16 00 92 E4 9B 05 6A 7B 35 54 
[  159674] ch50 r0 a3: 9B 4A 94 A7 50 AB 4A 55 58 8C C5 A3 30 85 F9 A5 92 DA 4B 2C D6 96 DA A9 AB 8B 4A 29 B7 55 48 B5 
[  159697] ch50 r0 a3: B4 96 A5 28 A5 90 A1 44 F4 2A 6C A8 26 A2 72 AB 55 2B 58 E8 DB 5A B2 BB AB B6 5F 6F 6E D6 3B DD 
[  159731] ch50 r0 a3: A5 08 20 82 AA A6 89 25 AE A5 64 AB 55 22 0C 35 31 98 66 56 69 42 BA E9 5D 46 A7 54 E6 5B 84 B6 
[  159748] ch50 r0 a3: 8A 8A A8 A9 54 A9 52 89 0A A9 02 25 20 42 AA 44 81 12 84 55 48 09 54 81 04 52 52 92 A9 55 2A 00 
[  159823] ch50 r0 a3: 95 CA 56 25 02 52 08 82 48 AA 1A 50 11 56 12 52 0D 03 CA AB 52 05 55 A6 B6 0A 53 55 AF 12 98 63 
[  159838] ch50 r0 a3: F3 74 62 54 66 25 65 B4 58 F3 BA A6 9A 2B 55 5F 27 14 16 C2 28 82 07 3D 14 BA 6C AA A8 74 B4 63 
[  159988] ch50 r0 a3: 94 66 12 52 04 5C 50 50 A5 45 51 24 AA 55 A9 46 A8 40 68 D3 2A 8A A2 92 08 54 69 13 54 A1 19 44 
[  160016] ch50 r0 a3: 04 84 AD 4A DA 1D E2 C2 15 21 28 68 A1 53 5B 4D 74 74 D3 96 4B B8 BF AB 04 85 AA 8B D9 CB AF 6E 
[  160057] ch50 r0 a3: 4D 4A B6 49 55 2A AB 4D 55 0E A6 4A 9D B2 D5 6B 14 57 6E B9 B4 94 6A 8D 55 1C A6 E3 6B 56 DA A4 
[  160094] ch50 r0 a3: 22 28 80 A1 A4 08 41 25 50 48 A8 64 21 18 D2 4A 57 10 C0 10 D4 51 50 90 19 25 5E 9D 95 D5 04 92 
[  160146] ch50 r0 a3: 62 62 A9 60 89 5D 51 55 94 44 55 54 FE CA AA FA BD ED 35 55 ED 5C E5 DB AA AF 55 4A DB 77 37 7A 
[  160168] ch50 r0 a3: 4A 14 92 A8 4A 36 C4 AA A5 08 C8 49 10 55 29 D5 22 AB 51 62 08 A2 90 45 54 42 84 8A 12 B4 42 31 
[  160191] ch50 r0 a3: 50 D2 45 52 28 A9 A1 20 A0 58 2D 0A CD 5A BC 72 3F E6 58 B6 CA 93 76 BA 74 91 AB AA 23 5D 48 D6 
[  160218] ch50 r0 a3: D5 AA D2 90 59 A0 58 95 50 50 19 48 55 45 64 01 00 04 A5 D4 58 95 6B 6E 4D AD EB 5C 75 6B 13 EA 
[  160315] ch50 r0 a3: 5B 0B 4A 1D 4A 47 14 19 59 A2 64 36 01 A6 87 59 06 21 A5 35 AA 09 63 4B 82 41 48 99 43 18 2E 2B 
[  160340] ch50 r0 a3: B2 4C 4A 6A 12 A2 15 2A A8 C3 12 40 AC 6D 11 4A A9 49 5A 99 0A 91 11 96 AC A2 58 A0 88 52 AE 43 
[  160373] ch50 r0 a3: 80 91 2A 28 84 90 28 68 92 62 A2 95 00 59 53 61 2A 4A AA 82 8A 94 52 58 AA 2A 15 A9 22 A5 5D 52 
[  160393] ch50 r0 a3: A9 04 10 43 4A 90 24 A8 40 5B 2A AA 1D F0 D5 92 D4 DA 2B D6 CB 47 82 F6 D5 5B DD AE 95 5F 98 B4 
[  160404] ch50 r0 a3: E3 24 04 5A 8C 54 94 4A A8 14 A6 4A AA AA 4A 4A 51 51 A1 6A 51 4A A9 54 2A 8B 59 29 02 25 04 94 
[  160417] ch50 r0 a3: 2D 48 67 56 DA DB 51 43 2B 5A 65 5A 16 DC 92 D5 0A B2 56 99 41 2C C0 84 2A 92 55 54 45 59 2A 54 
[  160445] ch50 r0 a3: 90 41 4C 12 92 B4 8A 5A 19 95 50 02 A2 D4 55 41 12 44 A4 94 08 8A A8 64 82 55 69 11 40 21 20 AA 
[  160461] ch50 r0 a3: 90 96 21 31 8A 16 86 10 22 A6 AA 60 58 6A 81 55 2C AD DD EC 6A 58 A4 59 95 48 F4 75 7A 54 48 82 
[  160467] ch50 r0 a3: AA 91 89 29 4D 65 05 12 15 1A 50 54 8B 4A 02 B0 92 48 14 AB 28 13 52 06 2B A8 52 6A DA 92 9A A0 
[  160470] ch50 r0 a3: 11 42 B4 49 25 5A 92 60 88 2A 81 4A 89 4A 1A 89 6A 5B 5A EC 50 ED 89 82 AD 51 62 12 6E B8 59 40 
[  160489] ch50 r0 a3: 28 B4 28 45 5A 9A A3 87 52 68 28 8A 8D 24 C3 67 F7 6F 4D 6F DD AC E3 6F 54 16 B9 1C 07 88 69 B0 
[  160506] ch50 r0 a3: 89 28 95 2B 55 0E 62 EA E5 A8 F7 66 95 4E DB 4B 4A 5D E9 25 34 37 6F D2 B6 B5 6D 7B 2D 7A 92 85 
[  160512] ch50 r0 a3: B4 93 54 2F 08 88 96 14 D6 14 56 69 49 16 70 89 25 31 54 B0 62 A2 4A B5 2A AB 22 A5 42 92 93 48 
[  160530] ch50 r0 a3: D9 C5 0A 55 B5 A5 F6 D5 54 53 AA 77 0D C7 52 CE AA AF 5A 34 9C E4 7E DC B2 F5 33 4D BB 6A 9A AC 
[  160542] ch50 r0 a3: 64 A9 AA 94 9B 55 2F 5D 6A B5 59 6A AA CA B4 64 63 A9 B2 8F 75 7F 56 EF DE FD ED 77 AF BB BD 8A 
[  160572] ch50 r0 a3: E6 E5 D8 D5 2B 4B 04 CA 85 12 2A 22 21 04 D1 A5 29 DD 85 B2 90 61 64 AA 05 35 95 55 2C AA 54 DB 
[  160587] ch50 r0 a3: 11 68 96 64 A1 68 95 54 41 04 C4 4A A2 A5 24 85 10 A2 55 46 A1 10 C1 95 69 45 29 29 28 52 A8 05 
[  160590] ch50 r0 a3: 75 23 6B 44 AA B4 28 A0 96 DA C6 91 5D AB 55 29 12 CB 4D 2C A2 22 DD 74 EA 52 98 51 23 25 59 2A 
[  160616] ch50 r0 a3: C4 4A 68 06 90 27 A9 8A A4 8E B5 6A 54 25 08 41 48 69 94 98 89 02 A4 DD A8 29 47 2E 92 B4 40 4E 
[  160620] ch50 r0 a3: 00 20 00 00 00 00 00 00 00 00 00 04 00 13 FA 00 01 55 55 55 55 55 52 52 AA 95 28 50 A9 15 29 2A 
[  160620] ch50 r0 a3: 55 05 52 94 52 AD 15 51 05 54 A5 25 55 50 90 95 55 45 04 55 54 54 A9 40 92 55 54 91 52 95 24 00 
[  160624] ch50 r0 a3: 00 00 00 00 00 00 00 00 00 00 00 00 00 01 3E A0 00 15 55 55 55 55 5F 55 55 55 54 AA AA AA AA AA 
[  160633] ch50 r0 a3: 00 00 00 00 00 00 00 00 00 00 00 00 05 FE 80 00 15 55 55 55 40 50 00 00 00 00 00 00 00 00 00 00 
[  160638] ch50 r0 a3: 00 00 00 00 00 00 00 00 00 00 00 00 00 4F E8 00 01 55 55 55 51 50 00 00 00 00 00 00 00 00 00 00 
[  160646] ch50 r0 a3: 00 00 00 00 00 00 00 00 00 00 00 00 00 4F E8 00 00 55 55 55 51 00 00 00 00 00 00 00 00 00 00 00 
[  160651] ch50 r0 a3: 00 00 00 00 00 00 00 00 00 00 00 00 00 13 EA 00 00 15 55 51 40 01 00 00 00 00 00 00 00 00 00 00 
[  160664] ch50 r0 a3: 00 00 00 00 00 00 00 00 80 00 00 00 01 3F A0 00 00 55 55 54 11 00 00 00 00 00 00 00 00 00 00 00 
[  160677] ch50 r0 a3: 00 00 00 00 00 00 00 00 20 00 00 00 00 17 EA 0B FF FF FF FF FF FF FF FF FF FF FF FF FF FF FF FF 
[  160690] ch50 r0 a3: 00 00 00 00 00 00 00 00 00 00 00 00 00 17 EA 0B FF FF FF FF FF FF FF FF FF FF FF FF FF FF FF FF 
[  160699] ch50 r0 a3: 00 00 00 00 00 00 00 00 00 00 00 00 00 00 00 00 00 00 00 00 00 00 00 00 00 00 00 00 00 00 00 20 
[  160717] ch50 r0 a3: 00 00 00 00 00 00 00 00 00 00 00 00 00 00 4F A8 2F FF FF FF FF FF FF FF FF FF FF FF FF FF FF FF 
[  160727] ch50 r0 a3: 04 C0 E7 54 B7 A5 E5 AB 54 17 43 02 A8 CA 09 2A A6 B2 1A 48 A9 4C 49 49 A5 2D 07 C4 94 AA 12 A0 
[  160738] ch50 r0 a3: 00 00 00 00 00 00 00 00 00 00 00 00 01 3F A0 BF FF FF FF FF FF FF FF FF FF FF FF FF FF FF FF FF 
[  160743] ch50 r0 a3: 00 00 00 00 00 00 00 00 00 00 00 00 00 5F E8 2F FF FF FF FF FF FF FF FF FF FF FF FF FF FF FF FF 
[  160750] ch50 r0 a3: 21 55 56 69 AA 90 D1 09 4D 52 9A A2 9A 0B D8 94 2A 55 16 AB 04 85 AA 99 12 AA D2 7A 7A E5 2A 54 
[  160751] ch50 r0 a3: 00 00 00 00 00 00 00 00 00 00 00 00 00 00 4F E8 2F FF FF FF FF FF FF FF FF FF FF FF FF FF FF FF 
[  160756] ch50 r0 a3: 00 00 00 00 00 00 00 00 00 00 00 00 00 04 FE 82 FF FF FF FF FF FF FF FF FF FF FF FF FF FF FF FF 
[  160792] ch50 r0 a3: A3 C1 2A 45 4A E9 55 3A 0B B3 67 34 EA AC DA 55 53 13 84 41 08 AA 80 22 8A 0B 56 52 A2 91 31 28 
[  160813] ch50 r0 a3: 00 00 00 00 00 00 00 00 00 00 00 00 00 5F E8 2F FF FF FF FF FF FF FF FF FF FF FF FF FF FF FF FF 
[  160826] ch50 r0 a3: 00 20 00 00 0A 00 00 00 00 00 00 00 1B FA 0B FF FF FF FF FF FF FF FF FF FF FF FF FF FF FF FF FF 
[  160831] ch50 r0 a3: 00 00 00 00 00 00 00 00 00 00 00 00 00 00 4F A8 2F FF FF FF FF FF FF FF FF FF FF FF FF FF FF FF 
[  160836] ch50 r0 a3: B2 A4 A1 37 92 2B 39 AC 65 34 9A 74 49 0D 55 12 50 A5 AA 15 21 21 51 25 2B 15 0A 28 2C 09 12 4A 
[  160847] ch50 r0 a3: 4A 85 55 4A 45 45 09 65 19 44 2C 28 82 CD 6A 6A 12 68 88 B5 DE 03 5C 55 51 05 D4 D0 90 9A 61 B2 
[  160853] ch50 r0 a3: 00 00 00 00 00 00 00 00 00 00 00 00 00 4F E8 2F FF FF FF FF FF FF FF FF FF FF FF FF FF FF FF FF 
[  160858] ch50 r0 a3: 90 A2 21 65 81 1A 24 02 08 C4 80 05 92 42 34 1A 52 A0 10 80 50 82 ED 92 E4 86 A0 44 51 15 9B 88 
[  160866] ch50 r0 a3: 00 00 00 00 00 00 00 00 00 00 00 00 00 01 3E A0 BF FF FF FF FF FF FF FF FF FF FF FF FF FF FF FF 
[  160879] ch50 r0 a3: 00 00 00 00 00 00 00 00 00 00 00 00 01 3F A0 BF FF FF FF FF FF FF FF FF FF FF FF FF FF FF FF FF 
[  160883] ch50 r0 a3: AA 5D 69 61 45 A9 62 73 5A AB 35 95 96 F5 55 44 D6 28 AC 90 94 15 9A DA A2 52 15 A9 46 A6 25 45 
[  160884] ch50 r0 a3: 00 00 00 00 00 00 00 00 00 00 00 00 05 3E A0 00 00 15 55 45 50 01 00 00 00 00 00 00 00 00 00 02 
[  160892] ch50 r0 a3: 00 00 00 00 00 00 00 00 00 00 00 00 00 04 FA 82 FF FF FF FF FF FF FF FF FF FF FF FF FF FF FF FF 
[  160897] ch50 r0 a3: 00 00 00 00 00 00 00 00 00 00 00 00 00 4F A8 00 00 15 55 45 44 10 00 00 00 00 00 00 00 00 00 00 
[  160905] ch50 r0 a3: 00 00 00 00 00 00 00 00 00 00 00 00 00 05 FA 80 00 05 55 55 55 44 00 00 00 00 00 00 00 00 00 00 
[  160918] ch50 r0 a3: 00 00 00 00 00 00 00 00 00 00 00 00 01 7F A0 00 01 55 55 55 04 00 00 00 00 00 00 00 00 00 00 00 
[  160943] ch50 r0 a3: AB 48 3A 82 09 28 14 8A A9 36 AE CC 95 2A 8A AB 2A AC C5 4E D6 C9 1D 56 EE BA AD 55 0D 5A 95 AD 
[  160945] ch50 r0 a3: 00 FF E0 00 E0 00 0F FF E0 E0 E0 E0 E0 0E 0F FF E0 FF FF E0 FE 00 01 FF FE 0F FF FF E0 0E 0F FF 
[  160950] ch50 r0 a3: 04 AA 85 40 E2 1E AA 5F C9 C2 D4 5F D0 96 CD 5E 56 AE B7 80 A0 6E 7E D5 ED 58 F2 E8 B2 D7 4A D6 
[  161022] ch50 r0 a3: A9 75 92 D2 57 12 22 28 AD 52 AA 52 89 2A 91 23 54 AD 58 A2 A6 D7 6D 54 C5 59 75 52 B3 E9 6A AA 
[  161038] ch50 r0 a3: 95 14 82 80 01 45 08 C9 28 29 20 08 61 11 14 12 80 8A 12 D8 00 A3 A8 E0 55 52 A5 5A 28 92 AA 6A 
[  161178] ch50 r0 a3: 64 46 ED 2B D7 65 2A 64 84 DA 56 AB EF 5F 7D ED DC F7 9D 0A 55 1D 31 63 8C D9 24 50 57 45 12 81 
[  161208] ch50 r0 a3: 2A 15 4C A1 A9 55 AC 92 D2 87 15 11 24 2A C0 DB 7D AA D9 AB FD 9F 6F 2E F6 EB FF 84 6B 0D 01 AA 
[  161224] ch50 r0 a3: 8D 60 C8 8A 2A CC 2B 6A 61 56 A5 51 2B AD CB 67 5A B2 6B 4E FB 58 FB E6 6D 69 F9 2D F6 AE EC EA 
[  161289] ch50 r0 a3: 9E AA 5D 22 CC A6 2B 23 4A 92 43 6B 49 B2 12 AA 4A D5 55 9D 44 50 8D 20 22 B9 5A 3C 09 80 A2 CA 
[  161351] ch50 r0 a3: 01 08 28 72 18 4A 45 8A B2 B4 F7 1F C3 F8 77 96 48 11 31 75 B0 66 A7 3D A1 57 D2 8D C7 F0 EF 2C 
[  161411] ch50 r0 a3: 08 48 A1 00 B4 05 1A 24 AA 2B 4A A2 95 09 45 25 65 56 42 AD AE 91 64 42 A0 C2 25 05 AA A2 A2 11 
[  161434] ch50 r0 a3: B5 5A CB 01 55 94 54 17 AA 9A C1 49 A1 50 6F 40 84 12 52 88 A9 6E B2 9B AD 0A 59 09 15 4E 12 5A 
[  161437] ch50 r0 a3: 08 9D 4A 81 11 60 15 19 2A 52 11 D4 A1 54 01 00 D5 6B 0A 4B 6A 10 94 05 5B 5E 74 52 DB 6A E8 C4 
[  161458] ch50 r0 a3: 5A 52 A5 1C 9A 95 3F 7E F5 20 ED 3F 1E 8E BB 61 4B 76 AE FD A2 F5 3B 4A 7A F5 DA 05 BD 41 2C E4 
[  161545] ch50 r0 a3: 48 85 2C 40 51 04 91 45 D4 FA DD EF 2A 55 57 96 E7 49 CA F5 25 37 65 56 A7 D9 4B 37 51 4D E4 ED 
[  161567] ch50 r0 a3: 94 09 81 34 28 AA 35 0A 18 12 2A 0A A9 25 72 59 16 B5 AB 57 55 BA D5 25 51 61 9A A1 4B 55 D4 CB 
[  161653] ch50 r0 a3: 91 49 45 2A D6 45 4A 94 14 52 90 51 24 A9 06 96 93 2A DD 5F 6D 2A 52 CD 0C A7 32 D2 B9 D2 CA 73 
[  161738] ch50 r0 a3: 32 8A BA CD A9 1B 6D 3D 54 26 AA CA 0A B9 3B 9C 24 B4 85 42 A9 4C 6B 55 76 58 53 77 7A BA 2B A8 
[  161740] ch50 r0 a3: 2B 79 6B 15 D0 4A D4 35 4B AA E5 45 49 70 92 A4 55 2B 49 49 62 A3 41 43 56 62 E8 A4 95 CD 2D A9 
[  161749] ch50 r0 a3: C2 A2 AD 6A B7 8A B2 5C 2A B5 5B 25 54 59 75 24 B5 56 8B 49 4A DE 55 B4 AE AA AD 44 B7 56 8B A9 
[  161766] ch50 r0 a3: 82 D3 52 81 57 D0 83 8B A5 82 5B 2A 6C B4 A1 55 DD 9B BB FA B7 EA AF AC BB 5F 3A EB 7C FD 6A 96 
[  161776] ch50 r0 a3: 28 B2 95 4D 51 59 29 B7 A6 9A 5A CB CE CD 73 CB 2A F5 CD 55 6E F3 7F B4 FA A8 B6 D5 52 55 6A 5B 
[  161810] ch50 r0 a3: 48 55 2E 9B 15 44 0A 76 FE EB 6C AF 4B 58 A9 BD 55 2B E6 D5 56 55 57 6B 92 EE AA 95 1B 55 BE B5 
[  161847] ch50 r0 a3: 81 74 0A 25 02 D4 A0 29 D2 82 42 50 90 85 4A 52 82 2B 22 91 08 08 05 42 14 02 29 69 01 A2 40 11 
[  161949] ch50 r0 a3: 3C A4 F5 11 54 64 12 08 8A A5 62 AB 35 94 A4 82 8C FD A9 0A 5A 8D 28 47 4A 95 5A 8A 80 99 56 5B 
[  161956] ch50 r0 a3: AC A0 29 65 4A C9 4C 15 D5 EE FB B5 B6 95 FD DB 49 FA A9 5A 3E 54 3A A9 56 77 F6 AA D6 D5 46 93 
[  161971] ch50 r0 a3: 4A 92 AA 21 A4 89 04 A9 56 FA 95 56 DA EE F7 76 C5 B6 B3 3B A5 E5 76 A5 EE DA A6 A3 ED AC B5 A5 
[  162115] ch50 r0 a3: C8 10 35 28 10 20 10 04 44 20 93 23 41 14 A5 4A 22 28 DE 5A 2C 8A 4A D6 92 4A B4 B2 8B A6 D5 82 
[  162139] ch50 r0 a3: A5 B2 19 6B D1 21 05 72 00 43 50 A5 29 49 60 94 11 24 96 54 89 B9 92 09 9B 5B 13 55 4A AE 9B 25 
[  162215] ch50 r0 a3: 82 51 B0 82 8A 11 01 53 4C 09 20 C2 08 44 80 89 00 25 54 56 20 B6 95 55 A6 65 20 A8 6D A4 E5 AC 
[  162232] ch50 r0 a3: 96 22 28 D1 54 AE 48 C9 A9 A2 A0 10 B2 0C 6C 01 55 51 15 A5 15 41 42 77 B0 6C B5 4A A9 DA B6 66 
[  162274] ch50 r0 a3: 44 41 50 28 24 48 50 B2 A1 11 44 96 69 55 46 1D 54 82 05 D9 5A CC 59 4D 5A 54 8A 21 3A D0 AD 54 
[  162339] ch50 r0 a3: 28 49 92 6B 52 C8 98 A0 35 89 81 AD 55 3A 84 A2 44 61 14 49 42 A9 A2 42 82 6B 4A 42 A1 D2 4D 04 
[  162346] ch50 r0 a3: 9A A3 31 02 8B 55 55 25 12 A2 AA CE AB 8D AD 8F 33 A8 DE 51 24 49 2B 19 48 95 09 55 F6 64 6E 65 
[  162358] ch50 r0 a3: AA AA AD 54 24 2A 4A B5 45 1E AB 28 56 42 AA 4D A9 55 04 AE 36 AA B1 1A AA 44 B5 34 97 6A 96 EC 
[  162384] ch50 r0 a3: 95 15 10 B5 56 6A 90 8D AA AC 6C AA 89 66 F6 40 49 2E 6A 86 15 69 D6 61 29 5E A1 06 A4 75 45 25 
[  162441] ch50 r0 a3: B4 AA AD 4C B7 BE FB 56 AA 39 9D 69 A4 6A E6 B4 6D 95 54 A8 6A 15 D5 4A B1 2F 56 A9 2B 5C B4 3E 
[  162540] ch50 r0 a3: D2 40 74 4A 2A AD D6 D7 6F 5B A6 FE 67 5D 5D DF E9 AD 6F 21 2D 6A 55 12 15 34 A5 6B 52 AA A9 A5 
[  162579] ch50 r0 a3: 7B 8A 55 2A 55 A6 D2 B3 C9 51 0B 81 6A 12 4B F6 A4 55 4A 25 DD 55 50 54 AB 64 A5 4A 81 A2 95 25 
[  162609] ch50 r0 a3: 22 D6 06 A1 66 D1 0A 58 20 68 82 AA 95 54 A6 A6 6A A3 59 D4 A6 4D 59 48 55 95 EA AE ED 49 7A 96 
[  162627] ch50 r0 a3: 2A CC A1 AC D4 15 56 95 56 2B A3 65 55 8C AD A4 4A DE 8A 48 D4 AF 2F A4 9A D6 59 55 6E 95 59 68 
[  162724] ch50 r0 a3: 2C E1 53 15 5D 56 95 0D 55 25 76 D5 25 55 0A CC 94 B4 AD 3A 7D AD 8A 96 CA 28 6B 54 BD 7A A9 53 
[  162758] ch50 r0 a3: D5 35 31 55 C5 54 51 2A AA 0A 46 A2 AC 4A 28 D5 45 22 9A 8A 4A A1 89 54 75 57 AA 69 B5 4D 57 21 
[  162861] ch50 r0 a3: 54 A4 90 B5 36 CA 55 6F D5 4D 9C 66 D5 4B 95 34 AD AB E6 59 69 24 BC AB 4E A5 6F 3A B7 B6 55 25 
[  162898] ch50 r0 a3: 04 2A 54 49 21 20 95 54 55 A9 34 4B 57 21 5B 3A D9 F2 A4 A4 57 0A 6B 25 A5 55 2B 5E AA 22 94 D9 
[  162948] ch50 r0 a3: C6 84 25 40 D2 40 14 26 32 A8 29 57 31 12 B7 15 6A 32 25 44 04 93 4A AB 02 95 1C A5 0A A0 D9 53 
[  162969] ch50 r0 a3: 91 2E BA A2 D3 43 94 4A 20 92 55 8A 36 B5 4A 10 55 54 48 BA 44 0A 52 0D 5B A9 B6 BA 53 2F 7A F5 
[  163016] ch50 r0 a3: AA D4 CB E1 CF 2D A1 89 D6 AF 82 26 1A 42 26 B6 44 67 07 60 81 9D 27 0E 76 0C 90 EF 0E 99 46 0C 
[  163030] ch50 r0 a3: A6 D2 8B 55 52 A8 AB 55 CA B4 68 4E 95 5E A2 2C 56 6A 5C AE DA AA AD 2A B5 43 55 2B AB 18 94 A3 
[  163039] ch50 r0 a3: 7F 73 B2 4D 27 2A 8F B2 BC FD 1D DF 6F A1 CD 4E BD A7 FA 72 DA AE D6 EA DD 5E ED D7 7E 7E B2 B3 
[  163086] ch50 r0 a3: A4 55 52 B1 AA E2 4D 63 04 12 A8 A3 97 13 42 84 94 94 55 6B 03 53 AA ED 68 58 96 53 5A 29 4A A9 
[  163089] ch50 r0 a3: 00 00 00 00 00 00 00 00 00 00 00 00 00 4F E8 00 05 55 55 55 55 55 54 AA AA AA AA A9 4A AA AA AA 
[  163092] ch50 r0 a3: 94 39 55 6F B3 87 28 BB A5 4E 9A B6 AD 57 68 DC C1 F2 B9 9E 7B 1C D5 95 6E 57 FD 2B 56 EB D5 77 
[  163102] ch50 r0 a3: 00 00 00 00 00 00 00 00 00 00 00 00 00 00 00 00 00 00 00 00 00 00 00 00 00 00 00 00 00 00 00 00 
[  163107] ch50 r0 a3: 10 00 00 00 00 00 00 00 00 00 00 00 00 00 00 00 00 00 00 00 00 00 00 00 00 00 00 00 00 00 00 00 
[  163115] ch50 r0 a3: 00 00 00 00 00 00 00 00 00 00 00 00 00 13 EA 0B FF FF FF FF FF FF FF FF FF FF FF FF FF FF FF FF 
[  163120] ch50 r0 a3: 10 00 00 00 00 00 00 00 00 00 00 00 00 00 00 00 00 00 00 00 00 00 00 00 00 00 00 00 00 00 00 00 
[  163129] ch50 r0 a3: 00 00 00 00 00 00 00 00 00 00 00 00 00 00 00 00 00 00 00 00 00 00 00 00 00 00 00 00 00 00 00 00 
[  163133] ch50 r0 a3: 00 00 00 00 00 00 00 00 00 00 00 00 00 01 3E A0 BF FF FF FF FF FF FF FF FF FF FF FF FF FF FF FF 
[  163142] ch50 r0 a3: 00 00 00 00 00 00 00 00 00 00 00 00 00 01 4F A8 00 00 54 41 55 00 00 00 00 00 00 00 00 00 00 00 
[  163146] ch50 r0 a3: 00 00 00 00 00 00 00 00 00 00 00 00 00 01 3E A0 BF FF FF FF FF FF FF FF FF FF FF FF FF FF FF FF 
[  163155] ch50 r0 a3: 00 00 00 00 00 00 00 00 80 00 00 00 01 3F A0 00 05 55 55 55 54 10 00 00 00 00 00 00 00 00 00 00 
[  163159] ch50 r0 a3: 11 00 00 00 00 00 00 00 00 00 00 00 00 00 00 00 00 00 00 00 00 00 00 00 00 00 00 00 00 00 00 00 
[  163167] ch50 r0 a3: 84 85 88 A5 49 D4 91 7B 4F DA AA B5 52 9E AF 5D 5D 59 4A D7 55 BB DE 95 D6 EB 55 7B 6B 55 45 E1 
[  163168] ch50 r0 a3: 00 00 00 00 00 00 00 00 00 00 00 00 00 4F A8 00 00 05 55 55 54 00 00 00 00 00 00 00 00 00 00 00 
[  163171] ch50 r0 a3: 24 45 14 D1 14 55 54 69 4A 92 A9 52 AA CA BA D6 2A AA 55 AA B4 B4 AA AD 95 6A F6 BA D5 55 2D 5A 
[  163172] ch50 r0 a3: 00 00 00 00 00 00 00 00 00 00 00 00 00 1B FA 0B FF FF FF FF FF FF FF FF FF FF FF FF FF FF FF FF 
[  163181] ch50 r0 a3: 00 00 02 00 00 20 00 00 08 00 00 00 05 7F A0 00 00 15 55 51 05 00 00 00 00 00 00 00 00 00 00 00 
[  163186] ch50 r0 a3: 00 00 00 00 00 00 00 00 00 04 00 00 05 FE 82 FF FF FF FF FF FF FF FF FF FF FF FF FF FF FF FF FF 
[  163194] ch50 r0 a3: 00 00 00 00 00 00 00 00 00 00 00 00 01 3F A0 BF FF FF FF FF FF FF FF FF FF FF FF FF FF FF FF FF 
[  163212] ch50 r0 a3: 00 00 00 00 00 00 00 00 00 00 00 00 00 13 FA 0B FF FF FF FF FF FF FF FF FF FF FF FF FF FF FF FF 
[  163221] ch50 r0 a3: 00 00 00 00 00 00 00 00 00 00 00 00 01 4F E8 2F FF FF FF FF FF FF FF FF FF FF FF FF FF FF FF FF 
[  163223] ch50 r0 a3: AA F6 AD 2C 54 93 95 4A 52 4A BA B5 75 4D 54 64 AA 8F 2D 52 AA 55 29 15 AB 4A A4 A4 94 85 49 14 
[  163231] ch50 r0 a3: 94 55 71 AA 2D 40 34 98 C2 A1 0B 2A AA CD 6F 52 B3 49 4A BA 12 A5 AA CB 56 95 05 4D 66 4A B9 23 
[  163233] ch50 r0 a3: 52 8A 17 48 99 56 72 28 C6 A8 71 A9 68 BA 14 85 51 45 45 2A 4A B5 04 09 95 A2 EA A5 65 46 B5 6A 
[  163234] ch50 r0 a3: 51 25 65 44 95 0E B4 A4 62 94 42 94 14 B5 5B E2 30 BF AD 6A 5E F5 7E B7 FD 65 A4 BE E9 55 49 A1 
[  163258] ch50 r0 a3: AA 09 55 49 54 B1 49 47 29 B5 CD 06 56 75 5A 92 54 54 B2 92 24 53 42 55 49 4B CA 45 56 E2 46 51 
[  163260] ch50 r0 a3: 14 78 41 42 90 D4 2B 11 68 45 01 54 2C A8 4A 14 12 93 0A A1 58 0A 03 55 19 26 0A 09 10 96 28 F2 
[  163282] ch50 r0 a3: 02 00 00 00 00 00 00 00 00 00 00 00 00 5F E8 2F FF FF FF FF FF FF FF FF FF FF FF FF FF FF FF FF 
[  163313] ch50 r0 a3: 00 00 00 00 00 00 00 00 00 00 00 00 00 00 13 FA 0B FF FF FF FF FF FF FF FF FF FF FF FF FF FF FF 
[  163321] ch50 r0 a3: 40 D4 4A 46 48 86 49 44 D2 CA 58 4C 5B 04 89 2A AF 58 55 A4 63 60 94 32 C0 04 00 8A A2 48 30 12 
[  163326] ch50 r0 a3: 00 00 00 00 00 00 00 00 00 00 00 00 00 00 4F E8 2F FF FF FF FF FF FF FF FF FF FF FF FF FF FF FF 
[  163335] ch50 r0 a3: 00 00 00 00 00 00 00 00 00 00 00 00 00 13 FA 0B FF FF FF FF FF FF FF FF FF FF FF FF FF FF FF FF 
[  163338] ch50 r0 a3: 00 00 01 24 88 00 08 00 40 08 80 00 00 08 9B 4A B5 4D 56 93 57 53 55 56 96 55 55 55 57 29 95 6A 
[  163353] ch50 r0 a3: 00 00 00 00 00 00 00 00 00 00 00 00 00 00 4F A8 2F FF FF FF FF FF FF FF FF FF FF FF FF FF FF FF 
[  163366] ch50 r0 a3: 00 00 00 00 00 00 00 00 00 00 00 00 00 01 3F A0 00 00 01 00 00 00 00 00 00 00 00 00 00 00 00 00 
[  163370] ch50 r0 a3: 50 24 49 53 62 41 81 55 D5 45 51 4A CA BE 9A 54 DB 4A A5 D5 46 D6 AE 92 C6 65 6F EB 6B DA A9 48 
[  163379] ch50 r0 a3: 00 00 00 00 00 00 00 00 00 00 00 00 00 4F A8 00 01 55 55 55 55 40 00 00 00 00 00 00 00 00 00 00 
[  163388] ch50 r0 a3: 00 00 00 00 00 00 00 00 00 00 00 00 00 13 FA 00 00 55 55 55 51 00 00 00 00 00 00 00 00 00 00 00 
[  163392] ch50 r0 a3: 00 00 00 00 00 00 00 00 00 00 00 00 01 7F A0 BF FF FF FF FF FF FF FF FF FF FF FF FF FF FF FF FF 
[  163401] ch50 r0 a3: 00 00 00 00 00 00 00 00 00 00 00 00 00 01 3F A0 BF FF FF FF FF FF FF FF FF FF FF FF FF FF FF FF 
[  163404] ch50 r0 a3: 72 B2 AA 2A 12 50 56 00 92 20 52 10 37 AA A5 43 DD 5A DF 67 4A EC 7B D6 F6 EF B2 EA AF 5D 77 19 
[  163405] ch50 r0 a3: 00 00 00 00 00 00 00 00 00 00 00 00 00 04 FA 80 00 05 55 55 55 40 00 00 00 00 00 00 00 00 00 00 
[  163417] ch50 r0 a3: 41 D3 AB 42 93 53 A5 5E 59 5A 55 2D 57 A2 AA B5 55 A5 DB AA D5 AA A8 B5 32 AD AA FB 66 BB 64 B3 
[  163474] ch50 r0 a3: 40 00 04 05 24 52 09 00 00 44 20 40 02 00 42 52 08 08 02 A0 40 40 40 00 02 48 0A 2A 12 20 04 04 
[  163476] ch50 r0 a3: 00 10 28 10 48 80 85 10 01 28 00 A0 12 40 88 00 00 80 00 20 14 00 10 80 22 A2 20 00 00 0A 00 00 
[  163477] ch50 r0 a3: 80 04 04 00 01 00 20 40 00 00 7F F0 00 70 00 07 FF F0 70 70 70 70 07 07 FF F0 7F FF F0 7F 00 00 
[  163481] ch50 r0 a3: 00 00 00 00 00 00 08 00 00 00 00 00 00 1B FA 00 05 55 55 55 55 55 6A 94 AA 2A AA 82 AA AA AA A2 
[  163489] ch50 r0 a3: 00 00 00 00 00 00 00 00 00 00 00 00 00 4F E8 00 05 55 55 55 57 57 5A AA AA AA AA AA AA AA AA AA 
[  163490] ch50 r0 a3: 01 FF C0 01 E0 00 1F FF C1 C1 C1 C1 C0 1E 1F FF C1 FF FF E1 FE 00 01 FF FE 1F FF FF E0 1C 1F FF 
[  163499] ch50 r0 a3: 90 C0 A0 BD 52 9D 6A D0 AA D8 44 2A 26 99 65 03 20 A5 5B 28 C9 45 76 A8 54 A9 B8 55 21 2A 0B 49 
[  163507] ch50 r0 a3: 00 00 00 00 00 00 00 00 00 00 00 00 00 13 FA 00 00 00 51 55 50 00 00 00 00 00 00 00 00 00 00 00 
[  163513] ch50 r0 a3: 36 A8 75 5A 57 AA CB CA E9 56 EB 2B 6A 76 A5 F1 C6 B6 EA F7 6B 7C 35 4D 57 5D 36 C2 2F 0D 4B E8 
[  163516] ch50 r0 a3: 00 00 00 00 00 00 00 00 00 00 00 00 01 4F E8 2F FF FF FF FF FF FF FF FF FF FF FF FF FF FF FF FF 
[  163520] ch50 r0 a3: 00 00 00 00 00 00 00 00 00 00 00 00 01 3F A0 BF FF FF FF FF FF FF FF FF FF FF FF FF FF FF FF FF 
[  163529] ch50 r0 a3: 00 00 00 00 00 00 00 00 00 00 00 00 00 13 FA 00 00 15 55 55 55 40 00 00 00 00 00 00 00 00 00 00 
[  163533] ch50 r0 a3: 00 00 00 00 00 00 00 00 00 00 00 00 00 00 4F E8 00 00 01 55 55 11 00 00 00 00 00 00 00 00 00 00 
[  163542] ch50 r0 a3: 00 00 00 00 00 00 00 00 00 00 00 00 00 00 00 00 00 00 00 00 00 00 00 00 00 00 00 00 00 00 00 00 
[  163555] ch50 r0 a3: 00 00 00 00 00 00 00 00 00 00 00 00 00 17 FA 00 00 15 55 54 05 50 00 00 00 00 00 00 00 00 00 00 
[  163560] ch50 r0 a3: 01 00 00 00 00 00 00 00 00 00 00 00 00 13 FA 00 00 15 55 55 54 41 00 00 00 00 00 00 00 00 00 00 
[  163581] ch50 r0 a3: 00 00 00 00 00 00 00 00 00 00 00 00 00 13 FA 0B FF FF FF FF FF FF FF FF FF FF FF FF FF FF FF FF 
[  163586] ch50 r0 a3: 00 00 00 00 00 00 00 00 00 00 00 00 00 00 00 00 00 00 00 00 00 00 00 00 00 00 00 00 00 00 00 00 
[  163595] ch50 r0 a3: 00 00 10 00 00 00 00 00 00 00 00 00 05 3F A0 BF FF FF FF FF FF FF FF FF FF FF FF FF FF FF FF FF 
[  163608] ch50 r0 a3: 00 00 00 00 00 00 00 00 00 00 00 00 00 13 FA 0B FF FF FF FF FF FF FF FF FF FF FF FF FF FF FF FF 
[  163669] ch50 r0 a3: 55 05 10 4A 94 25 2A AA 50 AA 4A 85 42 0A 29 49 05 54 52 A5 21 41 21 12 82 44 14 08 A0 AA 28 A2 
[  163721] ch50 r0 a3: 95 B6 C5 83 B2 91 75 70 F5 66 AD 2C CB 16 DA 32 73 76 B5 6E DB AA 6A E6 B4 AA 52 8B 5A A2 24 A5 
[  163739] ch50 r0 a3: B5 7A DB 6A D0 BE D4 AB 61 46 E3 98 55 9D 56 23 BB AA 96 55 1F 0A A9 E9 E7 5B 96 A5 1B 91 88 B6 
[  163761] ch50 r0 a3: A5 29 48 9C 8A EF 72 82 BC 61 9E B4 D3 F1 48 E9 4E BA 19 FF 22 1F 06 EF 58 AE 0B 50 55 F1 B2 A2 
[  163825] ch50 r0 a3: 54 20 10 80 8C 04 A2 0A 5A 84 45 15 15 25 5F 6E D2 15 B5 48 92 43 95 49 21 6E AA B8 92 97 15 AA 
[  163922] ch50 r0 a3: 92 A2 A9 14 B6 CE B4 C1 2D 0A 94 AD A8 29 89 2A D4 B1 28 C5 D5 51 8D 4A A8 8B 2A 85 54 B6 85 AA 
[  163994] ch50 r0 a3: 89 42 95 44 88 8B F7 4B B7 5D AB F9 7F B7 DD 96 AA D9 6E F5 75 D3 BD 75 48 F6 AA AD DF D2 EF AA 
[  164017] ch50 r0 a3: 08 52 10 08 29 6A A2 84 65 52 29 02 5B 81 88 D4 50 2A 10 00 00 81 0A 00 2A 90 89 0A 23 34 82 20 
[  164100] ch50 r0 a3: A1 50 BE A4 27 4E 4C A3 39 56 85 0B F9 16 83 75 AF D6 C6 F7 9B 20 1D 14 C1 E7 FF 0D E6 C1 F6 CE 
[  164244] ch50 r0 a3: E2 1A 6C 12 92 AE E1 D5 56 24 37 19 E5 92 05 AC 47 01 E0 12 6C 94 D6 33 55 60 87 A2 74 02 08 CD 
[  164336] ch50 r0 a3: 02 8A AB 24 8A A4 CA 96 4A 4D 55 5A 4C 80 96 D5 36 81 B6 15 95 46 A9 12 A5 11 51 BC 12 A4 4A A4 
[  164369] ch50 r0 a3: AA 90 26 54 58 9A 55 40 91 70 95 22 A3 42 A1 10 AA 19 D9 14 41 45 54 CA 91 05 25 2A 21 25 C3 45 
[  164387] ch50 r0 a3: 02 46 B6 D0 59 54 25 AB 53 49 60 5A AC 00 A5 54 81 54 A4 55 12 2E D6 55 DA AD AD 8C 2D 7C FD 9C 
[  164394] ch50 r0 a3: AA 99 2A 90 2E C1 4C 84 BA 55 5F BC 8C A9 3B 52 82 2A 5A D5 92 24 84 AA 05 4A B5 4D 34 81 55 55 
[  164406] ch50 r0 a3: 00 02 50 24 A5 28 A6 54 28 A8 90 4A C4 90 8D 26 93 84 47 25 4A 54 2A AE 4D 0B 44 85 25 10 69 A2 
[  164424] ch50 r0 a3: 88 92 1A 85 44 52 94 AA 4A 68 45 B3 52 95 0A E9 12 A6 84 15 55 54 9A E8 4E AD B4 53 12 A3 83 24 
[  164452] ch50 r0 a3: 24 08 51 0B 2A 52 45 44 2D 15 20 29 54 61 4D 28 52 89 46 DB 11 68 08 CA 0A 10 56 95 2D 25 54 55 
[  164489] ch50 r0 a3: 25 45 6A AA BC 22 2E 33 46 6A 2A EA 95 A2 25 49 84 48 84 8A 22 16 2A A9 A5 6A 35 DE DD D7 5D 7F 
[  164496] ch50 r0 a3: 11 2A 98 48 1C 2D 61 12 48 04 41 42 13 88 AD 24 11 53 54 A8 84 55 36 C0 A2 B4 41 1C A2 54 18 50 
[  164556] ch50 r0 a3: 48 55 55 13 51 49 44 85 55 44 89 14 AD AB 85 6A 63 38 A5 55 A9 6B 4D C4 0A 6A AE 54 94 E2 AA 5A 
[  164557] ch50 r0 a3: 95 92 06 EC 39 82 25 EE 73 4A 0D 4D B9 F8 19 91 52 C8 6D 56 0A 75 AD AE 56 AD 8E 6C 71 74 A5 86 
[  164571] ch50 r0 a3: 00 80 B2 A4 60 28 88 54 0A 28 A1 55 DA A5 4E 92 66 95 66 D4 D5 64 15 52 4A 81 55 6A C5 48 A5 48 
[  164633] ch50 r0 a3: C9 45 61 19 51 68 29 AC A2 49 68 A6 A4 90 6A C5 2A B1 98 02 05 52 6F 54 D3 55 51 54 AA A6 99 B2 
[  164646] ch50 r0 a3: 10 02 28 82 88 94 90 94 12 48 2A 24 B4 92 1A D6 EA 8E 9A 41 42 56 8F 56 E1 5E DB BD 5B 9A 96 AD 
[  164648] ch50 r0 a3: 28 A3 EC B2 36 A9 46 AA AD 39 17 9B 56 2C F5 94 D4 A8 D0 8E EA A6 14 E2 D6 4D DB 9A AA A9 6A 95 
[  164652] ch50 r0 a3: 0A 35 60 73 50 19 55 A2 20 4A 67 0E 2A 56 52 16 2A D1 40 AA E8 0E A0 00 7E 60 6A D2 D8 1B 83 64 
[  164730] ch50 r0 a3: C2 22 88 21 C0 82 45 04 51 A2 44 25 04 02 A5 55 8E D6 48 B4 52 CB 1D 51 28 9B 54 D8 92 4C 42 CE 
[  164754] ch50 r0 a3: C8 AB 42 6A A0 A5 4E 51 5C 12 31 4C D0 2B 2A 98 A8 D5 4A 26 08 88 B5 5A 28 24 2A 2C 6B AA 55 A5 
[  164767] ch50 r0 a3: 55 10 8A DD 15 55 99 57 D6 E2 53 55 EA B5 52 19 0A 8A D0 55 ED 55 2A A8 B1 4F 2D 11 AF C6 C4 56 
[  164822] ch50 r0 a3: 88 CA 52 C8 82 95 5B 48 B2 94 C6 10 95 51 69 49 65 92 82 AC AA 8B 42 95 2B AC 52 29 A8 AA 32 94 
[  164826] ch50 r0 a3: 89 95 50 89 49 22 54 A4 49 08 7C 4C AC D5 52 AA 94 08 A8 A0 22 2B 45 40 12 A5 84 55 21 88 4D B0 
[  164843] ch50 r0 a3: 8C CA 83 22 9B AB 01 24 B6 BB 2A A4 1A 95 5B 75 49 2A D4 D5 55 25 A9 D6 25 15 45 2A 96 9A 04 79 
[  164886] ch50 r0 a3: 50 00 11 15 48 3E FD BD DB 6E D5 4A 45 6B 09 92 95 36 15 41 31 48 4C D2 6D 1C 0B 54 45 42 A9 10 
[  164889] ch50 r0 a3: 4D 28 CD 0C A9 45 22 AA D3 26 A1 52 A8 49 08 05 54 2B 44 90 A5 A7 AC 94 C4 50 48 51 08 D3 22 93 
[  164908] ch50 r0 a3: 4B 6A B1 71 56 AB 52 24 C4 48 4B 52 16 3A 93 55 92 55 56 92 14 94 05 12 88 35 B0 2A 60 E9 26 6B 
[  164914] ch50 r0 a3: 24 AA A5 52 90 B1 11 41 28 48 85 A9 53 02 91 40 80 94 A0 9C 8A 95 54 18 82 A2 95 43 6B B2 ED 54 
[  164922] ch50 r0 a3: 5A 8A F7 59 51 0A A4 53 4A 24 8C 5A 2A B5 42 89 A5 4A 52 A2 BD 19 95 6A 08 2A F0 A8 D4 66 B3 39 
[  164933] ch50 r0 a3: 01 91 B5 FA 56 69 DC 6C 95 49 3A 36 E5 AB 67 67 AA CB D2 FC 8C 97 86 F7 5D AB DC D7 EC BA 55 E4 
[  164942] ch50 r0 a3: 15 0A 0D 19 12 D6 A6 AA A4 9F 55 54 5D 43 54 A5 8C 46 AD 29 88 D1 42 CD 15 6A B9 BA 5B 25 45 43 
[  164983] ch50 r0 a3: A9 19 CA B5 6B 52 89 48 42 5A 32 A1 5A B2 55 34 8A 61 14 98 05 65 D2 95 8D 2C 23 56 9D 48 3D 59 
[  164990] ch50 r0 a3: 09 40 40 14 12 A5 11 33 54 01 29 49 49 08 8A C2 28 24 08 50 A9 4A 28 A2 0A 40 48 35 11 01 96 AF 
[  165000] ch50 r0 a3: D5 6A 8A F6 56 5A 9D 59 5D 36 A8 B6 5D 22 02 AA FD 68 EB 95 A3 2F A8 92 F6 AF DF 55 52 4A 8F E5 
[  165015] ch50 r0 a3: 51 2A 95 57 26 9A 48 5A 4A 08 94 95 4A 06 86 AE 0B 4C 33 6D 2A 97 49 56 B6 9A B3 5E C5 28 89 27 
[  165080] ch50 r0 a3: 81 13 AA B5 63 95 68 BB 04 A4 99 56 29 25 1A AB 56 28 D9 91 35 52 6A B4 95 94 91 68 A5 29 49 23 
[  165091] ch50 r0 a3: D9 22 44 3B 12 50 52 25 A1 48 AD 6E 6B 91 AB B2 AA 9C AF 76 CC 6B ED 15 AA AA EE EA BA 39 2C 35 
[  165103] ch50 r0 a3: CF 06 5D 4A C4 F6 44 8A 41 13 19 14 56 8A 95 49 15 54 A6 AF 2E C9 49 85 CA 14 A5 C8 6A 9A 2B 51 
[  165141] ch50 r0 a3: 0A A5 36 50 5D 42 84 BD C2 89 89 2C 14 D5 44 59 51 2C 90 A2 85 45 4E AA 52 4A 4A 55 CB 2A 96 AB 
[  165150] ch50 r0 a3: 95 C9 51 56 D4 82 00 34 0A 49 54 92 8A AF 57 55 D6 B5 AE 97 5C DF 3C 5D DB 7A 6A EF 6F 57 55 96 
[  165170] ch50 r0 a3: DB 14 47 F6 90 AA 45 5A A2 A5 69 52 24 A4 AA 48 82 E2 90 93 10 21 15 54 42 95 52 55 64 DA 6D 23 
[  165229] ch50 r0 a3: AA AA 68 AA AA D2 5A A9 4D 12 5A 5A 3B 15 55 55 56 BA B4 88 48 89 4D 95 37 60 A8 EB 5E AA 85 78 
[  165244] ch50 r0 a3: C5 6C 15 5A EA F7 A3 35 16 9D 56 55 B6 CF BC 9C BE 6A 6C 5A BF 33 B5 86 8D 49 5D 95 92 6D 8A 55 
[  165248] ch50 r0 a3: 40 A4 D5 5B 6D 3B FB EE D4 B6 BD 6A DD 12 B5 D7 95 9F 3B 95 D7 74 B7 5E C8 A3 6A 54 55 09 A5 B5 
[  165262] ch50 r0 a3: 81 02 A9 07 09 55 A5 28 05 10 27 51 75 85 44 8C AB D4 D6 A8 AA D5 C8 56 A3 48 91 89 6C 45 5D 5A 
[  165318] ch50 r0 a3: 48 74 AC D5 92 A2 B4 99 AA A5 E5 2A 85 56 A3 4A D6 54 84 A4 54 2B A8 EA EA 80 70 D0 A4 41 24 DB 
[  165333] ch50 r0 a3: B2 8D 69 64 34 AA 92 54 51 52 A2 93 8A A0 B4 81 12 A8 50 AA 62 84 A4 80 AA 19 2A 22 48 64 E2 15 
[  165346] ch50 r0 a3: 65 25 4E C4 E9 95 52 9B 58 2D 85 49 02 B0 D9 46 62 56 96 10 29 7C 51 54 B4 2C D2 4A 5A 16 A9 A9 
[  165367] ch50 r0 a3: 2B 2A D7 D5 C9 55 6A D5 75 22 F8 F8 9A D5 54 B4 B6 D5 4C 64 E2 75 6A C3 5A EA 95 5A 28 BA D4 AF 
[  165457] ch50 r0 a3: 55 4A AA C8 AD 5D 8D 48 91 AF 51 65 B4 5B 52 22 4A AB 22 95 81 C4 4A 14 96 54 92 8A 55 D8 A9 04 
[  165460] ch50 r0 a3: 51 54 A4 C5 55 C6 58 28 7A 2A 52 51 04 89 44 10 28 4C 4B 56 0A 48 A5 28 21 28 A2 9A 49 23 58 85 
[  165487] ch50 r0 a3: 5D FD BD B7 DA 97 5A DD 81 66 75 A9 56 AE F5 F5 EE AF 29 2C EF 3D D7 56 EE D9 65 B6 CB 3B 96 B6 
[  165623] ch50 r0 a3: 5A A5 05 20 52 4C A2 4D 22 C6 31 25 AD A5 95 6C DE A9 AA 0E BD 6D 5B 72 DC 14 63 69 A9 57 2E 95 
[  165636] ch50 r0 a3: 4B 20 AD 2E 0D 42 8A 88 10 08 13 00 12 A4 50 12 84 50 01 A4 40 90 8D 55 BC 29 45 25 52 AD 94 20 
[  165657] ch50 r0 a3: A5 35 51 AA A2 BA AA 46 AA 8A B2 3A A1 6B 64 D5 7B 45 32 4A CA 66 6A D2 B6 AD 16 B2 21 2D 95 AE 
[  165662] ch50 r0 a3: D9 A4 88 D5 34 B5 C5 ED 48 58 8E AA 56 C5 52 A6 5D 55 D6 BA E9 92 5F 6C CD 15 A8 A6 F5 2A AE 55 
[  165670] ch50 r0 a3: B1 63 4B 50 A5 AA 95 4C 25 45 A9 49 69 52 03 24 A6 A2 A4 B4 03 A9 44 85 23 5A 94 A9 55 2E 81 14 
[  165675] ch50 r0 a3: 90 10 C1 04 41 02 22 0E 94 2A 94 42 21 54 C7 29 9C A5 91 51 4D 09 A2 D6 EA DA B5 59 28 88 6B 05 
[  165770] ch50 r0 a3: 32 6B AA FF 5D AB 53 6B 5B 55 6E 3A 55 67 5A B7 6E 36 C5 6B 5D 7B BA B6 A9 AF 6A D2 D6 DE AF 2A 
[  165777] ch50 r0 a3: A9 55 C0 5E 97 EA B5 4A 2B 55 48 0A 62 09 0C B4 C8 12 40 25 52 C4 31 A2 16 5B 21 28 28 B4 00 3A 
[  165839] ch50 r0 a3: 04 92 42 82 80 04 8D 48 6F 53 70 26 15 54 8A D2 D1 9D A1 58 A4 75 11 D5 4E 88 59 F9 22 AB A0 A4 
[  165886] ch50 r0 a3: 4A 96 A9 A5 69 22 FD 95 2E 75 6A 93 0D 55 AB 17 D5 95 1D 7A CB D5 F6 AD 5E BE EF 2A A9 6A DB 66 
[  166006] ch50 r0 a3: A1 95 55 55 5A A5 55 16 D3 17 2A C5 62 B5 96 B4 D5 52 73 4D 75 6E D6 FD 33 5B EA 85 44 69 27 4A 
[  166056] ch50 r0 a3: B6 AB 57 0B 55 55 0D 46 B6 6D 46 AB 74 AE CA B5 F0 8D FD 3B B6 EF 6B 4F 13 44 A2 A6 93 EA A9 52 
[  166076] ch50 r0 a3: AB 49 13 51 40 40 9F 12 10 A4 AA 4A AA 8A A2 AB 50 A1 44 91 5A 55 03 65 29 59 49 1B BD 9B 3B 4C 
[  166105] ch50 r0 a3: 00 00 00 00 00 00 04 00 00 00 80 00 00 84 FE A2 BF FF FF FF FF FF FF FF FF FF FF FF FF FF FF FF 
[  166109] ch50 r0 a3: 00 00 00 00 02 00 00 00 00 00 00 00 00 4F EA 2A FF FF FF FF FF FF FF FF FF FF FF FF FF FF FF FF 
[  166123] ch50 r0 a3: 00 00 00 00 00 00 00 00 00 00 00 08 00 5F EA 2B FF FF FF FF FF FF FF FF FF FF FF FF FF FF FF FF 
[  166143] ch50 r0 a3: 55 34 A3 35 6A EA D5 0D A8 54 88 19 B2 A4 DC AA 86 63 80 E1 E5 2B 11 48 C8 DB 2A 71 55 01 9A 8D 
[  166184] ch50 r0 a3: 40 01 10 00 02 00 80 00 80 01 20 20 04 5F EA 2A BF FF FF FF FF FF FF FF FF FF FF FF FF FF FF FF 
[  166200] ch50 r0 a3: 00 02 48 00 20 41 40 40 80 20 00 20 91 4E AD 36 D5 55 55 65 55 2A C9 B6 A9 5A AD DB 59 5A A2 B4 
[  166215] ch50 r0 a3: 08 00 00 00 00 00 00 08 00 00 00 00 00 13 FA AA AA BF FF FF FF FF FF FF FF FF FF FF FF FF FF FF 
[  166259] ch50 r0 a3: 4F 12 D2 24 D4 2C 1A 92 4A C6 54 09 22 A8 22 CD 56 00 B7 55 D6 55 45 52 72 09 2A 44 41 55 AC C1 
[  166289] ch50 r0 a3: 00 00 00 00 02 00 00 00 00 00 21 02 29 3F AA AA AB FF FF FF FF FF FF FF FF FF FF FF FF FF FF FF 
[  166329] ch50 r0 a3: 00 10 00 00 00 00 00 00 00 00 00 01 00 4F EA 2A FF FF FF FF FF FF FF FF FF FF FF FF FF FF FF FF 
[  166338] ch50 r0 a3: 10 10 40 02 00 00 01 20 00 08 00 80 05 FE AA AA AF FF FF FF FF FF FF FF FF FF FF FF FF FF FF FF 
[  166368] ch50 r0 a3: 82 55 AB 3F 72 BA DB 6D AE AA AA AA AA AA AA AA AA AA AA 21 00 42 20 00 00 00 01 40 00 04 00 00 
[  166401] ch50 r0 a3: 53 53 28 95 8A 64 89 53 16 B5 13 4D E9 AD 44 B5 65 28 9A B1 13 2A 29 54 CA 94 5B 54 8D 11 59 4C 
[  166416] ch50 r0 a3: 84 00 00 90 80 00 00 00 00 00 00 20 01 53 FA AA AB FF FF FF FF FF FF FF FF FF FF FF FF FF FF FF 
[  166421] ch50 r0 a3: 00 00 00 00 00 00 00 00 00 00 00 00 00 01 3F A8 AF FF FF FF FF FF FF FF FF FF FF FF FF FF FF FF 
[  166426] ch50 r0 a3: 56 8A 75 3A A9 55 AC 4D 15 75 A6 4D 56 D6 08 99 16 30 CA DC AA 84 AD 55 09 12 B7 55 6B A9 93 9D 
[  166469] ch50 r0 a3: 12 2D 69 51 C4 8A C8 59 E9 43 A6 45 48 45 40 8F A6 A9 D9 CA 58 A4 95 9E 49 58 5B 5B 5A 25 53 A2 
[  166478] ch50 r0 a3: 00 00 00 00 00 00 00 00 00 00 00 00 00 4F EA 2A BF FF FF FF FF FF FF FF FF FF FF FF FF FF FF FF 
[  166480] ch50 r0 a3: 54 AC A4 B2 54 85 05 02 10 00 02 A8 8B B2 85 6A DA D6 EB 43 6A 5A BA 27 B0 CC D4 55 BA 97 5A 45 
[  166495] ch50 r0 a3: 00 00 00 00 00 00 00 00 00 00 00 00 00 04 FE A2 AB FF FF FF FF FF FF FF FF FF FF FF FF FF FF FF 
[  166554] ch50 r0 a3: 11 54 9B 5A 5A 55 26 A9 5B 3D 6D 97 66 92 A9 2A AA D4 4A 95 43 56 68 AA A4 2E A8 EA AC CE B5 2A 
[  166637] ch50 r0 a3: 88 86 95 32 12 95 90 42 54 49 54 15 22 25 45 01 48 B1 6A 8C 97 13 56 F6 4A A2 8B 42 9A 66 95 5A 
[  166643] ch50 r0 a3: CD 55 48 39 34 DA CA D1 54 11 54 52 B5 58 26 91 AA 94 B2 D4 AA 15 8D 41 27 4A 28 AB 94 D4 6A B4 
[  166655] ch50 r0 a3: A1 29 0C A5 44 B2 1E AF 17 54 5B D6 A6 55 7B 10 4D 69 2F 15 29 3A 84 6D 2C 35 1E D6 9A CB 64 BD 
[  166698] ch50 r0 a3: B1 A5 0A 12 CC 89 08 52 25 1E CD BC 99 34 3F 66 A8 A4 3D 50 CA E4 72 14 23 26 AB 7A 82 AD 52 B6 
[  166754] ch50 r0 a3: C6 81 08 B8 CF 36 2A A9 48 26 30 05 1C 22 90 6C 2B C6 24 10 80 BA 98 13 53 96 91 6A 34 06 39 64 
[  166772] ch50 r0 a3: A8 AA D2 4A 42 4A 55 21 42 26 E5 56 EF 65 F9 56 AA 28 6D D5 5D 5D AA B0 34 A6 52 52 A5 4B 2A D1 
[  166800] ch50 r0 a3: 6A 9A 56 D5 71 52 2D 6E DD 5A 55 AF 73 E5 65 5B B5 A8 2A 9E 56 23 6D 05 B5 66 4B F3 25 D6 AD E9 
[  166816] ch50 r0 a3: 96 49 4A C1 22 42 99 45 05 22 9A 21 AA A9 37 B2 97 0E 8E 67 61 16 B1 A2 AD 6C 9C 80 75 54 7B 28 
[  166825] ch50 r0 a3: B4 2B 12 A1 6A 2A 49 28 92 54 A1 CA BD 49 A5 4D A4 4C 52 D1 4C 55 48 24 25 95 D2 DA AC D7 BD A2 
[  166847] ch50 r0 a3: A2 B4 44 1F 91 80 80 AC AA 12 D2 A3 04 88 91 11 49 25 79 C8 A5 33 92 08 2B 6D AD C9 FB EB B4 88 
[  166936] ch50 r0 a3: 2A 84 C8 A5 22 2E C0 16 B2 14 A2 DB 52 98 92 AA B5 51 2C 9D 52 A8 ED 4A 94 B5 4A 6A A6 2D 5A 65 
[  166988] ch50 r0 a3: 25 55 A8 45 2A 89 72 93 A7 2B 4D 5B 75 5D D2 94 A7 D6 B7 2C 4B D0 38 B2 E4 AB 58 AA AA 6A D6 A3 
[  167122] ch50 r0 a3: 2B 02 54 16 A6 A9 69 59 51 CA 92 63 95 22 AA B5 2B 52 D2 3B 74 A4 90 6A A4 69 24 C2 72 D5 4A 4D 
[  167141] ch50 r0 a3: 54 BD AA 9A 6F 57 B6 94 92 FA 35 25 78 6B 15 2A 46 D4 A8 42 B5 57 DB 2A 96 99 25 2E A5 1B A4 B2 
[  167178] ch50 r0 a3: 25 4D 56 51 25 4A 15 25 36 17 A4 DD 03 2D 54 A8 51 54 4A 89 A8 45 59 A1 19 2A 2A 92 13 5A 50 AC 
[  167180] ch50 r0 a3: 88 26 64 99 04 00 48 93 4C 25 56 90 12 55 05 09 11 68 50 88 82 2C 90 80 C1 53 80 50 25 32 2A 62 
[  167184] ch50 r0 a3: AA 6A 53 2F 55 26 5E EA 7E 85 2B 6E 59 25 0A 8C 43 67 53 35 55 6E D5 BA 9A A6 A4 AB 6D 5B 5B 95 
[  167211] ch50 r0 a3: 04 95 EB 6A 9A B4 50 AB D4 5D 56 AA 97 00 92 4C 14 A3 2A E8 80 42 54 1A AD 4C 58 11 65 0A 5A 56 
[  167266] ch50 r0 a3: D5 52 A0 49 32 AC 2B 96 99 14 92 A8 52 C4 F5 54 0A 39 A9 CD 42 45 41 14 2A 21 21 24 85 50 B7 62 
[  167276] ch50 r0 a3: 47 82 1D C2 A9 31 64 13 20 80 84 2E A4 80 85 0D 08 B4 59 96 C9 48 18 41 44 E4 54 80 90 14 C0 51 
[  167282] ch50 r0 a3: 00 61 B2 C0 51 68 B2 05 54 65 25 40 36 86 AD B4 95 16 99 15 78 A6 4E AE 65 79 51 B6 AA CA 5E 9A 
[  167345] ch50 r0 a3: A5 2A 94 AA AA 0E A4 A4 CD 12 96 E8 AA 1A B5 4A AA 82 A3 55 64 0F D2 6A AE BB 55 2D 2A 30 25 1B 
[  167364] ch50 r0 a3: AA A9 45 A9 46 D1 0C 13 45 0A 86 AA A2 62 54 1A 75 DB 29 AA AC AE 83 51 6B 3E 86 A5 6B 2A 55 D5 
[  167367] ch50 r0 a3: A0 8A AD 32 56 68 A4 C9 45 0A 25 61 0A 90 19 2D 54 B2 15 A9 2A AB 28 B5 ED 64 EA AB 93 06 BA 32 
[  167369] ch50 r0 a3: 00 10 44 24 A4 04 50 55 20 08 AA A9 20 8A D5 15 4D 4C BB 5D 59 6A FA BF D7 2D B6 EF AC B6 EF 47 
[  167375] ch50 r0 a3: 11 40 01 8B B2 00 AB 69 53 8B 15 2A 5A 17 8A 94 46 52 19 16 64 02 66 AA 8A C9 A4 98 69 39 4A 36 
[  167381] ch50 r0 a3: 21 42 29 65 0B 2E AB 15 25 A0 D5 1A 48 88 09 4A 01 52 4A 8B 44 94 91 A5 22 02 42 26 48 A8 47 21 
[  167444] ch50 r0 a3: 67 8B A9 CB 26 2A FA 57 D3 DC 0C AF A5 2B 4E 47 A9 82 85 03 74 9D 60 22 B3 BE A1 57 AA F4 A0 6A 
[  167458] ch50 r0 a3: 92 6C AA CC B2 A5 72 B2 19 4A D6 57 6C 8E 54 56 4A 6B 92 B6 B2 51 56 D5 A5 5A 8C 25 C9 76 C5 39 
[  167503] ch50 r0 a3: E2 EB DC 9D 60 75 CA B8 E0 7E 07 E0 03 C0 1E EE FD DF EC 7D FC D7 54 F5 57 5B DD C7 6A CA B5 54 
[  167504] ch50 r0 a3: 02 A0 1C 4D 7B 93 AC 0E B9 57 1F 8E 00 1F 8F C7 EB FD 5E 28 88 00 E0 A8 11 08 40 A5 5E 55 B6 32 
[  167509] ch50 r0 a3: B6 D8 75 ED 7D 5B 6D 7A AF 5B BF 5B 3A B7 67 AA ED 73 49 35 DD DD 50 90 8D 12 2A 55 28 54 9E 25 
[  167548] ch50 r0 a3: A6 68 A4 52 26 92 85 25 55 2B 0A C9 55 85 16 CB AB CC 4C 67 55 51 5A 26 B0 AA 29 7E E5 B7 E9 5A 
[  167557] ch50 r0 a3: 14 94 82 21 11 09 0B 48 15 0A 08 21 14 0A 05 14 A4 A2 94 A1 55 09 2C 10 B4 58 04 12 25 10 6B 20 
[  167567] ch50 r0 a3: 4C 76 A9 89 74 9A D3 13 02 A3 B6 8A 66 68 AD 4D 2B A9 BA AB 9B C7 4A AA BF 9D 7F 3D ED EA FB F8 
[  167603] ch50 r0 a3: 12 1A 4A 1A 08 20 55 49 2A 14 8D 6A 56 F5 6D 20 54 8A B3 69 2C AA A8 A0 A1 50 A8 B3 55 61 BA 89 
[  167641] ch50 r0 a3: 9C AA 97 73 02 82 E5 95 33 29 ED 64 AA 4C 05 D5 5B 7B 22 5F 63 25 46 A8 AA 5A DB 8E AA 55 55 67 
[  167653] ch50 r0 a3: B6 D8 22 97 D5 17 1D 4E 41 15 60 96 5F 93 1D 43 8A 36 55 1D A9 5F 52 C5 1A 48 48 9A 54 5A 52 12 
[  167670] ch50 r0 a3: A9 56 A2 6A A8 B2 AE 95 0A 49 6C 20 51 4A BA 11 4D 2A 91 03 23 57 4B 3B 53 32 A2 59 28 4C BA 82 
[  167712] ch50 r0 a3: 99 A2 28 48 49 E4 97 3B 0E AA 65 48 46 23 28 82 24 54 92 92 AA A6 52 D2 29 3A BA AC EA BB 5A CA 
[  167722] ch50 r0 a3: 16 94 DB 57 B2 E6 28 A6 B5 5D D9 35 55 D4 49 5D 29 29 52 C7 30 52 C6 9A 5A B0 52 C9 98 C2 8A 4A 
[  167796] ch50 r0 a3: E9 0A 42 4B 12 B2 8A A5 4A 25 A9 6A AA 2B 35 A9 AA 51 13 32 86 69 55 AB 53 69 B5 5B 06 EA AE E5 
[  167811] ch50 r0 a3: 16 92 A4 29 22 12 01 05 14 46 92 41 04 84 18 25 49 08 14 4A 04 80 99 08 04 2A A4 00 AE A0 C4 84 
[  167846] ch50 r0 a3: 81 09 13 89 49 21 05 01 4A 99 28 02 A4 94 C8 8A 90 80 95 A1 0A 62 A0 45 03 48 31 35 24 10 96 C4 
[  167872] ch50 r0 a3: 0A 98 CC 69 65 A4 19 C8 91 51 55 94 52 8B 54 09 20 A5 41 B4 E8 A2 28 8A AB 4C 29 55 5B 6D AA D4 
[  167927] ch50 r0 a3: 55 41 04 95 54 4A A9 95 4A 54 A9 3A EC 82 DE 04 65 2A 11 D4 D0 EA AA A5 2F 45 6C 20 84 60 77 1A 
[  167978] ch50 r0 a3: 8D 44 96 2B 61 26 5A A5 B6 98 AE 14 95 22 56 55 50 AD 22 D2 B5 62 B2 8D 0C 95 25 55 B6 B2 A9 BB 
[  167987] ch50 r0 a3: 00 12 28 09 54 52 94 6D 03 CB 46 06 84 29 2A 55 85 43 90 50 AB 29 18 50 D2 89 AE 66 18 B6 54 AA 
[  168008] ch50 r0 a3: A6 04 13 29 08 38 08 B5 1A 74 95 0A 48 50 AA A5 52 B9 92 56 48 B5 14 A9 D5 65 D5 AA AD 53 57 69 
[  168011] ch50 r0 a3: 09 20 48 45 42 AB D6 D5 6C 25 AB 13 58 21 B4 AA AC 6A 4A 98 AA 02 52 20 88 D4 52 A8 92 A8 AA 55 
[  168033] ch50 r0 a3: 24 AD 5B 5D 9D 14 9F 70 B1 44 8C D1 54 E5 69 3E 29 2A D5 61 2A B4 1D 4D 73 43 71 1E 50 20 52 EC 
[  168098] ch50 r0 a3: 33 51 E1 28 4B 44 29 2C 96 54 F0 49 21 45 75 1D 0B D4 82 25 5A B3 45 15 A2 D9 51 23 54 95 A0 A2 
[  168114] ch50 r0 a3: 76 D3 2D A5 09 34 8F 8A 65 56 33 25 C6 BC A3 31 EC B9 4B 24 08 8B 4B AD 8B 16 EB 55 13 CB 85 69 
[  168157] ch50 r0 a3: 58 12 31 42 42 B7 D0 EA AA AA 4B 49 51 80 94 18 5B 55 2C AB 49 55 55 6A EB 12 49 88 C8 74 92 65 
[  168160] ch50 r0 a3: 92 85 63 5C 54 B5 9C AD 29 4D 2E 55 5B C0 A7 76 D1 4E 75 4D 20 57 CA 35 34 A1 19 52 C9 6E 55 59 
[  168167] ch50 r0 a3: 94 D5 9E 15 02 08 4C 24 24 B5 20 A5 92 21 26 61 24 11 84 22 AA A4 64 80 C4 C4 62 20 A9 48 52 A3 
[  168186] ch50 r0 a3: 5A 55 4A 97 55 55 52 6E A2 D5 9E 91 C8 7B 6A 55 5A B5 5D 55 55 A6 75 3B 19 34 E9 55 5A 20 22 AA 
[  168207] ch50 r0 a3: 12 55 90 5B 31 45 8A AA 62 84 92 29 25 56 4A B4 55 CA 5A AB 32 65 92 DA 5A 34 25 A8 20 AA 92 AC 
[  168267] ch50 r0 a3: 12 33 98 54 B6 9C 54 A4 94 48 06 11 33 45 6A AF 2A D1 B5 10 D5 52 35 34 DB 12 B9 82 4C AB A1 CD 
[  168351] ch50 r0 a3: 24 90 69 12 A8 82 A1 5A 15 54 36 A9 64 3A 52 B8 55 74 12 4E CE B6 AA D5 11 95 52 D1 80 FA BB BA 
[  168395] ch50 r0 a3: 51 15 56 2E A5 A9 A9 94 B5 A5 AE B9 57 69 75 5E A9 4A AD E9 95 DE 6A D6 95 63 2A 2A 32 CD A1 53 
[  168461] ch50 r0 a3: 40 00 00 00 00 00 00 00 00 00 00 00 00 04 FE A2 BF FF FF FF FF FF FF FF FF FF FF FF FF FF FF FF 
[  168483] ch50 r0 a3: 01 40 02 00 04 10 22 20 04 00 00 00 25 FE A2 BF FF FF FF FF FF FF FF FF FF FF FF FF FF FF FF FF 
[  168500] ch50 r0 a3: 84 00 24 08 00 BF D4 57 FF FF FF FF FF FF FF FF FF FF FF FF FF FF FF FF FF FF FF FF FF FF FF FF 
[  168513] ch50 r0 a3: 02 00 00 00 00 00 00 00 00 00 08 00 01 7F A8 AB FF FF FF FF FF FF FF FF FF FF FF FF FF FF FF FF 
[  168527] ch50 r0 a3: 00 00 00 00 00 00 00 00 00 00 00 00 01 3F AA AA BF FF FF FF FF FF FF FF FF FF FF FF FF FF FF FF 
[  168576] ch50 r0 a3: 42 AA A4 A9 40 AB 90 84 00 00 58 01 02 00 02 20 00 00 00 00 00 10 10 00 80 00 00 00 01 48 B4 26 
[  168583] ch50 r0 a3: 12 A8 A1 26 09 51 A8 DD BB F7 D6 D7 F7 EA 59 4B 56 EA 92 76 E5 29 D6 BA 57 AB 55 E9 56 96 ED 3B 
[  168628] ch50 r0 a3: 00 00 00 00 00 00 00 00 00 00 00 00 00 13 FA 8A AF FF FF FF FF FF FF FF FF FF FF FF FF FF FF FF 
[  168663] ch50 r0 a3: 00 00 00 00 00 00 10 00 00 00 00 00 00 5F EA AA BF FF FF FF FF FF FF FF FF FF FF FF FF FF FF FF 
[  168702] ch50 r0 a3: 00 00 00 00 A0 00 00 20 08 00 00 00 01 3F AA AA BF FF FF FF FF FF FF FF FF FF FF FF FF FF FF FF 
[  168746] ch50 r0 a3: 02 00 20 10 00 00 00 08 00 00 00 00 00 4F EA 2B FF FF FF FF FF FF FF FF FF FF FF FF FF FF FF FF 
[  168754] ch50 r0 a3: 17 2C 81 54 4A 2B 4A B9 B9 22 BE A5 5D C4 13 AA D5 3D 60 5A 57 54 4A 74 EE D2 B0 4A AA 9D BD EF 
[  168770] ch50 r0 a3: 95 59 15 02 D5 99 CB 54 96 E5 2A BD C5 56 BD AE 15 6A 95 56 A9 D1 19 C8 64 DB A6 9F 4C AB D2 A5 
[  168804] ch50 r0 a3: 02 48 96 29 44 88 A1 29 25 08 A2 00 52 8A D7 6B EA 57 24 76 2E 99 6D 4D 96 B2 DB 6A AA 4D B5 77 
[  168808] ch50 r0 a3: 92 BA 85 05 12 54 90 43 16 84 4A 8A D4 A4 2C 8B 7C 44 A6 09 D5 9A 88 4E 69 A3 19 54 D6 D3 CA 66 
[  168813] ch50 r0 a3: 10 96 9A 45 14 8A AB 55 AB 6C 6D 4A C6 B1 6C A9 AF CA 28 A9 01 25 15 55 11 50 59 2A 2A 04 2A AA 
[  168817] ch50 r0 a3: 00 00 00 08 00 80 01 00 84 91 3F A0 BF FF FF FF FF FF FF FF FF FF FF FF FF FF FF FF FF FF FF FF 
[  168842] ch50 r0 a3: 3A 95 66 28 0C 55 04 49 5B 32 A5 52 30 C6 6A 48 82 A2 70 48 5A A2 96 F7 FD F7 F6 BF D0 AF AB D9 
[  168843] ch50 r0 a3: 00 00 00 80 00 00 00 80 00 00 00 00 00 13 FA 8A FF FF FF FF FF FF FF FF FF FF FF FF FF FF FF FF 
[  168845] ch50 r0 a3: 74 52 21 6B 54 45 45 AB 6F 29 43 6A AC 55 69 0A B2 55 4A B8 4B 55 A2 32 45 11 50 1A 2A 40 85 D4 
[  168847] ch50 r0 a3: 00 00 00 82 02 01 00 00 00 00 00 00 00 13 FA 8A FF FF FF FF FF FF FF FF FF FF FF FF FF FF FF FF 
[  168851] ch50 r0 a3: 96 BA 52 55 5A D4 55 56 22 A1 28 55 B4 B5 26 A5 65 10 A6 62 14 92 93 4A 45 A6 DC 54 5D 24 59 5A 
[  168856] ch50 r0 a3: 00 00 00 00 00 00 00 00 00 00 00 00 00 00 17 FA 8A FF FF FF FF FF FF FF FF FF FF FF FF FF FF FF 
[  168913] ch50 r0 a3: 00 00 00 00 00 00 00 00 00 00 00 00 00 05 FE AA AA AA AA AF FF FF FF FF FF FF FF FF FF FF FF FF 
[  168919] ch50 r0 a3: 22 2A 00 14 88 48 A0 40 11 45 10 08 85 69 4C 74 81 12 92 98 22 40 90 20 30 20 42 65 92 8A AB CA 
[  168940] ch50 r0 a3: 04 00 00 00 00 00 02 00 00 00 00 00 00 13 FA AA AA AA AB AF FF FF FF FF FF FF FF FF FF FF FF FF 
[  168941] ch50 r0 a3: 9E 21 0A D5 55 95 A5 95 25 5A D6 69 96 25 4B 85 34 95 25 B5 24 96 25 D5 B1 55 D1 55 65 44 95 D1 
[  168961] ch50 r0 a3: CD AE 6A F4 3E 85 74 EE C8 99 5A FB E8 2E D6 DB CF 9B 48 36 D7 BE D0 9B EB 56 EB 78 37 96 49 13 
[  169027] ch50 r0 a3: 52 34 48 5A 9E 14 61 72 A2 A2 D5 2B 4A D5 BB 52 DC A2 D6 E2 4C 65 54 59 EA 64 E6 F5 45 ED CD 62 
[  169047] ch50 r0 a3: CC A5 26 12 01 0A 44 A6 AE 45 2A 50 13 57 45 35 43 C9 64 4C 95 04 42 A4 DA AB 9D 49 5D 35 65 B5 
[  169054] ch50 r0 a3: 53 75 A5 59 52 CA A2 54 B7 48 29 E2 A8 15 6D 56 6A 80 11 54 D9 21 31 04 35 61 12 30 A5 C6 B7 2B 
[  169092] ch50 r0 a3: B4 45 8D 54 48 C0 A8 24 A1 15 88 05 6A 82 B5 61 00 71 2D 0A 0D 49 11 31 81 10 E9 05 41 17 14 29 
[  169102] ch50 r0 a3: A9 15 54 A4 91 02 22 CA BD 6C A3 AA 16 A4 D5 69 64 AB 69 A4 FD 52 FE 8E B6 6A CE D5 CA AB 45 52 
[  169108] ch50 r0 a3: 94 41 00 82 83 13 A1 79 5B 35 55 51 66 B6 D6 A5 54 B6 B6 C0 AD 1D 67 16 BA AA 14 1E A9 5B 51 6D 
[  169157] ch50 r0 a3: 89 44 A8 54 28 40 54 A8 6E AF 7B 4B 56 0D 6F AD 21 69 99 A9 8B 1D D4 E6 87 2D 5D 66 D4 DA E3 99 
[  169164] ch50 r0 a3: A6 AA 5C 6A 97 D3 3A A7 36 B4 C9 96 BA D5 B7 2A EE DB 6D DB DB 7A BB D6 6E A5 B6 B4 82 98 0D 5A 
[  169177] ch50 r0 a3: 88 89 A8 11 10 11 4D A2 98 25 29 98 AA A2 A3 40 58 14 44 40 43 54 28 A5 2A 15 4A 48 5A A2 51 4A 
[  169203] ch50 r0 a3: 90 41 59 3B 21 52 B6 12 12 31 05 61 40 0A E0 88 05 94 28 52 A9 27 51 E0 33 FB F9 EF F6 FF DF F6 
[  169357] ch50 r0 a3: 61 2F 15 2C A2 AE 50 65 31 35 09 16 D2 24 D4 40 58 9A 63 15 46 19 94 15 22 D2 D1 52 54 B2 8A A9 
[  169393] ch50 r0 a3: 34 02 29 1A 11 04 C1 5B 8E A5 2A 8B 58 92 22 B1 18 4A 98 B4 19 51 82 14 2B DB A2 8A 76 EB 61 57 
[  169437] ch50 r0 a3: 22 82 E4 AD A2 9A AC AC 86 B4 95 21 2D 15 AA AF 15 B5 52 B5 E9 ED 27 9A 6C B3 DB AE AA 4B 93 4B 
[  169463] ch50 r0 a3: 54 A4 10 11 90 AA 48 37 01 00 0A BE 98 A2 20 45 0A 1E 14 41 65 2D FE 33 6B 64 E5 44 A8 0B A9 8E 
[  169496] ch50 r0 a3: A1 16 95 84 AB 22 93 51 52 41 45 20 AC A5 A9 54 A6 95 73 4A A4 A5 4B 2A A6 82 4D 74 95 55 22 13 
[  169537] ch50 r0 a3: A9 10 94 4E 55 C2 84 1A 69 84 29 28 45 50 53 69 29 AD AA C7 0B 4A AE DA CD F2 8B AD D7 35 5B 2D 
[  169559] ch50 r0 a3: 54 55 56 05 57 0B 69 AA 72 A2 75 B9 76 35 B2 AD 6A AE 52 A5 F7 AD 54 EF BF 36 E5 AB 29 4A AB 56 
[  169674] ch50 r0 a3: DC 7F 1A B2 89 02 26 2E 94 0C D0 E6 B4 AA B2 53 05 95 96 4A BE 95 D2 8D 57 D3 DA 10 22 4E 6A 56 
[  169677] ch50 r0 a3: CA A2 02 80 14 24 C8 14 49 4A 05 21 D4 20 29 16 93 01 40 13 15 44 D0 AC D4 A6 04 B1 21 45 AF 55 
[  169755] ch50 r0 a3: 16 94 9A A5 49 09 49 04 0C A4 93 05 68 59 22 15 0A 35 27 C8 15 32 89 62 89 65 70 AA 93 AA 5C E9 
[  169792] ch50 r0 a3: 52 2A 5A 94 30 A2 AA 11 45 2A CD 6F 73 45 4A C2 28 3B 72 14 99 41 02 A9 55 4A 72 12 B4 08 52 52 
[  169801] ch50 r0 a3: AE 4C 26 B2 C0 B2 AD D3 36 54 A9 56 A8 9A 56 A1 A6 B4 95 1B 2A 66 AE 51 48 A2 26 52 D7 55 16 58 
[  169851] ch50 r0 a3: 00 00 00 55 20 51 28 4A A3 95 52 AF 55 48 B2 24 A9 45 0D B5 2D F5 2A 55 55 A8 8A 8A 91 4A B6 73 
[  169874] ch50 r0 a3: 60 33 00 59 31 25 25 B4 2A 1D 4A BF 56 52 9D 22 4C 48 B5 2D 11 4A 92 35 F6 AA 85 71 B2 6D 96 52 
[  169929] ch50 r0 a3: D2 2A B5 14 02 85 09 48 CB 20 14 AC 44 92 92 C5 54 85 2E 8A A8 A9 14 80 02 25 2A 40 6A 2A 26 24 
[  169943] ch50 r0 a3: 95 49 35 41 6B 51 5A 52 C4 E8 55 4A 55 A9 C4 55 2D 56 A2 83 51 55 8B 43 60 66 04 A6 41 D6 91 2A 
[  169956] ch50 r0 a3: AB 42 A4 24 93 2D 2C 44 A3 6A D6 DA 53 55 58 A2 CD 49 55 0A AA BB 5B 57 D5 A4 AA AA D8 2A D5 65 
[  169991] ch50 r0 a3: 58 01 1A A5 DD 56 A4 94 92 AA 05 26 8D 6A 56 92 55 15 74 69 E5 D7 35 C5 EA D7 B3 2D 5D 76 B5 55 
[  170016] ch50 r0 a3: 2A C8 A5 4A 85 81 61 CA 13 07 54 AA 43 54 95 05 5C 4A 95 8A 4A CD 25 AA AD 54 98 AA 6D 4A 8E 49 
[  170053] ch50 r0 a3: 9A C9 59 6D 9A 92 AD 55 A0 02 2A 40 92 91 55 24 21 72 B7 6A DB 5D 65 5B 54 B4 F2 55 D5 B3 45 2D 
[  170067] ch50 r0 a3: 9E C1 C9 26 99 E7 5A B4 9A 50 C5 53 A4 61 57 10 25 51 2A 49 5A 25 9A 26 B0 59 94 43 4D 99 20 B2 
[  170072] ch50 r0 a3: 4B 4A A0 09 4A 59 12 D0 A8 93 30 4D 8D 51 10 A6 49 64 8A A9 12 98 56 92 22 8C A5 22 99 92 91 4A 
[  170074] ch50 r0 a3: 69 04 82 D0 52 66 88 92 51 5A 55 52 DB 09 3D 8B BA 66 A9 45 2A A9 95 A3 52 87 49 4A C8 F1 A9 0B 
[  170099] ch50 r0 a3: 27 A2 52 25 89 95 94 44 96 10 1A 02 94 8C 82 A0 42 13 29 0A 17 75 5B AE DB AE C7 BD 6D 24 F2 9D 
[  170127] ch50 r0 a3: 84 28 A2 22 09 24 6A 52 52 15 55 08 E3 19 49 2D 05 4A A8 59 65 14 10 32 44 A5 44 95 52 94 93 22 
[  170151] ch50 r0 a3: 29 52 2A 2B 52 D2 8C 32 8F 15 14 5A 42 B5 22 55 5A 59 F2 26 8A 34 A9 E5 9A AA A5 54 6A AB 2E BB 
[  170182] ch50 r0 a3: 00 8A 20 00 4A 08 10 89 00 08 00 40 02 01 24 A0 80 10 84 20 4A 01 26 88 81 8A B2 88 28 01 2D 50 
[  170200] ch50 r0 a3: 14 95 12 D4 54 A4 A0 2E 88 A0 48 44 08 A8 41 52 AA A5 2C 29 29 98 AA A4 A9 29 64 96 46 54 AA 0A 
[  170221] ch50 r0 a3: C1 6D 05 54 64 95 09 6A 0C 2A 14 C2 2A 26 27 6D 20 75 4D 6A 6D 66 72 A7 CB BE BD 45 6A A6 D8 76 
[  170285] ch50 r0 a3: 34 AA 94 D1 A2 8D 50 A2 08 2C 48 AD 54 91 16 6E AD D3 DA BA CD 4B BB 5E 97 B5 DA D5 22 2C AD 5D 
[  170418] ch50 r0 a3: 29 4B 52 20 35 2A 92 2A 2A 56 CA AA 12 93 14 92 22 3D A4 AA DA A9 70 AA 54 01 41 56 46 F4 52 6B 
[  170490] ch50 r0 a3: C1 A8 20 0A 4A 28 54 C9 A5 44 81 42 42 88 60 40 50 60 20 26 03 86 18 96 04 13 08 C8 16 A0 0B 50 
[  170496] ch50 r0 a3: A2 28 A8 84 82 35 34 B9 32 82 96 46 44 20 94 A8 0B 4C 5A 4B CC B4 CB 0D 25 57 47 B6 52 A6 59 ED 
[  170564] ch50 r0 a3: 01 09 68 92 5B 45 AA 44 D5 54 4A 9A 5C DA 12 E6 A1 9C D5 34 2E 75 10 AA 58 52 A4 AA 56 55 45 46 
[  170587] ch50 r0 a3: A8 08 05 08 51 21 0A 70 64 54 89 54 98 19 45 25 B9 41 54 04 8A 9B D6 84 D4 A2 8A 83 4D 12 94 9A 
[  170611] ch50 r0 a3: 14 48 0B 40 8A 3A 50 85 90 02 10 84 29 B9 10 05 01 42 D0 48 94 92 64 5B 56 25 0A 81 40 A9 2B 23 
[  170637] ch50 r0 a3: D6 4F 2A 44 81 37 44 8C 41 62 A4 6B 4A 24 40 68 AE 55 54 69 4B 54 A9 52 5B 10 14 AD 8A 28 BA 29 
[  170690] ch50 r0 a3: 57 4B 0A 70 4A 54 32 59 74 54 6B 15 1A 68 AC 29 76 54 D1 5A 53 16 91 D6 12 89 55 45 5B 8A A1 E8 
[  170740] ch50 r0 a3: 8B A9 DC E2 41 00 B4 A1 3A 91 50 2A D9 1B 24 2A D9 16 49 8F 28 0A A5 42 25 D6 6B 93 D0 8D 57 15 
[  170775] ch50 r0 a3: 91 8A 92 AA B3 9B 57 CE 55 77 72 DC D5 B6 4A E9 34 AE 99 4B 4B 31 AF BB 33 5A DB 94 AD 53 49 AA 
[  170783] ch50 r0 a3: 42 9A B6 90 6A 45 65 18 A4 AC A6 44 AB 52 09 65 2A A5 35 C8 CA D7 AB A4 AA AA B6 6A BB 72 91 67 
[  170786] ch50 r0 a3: 22 A2 1D 21 44 AD 5B EE D5 AB 4B D7 BA AA CB D5 4C DD 6B 95 53 57 35 BF 5D AB 49 3F D7 EB 27 59 
[  170791] ch50 r0 a3: 22 25 75 29 2B E9 2B 4D 3B 5B 6D 2A 50 95 CB 8B 4F 52 D2 AA 76 95 53 C6 3C 8A 0E 9B 26 39 64 CA 
[  170858] ch50 r0 a3: 51 50 51 34 79 51 0A 28 AC D1 2A 24 C8 5A 54 29 A2 94 88 56 D4 48 89 4A 12 4B 95 69 56 A4 AA A5 
[  170865] ch50 r0 a3: AA 85 12 A6 53 B9 82 84 AA 41 A1 51 10 D0 61 65 55 CE F5 BA DA 6B 7B A9 68 E5 EB DD 58 AA B5 49 
[  170893] ch50 r0 a3: 00 00 00 00 00 40 00 00 00 00 00 00 21 3F AA AA AB FF FF FF FF FF FF FF FF FF FF FF FF FF FF FF 
[  170920] ch50 r0 a3: 20 00 00 00 00 00 00 00 00 80 22 80 02 25 FE AA AA AF FF FF FF FF FF FF FF FF FF FF FF FF FF FF 
[  170921] ch50 r0 a3: 06 30 55 74 15 CA A2 AA D1 5B 55 AD AC 25 41 13 4A 5B 35 3B AA 96 A1 D9 46 55 3B 55 94 69 AB 6D 
[  170944] ch50 r0 a3: 84 22 22 81 09 09 09 11 14 29 25 54 92 92 28 72 41 52 29 24 95 55 29 21 02 52 42 5D 56 07 88 F4 
[  170968] ch50 r0 a3: 00 00 00 00 00 00 00 00 00 00 00 00 00 01 3F AA AA AA AE FF FF FF FF FF FF FF FF FF FF FF FF FF 
[  170998] ch50 r0 a3: 40 00 0A 00 01 00 00 02 00 08 00 00 00 17 FA AA AA AA FF FF FF FF FF FF FF FF FF FF FF FF FF FF 
[  171037] ch50 r0 a3: 55 A6 D9 76 DB 56 9E 24 1A DB 27 6B 79 95 6F 4E BB 15 55 F6 D2 E1 5F 4E 5D B5 AA F5 56 B2 9A A7 
[  171054] ch50 r0 a3: 21 45 4A 34 A8 29 16 35 48 95 80 32 49 5D 15 4A B5 54 B9 E5 B1 42 69 44 AB 4E FE E1 8A EC 55 2B 
[  171122] ch50 r0 a3: 40 50 00 00 00 00 00 00 00 00 00 00 00 00 04 FE AA AA AA FF FF FF FF FF FF FF FF FF FF FF FF FF 
[  171135] ch50 r0 a3: 12 00 00 00 00 00 00 00 00 00 02 00 00 05 FE A2 AF FF FF FF FF FF FF FF FF FF FF FF FF FF FF FF 
[  171141] ch50 r0 a3: B5 32 AC 9C A9 8A BE 92 C9 A9 4A A3 68 AD 12 F5 54 35 A1 48 A4 AA 8A D5 59 44 29 45 AC 8E A9 15 
[  171157] ch50 r0 a3: A1 8D A8 A4 A4 A8 66 69 D3 6A 8A C4 D0 4A 35 8A 92 A8 CA A9 2C 58 95 A5 76 50 AD 15 28 95 55 29 
[  171185] ch50 r0 a3: AA 69 12 AA 99 C3 4A 53 2A D5 56 52 A7 A5 95 57 5D 60 26 CB 4C D2 CD 68 AB 32 A5 6A 6D AB B5 65 
[  171186] ch50 r0 a3: B6 75 66 D4 A0 98 D5 68 0B AA CC B8 56 A6 5A 25 8E 94 AA B3 55 56 EB 45 DA 95 4A 8A 4B 95 02 BB 
[  171189] ch50 r0 a3: 02 A4 A4 A1 2C 2D 15 54 74 D1 69 52 61 48 BA 94 65 4A 52 A3 51 64 49 5A 40 90 2B ED B6 95 7A AF 
[  171197] ch50 r0 a3: A8 AB 52 A5 68 D5 A0 D6 A5 A4 4C D5 2C A2 AD 94 AF 2A 28 44 24 52 D5 4D 1B 61 7A 6D 9D 39 0A 6A 
[  171227] ch50 r0 a3: 5A A9 D5 D5 2B 55 DE 96 95 CA AB 55 CD A2 E9 4A D2 A8 CA 44 53 D9 6D E9 95 34 AD 6A A9 D5 92 91 
[  171251] ch50 r0 a3: 08 55 4B 56 6B 55 8C D5 00 AA 8E 74 D5 C2 A9 49 55 33 C6 CF F8 56 D5 B3 55 B9 4D A1 24 B7 9A 9A 
[  171289] ch50 r0 a3: 52 2A CD 52 C8 21 36 47 59 44 F2 91 6B 29 22 51 16 59 54 69 84 B1 22 40 8A 88 A9 2B 32 28 45 84 
[  171363] ch50 r0 a3: 10 52 01 28 22 21 22 42 40 02 A8 20 AA 45 48 68 56 56 23 28 52 AA 89 CB 49 52 DA D7 49 69 2E D8 
[  171367] ch50 r0 a3: AE A9 C2 60 D4 56 B2 15 A2 C3 B7 21 52 A8 4A 8B 50 33 A4 96 15 69 08 85 45 62 82 84 54 D0 86 9E 
[  171376] ch50 r0 a3: 86 05 32 1A 52 D5 51 22 51 6D 55 A9 A5 8B 49 30 4A A7 5B 62 90 C5 51 4A 80 65 04 42 A0 A8 55 55 
[  171390] ch50 r0 a3: 2A 92 90 DA 55 B4 AA 6B 64 4B 46 A1 6A 82 5A E5 54 0D 28 94 5B 32 AB 4C A4 34 14 9E B0 CB AC D2 
[  171427] ch50 r0 a3: 52 51 48 12 C5 90 AF FF 25 9D CA 16 AE CA 61 5E 37 26 1E BA 2A D5 55 95 B2 D5 54 71 9E 4E 84 9D 
[  171430] ch50 r0 a3: 48 52 AD 69 9B AD 6D 16 83 64 90 82 27 64 80 81 4A 06 01 01 35 42 2B 50 43 6E 24 0A 13 51 4C 02 
[  171437] ch50 r0 a3: 53 12 10 4C 68 95 20 A4 89 28 94 54 A6 46 54 DA B6 65 47 A5 28 D6 B5 65 4D 2B 59 5B B6 8D 4B 5E 
[  171439] ch50 r0 a3: D5 C4 A8 CA 96 EB 10 65 76 4F A9 A6 5A C8 20 AA 9D BD 5F 24 94 35 D9 81 14 91 56 82 1B AA B6 A0 
[  171453] ch50 r0 a3: E9 2A 89 2D 45 44 B0 CD 29 55 26 A2 92 AD 55 4B 25 4A 2B 75 5B 45 A5 2A BD 75 75 CA 9A 42 59 52 
[  171484] ch50 r0 a3: 15 02 59 51 20 48 49 75 17 49 A9 92 2D 55 2D 25 8D 8B 75 48 52 79 AB 26 D1 93 A7 34 A7 5B 5A FE 
[  171622] ch50 r0 a3: 30 A8 61 15 29 17 24 AD 0B 36 92 09 95 34 35 04 1A 57 EE D6 8A 47 1B 70 C2 52 A8 AD 72 38 1B 44 
[  171698] ch50 r0 a3: 92 12 96 AB 42 43 56 2F 95 39 25 0A A9 A4 F2 8B 51 47 44 64 D2 A8 11 B2 96 11 6A AD AF 57 EB B7 
[  171738] ch50 r0 a3: 4E 14 BC 91 47 8B 35 D7 2F E5 D8 FE 80 89 10 92 85 19 04 48 12 31 04 BD 55 4A E5 F4 19 25 84 D1 
[  171748] ch50 r0 a3: 34 69 04 49 25 53 19 2A 24 D6 4B 1A 7C AB 13 53 52 52 AA 50 1A 87 4B 13 55 34 6B 54 85 0D 24 B7 
[  171762] ch50 r0 a3: 49 14 0A 85 B2 C9 5D 81 50 65 9D A8 CA BB 6A B2 A6 AD 5C 8B 59 54 65 16 6D 11 4A 4D 6B A6 DB 5B 
[  171800] ch50 r0 a3: 27 19 F4 B5 2A 1E 76 5A A7 35 48 66 91 CD 35 49 59 4C 89 2B B2 6A 69 5A 35 54 95 51 51 5F 2E DE 
[  171851] ch50 r0 a3: 54 B0 9A AB 75 53 6A CB 6E A4 52 59 66 13 52 96 AA 52 EA 9A 51 62 D1 AC DB 97 55 AA AA 48 6A CB 
[  171899] ch50 r0 a3: 36 BB 75 7A D4 A7 95 6B D4 A7 4A AD 14 99 95 6B 6B CB 64 5D 4B B5 32 AB 0D 4A 69 00 B5 2A C3 6B 
[  171953] ch50 r0 a3: AB AB 6D 42 1B 1B 55 D6 98 94 80 EA 90 A2 D5 55 AD B1 0B 35 A9 2A D7 AE EC B0 95 AD D6 2E 95 2A 
[  171961] ch50 r0 a3: 62 15 35 29 42 C4 55 56 54 54 A9 5A 95 30 08 AA 29 4D C8 93 4A AA 35 58 45 D2 AA 9A 94 A3 B4 AC 
[  171989] ch50 r0 a3: 54 86 80 00 14 AA 21 59 44 C8 40 05 02 BB 6A 9D 89 59 2A D3 DD 77 75 2F AA 5D 06 AA 5D 44 B4 B6 
[  172043] ch50 r0 a3: 02 80 48 26 AA 2A 93 10 55 07 65 2A 90 5E B1 6A B2 14 BA A2 D1 92 88 AA 27 B1 68 4A 2B D1 95 4B 
[  172072] ch50 r0 a3: 14 96 AB 5A A2 2A 89 56 A9 52 A5 AA 2B 4C AB C6 A1 A7 1B 4B B5 54 0F 52 96 AD 56 95 5A B6 D5 65 
[  172148] ch50 r0 a3: 00 95 8A 32 C3 29 0B A6 A9 36 B3 2A 2A 5C 54 72 AD AD 45 61 6C D2 42 A5 5F 4C 2B 0D 95 9B 1D 50 
[  172171] ch50 r0 a3: 59 5A B6 F2 D5 75 6F 64 CB 25 68 42 A5 DD 8A D7 AB A6 CF 49 6B 65 EB 67 24 AD D9 F4 A9 2D 5A 47 
[  172178] ch50 r0 a3: A5 4B 50 64 A9 36 85 18 A7 54 55 45 5A 95 55 25 AA 92 AB 54 C4 A1 0D 52 D4 D5 25 6A 83 AB 46 A5 
[  172181] ch50 r0 a3: 54 88 BA D4 54 19 2A B1 55 24 4C 93 5C 85 75 49 28 09 51 29 14 49 51 15 2E 47 03 E2 3A EC 02 80 
[  172191] ch50 r0 a3: 9D 2C AA 8A 13 4C 20 52 AA 42 A6 68 55 14 5A 96 0D A4 16 B3 73 62 AA 4A A2 B1 55 59 46 DA A1 AD 
[  172212] ch50 r0 a3: A5 36 B2 65 A2 D4 09 50 0A 5A 70 52 AA 95 0C 49 0A 4B 67 F4 55 52 CC 73 32 24 55 BA 75 A9 B5 A5 
[  172252] ch50 r0 a3: 08 04 49 41 00 40 95 32 A9 16 43 03 1A 69 A5 B5 C2 A0 BC 47 15 02 01 54 E4 1E BA C2 D3 33 8E 4C 
[  172259] ch50 r0 a3: 96 12 1D 0A BE 99 55 55 5E BA B6 16 44 5E B5 2A B3 55 AA F5 15 AC B0 94 DA 27 54 5A 48 90 3A AD 
[  172268] ch50 r0 a3: 3C 57 D2 94 0D 4A 5B 51 AB 52 C6 23 53 BE 95 5E F5 C5 6A D5 57 5C 5A 2D 1A 41 CA 3B 69 A6 AE A6 
[  172270] ch50 r0 a3: A7 24 66 A6 AD BD E8 35 E6 9C D9 76 94 53 4D 25 02 FC 55 52 00 33 35 C8 82 0D 7D 21 56 41 AD 15 
[  172287] ch50 r0 a3: 42 2A 51 46 A2 C4 A2 09 08 64 9D 5D 57 52 5D BA 55 AA 5B AD CA BB 49 35 6A 82 2D 35 A2 59 69 C8 
[  172307] ch50 r0 a3: 52 54 52 A6 44 95 10 C2 15 24 36 0C 42 AA 90 44 08 A0 BA 52 89 8D 4A 44 98 A4 2B 15 0A 09 42 AD 
[  172388] ch50 r0 a3: 80 AB 55 97 A5 43 54 26 A1 AD 49 4A A4 B5 56 A6 5F 99 D2 D9 EB 2B 49 E5 ED 33 56 55 55 55 A5 14 
[  172399] ch50 r0 a3: A3 32 52 2C A1 12 AA 58 15 66 69 DB 98 55 51 42 AA AD 2D 49 14 A4 25 55 63 A6 44 A5 AA 92 93 A9 
[  172437] ch50 r0 a3: A9 D5 DE E1 CF 2D A0 99 A6 6B 83 24 1A 1D 75 B6 CA DE 8F 55 55 A4 B7 2A 55 5E B4 ED 9A 5B 52 A5 
[  172451] ch50 r0 a3: 89 22 20 91 32 21 20 24 07 2D 68 91 06 AA C1 08 98 4D D8 85 45 20 14 42 25 50 C5 09 06 B2 16 C0 
[  172479] ch50 r0 a3: C2 6B 1C 99 60 65 8A A8 A5 81 20 92 8A 84 55 6F 53 5E D5 E7 DB AF FF B7 DD FB 5F AB F5 A6 AF 57 
[  172479] ch50 r0 a3: D2 6B 18 91 60 65 4A A3 22 44 71 1C 80 20 55 5E FA B3 52 55 AA BA 89 43 DA 6A B2 C5 4B 6A AD E5 
[  172481] ch50 r0 a3: A2 46 C6 89 96 9E 09 D9 5B 91 55 7D 25 2F 4A 29 11 2B 15 52 BA 36 10 50 8D 4A 34 AC 54 94 AA 44 
[  172494] ch50 r0 a3: 35 14 87 4A E1 0A 64 2A A6 37 16 53 D9 4A 4E DA 36 B4 AB 4E 7E A5 B6 43 5C C5 15 E6 AC 9D BA F2 
[  172495] ch50 r0 a3: 85 06 05 A4 A4 D5 05 04 03 54 AA ED 55 4E A7 4A ED 51 AA A9 9D 75 A8 A3 2B 26 EA D0 40 8C 61 B4 
[  172507] ch50 r0 a3: 48 55 12 B9 25 85 72 24 55 55 05 54 A8 CA A8 8B 82 90 11 82 99 84 A4 AB 25 12 54 A4 02 8D 50 95 
[  172531] ch50 r0 a3: A9 11 55 D2 C9 64 B4 D3 55 5A A8 54 EA E9 26 06 AA 54 74 AA 42 54 2E 25 28 29 25 5A 96 BD 41 56 
[  172664] ch50 r0 a3: 9A 48 E7 0A 26 A4 64 42 4A 93 59 69 0B 57 14 E4 C4 15 36 B2 2D 5F 00 49 56 62 B6 AA 85 C9 65 3D 
[  172745] ch50 r0 a3: 73 52 95 06 A1 5B 4A 35 29 DE AA B6 0A F0 EF 0D 44 E3 DA 55 7D 3A CC 73 0E F0 AB E9 44 6D 41 0F 
[  172768] ch50 r0 a3: D4 45 51 0C D0 B4 29 6E F6 5F A3 E2 56 AB 5A 6A 5E 04 DC 54 32 D4 96 D5 08 AB 57 CE A2 A8 8A 10 
[  172789] ch50 r0 a3: A9 55 AA 45 0A EA 96 AA 48 15 51 91 4A 39 18 64 A4 D0 C2 10 56 29 14 52 C5 81 35 54 54 35 40 42 
[  172797] ch50 r0 a3: C0 26 42 3A D5 59 B2 AB 49 55 76 C9 1C 5A B6 96 F1 9B EB 69 D9 17 4D 68 94 12 5D D6 94 EA 55 DC 
[  172811] ch50 r0 a3: 01 04 02 91 20 65 A9 11 45 4A 52 3D 43 55 21 9A 16 10 25 92 B2 D8 A2 A0 08 AD 4C 9B 00 55 14 AD 
[  172828] ch50 r0 a3: 24 92 58 E0 8C 15 28 2A 6A 04 05 24 46 19 82 09 52 A5 C5 4A AA 20 55 62 45 AC 5A F4 AD 2A AD EA 
[  172837] ch50 r0 a3: 92 2A A8 50 A4 D6 42 9A 56 2D 34 A4 19 AB 4B 53 54 0D 02 6B 29 95 55 A1 32 4A 51 50 A1 92 05 0A 
[  172882] ch50 r0 a3: 50 A8 CA 00 29 4A A0 A8 A0 AE 54 8A 81 0C 48 15 35 5A AB D9 2D 45 AA B1 44 D4 95 4B 82 B5 55 2D 
[  172961] ch50 r0 a3: 00 0C 15 7D 28 DC C9 CA E9 1B 68 53 AE 47 6E 9A DB 03 BE 36 11 6C 46 50 35 48 01 26 13 94 76 40 
[  172989] ch50 r0 a3: 44 01 6C 0A C9 44 48 B8 45 D2 5E 0A C0 44 E0 C8 75 8E 00 02 93 55 A0 64 23 28 A1 15 C2 A9 43 F0 
[  173013] ch50 r0 a3: 92 C1 4A A8 13 56 9D AC 95 07 AE AA 9B 5C 99 56 A9 4C 40 2B 5B 6B 21 25 5D AA A5 3A 57 28 2D 4B 
[  173044] ch50 r0 a3: 52 9A 70 CC 82 30 95 54 88 01 41 2A 52 92 A0 89 25 9D 44 05 DA AA 94 54 54 53 34 64 2A 85 AB 35 
[  173046] ch50 r0 a3: 10 D3 64 09 AA CD 08 14 A4 A2 69 54 31 4B 49 A9 AB DF DA 6F 6F BA D6 A9 D5 AB 5F FD E6 F9 AA B9 
[  173056] ch50 r0 a3: 8A 48 10 51 29 65 0A 22 2C A1 0A 44 89 04 48 00 4A 46 1A 24 53 A1 24 8F 02 4B C8 10 D5 24 50 34 
[  173104] ch50 r0 a3: 04 20 1A D9 54 A4 D4 B5 DA 04 A2 AD 55 3A 45 5B A9 5A 9B 4A D5 92 94 53 61 1C A9 2B 9D 3A DE 4D 
[  173139] ch50 r0 a3: 86 04 88 8C A2 95 2A 44 A8 BB 4A 8A 1A 58 94 24 96 D1 95 51 2A 15 2A 88 4A 45 48 A2 02 5E 91 10 
[  173147] ch50 r0 a3: 04 A8 4B 22 05 00 28 04 02 90 00 2A 08 90 C4 48 90 0A 16 25 65 00 C9 9A 97 40 19 02 41 02 30 94 
[  173149] ch50 r0 a3: 58 D1 72 B2 A4 AC B5 5B 1B 6A DA F7 6C 4D 55 4A 1D 65 2E D2 36 B3 4C 8F C9 65 94 AA 51 B7 53 A5 
[  173154] ch50 r0 a3: B2 23 5A C5 6A A0 25 53 49 B5 15 5B 24 4A 66 D6 B1 AB 86 41 88 80 0B C8 7C 7C 41 C8 74 91 75 38 
[  173157] ch50 r0 a3: 82 29 25 4C 32 A7 51 B2 A2 B8 56 9A A8 BA 34 A3 34 C3 9E 9B 55 AE 4A A7 56 59 69 5B FA A9 39 5B 
[  173161] ch50 r0 a3: A6 CF 51 68 8A BE B0 EA 9B 26 E8 E5 89 52 02 59 16 6A 37 8A 25 75 6A 9C 94 1A 53 18 69 2C 42 D1 
[  173185] ch50 r0 a3: 49 48 56 A1 8A 51 35 25 29 35 6A 91 50 A4 42 D1 19 2E CA 54 54 AA A9 3D 24 B2 43 51 2B 1A AE D5 
[  173203] ch50 r0 a3: A8 96 96 59 B4 3A 92 AE 5D A9 C9 B4 C6 8D 65 77 AC C5 1A 89 55 5A B5 AA 5C D9 49 DA AA AB 6A CC 
[  173237] ch50 r0 a3: 4A A8 95 4A 05 AA 2B 6A 55 48 50 08 E5 42 65 AC 48 96 4B 51 A9 55 29 82 D4 88 DA A1 2A 56 96 AB 
[  173291] ch50 r0 a3: 29 55 02 04 14 DA 6D 97 AA 9A AA A6 BA AE 4A 4A 72 2E B1 42 53 F2 EA 2C A2 BA 8D D4 AA 76 B5 16 
[  173308] ch50 r0 a3: A0 91 14 9D 49 54 94 27 2A AE AF 9C D5 96 4A C5 4A A5 AA 25 54 41 45 AA 04 2D B0 27 34 BA 45 AC 
[  173316] ch50 r0 a3: 85 4A 6A 4A 4A 32 91 4A 6B 54 31 40 39 C4 92 48 55 25 17 11 4B 48 B4 12 40 20 AA 64 74 4C EC 8A 
[  173330] ch50 r0 a3: 00 00 00 00 00 00 00 00 00 00 00 00 00 01 5F EA AA AB FF FF FF FF FF FF FF FF FF FF FF FF FF FF 
[  173335] ch50 r0 a3: 00 00 00 00 00 00 00 00 00 00 00 00 00 13 FA 8A BF FF FF FF FF FF FF FF FF FF FF FF FF FF FF FF 
[  173349] ch50 r0 a3: A9 CA EA CA 48 56 58 14 95 A4 84 D5 21 AD D5 A5 AD 58 68 C9 28 A1 75 42 A1 91 0A B5 24 83 57 55 
[  173365] ch50 r0 a3: 16 98 2A AE B2 A6 B6 68 EB 95 2F A9 32 4C EA A5 52 C7 52 99 12 AD 52 AF 24 94 56 95 41 58 90 76 
[  173367] ch50 r0 a3: 88 00 02 0A 04 90 00 12 50 04 80 1D 55 4A 25 4A 6A B5 A8 D5 29 55 2A A5 54 55 6E AA 4A 25 4A D2 
[  173374] ch50 r0 a3: 14 00 00 00 00 00 00 00 00 00 00 80 00 53 FA AA AA AA FF FF FF FF FF FF FF FF FF FF FF FF FF FF 
[  173387] ch50 r0 a3: 40 00 04 00 00 02 00 00 20 00 04 04 20 93 FA AA AA AA BF FF FF FF FF FF FF FF FF FF FF FF FF FF 
[  173396] ch50 r0 a3: 00 00 00 00 00 00 00 00 00 00 A0 00 00 17 FA AA AA AA BB FF FF FF FF FF FF FF FF FF FF FF FF FF 
[  173400] ch50 r0 a3: 00 00 00 00 00 00 00 00 00 00 00 00 00 5F EA AA AA AA BF FF FF FF FF FF FF FF FF FF FF FF FF FF 
[  173411] ch50 r0 a3: B4 A9 51 15 A5 D5 2D 77 2D 83 2C EE 4C C5 15 55 6B 5B 7B B5 DD 6A F5 5B 4C BA D3 4B F6 AD 6F 34 
[  173413] ch50 r0 a3: 80 00 00 00 00 80 00 00 80 00 00 00 00 04 13 FA AA AA AA AB FF FF FF FF FF FF FF FF FF FF FF FF 
[  173420] ch50 r0 a3: 49 38 89 01 38 FB 1B 35 6A 5D 59 71 BD 44 B5 C5 74 59 30 9B D9 66 A6 95 B5 31 26 AC 95 CA 8A D6 
[  173437] ch50 r0 a3: AA A3 58 75 74 73 4C B2 A5 83 D2 49 D7 73 54 93 C3 A6 F8 CC F3 76 72 BE D4 FA 94 D4 56 F4 B5 B2 
[  173440] ch50 r0 a3: 00 00 20 00 08 00 00 00 02 08 00 00 02 17 FA AA AA AA AF FF FF FF FF FF FF FF FF FF FF FF FF FF 
[  173522] ch50 r0 a3: C4 84 1A 24 2A 92 AA 4E 49 0B 10 B5 82 41 04 69 51 5A 01 64 12 28 03 0B 71 21 13 5B 21 10 21 42 
[  173525] ch50 r0 a3: 8A C9 A2 91 88 E4 AB 12 A1 23 2A 97 89 28 2A A5 8B 5A 9B F3 28 B6 5D 2A D8 8E DA B5 61 68 6A 85 
[  173566] ch50 r0 a3: 49 1A 14 A8 55 29 55 72 52 56 14 A9 66 5A 59 8A 89 A4 A4 A8 B9 05 61 25 48 A6 95 4C 4B 25 2D 19 
[  173615] ch50 r0 a3: 00 00 00 02 00 00 10 00 00 00 00 02 00 13 FA 8A FF FF FF FF FF FF FF FF FF FF FF FF FF FF FF FF 
[  173633] ch50 r0 a3: 00 01 00 00 00 00 00 80 10 00 00 00 00 53 FA 8A FF FF FF FF FF FF FF FF FF FF FF FF FF FF FF FF 
[  173664] ch50 r0 a3: 56 A4 A7 34 85 28 54 22 5F B5 AB 29 52 56 9A BB 6A 38 A5 25 64 29 4A 95 46 49 95 A2 24 8A D5 12 
[  173705] ch50 r0 a3: 98 10 2A 8D 12 A8 08 85 20 42 8A 8B 0A 12 E9 55 97 E6 A5 45 9A D5 75 37 5D 35 AE CB 7A D4 E8 E2 
[  173732] ch50 r0 a3: A8 29 64 82 A2 17 20 4A DA DE AD 4A FA 6D D2 55 2C 4E 5B 5B FA D6 96 AA CD F4 F2 D3 6B AB 55 5D 
[  173734] ch50 r0 a3: 14 91 0A 45 20 11 BA 31 6A 92 82 A8 AB 28 D0 96 A5 15 5A D1 55 44 58 AC A4 8A AA 9B B5 E9 52 5A 
[  173739] ch50 r0 a3: 8D 68 2A A0 84 03 41 12 49 11 40 22 4A A0 B1 14 51 4A C9 21 00 2A C6 23 18 C0 AA B0 14 4C 40 B4 
[  173742] ch50 r0 a3: 29 14 0F 76 6D 4A CC A2 3A 70 5A 94 D8 D9 10 1A 23 65 5A 12 2A A5 70 90 04 A7 15 56 C8 CA 11 52 
[  173746] ch50 r0 a3: 06 D0 14 CD 41 D5 6B 64 A6 E9 32 CA 94 A4 5E AB 2B 52 4D 48 C5 6A 9A 5D 2D 13 6F 2A 72 A8 CB E9 
[  173839] ch50 r0 a3: 15 44 47 51 54 35 2A 11 55 32 C2 A4 CA 65 6A A4 24 A2 6C 0A 9A A8 AA AA B1 B4 46 AE 16 D4 D0 94 
[  173948] ch50 r0 a3: 56 52 53 87 0A 54 8A 29 4A D5 74 95 65 96 96 B5 5D 2A D6 58 9A 25 D7 57 B5 6D 7E D7 55 9B 35 75 
[  173956] ch50 r0 a3: 81 12 88 A9 55 52 95 49 00 2C A4 4A 0B 25 52 55 4E A9 2A A8 DD 46 58 A2 91 44 A9 5D 29 20 28 40 
[  173986] ch50 r0 a3: 19 21 17 DB 2B E1 95 7D 5B DB 2D 0E AD 2A 5B 7F AA CA B6 DB ED 37 7C 55 B2 9B 56 97 DD 55 5C 43 
[  174003] ch50 r0 a3: A9 62 54 A6 20 95 35 29 45 D1 63 51 6A 97 0A 49 0E AA 16 E6 55 52 AE 24 52 D2 2D 44 31 54 A5 AB 
[  174006] ch50 r0 a3: 2A 82 D4 AA 91 55 87 25 D7 56 52 5C 93 16 34 A6 9A C4 DB 2B B7 75 58 15 54 AA AD AA 9D 67 75 46 
[  174011] ch50 r0 a3: 04 00 40 12 48 A8 A5 52 AA 85 45 14 21 03 0A 2A C2 48 28 98 85 86 C8 A9 04 22 29 4A 83 6A D0 85 
[  174013] ch50 r0 a3: 8D A2 08 B6 88 42 11 23 4A 0A 40 5C 42 51 4D 6B 30 AA A2 A5 6A 93 2D 3D 53 34 6D 2E AD 66 93 55 
[  174039] ch50 r0 a3: BD 15 72 4A B4 F6 8B 12 DA 82 0A 13 5D 29 13 2A B4 95 5C 56 54 CA D5 5A 59 2A E9 5B 6F AD DD BB 
[  174044] ch50 r0 a3: 9A 39 05 0D B0 AB 4A A2 59 34 54 98 94 AD D6 93 65 05 12 95 25 B4 D1 55 2A 55 6A EA 5A 89 69 66 
[  174045] ch50 r0 a3: 92 C8 56 48 B4 AA 10 D2 54 A2 54 A4 AC F2 CA A4 41 A9 6A 45 5B 1A A0 15 45 40 54 4B 7A 9A 89 B6 
[  174111] ch50 r0 a3: A0 96 94 DA 2D D2 B9 12 B6 CC B7 7E 65 6C A0 AC A2 A6 55 AA 95 B6 55 52 F2 99 B1 AA 8D 12 AC 50 
[  174232] ch50 r0 a3: 06 20 85 47 AC CD 0A 51 5C 56 2C 94 73 02 9E A1 48 42 5A AA 92 05 62 4A 24 CE 95 6C DB 49 B0 92 
[  174234] ch50 r0 a3: 88 22 96 54 08 94 81 54 C5 94 0C 13 00 80 90 00 91 08 82 54 52 20 A0 40 6A AA 96 53 44 24 A0 55 
[  174267] ch50 r0 a3: 44 85 D6 92 40 0D 4E 79 AA 00 AA AC 89 6C 81 42 4D 40 B9 29 20 AD 25 12 0D 2D B4 A5 5B 63 6B 4A 
[  174332] ch50 r0 a3: 20 B5 9A DA 62 AD 6A AF A5 25 17 38 FE 29 24 90 82 92 D0 60 0C 63 F9 44 4E 65 2B 15 F2 A0 A9 09 
[  174339] ch50 r0 a3: 22 18 14 09 14 24 90 65 4A 52 AA 52 52 59 68 92 AD 35 A9 6D AB 55 6A B3 56 A1 3E B6 BA E5 25 2B 
[  174341] ch50 r0 a3: 0C 21 24 09 7A 2C 1C 67 B8 4D 6E 4A AB 37 29 A4 28 D5 5C 2A 1A B1 44 14 00 BA 22 9D 6A 13 45 D4 
[  174342] ch50 r0 a3: C4 2B 88 4C 31 A1 05 7B 12 9D 03 6A C5 18 46 04 B4 C6 AC AA F2 55 B8 78 B5 65 90 14 D2 4D 4C 30 
[  174344] ch50 r0 a3: 40 54 55 B4 ED 49 5A AA C6 0C B4 81 24 0A CA 51 88 94 0D 14 22 A4 92 42 D5 02 62 4A D2 51 6C 49 
[  174393] ch50 r0 a3: 67 8B A9 CB 26 2A FA 57 D3 DC 0C AF A5 2B 4E 47 A9 82 85 03 74 9D 60 22 B3 BE 2E 57 BA 74 A2 62 
[  174402] ch50 r0 a3: 45 26 55 6C C2 84 95 2A 54 88 6D 4A 20 A5 29 64 58 AB 45 55 A0 55 5D 79 7A 94 58 AD A9 BD 32 E2 
[  174402] ch50 r0 a3: 48 56 52 B6 A0 64 A3 A9 8C 22 25 1B 24 25 12 92 99 4A 4A 91 74 FD AC 54 B5 AC B6 92 96 9A 72 DA 
[  174424] ch50 r0 a3: A2 94 40 52 B2 8D 52 04 49 82 4A A8 BA D1 4A 71 34 CE 45 85 06 55 4C D8 E1 AB DF DD 8A 85 4A AA 
[  174427] ch50 r0 a3: AD 28 D5 A9 2B 22 A9 7A A7 24 5D 37 24 95 62 D7 8A E4 F8 15 14 5C D4 A4 8C AD 6A 62 B5 66 8A A2 
[  174473] ch50 r0 a3: A9 41 50 28 40 08 2A 29 40 A9 29 09 50 A6 11 80 10 41 12 42 82 7C 9A CA E9 55 55 4B 95 76 AD 66 
[  174508] ch50 r0 a3: FC 3A 5F C3 62 8B 57 D7 4B D6 A2 4B 55 56 9A 5A 97 6F 55 96 AD DC 5A 55 D6 A5 4A 51 38 E9 B1 49 
[  174544] ch50 r0 a3: D5 EA B5 F4 B5 63 6B D6 C7 63 B4 9D 3C B6 F3 71 64 E4 DB 6F AB 2D 74 35 10 05 54 48 9A B5 22 F0 
[  174584] ch50 r0 a3: 94 AA 91 2A B5 55 5B DB 6E EA ED B2 AA E9 53 5A AA B7 5D 6A B8 AE 6F AB 77 6A D3 6A AA AA A5 AB 
[  174612] ch50 r0 a3: 25 00 23 2A 50 AA 55 51 48 CD 93 A5 01 29 2A 84 A2 50 41 48 5A CB 22 9A 15 4B C9 3A 92 96 A1 44 
[  174648] ch50 r0 a3: 5B 4A 09 AC D0 A6 2A 9D 52 81 73 24 2C 11 25 D1 7A 59 42 53 02 95 4D 55 52 9B 71 81 1A 80 DB 0C 
[  174722] ch50 r0 a3: 8C 45 95 AA 6A AA A6 D4 12 AA AF 06 2C 5A D4 A0 59 15 55 FB F9 55 A9 1F 79 D2 DE 86 F6 56 EF 55 
[  174747] ch50 r0 a3: 09 1A 8A D0 2D 2C 57 35 29 99 93 14 94 8E 8A 12 65 56 28 B5 A6 83 41 CD 3A 1A 92 F4 A2 30 64 B4 
[  174770] ch50 r0 a3: 84 0B 6E 55 A9 D5 2D 3F DF A5 A7 5B 6F B2 B7 6F 79 4E D7 D5 76 AA FB FA CE FC F5 F5 57 59 35 F6 
[  174779] ch50 r0 a3: 0B 24 48 BC 11 2A 15 09 09 26 10 AA E5 72 AD 2D 26 AD 2B 55 FB A1 54 BA D7 65 7B 76 A5 75 DA B5 
[  174814] ch50 r0 a3: 6A 5E 14 40 4B 29 E1 65 69 56 22 1A 56 E4 95 2D F2 A6 AD 48 91 2D 68 D4 48 82 CD 41 0B 58 A7 8D 
[  174848] ch50 r0 a3: 66 80 22 82 8A 86 18 C1 A0 2E 99 00 85 24 4A 40 88 41 09 12 53 9D 9E 92 51 9D 47 57 8A 96 2B E5 
[  174849] ch50 r0 a3: 92 09 32 44 20 D8 05 00 81 15 22 94 25 04 05 55 23 06 23 42 2B 60 00 A4 D6 10 29 0A 28 8A 90 AA 
[  174919] ch50 r0 a3: 0A 0A 8A 32 A0 66 54 56 B2 28 4A D4 25 12 24 1A 4D 50 2A 65 AC 88 24 20 53 44 55 15 CD 40 92 04 
[  174973] ch50 r0 a3: BE 5B 49 55 22 92 A5 4D 49 65 22 81 34 AA 2A 92 B2 50 9A 89 A8 B5 49 71 90 95 A4 12 55 A4 AB 58 
[  174974] ch50 r0 a3: 69 76 55 55 AB 79 D5 0A 2A 96 CD AA DA 16 57 D6 91 F4 9A C9 5A AB 53 49 62 8C D7 B4 AC CE 33 61 
[  174975] ch50 r0 a3: 27 2A 0C AC 0A D4 92 24 CB 69 09 20 92 20 B4 08 A4 89 64 9A B2 75 51 57 D7 73 A9 56 67 96 B6 AA 
[  174990] ch50 r0 a3: A5 D1 55 96 8A 15 D5 56 B5 5B 5D 3B 48 65 65 2B 4C E5 5A D4 B4 D6 B3 B5 A5 54 D6 45 D1 5A D5 F9 
[  175000] ch50 r0 a3: B6 89 4A 13 88 4B 51 28 A2 56 24 22 65 68 94 4A 2D 4A 8E 55 46 D4 A1 55 9B 53 68 54 95 11 55 54 
[  175010] ch50 r0 a3: D0 D2 D7 A5 0A 83 35 56 6A 9E 27 75 6A 9B 2B 5A 88 53 35 C6 A3 72 B5 CA 4A 69 C4 7B 6A AD 53 A4 
[  175020] ch50 r0 a3: 7E 25 22 4A AB D3 58 EA DF 52 28 6D 5A 95 CA A4 4A 16 A8 EA 96 53 54 AB 6F 50 45 14 92 43 19 2A 
[  175088] ch50 r0 a3: 05 27 51 D3 4C 6D C0 A0 82 2B 72 F4 DB 59 26 CA AA CA AA AB 33 DC B3 0B 52 B2 53 56 95 7E F4 3A 
[  175096] ch50 r0 a3: 0A 8A 4C 5D E8 D5 5C 5A 22 6E 85 53 4B 65 D5 4B 60 45 C5 52 A3 96 94 D6 A1 52 47 15 5A 8E C1 BB 
[  175097] ch50 r0 a3: 88 75 8A 90 20 75 34 77 AA 05 54 88 00 00 02 AE AB 59 B5 55 AD 5D 5D 76 5A EE AA AF AF 53 AD D6 
[  175178] ch50 r0 a3: 06 AA B5 70 B4 91 50 EA 54 B2 F0 59 2E 2A 64 4A 8A 8A 54 24 AE 17 5C B6 55 A6 6D 50 AA 2A 46 14 
[  175180] ch50 r0 a3: 04 20 49 09 50 81 C5 42 20 5B 36 FB AB AC DB 4A A9 52 A9 DD 7A C4 C9 52 D4 95 58 97 2D 54 D5 D3 
[  175192] ch50 r0 a3: 2D 2A C5 45 2C E6 6A A1 D4 B5 85 56 52 A5 47 F6 2A 16 FD CA AA 96 D4 FE 67 2B AA BB 7C EA F6 4C 
[  175214] ch50 r0 a3: 2C 96 26 D2 AA 5D 55 22 AA 65 62 4A 6A 4A 2B 28 2F 0E 8A 92 29 52 92 94 8A A0 2A 16 94 A5 4B 05 
[  175229] ch50 r0 a3: E5 34 51 60 90 A0 A9 69 AA AC 42 57 B3 2A B5 5D 48 99 BA 6F A3 D9 6D 66 D4 93 15 2D B4 A2 35 32 
[  175232] ch50 r0 a3: 6B 0A 65 41 94 A0 6A A4 2B 04 AB A5 67 6C 09 05 45 22 A5 2D 21 4A A2 35 0A A5 B0 B5 54 A1 69 4A 
[  175246] ch50 r0 a3: A0 84 44 4E 92 B6 EA 38 32 04 4B 6F B5 52 D5 2B 55 B5 BC 1A 8D 49 D9 54 B5 59 68 7B 73 6C 6B 4A 
[  175276] ch50 r0 a3: 24 44 42 9D E1 95 24 B2 D5 17 46 D2 54 51 14 D7 A8 94 A4 C8 9D 0A 14 68 A2 94 E6 B4 C7 46 A8 89 
[  175300] ch50 r0 a3: E2 1A 68 10 92 A7 A1 EA E4 62 25 52 52 AA AA AB BB 29 D6 DD AB AE DA BB EA D5 3B 6B 5F D5 5F EA 
[  175347] ch50 r0 a3: 52 C8 B0 19 4E 99 52 20 94 E5 28 42 91 34 A2 65 B7 1A 90 41 46 AF 50 B2 A5 59 22 84 89 42 90 90 
[  175356] ch50 r0 a3: 91 4A 88 2C 69 09 4C 2A AA 6C A8 A3 49 34 E5 A9 13 6A 90 AA 93 0D AD 4A 0D 08 1A DB 02 9A A2 56 
[  175371] ch50 r0 a3: E8 AD D7 DE DC BF D5 FE AA EB 4D 9E BF 98 EE DA BF F7 D4 56 32 DE EB B2 BA 2E E5 AA 56 9A D9 55 
[  175424] ch50 r0 a3: DA D6 56 B2 25 68 22 99 77 59 55 3C F7 D8 94 25 AA 51 11 2A EC 94 55 52 35 4B 65 93 48 56 55 4A 
[  175477] ch50 r0 a3: D5 12 30 A7 FA 92 B2 A1 BD 63 5D 10 D1 73 AA AA AA B5 5C D5 45 DA AD 73 28 E1 94 70 52 AD B4 AB 
[  175480] ch50 r0 a3: B9 D3 5A 33 D3 19 90 92 05 15 54 AA 8A A2 AD 5B 65 16 A5 96 99 05 62 35 53 52 A9 9A A5 54 E9 74 
[  175511] ch50 r0 a3: D9 EB 6F 57 5D 5A 8D 46 DB 02 A6 2D BA 2D C1 D7 95 02 7A D1 BA FE 5D CD B1 04 4B 54 ED 86 15 1B 
[  175562] ch50 r0 a3: 21 2A 51 3A 55 EE 85 14 B0 15 2A B5 45 B5 AB 2D B6 B6 D4 9A D4 55 D6 9A 5A AA 54 A6 52 E5 5D 52 
[  175581] ch50 r0 a3: 92 95 AB 23 85 79 40 92 A0 9A 94 68 D9 94 A0 08 25 80 D4 84 24 49 2B A1 A5 8A 52 75 0A 49 48 2A 
[  175655] ch50 r0 a3: CF AB 82 EB 2A AA 5B D5 10 0D B6 9F 5A FA B0 52 B6 B0 4E AC 06 51 90 27 53 63 0E CD 15 34 A5 4B 
[  175680] ch50 r0 a3: 52 23 42 5A 57 A0 52 4D C6 11 50 28 E8 A4 CA 76 4B AA 35 65 A2 8D 18 12 65 C2 5B BC BA B9 D5 A5 
[  175711] ch50 r0 a3: 88 5A 06 A1 24 95 5A AA EA AA AA AA AA AA A4 AA 48 54 02 50 00 02 04 24 92 04 00 00 90 00 27 F5 
[  175751] ch50 r0 a3: 00 00 00 00 00 00 00 00 00 00 00 00 00 04 FE A2 AF FF FF FF FF FF FF FF FF FF FF FF FF FF FF FF 
[  175769] ch50 r0 a3: 00 00 00 00 00 00 00 00 00 00 00 00 00 05 FE AA AA FF FF FF FF FF FF FF FF FF FF FF FF FF FF FF 
[  175780] ch50 r0 a3: AF BB EF BF EF FF FD BF D7 FF FF FF 7F FF FF FF FF FD BF FF FF FF DF FF FB FF 77 FF FF FF BF FF 
[  175793] ch50 r0 a3: 20 08 04 85 05 51 25 55 EB 2A AE A6 CD AA B2 4A A5 54 AE AA 52 D6 56 B5 2D 6B AA D7 AA 9B 54 C5 
[  175843] ch50 r0 a3: 8A 01 22 44 45 50 22 7F 51 55 5F FF FF FF FF FF FF FF FF FF FF FF FF FF FF FF FF FF FF FF FF FF 
[  175848] ch50 r0 a3: 00 00 00 00 00 00 00 00 00 00 00 00 00 01 7F A8 AA AF FF FF FF FF FF FF FF FF FF FF FF FF FF FF 
[  175888] ch50 r0 a3: 46 52 89 05 B1 21 0A C5 52 36 AB 55 65 6A AC 2F 55 92 58 94 94 E4 AA 6A AA 97 3A BF 55 D5 A4 B4 
[  175889] ch50 r0 a3: 48 2B 49 05 32 67 01 59 42 A8 AA AB 56 50 24 B2 8A 29 8A 91 D4 44 10 84 AD AB 99 53 98 10 88 6A 
[  175910] ch50 r0 a3: 00 00 00 00 00 00 00 00 00 00 00 00 00 4F EA AA AA FF FF FF FF FF FF FF FF FF FF FF FF FF FF FF 
[  175918] ch50 r0 a3: 00 00 00 00 00 00 00 00 00 00 00 00 00 04 FE A2 AB FF FF FF FF FF FF FF FF FF FF FF FF FF FF FF 
[  175936] ch50 r0 a3: 00 00 00 00 00 00 00 00 00 00 00 00 04 FE AA AA AB EF FF FF FF FF FF FF FF FF FF FF FF FF FF FF 
[  175971] ch50 r0 a3: 00 08 00 00 00 00 00 00 00 00 00 20 00 04 FE AA AA AB FF FF FF FF FF FF FF FF FF FF FF FF FF FF 
[  175980] ch50 r0 a3: 49 55 50 24 AB 0A AA A6 9B 9D 51 03 09 6E 75 F8 D2 BA CE 9B 50 2D AF 3D AB 55 D2 04 31 D4 AA 90 
[  175989] ch50 r0 a3: 00 00 00 00 00 00 08 00 00 00 00 00 00 04 FE AA AA AF FF FF FF FF FF FF FF FF FF FF FF FF FF FF 
[  175999] ch50 r0 a3: 89 0A 92 A8 A2 50 84 D5 A9 0A 28 AD 75 55 55 35 6A E6 F6 2E C8 2F 54 5D 51 CD 6B 64 A5 AB A9 DB 
[  176011] ch50 r0 a3: 00 00 00 00 00 00 00 00 00 00 00 00 00 5F EA 2B FF FF FF FF FF FF FF FF FF FF FF FF FF FF FF FF 
[  176015] ch50 r0 a3: 01 40 04 00 40 04 0A 00 09 20 00 28 16 FE AA AA FF FF FF FF FF FF FF FF FF FF FF FF FF FF FF FF 
[  176037] ch50 r0 a3: 00 00 00 00 00 00 00 01 00 00 00 88 00 5F EA 2B FF FF FF FF FF FF FF FF FF FF FF FF FF FF FF FF 
[  176069] ch50 r0 a3: AD 6B 6A DD 36 F6 D6 FD 78 7D 7B F5 AD CD 74 2E 1A C8 6B 3B 6D D9 75 B6 B6 55 6B 76 AD DA DD 56 
[  176098] ch50 r0 a3: 00 00 00 00 00 20 00 00 00 00 00 00 01 5F EA AA AA AB FF FF FF FF FF FF FF FF FF FF FF FF FF FF 
[  176116] ch50 r0 a3: 00 00 20 00 00 00 00 00 00 00 00 00 00 13 FA AA AA BF FF FF FF FF FF FF FF FF FF FF FF FF FF FF 
[  176182] ch50 r0 a3: 48 00 00 20 02 01 00 40 01 20 04 80 4F EA AA AA AA AA AF FF FF FF FF FF FF FF FF FF FF FF FF FF 
[  176220] ch50 r0 a3: 81 14 C0 4A B5 6D 6A E5 5E B7 F6 AA 4D AE BD 6A FD 52 F3 5E BD 7F AA D3 6E 5F DE DA ED FD 56 AB 
[  176323] ch50 r0 a3: 34 D7 54 A1 4A BA 16 B5 34 D2 F4 CE 02 C5 28 E8 A9 50 A1 92 D5 4E 18 09 65 B4 A8 A4 01 A8 14 4A 
[  176375] ch50 r0 a3: 30 C4 2B 55 58 92 BA DB BA 95 6E B5 25 94 E9 97 55 05 2B 78 A4 A6 D6 AB 28 52 A7 9A B5 14 0B 4E 
[  176428] ch50 r0 a3: A5 1B 26 A2 85 8A 05 2A 49 8B 43 59 55 01 00 C9 EC AB C3 24 4C 19 D0 00 D1 42 C5 8A 66 01 30 AB 
[  176459] ch50 r0 a3: D2 10 8E 10 87 04 A5 92 D5 15 36 E2 B7 CB D6 5B 19 BA 5D 6E CD AA 99 2E D5 68 D4 AF 60 14 10 15 
[  176549] ch50 r0 a3: D2 84 59 45 28 05 44 18 11 29 29 02 0A 82 0A 89 42 34 88 0A 62 24 2A 16 00 48 20 51 40 24 49 51 
[  176553] ch50 r0 a3: D5 00 82 AA 12 8D 2A 0A AA CC 65 56 29 22 43 76 94 88 91 2D 55 22 A2 AA E5 29 48 A6 E8 A0 56 5A 
[  176566] ch50 r0 a3: EB 2B 6F D5 B9 DC CA 49 55 AE D3 B2 DB 5B 9B 59 4B 6D 96 CD EB 54 45 0B F1 08 14 46 25 0A 42 35 
[  176632] ch50 r0 a3: 45 45 D2 41 22 35 D4 A5 5A 52 6F 16 C3 2C B2 48 08 88 AC DB 46 A2 04 24 25 A8 04 11 49 40 52 EA 
[  176656] ch50 r0 a3: A5 54 4B 01 54 35 49 B5 2A AA A8 55 D4 5A 6F 75 3F BA AD 54 E8 CE AA AD 95 3C 62 67 B6 97 75 B3 
[  176675] ch50 r0 a3: 94 BA 25 B6 AD 21 90 8A 65 11 54 D2 04 22 93 44 AA F0 AC 16 6B 8A 95 02 AB 46 4D 29 CC A0 90 29 
[  176691] ch50 r0 a3: 13 16 07 4A 50 00 E5 D0 E7 AF 62 A9 11 51 32 32 D5 52 AA 84 4A AA CA BB FE B9 F7 43 46 8C A8 22 
[  176702] ch50 r0 a3: 54 00 A1 90 54 A4 41 0A 53 64 88 14 51 44 71 50 13 EE AD DF FA E4 6B 9C EB 31 D5 5F B7 1A 2D 69 
[  176760] ch50 r0 a3: A2 AD 79 66 51 4A 91 73 55 37 2A A9 AA C9 56 5E 89 2A 92 71 5C 15 14 CC B9 4C A5 A7 CE D1 F4 54 
[  176764] ch50 r0 a3: 54 84 8A 88 9A 18 22 D9 09 29 46 AA 91 0D 6E 12 B3 C1 5E B4 C8 A9 12 5A D3 AA 95 50 55 48 63 28 
[  176822] ch50 r0 a3: 1A 32 AB B6 B6 00 6E 32 D1 62 45 28 54 AA 46 2A 4A 36 AA 8A CA A5 B4 A5 28 AB 8A AA AC 54 9B 5A 
[  176860] ch50 r0 a3: 10 08 A2 4A 20 42 48 10 95 26 AA A8 15 65 69 4D AC 91 49 32 D5 0D E6 4B AD 3D 72 B1 F3 85 D9 1A 
[  176883] ch50 r0 a3: 9F FD D7 F5 DF FD 7A EC 5F D6 2C D2 49 16 8A 4A AC 9D 4A 50 B5 B5 A5 48 96 4A 49 27 94 14 5E AB 
[  176896] ch50 r0 a3: 50 50 89 29 A6 DA 54 F2 92 AC A3 4A 4C DA AA 3D 7A 92 C9 67 DA 8A 35 64 26 EA 6E 69 DD 5B 6C 56 
[  176959] ch50 r0 a3: 26 D1 20 B4 94 04 46 82 90 58 B6 AB E6 D6 B2 AB A6 ED AD 6B B6 94 D5 6E 2B 7D DA AA D6 E7 27 D4 
[  176970] ch50 r0 a3: 28 40 A8 84 DA CA A6 04 B2 45 56 49 AA 54 A1 65 12 E1 11 A2 B5 65 56 9C A0 52 92 B5 28 68 75 15 
[  176986] ch50 r0 a3: 96 CA 8A 82 00 4A 49 00 B2 09 6A 4A B0 A2 14 93 0A 86 A0 85 05 14 32 80 95 45 18 42 82 9A DA FD 
[  177015] ch50 r0 a3: 25 29 4A B2 24 28 85 08 27 52 B6 52 A2 A6 96 55 6D 7A AC BB AC CB B8 AB 6C AA 95 A5 A5 4A AC 9B 
[  177065] ch50 r0 a3: AA 32 56 94 42 28 92 18 80 A0 5D 62 30 84 25 2A 9A 91 52 23 51 52 05 28 92 89 45 54 D0 B4 15 41 
[  177072] ch50 r0 a3: C7 6A 85 6A 8C 05 7A D8 F6 9F BF AF 7C 57 68 96 D1 6A 44 08 15 B4 A9 52 49 AB D3 15 42 AB AA 32 
[  177104] ch50 r0 a3: 85 18 54 A3 B6 A5 85 91 AB 55 52 2A 99 2B 42 98 AD 62 15 52 89 89 62 6A D1 55 46 57 14 25 69 5A 
[  177115] ch50 r0 a3: D4 A2 92 B5 50 A1 48 95 15 4A 0D AA 09 4B EA 02 D3 26 11 5A B6 A5 56 ED 52 B5 22 D4 69 27 75 17 
[  177202] ch50 r0 a3: FD 53 CB 6A 99 BB BA B4 37 56 9A 90 AB E9 42 A3 D9 77 17 58 50 31 74 E8 D0 AA DC 24 20 C4 8A 6A 
[  177207] ch50 r0 a3: 29 09 51 E4 69 58 A8 45 A6 81 0A 01 B5 A6 8A 81 7D A9 FF 7E 9B 6D ED D3 55 FB 3E F7 F7 5D FB E9 
[  177376] ch50 r0 a3: C5 CE 99 70 72 54 B1 31 44 A6 C0 86 42 12 91 56 2A 54 0A A8 46 29 2C A8 2A AB FE 5B CB C9 2A 48 
[  177478] ch50 r0 a3: 54 02 94 21 05 4E 51 15 B0 28 C5 10 A2 44 51 09 34 51 48 2A 10 B0 20 94 42 88 A4 24 A4 82 85 0B 
[  177480] ch50 r0 a3: B5 6D 4D 19 52 55 55 35 1A DD 3B 31 58 8A 5D 4A 57 53 B5 2C DD AA 16 4D 53 4A 56 72 AD 4C 93 A9 
[  177570] ch50 r0 a3: D0 B1 2C 40 95 5A A8 AB 5C A0 FE 96 B6 E7 3B 95 B7 3D 33 7A 69 6E B2 66 A3 8A EA 9A DA D2 4A DA 
[  177606] ch50 r0 a3: 50 51 61 AC 5C AA 89 6A 1A 90 D4 2B 55 6D 1A D4 94 A9 94 A5 63 23 54 A1 4D 19 72 2A 92 B8 2B C9 
[  177607] ch50 r0 a3: 96 55 AB B2 28 0B 86 1A C5 2D 22 AA AC 2A A8 5B 22 2E AA E3 45 4B 5B 4A 8C F6 96 7F B5 D1 65 8C 
[  177617] ch50 r0 a3: D3 23 51 BC DD AD 24 A5 16 15 5C A9 12 AA AB B5 2E AB 6C EE 3D B5 D8 A9 2B 6D 33 30 5B 92 EB 1A 
[  177632] ch50 r0 a3: 24 D2 25 21 10 A4 90 95 51 2C AC 54 7E A4 D2 41 C3 55 10 15 45 D2 8A 92 54 BD 2C 28 24 AA CA 82 
[  177692] ch50 r0 a3: 75 54 09 8D A1 4A 2C 6B 4D A8 AD 91 5A F5 3F 25 24 A6 51 49 94 50 AB B0 5A AD C2 EA 90 A2 C0 71 
[  177699] ch50 r0 a3: 82 8B 6A 11 2A E9 22 55 A9 2A 53 02 92 36 53 2B 52 EC 06 55 41 A5 0B 54 AE D4 A2 00 92 D4 A9 49 
[  177727] ch50 r0 a3: 0A 44 25 02 94 42 0A B4 5A 97 46 A9 DB 65 2D 5C EA 25 9A 2E AC C6 96 B6 95 57 DD 16 B6 96 ED 17 
[  177731] ch50 r0 a3: 08 A0 02 01 15 24 A5 CC 92 2B 25 29 24 40 EB 12 55 54 A4 A1 AE 5A AA 51 12 62 D5 AA 49 11 54 8C 
[  177744] ch50 r0 a3: 54 8E 4A 08 88 98 24 A2 AD 45 6A CB 45 14 AB 49 6A 54 A4 6E EB 55 09 58 AF 4A AD AC F1 53 95 45 
[  177755] ch50 r0 a3: D0 57 75 CA DE FB 76 AD 33 6A EF B1 E9 5C EF D5 BB CE F6 EE AD 75 DA B4 D5 4A 97 AA 59 E6 B2 6F 
[  177761] ch50 r0 a3: 45 4D 60 C6 D4 48 55 49 24 4B A0 8A 45 51 50 DA 41 29 2D 03 5A A2 80 40 21 AA 40 77 3B 70 AA AF 
[  177820] ch50 r0 a3: A1 9A EA A6 02 65 16 AB 6E AA 49 AB 59 84 51 72 5E D5 B5 25 15 36 98 AD A9 69 6C B5 4C AB 5D 57 
[  177915] ch50 r0 a3: 50 AA 95 2A B3 14 19 2E BA 90 0E 89 71 A6 D1 55 24 B2 A2 E7 CD 89 55 3A 91 51 49 4A 55 63 55 57 
[  177916] ch50 r0 a3: 2E 41 6F BF AB F4 D5 B5 56 CA D5 35 B4 AA 56 95 7C 1B AE B6 EB EB 55 32 B4 B5 AD 55 4B 56 AA D1 
[  177928] ch50 r0 a3: 09 00 00 04 80 40 01 01 00 00 00 81 05 7F A8 AF FF FF FF FF FF FF FF FF FF FF FF FF FF FF FF FF 
[  178010] ch50 r0 a3: D2 16 AA 56 CB CB D4 5B D1 96 4D 5A C6 B1 64 24 A5 47 73 2F 77 42 54 92 09 4A AA 04 50 55 05 05 
[  178034] ch50 r0 a3: 52 12 D8 4D 11 21 01 E9 49 1B 45 29 8B 5A DA B5 AF D6 8A 48 94 C9 40 56 6A AA B2 04 52 40 8C 8D 
[  178038] ch50 r0 a3: 01 00 00 00 00 00 00 00 00 00 00 00 00 14 FE AA AA BF FF FF FF FF FF FF FF FF FF FF FF FF FF FF 
[  178046] ch50 r0 a3: 05 10 00 00 00 02 00 00 00 00 80 00 00 05 FE AA AA AB FF FF FF FF FF FF FF FF FF FF FF FF FF FF 
[  178062] ch50 r0 a3: AA FA D5 2B 4A D4 85 14 95 6A C5 54 95 02 8B 08 94 4B 8A CD 95 CA 92 E4 98 54 8D 62 A5 20 8D A2 
[  178079] ch50 r0 a3: 64 85 45 75 45 AC 14 08 11 D5 A9 32 AA D4 02 5A 91 D0 A9 35 44 36 05 0D 09 01 A5 98 D0 A6 42 DC 
[  178117] ch50 r0 a3: 67 8B A9 CB 26 2A FA 57 D3 DC 0C AF A5 2B 4E 47 A9 82 85 03 74 9D 60 22 B3 BE 2E 57 BA 74 A2 62 
[  178168] ch50 r0 a3: 99 A9 57 4A 55 B4 5F 77 FD F9 DE BA AA D6 BA BB 97 97 BA BB 56 A6 FB 7B 75 55 3D B6 5A 91 11 55 
[  178210] ch50 r0 a3: 93 68 6C 1D 85 D7 15 D5 5A 9D 73 BF F4 9E 91 A2 22 4C 10 A4 1A FE 02 40 02 00 00 A9 11 53 B4 8A 
[  178231] ch50 r0 a3: 00 00 00 00 10 00 00 00 00 00 00 00 00 00 13 EA 0B FF FF FF FF FF FF FF FF FF FF FF FF FF FF FF 
[  178260] ch50 r0 a3: AA B5 0B 4B 50 69 15 AA 86 8A 58 B0 D9 55 2E 95 54 14 A9 05 8C A1 2D 22 52 51 28 AA 53 6F 36 C5 
[  178315] ch50 r0 a3: A6 2A 94 94 47 2A 54 A1 98 22 53 02 24 85 58 A0 A2 C5 22 50 40 82 AA 73 55 23 55 31 C2 49 0A C9 
[  178325] ch50 r0 a3: 49 2B 50 B5 A2 64 15 51 B4 81 28 52 75 48 29 69 AE 92 2A A1 AA 92 52 24 85 52 2A C2 B5 56 54 8B 
[  178386] ch50 r0 a3: 54 14 2A 80 11 BA 95 4D 20 84 35 44 65 52 2A 49 54 14 89 55 A1 25 23 96 63 4A D0 B4 48 AA 69 4A 
[  178398] ch50 r0 a3: AA 4C DB EC 92 6D 56 A4 4A 13 5E 39 89 55 8A E0 A7 2A 50 86 49 99 15 2C 52 C4 B1 56 C8 98 A9 24 
[  178412] ch50 r0 a3: A9 05 90 88 94 24 14 82 61 0A 23 06 05 15 50 90 12 05 54 A9 4C 50 12 AD A9 84 6D 45 56 A1 9A 8F 
[  178423] ch50 r0 a3: 42 8B 20 00 02 00 00 00 05 15 11 A8 FD 37 A4 52 2A 44 25 11 58 90 3A 86 04 15 A9 EC AD 5A B5 A5 
[  178450] ch50 r0 a3: 50 75 AA 24 0B 45 35 30 B4 8D A4 4A AA ED A4 AA 28 51 AB 4D 22 AB 4A D2 C5 8A C5 5E 53 2D 99 46 
[  178462] ch50 r0 a3: 29 15 4C 02 4A AA B5 9A 75 9B 70 9B 53 5D D6 94 EA 27 10 73 59 6A A9 09 55 D6 AD 65 54 CA 47 55 
[  178525] ch50 r0 a3: 94 58 22 AA 8A 4B 53 AC A2 55 2A AE 7D DA B5 AA 53 4E 54 49 35 AA D1 A3 6E 49 4C EB 6A EB 5C AA 
[  178570] ch50 r0 a3: 70 C9 54 12 21 25 28 54 A9 22 85 30 94 A7 0A A8 0B 55 10 90 22 94 88 AA 42 81 68 81 09 14 15 08 
[  178584] ch50 r0 a3: B2 91 A0 A2 B5 2A 43 5D 12 6A 4C 54 74 D4 F2 9D 89 55 D4 8A D5 5D 38 6A E4 E5 5A B3 20 52 9D 29 
[  178603] ch50 r0 a3: 52 90 81 22 14 92 48 22 94 0A 22 04 95 22 49 50 AB 54 A2 89 09 4A 50 04 03 10 51 51 51 48 AB 24 
[  178619] ch50 r0 a3: 59 02 95 A2 4D 08 29 39 4D 34 21 2A B4 A2 05 52 A6 84 95 28 42 B1 AD 22 4A C5 B2 48 22 5A A8 A2 
[  178659] ch50 r0 a3: 28 B0 04 AA C0 AA 89 AB 55 5A 52 DC 2A AA 12 30 85 50 14 80 A8 44 BA 95 D2 8C AB 4A E2 B4 74 5B 
[  178686] ch50 r0 a3: AA 05 52 B6 A8 B5 51 5C B7 4A BF BB F6 D5 5A BA 56 9E D5 32 BA 8E AF 25 BB 35 5B DE A8 EC CB 65 
[  178697] ch50 r0 a3: A4 9A B6 14 A9 61 C8 96 C5 13 16 55 41 B9 92 52 50 29 A8 68 69 29 44 B5 B5 54 52 1F 54 AA A9 26 
[  178890] ch50 r0 a3: 00 11 58 55 5E E9 57 2E BE 15 4E 3F 28 20 48 5D 6C 19 06 90 22 AD 02 26 2A 99 6E 48 4D 6C 19 A6 
[  178905] ch50 r0 a3: 42 A9 96 9C C0 90 26 C5 51 44 8B 33 50 17 75 05 B4 49 22 91 11 29 00 D6 B0 A8 69 01 50 88 8D C7 
[  178938] ch50 r0 a3: 75 4A AA 6A 94 95 51 76 98 93 CB EB 33 83 7E 29 AB D6 D5 7D 78 BA CA 9B B5 BF AE EB 49 5A F6 EE 
[  178955] ch50 r0 a3: 8B 5B AA AC 96 BC D6 5B 4D 47 B5 6D CF 75 AA B5 94 B4 A4 BE DD 5F B2 D5 DA A6 D5 5E E6 B7 29 56 
[  179014] ch50 r0 a3: 71 2B 2A 1D 56 A5 25 22 64 54 2A 49 21 92 08 90 A8 51 95 AA 42 04 95 18 28 91 B4 A8 C4 A5 25 50 
[  179015] ch50 r0 a3: 29 04 C8 C2 AA A4 94 99 98 85 6B 7E 6B 56 AE F4 13 A6 AE 3F BB FE DA B4 EE B5 AE 97 5F FB 63 EF 
[  179031] ch50 r0 a3: 42 B1 6B 52 AA 14 A6 D3 6A 2A AB 29 48 55 52 A8 19 4D 28 8A 87 B1 55 B2 D6 D9 41 25 72 5D 22 69 
[  179053] ch50 r0 a3: C5 91 2A B5 34 B6 5A 5B 4A B5 DF 95 55 4A BF DA 95 43 06 D2 48 C9 75 17 15 23 6C 6A 22 29 45 25 
[  179072] ch50 r0 a3: 88 24 2A A3 49 A9 5B 31 90 AA 8B AD 4D AA 8D 99 94 79 69 92 A0 95 95 52 B3 20 4A A5 92 11 32 52 
[  179085] ch50 r0 a3: 88 10 01 65 BA 6D 5B C7 D3 D3 FF E5 57 F7 15 DA CB 57 55 FD E8 B5 67 AD F2 74 CC FB AD F5 D5 5A 
[  179118] ch50 r0 a3: B5 91 8A 19 22 A6 95 8D B4 A4 96 53 52 8B 2B 51 2A 2C A5 55 28 82 B5 26 A8 A6 93 7C 88 82 88 C9 
[  179160] ch50 r0 a3: 86 A9 26 D3 C8 8A 6D CD 54 4E AA A8 6A D7 6D 69 25 88 DB 6E D6 DE CA 8D 12 A9 AB 56 76 6C BB 6B 
[  179182] ch50 r0 a3: 23 20 45 D0 59 80 37 20 33 D6 94 10 14 ED 3B BA 83 30 45 0F 02 D0 87 94 2B 58 94 93 65 B2 A6 94 
[  179194] ch50 r0 a3: 00 88 6C 00 01 05 B5 42 00 A2 95 8E 2A 32 B6 28 61 23 21 08 61 42 A1 52 44 03 A1 70 A3 27 29 5A 
[  179196] ch50 r0 a3: 92 91 7A 43 A0 99 AB 49 81 E3 42 AB AD 29 DA D5 1B 8F 9A F1 34 D8 39 53 A2 AC EA 63 22 76 85 8F 
[  179205] ch50 r0 a3: 29 51 14 B5 06 C2 8A 00 2B 40 22 12 25 66 B6 2D D5 EB B4 1A A2 C0 A9 A4 03 D9 07 52 1B 85 51 4A 
[  179212] ch50 r0 a3: A7 0D 9A CA 4A 57 25 A0 D1 56 63 A0 20 CC 25 51 6D 05 25 A4 93 AA 89 53 A8 AA 2A B2 29 2A A9 C8 
[  179220] ch50 r0 a3: 95 2C 0B 58 8C 03 8C 34 C8 25 23 59 47 E1 03 6D 83 1C 86 1B 41 82 35 B4 A9 6A A9 64 D8 56 8A 14 
[  179224] ch50 r0 a3: 60 58 46 46 95 29 AD 08 26 94 62 2D 86 31 44 81 13 14 59 00 0A 63 92 15 75 1C 2A 14 26 84 91 55 
[  179238] ch50 r0 a3: 2B 04 42 82 8A 94 5B 45 6A 7D 36 D5 64 51 52 45 32 2A 44 A5 DA A3 42 95 27 09 AD 52 A5 28 AB A2 
[  179242] ch50 r0 a3: B0 AB AE A9 22 A2 95 A6 55 55 6E D2 4D B4 D6 D4 D4 D4 83 5C 2A B9 B0 D4 A8 E5 2D B8 F1 ED 5D 32 
[  179252] ch50 r0 a3: 01 64 90 6A 08 92 A8 1F EB 95 5F 7A ED D5 6E C6 D6 BF ED FD 54 84 4A 03 23 65 05 34 A4 2A 94 A9 
[  179315] ch50 r0 a3: A4 80 74 11 06 CA 2A 0A 1D 49 1A 40 A5 14 EA A8 21 32 58 08 25 59 42 00 42 02 15 6D 6B 62 94 2F 
[  179331] ch50 r0 a3: AE 54 EB 50 AA 94 28 8C AA DD 44 9D B1 25 CA 75 7B 49 26 D5 49 4E F7 C9 69 5D AA 35 25 52 B4 AD 
[  179360] ch50 r0 a3: AA 55 89 0C 70 88 99 21 56 52 88 21 24 8A 2A AC E6 AB B3 5D F7 D5 6A 6D F1 51 26 E1 92 29 54 8A 
[  179405] ch50 r0 a3: 89 82 AD E2 D4 A7 A1 01 5C 48 2C 95 5D 31 B5 5A C3 AD A1 46 69 AD 13 0E C3 DE 69 E4 05 C0 E5 35 
[  179443] ch50 r0 a3: 9A 52 AA 92 1E 15 59 B9 D6 55 AA 49 52 44 A8 94 91 54 26 85 45 55 3A 23 48 2A 8A 10 55 C8 A5 5D 
[  179445] ch50 r0 a3: 00 22 D1 22 AB 8A A0 A6 A5 56 68 92 A8 A1 61 57 89 98 9F DD A9 9D B5 65 96 6B 1D 4A 44 60 69 44 
[  179467] ch50 r0 a3: CD 22 82 4D 48 4B 55 14 96 22 8A 94 A5 55 AA 8B 49 4A 55 6A 88 48 6A 95 A7 45 55 57 6B 67 55 BD 
[  179501] ch50 r0 a3: 04 82 D4 61 54 94 80 29 28 35 4E 94 50 24 09 08 00 A5 04 4A D1 5A A5 36 2B 02 B8 11 42 CF 4A A5 
[  179536] ch50 r0 a3: D5 51 29 6D 4A 45 05 42 D0 51 04 55 11 5A 30 C2 B2 49 51 2A C9 03 49 52 A9 36 E4 A2 59 85 48 A9 
[  179550] ch50 r0 a3: 68 A3 56 14 AA DB 9D E1 2D 85 6D DA AA 9D DE 59 4B 6D CF 6B 66 3A A9 E9 AD 65 6A A8 E8 D0 10 B4 
[  179558] ch50 r0 a3: D3 90 92 02 89 50 15 A2 97 5C 15 37 9D AA 8C 08 75 13 28 DC 0A 0A C1 16 FB 2A BC 8C 4F 51 42 8C 
[  179732] ch50 r0 a3: 92 16 62 E0 82 55 30 95 90 94 42 09 56 52 A2 18 D5 99 51 05 40 E9 50 AD 42 DC 25 44 46 A5 26 14 
[  179770] ch50 r0 a3: 82 6D 75 A5 A9 5A C8 29 52 65 4C 73 96 D5 22 B3 B5 30 29 14 94 AA AD 24 DA 85 4C AD 49 6A AA EA 
[  179775] ch50 r0 a3: 02 A2 54 0A AF 36 AA 95 36 55 5A A1 9D 6B 63 6D 10 4A 92 D2 D5 CB 55 2C 93 64 4A 95 AD 6A A2 75 
[  179866] ch50 r0 a3: 54 A6 60 B9 24 AD 12 A0 00 25 A1 AC C5 4A A1 B5 13 0A B8 DA 76 56 9C AC 5D 56 56 4D 46 CE 8C A5 
[  179871] ch50 r0 a3: 30 02 44 81 A5 69 F2 E4 D3 0E AB FF 55 5B AD 65 89 05 55 DC BA AD DD DA 95 DB DE 7A D2 04 AA 80 
[  179882] ch50 r0 a3: 2A 44 A9 70 09 64 A0 A4 49 45 2D 08 48 01 A8 44 61 79 89 59 51 91 AB 52 14 9A AA 95 6D AD 1E 86 
[  179905] ch50 r0 a3: 40 51 69 91 29 94 01 44 22 2D 0B 00 22 43 08 A4 8E 09 10 60 04 94 A0 AA 8C 81 48 94 12 C2 81 12 
[  179907] ch50 r0 a3: 18 9D A5 0B 76 AF C9 7A F5 DB 9A FB 74 BD AB EF 72 57 24 AA BA 4A CA A6 B5 45 AB 55 95 A7 56 DA 
[  179910] ch50 r0 a3: 30 4A 28 94 0A 8B 51 98 3A 6E 2D 34 63 9A 0C C5 11 04 40 00 29 35 17 42 98 72 40 09 8B 0D 83 34 
[  179943] ch50 r0 a3: 01 25 45 22 80 22 01 01 48 82 81 10 21 50 08 02 A5 08 92 88 51 75 2B A9 54 D6 FD E5 B6 F5 F5 6D 
[  179961] ch50 r0 a3: 6A 28 C8 65 11 43 04 A2 22 8A D0 69 B1 2A 8A 04 50 D2 B4 2A C9 2A 20 C4 29 15 55 10 95 2C 0A A2 
[  179984] ch50 r0 a3: 6A AC D9 5A 56 8A D2 4D 76 95 A5 54 AA CB 59 51 46 4D 2A 28 AB D5 4A 9A 95 05 6D 5D 52 D8 AE AF 
[  180026] ch50 r0 a3: 93 52 D5 4E AC 51 4E AA A4 D4 B6 14 D5 6E 99 22 9E 8A EB B4 4D 40 95 35 4A A5 04 4A B4 95 9A AA 
[  180050] ch50 r0 a3: 95 55 AA 66 A2 0A AA AA 69 44 23 55 56 2A 6A A4 27 2A 2A 54 2A 23 2A CB 52 99 53 66 AC 75 08 76 
[  180054] ch50 r0 a3: A5 AA DA D5 64 95 11 52 05 51 55 28 DB 8B 53 48 A4 D2 50 05 A8 D1 45 49 6A 89 2C B6 8A A2 AB 6A 
[  180060] ch50 r0 a3: 80 12 D1 6A B4 A9 AE DB 5D A3 A4 8E 6A 88 DF 55 DA 92 DD BA DA 52 7D 59 2A ED A9 A8 4D 6D 6A D1 
[  180072] ch50 r0 a3: 4A 02 C4 48 B1 6A 44 C0 8D 4A A9 20 94 C9 59 14 D5 16 3A 35 5B 0B 49 23 41 24 CA B3 8A A9 49 42 
[  180085] ch50 r0 a3: D7 2B 94 58 78 A5 4A 5A 48 AD 95 3D 2C 96 B5 2A 77 2A 89 4D 27 0B 12 B5 2B 4A 2B A9 36 95 12 A6 
[  180095] ch50 r0 a3: D4 2C 5C 50 56 A4 4A 85 06 CA A5 5D 63 33 9A AE D4 24 95 51 0D 4A FB 5B CA 2A A0 A2 9A F2 AA BB 
[  180157] ch50 r0 a3: 94 8B 95 2A BB BD EE CD F0 B7 29 5A E8 B7 CF 75 F9 B6 D6 4C EE D5 DF AD 6D 52 FC EF BA EF 6D 35 
[  180170] ch50 r0 a3: B5 14 40 89 20 D8 54 B2 94 75 42 94 AB 55 44 86 AC 91 49 5B 29 34 88 A2 78 D9 62 16 12 65 29 4A 
[  180183] ch50 r0 a3: A1 55 42 16 90 D5 8A A4 2C 4A 20 20 55 02 CD 41 48 C9 62 AA AF BF DB 56 D6 CE 8A D9 6A D5 6A 5D 
[  180203] ch50 r0 a3: 84 50 00 45 50 00 21 65 99 04 A8 C1 09 18 11 24 90 C0 24 80 92 25 20 82 50 91 2B 44 AC 44 B4 1A 
[  180241] ch50 r0 a3: 49 46 A2 2A D2 94 B4 08 08 AA 58 09 0A A6 42 BF 54 24 A5 A5 C5 81 1B 50 28 A2 92 85 81 2A AA 84 
[  180275] ch50 r0 a3: AA D0 8D CB A3 59 9F 6A 4C 8E 65 52 B1 17 AE DE 23 62 02 95 AA 65 8A 51 92 96 E6 6A 3B 6F 6A 6A 
[  180292] ch50 r0 a3: 92 95 40 A3 49 0A 28 20 8C 20 15 57 40 5C 80 A2 AA 4D AB 4D BA B9 14 FA 91 A9 50 95 DA D6 A4 2D 
[  180401] ch50 r0 a3: 00 00 00 00 00 00 10 00 00 08 01 00 01 3F A8 AB FF FF FF FF FF FF FF FF FF FF FF FF FF FF FF FF 
[  180452] ch50 r0 a3: 95 B9 69 6F DD 56 D4 72 6B 3A AE CD 56 AA 67 51 2A A5 7B 6A 52 87 4D D6 A7 6D 19 6A D6 C9 DD 5D 
[  180456] ch50 r0 a3: 10 20 00 01 00 01 14 00 2A E2 97 24 C2 2A DA ED AD B6 D6 DA B7 6D BB 57 ED 57 5A D5 B7 55 57 56 
[  180463] ch50 r0 a3: 40 00 00 00 01 20 04 96 A0 01 DB 08 21 02 80 DE 88 10 29 55 3A 52 A0 5E AA 9E 56 43 24 F9 DB 55 
[  180465] ch50 r0 a3: 40 A4 96 2C 53 2D 2D 54 15 15 29 56 84 90 52 21 2A 59 67 85 2A 64 ED 32 A2 A6 A6 8A B3 21 2B A4 
[  180466] ch50 r0 a3: 00 54 45 30 89 14 3D 04 18 4F 10 00 00 00 00 00 13 EA 8A AB FF FF FF FF FF FF FF FF FF FF FF FF 
[  180559] ch50 r0 a3: 00 40 00 00 00 00 00 00 00 00 00 00 00 00 00 01 3E AA AA AF FF FF FF FF FF FF FF FF FF FF FF FF 
[  180586] ch50 r0 a3: 00 00 00 80 00 10 00 00 00 08 00 00 00 4F EA 2A FF FF FF FF FF FF FF FF FF FF FF FF FF FF FF FF 
[  180608] ch50 r0 a3: 44 00 00 00 00 00 00 00 00 00 00 00 00 00 4F EA 2A FF FF FF FF FF FF FF FF FF FF FF FF FF FF FF 
[  180612] ch50 r0 a3: 00 00 00 00 00 00 00 00 00 00 00 00 00 01 3E A8 AF FF FF FF FF FF FF FF FF FF FF FF FF FF FF FF 
[  180625] ch50 r0 a3: 2A CE B6 AA AA AA D6 EB 66 AF 69 6B AA 9F FC 05 FF FF FF FF FF FF FF FF FF FF FF FF FF FF FF FF 
[  180641] ch50 r0 a3: 25 09 88 96 A2 95 CA A8 85 54 A2 22 C2 54 31 53 16 28 20 B3 88 45 5C 49 0B 22 4A 94 49 41 0D A4 
[  180650] ch50 r0 a3: 48 01 15 B5 2D 56 5B 6D 96 DD 6B BB 75 56 9A AA AD 6D 35 2A AD 67 A9 A8 69 14 AA A4 AD 6A 25 4A 
[  180665] ch50 r0 a3: 80 00 00 00 00 00 00 00 80 00 00 00 01 13 EA 8A FF FF FF FF FF FF FF FF FF FF FF FF FF FF FF FF 
[  180713] ch50 r0 a3: 08 20 02 60 00 84 46 08 22 0A 82 10 92 A1 05 11 10 8A 10 82 53 0C 14 01 06 21 01 08 88 20 92 48 
[  180713] ch50 r0 a3: 10 91 0A 81 92 10 00 01 14 40 88 AA E5 48 40 00 A6 41 2A 00 1A 4A 82 11 A2 26 42 89 95 11 10 01 
[  180729] ch50 r0 a3: 83 AC 94 9E B4 8B 16 D2 AB EB 2A 91 D1 DD 2B 6A B6 F1 ED 56 46 AB A9 2E EA B6 DB AA BF 65 2A 5C 
[  180733] ch50 r0 a3: A0 92 F5 20 4E 8B 80 D5 01 09 28 6D 24 28 A8 90 8E 69 64 2A 25 94 E4 B6 4B 14 AC 8B 15 64 49 52 
[  180746] ch50 r0 a3: 01 10 90 4B AA D9 BD AB 5A 93 31 5D 49 D5 67 64 BE 8F 3A D6 F5 2B 45 D8 AA AD D5 49 85 D6 AD 40 
[  180760] ch50 r0 a3: 29 11 20 21 B0 14 81 04 82 11 3A 85 22 98 11 5A 90 82 A5 02 11 A9 5D 56 0A 49 21 0D 01 47 09 21 
[  180792] ch50 r0 a3: 96 49 25 31 16 CB 6D 54 55 2A 65 96 AA D2 DA EE AB 48 5A AA B9 99 5D 4B AB 6A 46 9A 51 A5 54 96 
[  180846] ch50 r0 a3: 00 00 00 00 00 00 00 00 00 00 16 24 8D 4C 56 98 61 42 C4 5A A3 4D 1A 4B 9A 89 54 E4 52 54 92 B2 
[  180914] ch50 r0 a3: C5 4A A9 54 AA AE 29 51 0A B4 B6 B3 DB 55 6B FE CB 35 51 A5 EE F5 EB 56 AE E6 BA AE 3A EB 73 4A 
[  180924] ch50 r0 a3: 93 0E D4 AA 55 5D 02 6A 6A CA A9 61 28 AC 4A 25 4A B1 54 55 4B 28 95 5A A1 AA 81 4A 51 28 78 D5 
[  180940] ch50 r0 a3: 49 56 22 82 44 22 29 14 B4 A4 19 12 58 2B 24 21 51 69 B5 4E 2A B5 32 A3 98 55 56 E2 B6 93 56 55 
[  180942] ch50 r0 a3: 17 1F DD BD 55 BF 76 B5 AD BD 50 5A E4 70 1E 21 A6 C1 29 2A FE 1D 94 61 93 53 BC B2 40 97 AA 0B 
[  180986] ch50 r0 a3: 84 04 85 22 B4 98 D8 F5 6A AD 6D 4B EA 4A BA AD 2D 4A 6F FD 64 A5 AB BE 45 A8 84 2A AD 47 45 5F 
[  181044] ch50 r0 a3: 62 0C A4 08 A0 3A 7A 41 15 02 8A 02 A5 A4 8C 83 B1 16 29 C0 84 40 44 59 6C AB A9 A6 A8 88 E4 B5 
[  181089] ch50 r0 a3: 14 D5 85 92 02 A3 00 2E A8 22 52 0A 80 01 54 11 09 AF 10 50 42 80 42 04 55 42 34 A1 2C C1 B1 34 
[  181106] ch50 r0 a3: AD 55 6A 00 00 54 45 20 89 14 29 04 10 4A B4 D4 AA E4 8A A2 31 B2 36 A5 6A 56 52 1C 8A D5 2A EB 
[  181137] ch50 r0 a3: 64 C9 57 F4 6A B6 1D 46 58 20 DD 4E 32 91 8A 52 15 00 35 15 B0 0A B0 22 62 EB 60 C5 4C 5A 42 AA 
[  181146] ch50 r0 a3: 00 2A 22 90 44 8A 14 82 08 25 7A A1 2A AD AF 52 DB 56 2A FD 56 C9 22 69 04 B2 A8 6E 3E 3A C8 CF 
[  181156] ch50 r0 a3: 10 A4 AF 2E 13 6A A2 68 CC D7 28 A9 2F D7 2D 6A 9A E5 6A 6D 69 29 AE D4 2B EC AB AE 2A AD 00 00 
[  181197] ch50 r0 a3: AB 0A A5 4A 04 10 23 64 D5 36 95 56 95 56 5B 52 F5 D3 DB 55 6D F4 EA E5 4D 73 52 EA FB 2F 13 CA 
[  181208] ch50 r0 a3: A9 AB 66 14 A5 41 60 15 53 0A 28 AB 09 D1 42 A9 A0 A8 44 CB 59 54 52 A8 AE 28 88 90 94 94 B4 84 
[  181262] ch50 r0 a3: 82 C4 01 05 41 02 5A 27 94 42 A0 50 24 A1 54 61 47 44 8D 52 10 94 11 11 28 44 55 4D 24 94 0A 24 
[  181264] ch50 r0 a3: 81 64 92 2A A8 49 2A D6 8D 69 56 9A AB F5 AA 36 55 76 A5 E5 E8 D5 EB AB B4 AF 56 EF B5 D6 DB 7D 
[  181289] ch50 r0 a3: CE A9 55 11 53 6A CA AD 25 56 A4 16 56 C4 C8 26 C8 4B 35 B2 4A D2 51 4A 45 51 80 A0 A8 4A 89 29 
[  181297] ch50 r0 a3: 54 A2 29 04 48 A1 48 20 82 54 EE 99 55 57 AA 9A AE 84 9D 52 B4 82 A5 25 4A 29 7A A3 75 93 5B 42 
[  181300] ch50 r0 a3: 88 AA E5 8A 80 E6 AC A1 2A 14 50 25 54 91 35 2A 08 9D CA 08 5E 20 A2 84 71 22 04 48 14 A9 06 93 
[  181304] ch50 r0 a3: 20 04 8C 8A A2 6E A4 22 14 26 69 20 24 A4 56 AC 92 41 A9 2A 6B 41 9A 10 11 28 24 94 89 92 A2 95 
[  181340] ch50 r0 a3: 6A 0A 89 4C A6 D1 14 A5 08 88 B3 28 2A 88 16 C8 AA AA 15 4C 4A A8 53 52 D4 46 85 2A 92 C5 44 AA 
[  181350] ch50 r0 a3: 43 4A 8D 34 95 4D 04 34 E1 55 31 28 B1 5A 05 20 95 2A 84 4A 6A 2C 25 6A 53 21 30 49 59 55 15 68 
[  181377] ch50 r0 a3: 00 02 20 90 88 10 14 00 10 45 15 52 95 55 B6 33 55 48 4D 13 49 2D 62 30 8E 6E A4 84 4A 44 2C C4 
[  181408] ch50 r0 a3: 0C 41 54 C5 50 24 8A 41 55 82 22 14 90 94 92 A8 54 24 59 24 94 4D 06 41 13 08 90 28 8A 4B 5A 5A 
[  181410] ch50 r0 a3: 00 01 48 95 5A 49 5D 51 49 45 25 35 0A AB 7A 7B 33 17 51 8F 5D AD 6D 4B AD 9D BA A8 FF 5E FE B7 
[  181488] ch50 r0 a3: 56 AC FA A9 DD E3 5A 85 5D DE B6 D5 BB 4E AD D5 5F EA D7 15 77 77 17 56 57 D5 DD 5F 22 2D 33 4A 
[  181548] ch50 r0 a3: 0A 03 27 A7 70 6B 1B 43 B9 A2 41 89 4C 8D A0 13 39 C5 1A 7A 90 6D 2D 86 D8 14 A0 00 2C 41 56 A9 
[  181560] ch50 r0 a3: 85 B8 08 98 DB 5B 7F BC 29 9A 24 8B D1 A0 88 28 00 00 06 41 45 5A 54 20 08 90 88 50 A3 62 FA 51 
[  181563] ch50 r0 a3: D6 AC 83 28 1A 2C F4 52 02 CA D9 5A 1B 6A D5 6E 91 5B 6C 4B 5A 4D 4B 65 7A 39 08 14 AA 4A A6 8A 
[  181655] ch50 r0 a3: 89 C7 D0 87 2A 10 62 A2 AA 4A 9D 56 FA 66 EB 41 58 1A D4 B1 56 BE D5 2D E9 52 8B DA 77 56 DA 55 
[  181692] ch50 r0 a3: CA 83 D5 95 55 AF DA A9 59 2D 49 A6 92 5B 29 2A AA CA 98 AD CC 84 9F 6A B6 B8 8A A5 36 AC 5B 66 
[  181701] ch50 r0 a3: 2E 92 4B 22 4A AA 98 92 AB 95 66 B6 D6 D5 2A 9A 85 AA 96 B7 32 AE AA 7E B5 ED EE EB F5 16 F6 BB 
[  181844] ch50 r0 a3: 19 83 48 66 36 C0 A9 04 98 28 6A 08 80 EA 00 00 06 59 22 F5 0A 8A 1A B6 5B 4C 6A 2D B6 95 73 44 
[  181856] ch50 r0 a3: A2 AC 62 CB 40 6D 27 16 04 34 2B 96 15 55 55 35 5B 6D 02 91 90 D9 4C 90 6F 56 AA AA AA 55 B0 8D 
[  181858] ch50 r0 a3: C1 52 12 18 2B 25 B4 94 E2 A9 60 75 96 34 52 31 92 A4 16 71 D8 56 A2 80 6A A4 B4 93 25 48 D2 49 
[  181919] ch50 r0 a3: 32 0A AA AB 69 5C 2C 16 35 6A 90 55 24 4A 96 12 A9 92 8C 33 72 A2 D2 5D 52 AA 51 55 54 B2 9A 52 
[  181923] ch50 r0 a3: 89 37 D5 94 AB B7 BB 5D EA 5F 75 B4 AB D5 93 93 A5 C5 A6 8B 32 DD 56 9A 5A A8 4A 2C 89 36 4B 24 
[  182013] ch50 r0 a3: C4 8F 12 B6 6A 94 4A AA A1 AA 6A 56 EA A9 2A 0A 0B 51 09 24 D1 AA 12 94 4B 2C 8E 82 4B 88 19 46 
[  182027] ch50 r0 a3: 00 15 11 48 22 45 0A 41 04 12 A5 2A AD 92 99 5A AA AA 6C 53 2C AA AB 43 9A A5 51 AA EA AA 41 02 
[  182033] ch50 r0 a3: 44 00 00 8A 1D 72 B4 8E 2A AD 14 95 29 22 BD 0B E5 32 B2 B6 C8 D5 89 D2 A5 D5 51 09 51 90 91 20 
[  182059] ch50 r0 a3: 48 54 DA B5 6E AA DA 9B 75 3E 55 55 AA AA B6 92 7E BA 41 63 64 09 41 13 5B 4E CA 71 14 11 3D 24 
[  182074] ch50 r0 a3: 8A 45 11 4D 5A 82 A5 15 4A 84 AC 96 2A B5 A7 5A 95 6D 2D 0D 70 45 95 26 35 54 A5 5B 74 2A 2A 5B 
[  182108] ch50 r0 a3: B5 AB AD 6C BA 9F 6F AD 96 EF AB 56 83 2A AA 5D 4C B6 88 D2 47 52 AA AA 89 11 1A B5 49 12 22 C2 
[  182128] ch50 r0 a3: 8A A9 54 A0 69 45 D3 06 2A A4 04 74 2B 41 4C 8D 6E 0A A6 29 94 D5 4C 14 76 6D 46 D5 D3 5B 42 85 
[  182199] ch50 r0 a3: 92 E9 6A 8A 55 AA A2 A9 51 49 57 55 15 A4 56 25 C3 54 13 5C A1 5B 4A 8D A2 E2 55 6A 6D CC 42 61 
[  182208] ch50 r0 a3: CA A6 23 02 6D A3 26 52 A5 2A 92 62 A5 54 AD 24 92 CA 34 AA 8A 24 AA B6 97 4E 6D A8 D1 3B 4C B6 
[  182257] ch50 r0 a3: 00 4A 22 90 44 8A 14 82 08 25 55 59 54 95 55 53 C9 19 1B 55 AA 4C E0 BB 54 57 57 5A AD 54 8D 55 
[  182270] ch50 r0 a3: 42 56 0C 9A 4A 94 10 35 45 26 A8 B0 4D 16 D2 54 6D AA A4 C8 82 AD 19 2A 26 41 52 02 A9 44 47 55 
[  182310] ch50 r0 a3: 05 52 22 20 55 08 05 10 08 02 51 55 54 09 24 91 92 BA 81 51 F6 98 4D 40 2A AA A9 6E 63 A8 A9 CD 
[  182311] ch50 r0 a3: 62 E4 89 0A A5 52 0A 84 51 31 2D 49 2B 77 74 59 56 BA 92 D2 B4 43 B3 24 E5 14 C8 4B 24 AC 35 2A 
[  182358] ch50 r0 a3: 00 D2 88 D4 C2 D5 48 28 20 54 95 32 4A 4A A4 A2 44 AB 59 AB 2A 2D 26 59 25 41 2A 55 0A 49 42 A4 
[  182366] ch50 r0 a3: E9 04 CA 02 05 8E 19 45 56 14 A0 48 A2 49 09 49 08 28 A5 14 02 12 A8 C9 94 30 B0 F6 02 B8 1A C2 
[  182394] ch50 r0 a3: 33 59 15 15 25 5D 62 A0 5B B1 12 26 BC 55 DB A8 3A 4E 94 A9 21 21 44 85 00 95 6A B6 A6 28 84 2A 
[  182420] ch50 r0 a3: 95 55 69 A1 53 22 45 54 A9 20 56 89 0B 82 48 4D 64 A3 DA 92 94 A9 34 51 5A 6A 89 09 4A 2A 8A 15 
[  182427] ch50 r0 a3: 00 02 20 90 08 00 14 00 10 25 25 15 54 92 19 29 2E 78 94 89 02 AA 4A E2 24 D3 4A B5 A2 55 21 4A 
[  182430] ch50 r0 a3: 10 0A 04 24 11 04 80 44 80 40 11 22 52 92 14 A2 A2 02 D4 28 90 84 89 35 50 0A 58 90 A4 38 CA A4 
[  182438] ch50 r0 a3: AA BA 47 52 5A 94 C0 D9 94 6C 6A AB 97 44 54 AA 94 8D 6A 48 A2 21 34 34 6A 5A CC 29 2D 76 AA B1 
[  182448] ch50 r0 a3: AD 46 A1 2E AC AA A6 52 C8 8D 04 94 9A 02 14 24 54 41 40 A1 6B 13 54 9D 5A 15 5B AA 5A AD 5A AA 
[  182463] ch50 r0 a3: D5 AC 66 5D 9F BE C8 BA 9A AA E5 56 96 6B 51 17 59 74 D9 6F 6C DD 32 CD 4D 56 AD 65 DA AE 4A DA 
[  182468] ch50 r0 a3: A0 7F 6F 56 A5 56 B5 74 9B D6 F5 B6 B4 AA DB 14 AB FA 95 AA B7 EE A9 52 B3 89 25 3D AA 51 2A B5 
[  182492] ch50 r0 a3: 9A EA 29 86 D3 54 9A 26 A0 6A 0A EA E5 29 00 26 9D 51 55 09 14 D2 9B 54 63 08 70 FF 55 19 59 D1 
[  182536] ch50 r0 a3: 4D 55 32 80 55 C8 B6 51 50 ED 0B 5F 99 AA 77 B5 95 AA 28 AA AA A9 55 55 4A AA AA AA AA A5 95 02 
[  182539] ch50 r0 a3: 8A 0A 91 E9 62 A6 14 C1 22 91 19 39 D1 25 34 43 E8 55 47 B1 2C A5 51 9A 89 34 72 53 2A B2 D7 25 
[  182655] ch50 r0 a3: 81 B1 02 58 46 A5 54 22 24 01 24 00 40 8C 8A 4C 20 A2 24 80 C2 92 80 48 26 09 22 84 A4 2A 4A 42 
[  182677] ch50 r0 a3: 00 00 88 24 01 00 05 00 02 09 42 3A B4 49 0D 52 8B 5D 15 51 6C 95 00 76 A3 59 00 5A B4 A9 CA A6 
[  182745] ch50 r0 a3: AF 55 25 52 D6 D7 4B D0 57 59 54 8B 05 54 AA 88 CA E5 48 52 56 5B 50 B6 D5 25 4A 92 B5 59 B5 5D 
[  182757] ch50 r0 a3: A9 49 29 46 2A 9A 80 CB D9 ED 2C 96 A5 26 45 54 CD 6A 99 4B 4A 92 A4 14 A6 B5 70 E6 28 60 D7 54 
[  182757] ch50 r0 a3: 0D 54 52 56 C9 68 D1 AE 95 52 96 D6 0F 42 D5 9D 2A C9 B5 56 88 A4 5A A9 56 A5 8A CB 59 28 14 9A 
[  182780] ch50 r0 a3: 11 CA 29 05 04 02 56 64 91 2A 08 88 4A AC 4A 08 43 20 41 AB 46 55 D7 2D AC C3 BA A6 C1 D8 A8 B6 
[  182865] ch50 r0 a3: 72 61 2A D4 A8 A1 5F 11 47 49 50 23 69 21 25 34 D6 42 58 B1 9B D5 5A CA 88 2D B8 54 45 94 B5 4E 
[  182939] ch50 r0 a3: 01 6C 81 2A B4 54 B3 58 9A AD 95 52 55 96 D9 52 F5 AA A4 E5 56 B6 AD D7 49 55 46 D4 2B 5B 13 E6 
[  182959] ch50 r0 a3: AA A2 A6 AC 9D D5 0B 5F 76 B6 D1 14 B6 8A 74 2A 5A EC 6A AD 48 DA AB 72 F2 EB B1 23 ED 75 42 A5 
[  183001] ch50 r0 a3: A2 07 26 94 A4 A5 57 47 DB 4A D3 A8 2A 54 C5 49 75 68 AA 8A 4A A9 69 7A 94 3A 96 AC AA 52 AB 75 
[  183065] ch50 r0 a3: 00 24 40 29 02 0A 02 8A 14 00 11 6B A4 AD 13 A2 AE A1 50 AC A8 E0 69 54 1B 31 11 52 DC 09 34 A8 
[  183113] ch50 r0 a3: 00 03 48 B1 B5 D4 B6 D9 53 5A 51 2E 91 7B 22 BE A5 D2 96 E1 B5 56 B4 4D 55 15 51 5F 55 95 88 A8 
[  183115] ch50 r0 a3: A2 48 38 89 2D 05 6E 8E 81 93 2A CA B4 AD 24 55 81 49 56 15 44 B9 9D AA D6 AD AD 5A 22 C9 75 55 
[  183138] ch50 r0 a3: 8D 53 69 4D D5 21 AC D6 81 3D 90 4B 69 45 F2 9D 6F 5D D6 A4 BA BB 35 96 D5 55 A7 56 F4 64 A5 C8 
[  183153] ch50 r0 a3: 8A 12 95 21 58 44 2B 55 05 95 55 04 22 D9 98 80 B7 29 15 2C DA 86 AA D4 56 B5 58 A8 0C 4A 04 5A 
[  183178] ch50 r0 a3: 2E A5 6E E2 11 B1 66 D0 F4 CA D0 A5 B5 55 BC 15 AA A9 05 D4 A2 D8 B6 AD F8 8A B1 19 96 57 34 AF 
[  183193] ch50 r0 a3: 5E 94 89 54 64 AA 9B AA 96 A9 44 50 66 A2 CA 5A DB 52 AA AA AA AA 44 D2 41 29 54 E4 D5 06 D0 D8 
[  183231] ch50 r0 a3: 49 2A 52 85 4A 64 D2 D6 95 69 22 89 BA 44 8A BC 9A 36 64 B7 4A AA AD B2 53 2A 80 28 97 F2 B2 DA 
[  183243] ch50 r0 a3: AD E4 B6 89 15 0B AB 54 C1 AA 55 23 65 B2 4E D4 55 4A AA 94 D5 0A B1 82 A6 28 5A A9 42 D0 AC EA 
[  183260] ch50 r0 a3: B1 50 CE AC 52 BD 49 55 2C 96 6E 81 55 4A 0A AA D0 5A B3 60 D4 A9 A8 0C 24 5A 56 52 35 93 59 24 
[  183326] ch50 r0 a3: 00 20 00 00 04 00 80 00 00 0A 03 89 D1 0D 45 3B 49 29 15 5B 45 A9 4A 54 C2 A6 44 AC 4B 11 02 92 
[  183338] ch50 r0 a3: 41 22 A5 45 29 7A DD D5 B9 2B 7F CA B5 E5 56 B2 09 DE A8 4B B5 54 55 0D 97 56 95 25 68 95 D5 5C 
[  183396] ch50 r0 a3: 00 54 02 24 42 00 00 00 C8 03 12 85 53 99 2C 8A 2A D4 20 BA 44 97 85 49 22 5A A3 97 24 B2 6A A5 
[  183407] ch50 r0 a3: D6 05 22 96 95 31 52 AD 6C 9A 54 B5 6B 02 BD 0D 46 C5 0D 44 D1 52 D4 2A 93 10 B3 A3 5B 5A 0A AA 
[  183415] ch50 r0 a3: 00 8A 49 BD CB AE 13 4A BA 82 BD B5 DB BF D5 77 AC FF AF BB 54 87 79 CE BA 3F BA 7A 5B 6D D1 D5 
[  183462] ch50 r0 a3: 9A A5 24 89 A8 A5 64 91 4A 55 35 D9 85 A5 4B 55 29 D2 AF 56 4E 8E A6 56 2A A2 A9 11 56 5F 7E AD 
[  183471] ch50 r0 a3: 44 8D 29 65 A9 51 0E 8D B5 68 12 30 21 2A 38 31 A9 53 EA 0B 96 54 48 55 AB 54 52 25 4A 20 56 C8 
[  183485] ch50 r0 a3: A3 00 51 15 45 6A 89 2B 8A A2 95 12 94 52 10 95 54 34 AA 56 55 54 69 2A 98 06 D1 29 29 5A 18 88 
[  183493] ch50 r0 a3: E8 53 D4 3D 12 C8 20 82 B0 A3 29 24 90 45 87 86 05 28 00 AD 28 58 C5 12 96 60 81 89 2D 02 22 FB 
[  183517] ch50 r0 a3: 00 00 00 00 00 00 00 00 00 00 14 48 88 A1 15 23 50 A2 85 40 00 29 20 49 00 01 4F 55 95 AB 2D 1F 
[  183537] ch50 r0 a3: 00 21 10 48 02 00 14 02 04 12 B3 4A A9 5B 28 D4 B5 2D 9E D5 55 BB 75 D5 FD 73 BD 29 6D B3 12 A6 
[  183547] ch50 r0 a3: 84 94 29 60 08 A2 A5 15 42 05 00 06 64 D1 02 B0 02 AA 21 11 22 52 12 83 28 42 08 22 48 8B 01 44 
[  183555] ch50 r0 a3: 42 A5 26 64 15 54 19 62 91 4C 55 59 21 55 6A AA F2 12 AC B6 AA 94 A5 4B A9 DC B9 40 64 AB 63 95 
[  183587] ch50 r0 a3: 00 42 42 90 44 8A 14 84 08 45 42 CD 56 65 25 6A 85 92 A5 4A B4 AD 55 4C 55 49 2A 8E A6 EE D2 DA 
[  183597] ch50 r0 a3: 15 69 42 6A 72 D2 9C A4 C1 15 48 11 45 C5 DE 36 34 03 8E 48 1A B4 B2 BF 60 B4 95 98 B5 0B 64 89 
[  183611] ch50 r0 a3: 2E B0 95 11 84 88 96 82 10 55 35 47 25 A8 52 8A 54 B5 20 AA A5 54 A7 1A 52 95 6C 92 34 B0 02 12 
[  183677] ch50 r0 a3: A2 94 A0 88 8A AA 85 31 21 92 49 12 07 0A 84 17 25 16 95 62 80 8A 82 A4 A9 48 40 55 55 45 9A 4A 
[  183681] ch50 r0 a3: C8 CA 49 12 AE B0 24 AD 10 6E 57 65 F9 B7 EB AC 7B 96 F7 FA 5D AE EB BD EC EB FB F6 9D FB D6 7A 
[  183795] ch50 r0 a3: 54 29 24 8C 92 D6 93 55 49 0C 53 10 10 A4 64 9A D5 0A 52 15 64 90 35 CD AA A5 05 C9 55 A2 A5 A9 
[  183813] ch50 r0 a3: 67 8B A9 CB 26 2A FA 57 D3 DC 0C AF A5 2B 4E 47 A9 82 85 03 74 9D 60 22 B3 BE 2E 57 BA 74 A2 62 
[  183825] ch50 r0 a3: 10 04 40 29 0A 8A 02 8A 94 03 61 2A AB 69 9A 4C 2F FB D9 FF 6F 7F 77 5E EF 4B DF BD DB 5D 7C EF 
[  183848] ch50 r0 a3: 94 AA 95 2A B3 DD 5D AB 16 35 CA A5 B7 4F 2E 6E DD 4A D2 BA 95 6A 9A D5 36 CD D5 5E 53 A2 AD D4 
[  183851] ch50 r0 a3: B4 AD 50 A5 4A 12 A4 A8 4A 30 33 6A A3 49 52 00 92 2B 20 54 4A 44 20 EA 10 9D 0A A1 B4 92 94 A5 
[  183863] ch50 r0 a3: 4A 5E 25 9D 54 B4 D6 74 A8 A2 AA 5B 01 AA A6 95 04 56 C9 2B 0A A6 8E 94 A0 93 22 54 4B 58 85 59 
[  183870] ch50 r0 a3: 91 5E F5 B6 AA BD 92 5A A5 D9 E8 C2 DA 99 34 ED 4D B1 AD 4C D4 A5 22 14 44 E5 CD 2B 52 75 3A EB 
[  183882] ch50 r0 a3: 00 0A 00 80 00 24 52 A5 45 4E C5 4F AD 5D AF E7 B4 DB DA 3F 7B 2F B5 B3 EE CC FB 54 A6 AE 52 95 
[  183918] ch50 r0 a3: 2F 46 1B 37 AA AA BA AD EE AD 5D 6B 56 B7 56 94 5B 52 77 2C 4A 35 D4 F6 9A AF 75 4F FF 69 D9 F7 
[  183944] ch50 r0 a3: 95 0B 54 48 AF 15 1D 55 67 75 7B 4D 56 75 DD 56 CB 54 96 BD 56 5A D5 7E BC A6 F4 B7 29 E6 57 06 
[  183947] ch50 r0 a3: B1 92 95 6A 2D 51 19 64 52 91 85 C4 49 40 BD 55 5A 5A ED 4A D0 DC B3 39 B5 B2 74 95 4A B4 65 36 
[  184026] ch50 r0 a3: 0A 11 05 14 A8 04 A9 4A AA 2A AC CF 0D B5 D4 95 77 47 5A 8B ED E9 5D 0A 92 A7 5E AA AD A9 9A 89 
[  184047] ch50 r0 a3: 22 94 22 0D 50 D4 AA E2 C6 85 55 20 5A DA 88 92 A2 25 50 A4 A0 44 A8 D2 91 D2 9A A0 88 89 24 C2 
[  184048] ch50 r0 a3: 8A 0A 27 2A 5A 14 82 85 15 30 80 9A 25 01 05 0A 44 85 2A 10 12 A5 4A 92 3E 8A A9 41 01 40 40 AC 
[  184050] ch50 r0 a3: 34 AA 59 28 94 8B F1 24 A8 AA 20 00 01 29 12 2A BA 95 05 57 AB 55 5F 54 5A A9 FE A1 4A 6D 53 56 
[  184059] ch50 r0 a3: 6C B9 C8 95 21 A5 5E A2 B1 AE 81 29 68 4B 11 1D 10 D9 10 91 4B 57 55 A2 57 A4 35 C9 28 00 AA 55 
[  184060] ch50 r0 a3: DD 68 D8 7D 0E E5 C8 A5 26 4A 64 0A 58 BA CA 32 D3 4C 52 AA AA 45 46 59 60 08 C6 E0 DA 28 12 20 
[  184087] ch50 r0 a3: 54 59 42 30 15 55 21 39 53 3D EE D9 15 6A B6 F3 3B 59 35 9B 16 CD AB 8D 2B FD 4E 7B B6 F8 AB 40 
[  184097] ch50 r0 a3: 15 11 48 22 45 0A 41 04 12 AA B7 BB 4B EB EA 0C AD 7B 75 73 CD D3 B5 5A EF 97 6D EB BF ED 4F 7B 
[  184107] ch50 r0 a3: 44 84 84 81 0A 90 4A 00 2A AB 45 6E F2 AD 8B 4A 6A B2 DA B7 27 75 6D 8B 4A 17 5B 4C 6A B5 AA 53 
[  184122] ch50 r0 a3: 15 14 A3 55 1E 4C 74 42 ED 52 9A 72 92 B9 2A A3 1A 29 55 AA 4A B5 76 4F 4A A2 35 A4 93 00 6A A1 
[  184157] ch50 r0 a3: 00 4A 22 90 44 82 14 80 08 25 65 D2 DD D3 14 85 AA E4 C5 45 56 A9 11 50 BA 97 66 B6 B1 4D 55 45 
[  184187] ch50 r0 a3: 00 84 41 20 08 00 28 08 10 4A E9 24 89 4D 55 D5 8A 25 0A B4 28 5E B2 75 56 4E 96 A7 A5 60 4B 4A 
[  184187] ch50 r0 a3: 44 95 4A 43 68 0A 80 20 E1 AA 54 49 AB 45 54 54 1A 12 52 10 48 34 51 0A AC 44 A8 4A 88 48 A5 5A 
[  184202] ch50 r0 a3: 89 98 55 50 22 35 AE 92 FA B3 6A 67 1F 69 4D 2D E7 6F 6E AF 4F 56 CA 5A EB 6F 54 C6 A9 51 7B 79 
[  184247] ch50 r0 a3: 00 00 00 00 00 00 00 00 00 00 03 A1 55 94 4A A3 32 8B 51 28 8F FD CE EF 75 B4 6A A4 58 CA 14 D2 
[  184263] ch50 r0 a3: 81 4B 24 D2 8A 74 93 23 65 11 BA AD 45 6D EB 69 85 B1 55 BE EE 6A 55 9C A9 AD 99 32 83 65 70 48 
[  184285] ch50 r0 a3: 49 54 14 AA 52 32 8A 90 54 80 11 0A 82 11 45 54 AA 64 16 9A 51 55 42 42 39 28 84 92 A4 42 04 12 
[  184287] ch50 r0 a3: 00 A8 8A 41 12 28 6A 08 20 95 C5 7A 26 64 AD A9 37 EA AA D5 8B 9B 4A B5 B4 AC DC D5 B2 E9 69 4D 
[  184290] ch50 r0 a3: A9 2B 91 2A 55 36 40 8E 94 C9 28 56 64 94 91 16 9B 56 86 8A A8 94 C0 89 33 21 6B 62 84 87 DA 41 
[  184306] ch50 r0 a3: 84 00 02 52 50 02 AC 1E 44 58 AB ED B6 AB 57 9F 7D 24 D2 C5 95 AF 54 7E AD 57 74 DD 6D DC F9 6D 
[  184330] ch50 r0 a3: A1 34 E9 55 6E 66 AC AD 2A F6 DB 55 EA 53 26 52 C2 E3 24 B5 4A 8A 8B AB 49 A5 51 91 91 14 1A AA 
[  184347] ch50 r0 a3: 00 A8 8A 41 12 28 52 08 20 95 3B F4 A8 AD 17 55 4A AA A3 5A 49 49 6C CA B5 6A 6D AB 52 AB 4A A5 
[  184352] ch50 r0 a3: D4 A6 7A 94 52 66 4C 88 A9 93 90 46 84 4B 45 32 9B 0D 4D 14 A2 51 6A 85 91 4B 34 A5 67 2A 25 CA 
[  184352] ch50 r0 a3: CA 46 34 0A D5 16 85 28 94 35 40 6A 51 A9 90 10 52 C4 52 10 95 08 28 10 45 52 8A A9 15 1A 91 94 
[  184427] ch50 r0 a3: 02 A2 29 04 48 A1 48 20 82 57 64 32 31 16 5C F6 0D E5 07 79 64 81 13 16 30 96 48 10 52 73 BF FE 
[  184446] ch50 r0 a3: 29 7A 42 A1 A1 29 42 40 2E 56 AB 9D B0 64 AA 65 57 D5 5A B5 54 EA 95 4A B6 D5 26 B5 D6 A5 4D D0 
[  184537] ch50 r0 a3: 01 51 14 42 24 50 A4 10 41 2B 54 59 C9 15 10 BD 51 4C DB 55 49 1D 15 2E 54 8C 05 53 A2 BA 2A 2B 
[  184546] ch50 r0 a3: 01 80 41 20 00 00 00 04 48 14 16 5C AD 75 29 2E 05 C6 DD 48 B6 A5 51 AA 2A 52 68 1A F4 55 51 AA 
[  184563] ch50 r0 a3: AA 0A BA 58 49 A9 2A A1 8D 53 4A BE 2C D5 A4 58 BA CD 55 45 2A A2 A4 AA 54 AD 2B 5A D6 0A 55 26 
[  184570] ch50 r0 a3: C4 D3 74 12 84 92 2B 57 A5 2E B9 8B D3 80 CC 4B 2A C7 DD 6A B5 49 65 0A D2 AD A9 4B 61 D2 2C 0C 
[  184575] ch50 r0 a3: 08 44 91 54 AA 91 28 A3 42 33 52 48 86 DA FB AD 6B 5A BE 76 BE AF AA A7 95 5A EE FB 6E 75 F5 5C 
[  184590] ch50 r0 a3: D4 6B 14 9A 64 5A A9 9A 94 E2 A4 09 51 44 52 54 41 04 03 A9 52 20 E6 92 8B 16 23 12 02 90 29 C3 
[  184592] ch50 r0 a3: 45 54 16 94 8A A9 57 5A 92 6A 02 BA 8A 34 B5 AE 94 64 8B A7 16 CD 45 75 AD 15 51 8A D1 0C B5 A2 
[  184607] ch50 r0 a3: 00 4A 20 90 04 8A 14 82 08 25 55 C7 2D 52 AA 28 24 9B 04 AA 32 B1 98 94 A1 51 55 23 09 12 54 4D 
[  184610] ch50 r0 a3: B1 45 A5 12 C8 30 D4 EA AA 68 CD ED 6A 30 AE AA D4 54 DA A9 23 55 D6 95 4C 86 E5 55 74 8A AA C5 
[  184685] ch50 r0 a3: 20 82 94 92 A4 08 47 55 4A 0C 20 62 A8 2C 14 12 22 62 C2 AA D1 50 02 87 24 AB 22 25 12 89 25 48 
[  184701] ch50 r0 a3: 02 C6 54 1D 8C D2 AD 30 2B 5A 53 6A A2 AB 6B AD 2A B2 9A 95 7A D4 D3 56 A1 12 93 54 F4 2A 54 B4 
[  184704] ch50 r0 a3: B4 AA 54 CB 54 AB 0C A1 42 56 52 96 89 2C 82 2A 12 A9 9A AA 25 4A B0 45 4A AA 55 50 D2 6A 1A BE 
[  184746] ch50 r0 a3: 92 A1 52 45 52 98 D5 22 A2 CB 55 2A AA B5 55 55 56 6D 4D 4D 10 5A B1 F6 E8 AD 7A 9A CA 84 97 5C 
[  184762] ch50 r0 a3: 52 D3 42 21 18 E9 33 4A 30 14 88 2C 4A D6 AD DD 3A CE 44 C6 D5 4A 6B A5 5D 52 36 9D BA A6 95 96 
[  184766] ch50 r0 a3: AA 41 4C 6C 35 53 B0 99 0D 68 52 AB 62 95 64 90 B2 12 85 12 95 18 22 71 9C 8D 10 AA 96 95 24 49 
[  184775] ch50 r0 a3: 09 19 52 55 5A A2 98 0A 50 10 52 21 94 A1 95 11 65 4D 21 6A A9 7A B0 9A 75 14 AC 2A DA 55 02 A9 
[  184784] ch50 r0 a3: 61 A2 C9 2D 54 A9 45 55 49 2F 50 30 21 6A AA D2 E4 B4 6A AD 6D DD 6A 96 88 4A 4D 20 DA 4B 34 8A 
[  184792] ch50 r0 a3: 0A AA D1 C0 92 69 A2 55 60 8A A3 2A 30 24 B4 94 53 56 5D 52 15 19 5A D4 AA 6B 8C A9 5B 10 C9 AF 
[  184801] ch50 r0 a3: 5F AA 4D 48 C1 A9 28 AD 67 6A 25 4B 2D B4 A9 AB 5A 55 E5 DC D6 AA 34 DC B3 D5 91 1E 5F 4A 62 AD 
[  184816] ch50 r0 a3: 00 00 40 00 00 01 04 50 01 29 68 A2 F5 26 24 B1 1A 9F 8C 90 A1 52 95 2A 92 25 43 25 4A 98 94 55 
[  184826] ch50 r0 a3: A8 D4 EA D6 5D 71 4A DC A5 A9 55 5A A9 46 AA AB BB 2F 2A B5 EA 94 BB 34 AB B6 92 B6 AB A6 B1 6A 
[  184861] ch50 r0 a3: B1 2A A5 2D A5 91 8F 6C D5 28 B4 52 A2 B8 BC 85 E8 DC D2 70 15 C2 DC A8 95 55 52 9C AA B5 52 AE 
[  184925] ch50 r0 a3: AA 85 22 DA B5 95 92 95 4B 97 15 5A A4 72 B5 36 36 B5 98 33 19 4D 69 45 95 7B 15 9E 51 73 5F 4C 
[  184973] ch50 r0 a3: 14 B0 84 98 89 53 23 4A 16 94 15 50 95 48 50 A1 25 0A D4 11 11 2D 00 52 AC 2A 40 12 A0 12 A5 0B 
[  185025] ch50 r0 a3: 82 02 00 44 29 10 81 14 A8 A2 AA 90 35 96 9A 09 51 FF 66 85 65 9D B5 3A B7 D7 D8 D4 BF 7F B6 B5 
[  185027] ch50 r0 a3: 97 55 51 15 5D ED 4B 24 55 55 4D 92 AD 24 1A A9 4A A9 36 14 D4 91 2B CA 96 A2 B5 45 0A AC E4 9B 
[  185033] ch50 r0 a3: B4 AA AD AE AC C8 BA B2 F7 DD 7A 92 0D 4D 2A 82 61 10 80 85 DA EF FF A4 5A ED AA F5 8E D6 57 3B 
[  185206] ch50 r0 a3: E6 A9 5C 95 1C 94 24 81 52 48 36 CA A8 D2 24 A9 52 05 4A 25 24 35 B4 51 54 2A 22 68 2B 4A 16 6A 
[  185233] ch50 r0 a3: 2A 07 21 22 1A 6C 12 10 8F 41 E9 64 62 75 22 41 99 8A 8F 99 28 81 5E 09 AE 14 2D 40 86 3A 22 16 
[  185264] ch50 r0 a3: 4A 95 2D 43 55 EA 94 44 D6 50 0A 55 B2 AA B2 5A 68 49 49 AB 89 A2 CA A1 EA 22 14 25 0A C5 41 5E 
[  185341] ch50 r0 a3: A9 96 9D 6B 21 CB D5 E9 DA BD DE BD 34 FB E7 6F D4 9D 5B 5E 6F AF BB F5 6A FD 4B 6A FE B6 2B 16 
[  185345] ch50 r0 a3: 00 00 00 00 00 00 20 00 00 02 92 89 4C 46 9D 4A 41 42 4A 24 21 05 1A A4 10 C0 CC 94 36 41 20 02 
[  185358] ch50 r0 a3: 2A 84 B5 20 49 1A 28 95 4A 23 45 54 85 55 4B 04 8A AD D5 0C ED 6D BA 52 8F 68 44 62 97 5E B6 75 
[  185397] ch50 r0 a3: 00 2A 22 90 44 8A 14 82 08 25 56 B6 93 BE 95 90 2A 92 99 12 06 54 11 C5 24 16 80 B3 49 2A A2 5E 
[  185426] ch50 r0 a3: 75 25 55 4A EA DC 05 9D AD 22 B6 D6 55 4C AA 6D 25 03 4B 52 A2 68 55 68 42 A7 A4 52 D3 DD 54 D2 
[  185427] ch50 r0 a3: 00 29 22 90 44 8A 14 82 08 25 66 AA AE B4 49 B4 49 54 5D 56 AB 52 AA 99 A2 A8 05 2A A3 92 54 5B 
[  185485] ch50 r0 a3: A8 4A 04 6E A5 50 8A 25 94 B5 A6 06 B4 2A 45 22 99 31 04 6A A9 21 28 50 0B 6A 46 A1 00 82 00 00 
[  185507] ch50 r0 a3: 9A AA 28 67 25 10 8E 91 4A 42 03 54 58 A2 AD 34 8D 00 43 20 50 54 A4 12 02 1A 26 A2 8A 8A 02 52 
[  185517] ch50 r0 a3: 85 84 80 4A 20 28 08 51 32 C5 08 58 20 BE 84 6E 75 07 48 44 83 11 54 6B 16 60 33 F4 17 34 02 98 
[  185520] ch50 r0 a3: 54 55 4A 96 54 2B 3A BA 15 6A 9D 15 47 DB 4A CA 95 57 B5 57 2D 69 AC 6B EE B5 5A A9 49 DA 55 33 
[  185530] ch50 r0 a3: 25 6B A6 C4 C4 0D 94 3A B8 A2 95 49 28 3A 98 56 53 54 0A D2 7A AD FD 65 55 BB 50 AD C4 49 51 64 
[  185550] ch50 r0 a3: 6C 45 5B AA B7 59 AB 75 16 2A 59 27 6B 84 95 94 5A D6 9A 80 4A 32 A6 75 24 AF 76 3A 50 D1 6A EA 
[  185563] ch50 r0 a3: 69 57 40 84 35 4A 9A 51 50 B5 F8 F5 92 0A 13 31 75 A5 66 A5 26 A5 55 92 85 C2 A0 AD 7C 49 25 62 
[  185580] ch50 r0 a3: 04 92 22 09 29 41 28 B4 34 89 6B 56 6E C5 48 A5 E9 83 94 21 08 85 C1 26 00 CB 0D 34 65 52 B4 68 
[  185616] ch50 r0 a3: A7 29 0A 08 8F 60 D4 49 20 04 85 CA C1 9A 48 B4 05 55 42 37 1F C9 7C B2 2A BB E7 FD 55 DB 35 AD 
[  185623] ch50 r0 a3: A0 24 4D 43 0B 52 16 55 28 A8 95 56 A2 C9 D0 B7 AD 8A C4 BC BB 12 8B 2A AA 25 25 E8 C9 48 15 94 
[  185644] ch50 r0 a3: 11 30 42 2A 4C 4D A0 56 D0 85 C7 E0 AE 2C 90 00 42 AA 40 89 2A 2A 42 A7 15 10 0D B1 48 13 35 B7 
[  185699] ch50 r0 a3: 90 4C EA 11 4A 52 13 1E C3 2C 86 A5 EE 90 12 9A 20 45 E1 51 74 20 14 21 40 07 50 B3 CB 52 64 93 
[  185733] ch50 r0 a3: A9 B9 4D 85 79 02 BD 56 57 34 B4 B5 35 A3 44 8B 85 57 73 16 14 8B 7A 94 A7 53 2A DB 55 7E EC A9 
[  185775] ch50 r0 a3: 81 12 84 15 50 AA 05 82 A6 60 A8 AC 90 AB 01 0A 22 A5 04 08 15 05 25 4A 29 0A 54 45 84 A9 05 A2 
[  185778] ch50 r0 a3: 6A AA 4A 90 81 12 6B 52 2B 6A 90 55 49 D5 5A AA 9E A7 54 54 5A 5E B6 95 34 96 93 54 A3 95 95 0B 
[  185825] ch50 r0 a3: 50 91 8E AA 44 52 52 5C 83 04 11 00 13 22 16 A9 DF BF B5 4F BF DF D5 B6 53 5D D6 A4 D5 4D 5A AE 
[  185907] ch50 r0 a3: 21 B4 AB 76 AE 86 AB 49 55 2D 5A AB B2 B0 AA AA AF 72 5B 4A 96 AE 92 92 D7 56 6A B5 24 DC 2F 3B 
[  185959] ch50 r0 a3: 6A 16 2A 18 6F 2E 54 2A 6E 55 95 12 FA 43 04 85 62 11 26 2C 00 72 93 55 2B C5 48 0B 4A 23 0C 8A 
[  185994] ch50 r0 a3: 94 52 A8 10 0A A0 08 86 55 54 A9 09 28 93 08 4A 92 90 96 A0 83 72 45 1A 88 9A 02 A0 31 A2 90 91 
[  186015] ch50 r0 a3: A2 A9 20 49 05 AA A5 86 D1 49 55 A9 74 9C 95 42 81 29 6D 64 B4 94 D4 A4 BB B2 90 09 27 38 93 53 
[  186021] ch50 r0 a3: 56 10 24 14 8B 51 05 44 50 54 11 69 15 42 DA 04 64 92 A4 54 8B 2D 92 89 34 8B 40 80 A2 05 A9 0A 
[  186053] ch50 r0 a3: 12 34 BA 2C 5B 64 59 52 5E 22 91 3C 2C 0F 54 F4 90 D0 99 2A 8A A4 89 27 96 A1 4A 57 A4 88 90 21 
[  186092] ch50 r0 a3: 42 2A 90 DA 48 4A A5 14 48 C1 59 1A 52 A5 54 34 C2 A2 46 08 A1 5A 49 2B 69 49 32 AA 96 AA 54 25 
[  186102] ch50 r0 a3: B0 AE 56 DA A9 65 25 93 7D 54 AD EA AC 95 5C B7 6A 9A 6A 76 52 AE AF 56 99 5D 51 5E B6 D6 AA 94 
[  186109] ch50 r0 a3: D7 D1 41 22 1D 95 6A 20 56 A5 5A 0A AD 48 56 A2 54 90 88 05 11 44 28 9A 85 01 53 41 92 12 16 92 
[  186146] ch50 r0 a3: 53 B2 45 5A 59 0A A2 8E 4A 95 49 3A 80 A5 15 5A 4C 55 4A E4 CF A5 69 8E A9 B3 55 75 9F 2A AD 4D 
[  186188] ch50 r0 a3: 45 2A 47 AD 60 CB 14 05 7A 55 72 B4 65 2E A6 95 A9 02 D5 42 A9 52 AA 29 D4 E9 A8 66 69 55 CE 86 
[  186258] ch50 r0 a3: 0A A2 14 D5 08 A5 93 B6 2A 9B 33 2D 96 65 55 EA 91 25 49 AA A2 AE 57 50 88 FA AB 6A 8A 46 69 50 
[  186382] ch50 r0 a3: E9 6D 67 2C AE 6E AD A0 B5 57 55 96 9A 6A 6C AA A9 6B 35 52 42 8B AF BB AD 4E EA A5 69 B7 B8 96 
[  186422] ch50 r0 a3: 57 05 64 C5 12 41 22 8B 63 5A 52 54 12 85 25 48 95 14 A1 0A 41 54 55 A0 B5 AA 6D 02 85 49 2A C3 
[  186462] ch50 r0 a3: 52 4A A2 26 4D 5F FF FF FF EF FE B8 D3 53 35 49 1D 04 92 40 85 24 A2 A9 DA 5B 2F DB 6A B2 B5 6D 
[  186489] ch50 r0 a3: 1C 52 6B 12 E6 5E D5 6B 6D 6D 4C 6D 9D 39 6A A4 A8 74 9B 5C 96 55 52 C5 BB 4A AA A6 55 4B 58 A9 
[  186537] ch50 r0 a3: 09 54 4A AA 8A 35 2B 40 90 B5 75 41 55 31 04 CA AC 55 06 12 B5 38 E3 AA EA 89 56 98 CA A3 91 C3 
