------------------------------
# SCAN ON
Скан: зажимайте/нажимайте кнопку пульта рядом с модулем...
Канал (частота): активность [фон]
ch   0 (2400 МГц):    4 [0] #
ch   1 (2401 МГц):   11 [1] ###
ch   2 (2402 МГц):   28 [4] ########
ch   3 (2403 МГц):   16 [3] ####
ch   4 (2404 МГц):   22 [0] #######
ch   5 (2405 МГц):   17 [0] #####
ch   6 (2406 МГц):   13 [0] ####
ch   7 (2407 МГц):   11 [0] ###
ch   8 (2408 МГц):    4 [0] #
ch  12 (2412 МГц):   33 [2] ##########
ch  23 (2423 МГц):   38 [34] #
ch  26 (2426 МГц):   48 [43] #
ch  27 (2427 МГц):   45 [40] #
ch  28 (2428 МГц):   42 [38] #
ch  38 (2438 МГц):    5 [0] #
ch  39 (2439 МГц):    7 [0] ##
ch  40 (2440 МГц):    5 [1] #
ch  42 (2442 МГц):    7 [0] ##
ch  47 (2447 МГц):   12 [0] ####
ch  49 (2449 МГц):   13 [0] ####
ch  50 (2450 МГц):   16 [0] #####
ch  51 (2451 МГц):   19 [0] ######
ch  52 (2452 МГц):   22 [0] #######
ch  53 (2453 МГц):    7 [0] ##
ch  54 (2454 МГц):    4 [0] #
ch  55 (2455 МГц):    4 [0] #
ch  61 (2461 МГц):    5 [0] #
ch  71 (2471 МГц):    4 [0] #
ch  76 (2476 МГц):    5 [0] #

Команды: b (фон), s (скан с нажатиями), c N (канал), r N (0=1M,1=2M,2=250k),
a N (адрес 0..3), f (фильтр), x (XN297 декод вкл/выкл), p (сниффинг старт/стоп), # метка, ? справка
Сейчас: канал 2, скорость 0, адрес 0, фильтр выкл, XN297 выкл, сниффинг выкл

Команды: b (фон), s (скан с нажатиями), c N (канал), r N (0=1M,1=2M,2=250k),
a N (адрес 0..3), f (фильтр), x (XN297 декод вкл/выкл), p (сниффинг старт/стоп), # метка, ? справка
Сейчас: канал 2, скорость 0, адрес 3, фильтр выкл, XN297 выкл, сниффинг выкл

Команды: b (фон), s (скан с нажатиями), c N (канал), r N (0=1M,1=2M,2=250k),
a N (адрес 0..3), f (фильтр), x (XN297 декод вкл/выкл), p (сниффинг старт/стоп), # метка, ? справка
Сейчас: канал 2, скорость 0, адрес 3, фильтр выкл, XN297 выкл, сниффинг вкл
[   81603] ch2 r0 a3: 29 ED 5A AA A9 01 55 55 55 55 57 57 7F F7 5F FF FF FF FF FF FF FF FF FF FF FF FE FF FF 5D 2A A9 
[   81609] ch2 r0 a3: 14 11 14 14 B9 65 60 54 31 44 84 28 6A 48 B4 55 2D 32 01 59 54 D7 15 04 B2 A0 92 48 80 94 C2 94 
[   81638] ch2 r0 a3: 44 AA 55 41 2B 20 48 08 94 09 14 D2 22 94 A9 49 4D 22 04 57 5F 6D 76 A6 AB 57 AA 69 B2 57 D5 EA 
[   81643] ch2 r0 a3: 90 29 09 14 54 A1 21 48 50 49 90 00 01 AD F6 45 D7 C4 3D 84 03 2B 41 7A AD D9 CC A8 50 AF 3A 7F 
[   81663] ch2 r0 a3: 0A 59 AF CA DB B7 A9 6A BB 3A AA 48 33 56 51 5A A3 BA 65 B1 6C DA EC DA D4 BC D5 54 AA AA B2 AA 
[   81668] ch2 r0 a3: 00 00 00 00 00 00 00 00 00 00 00 01 3F BE AA AA AC 05 55 55 55 55 55 55 7F FF FF FF FF F7 FF FF 
[   81676] ch2 r0 a3: 1D D2 FA EF F7 FB 9F DF 3B 7A B5 BD 6B FD 77 DF EF D7 FE 76 FF BD 39 FF DF DF DE F9 5D 55 75 D7 
[   81681] ch2 r0 a3: 14 17 95 55 54 80 AA AA AA AA AA AA FE EF EF FF FF FF FF FF FF FF FF FF FF FF FF 7F EF BA AA AA 
[   81682] ch2 r0 a3: AA AA AA AA AF BF FF FF FF FF FF FF FF FF FF FF FF FF FF FF FF FF FF FF FF FF FF FF FF FF FF FF 
[   81738] ch2 r0 a3: B5 EA 54 D3 2A 50 2A E5 D4 91 46 4A 44 99 C9 A8 A5 4D 0A AB 94 27 53 60 0A D6 AC 5C AB 55 55 A5 
[   81807] ch2 r0 a3: 25 95 43 BA BA 60 32 54 2D 52 2D 5A 83 2A A1 A8 25 29 20 AD 30 10 10 A2 0A DB 54 5A 5C 0C 44 84 
[   81821] ch2 r0 a3: 00 44 8A 05 57 B2 B5 34 92 0B 56 AA 64 94 5A DC 92 1D 31 3C 65 41 58 55 4A 32 22 87 D2 41 24 56 
[   81831] ch2 r0 a3: 82 2A B4 CA A5 8B 4D 31 61 A9 A5 56 4A D5 2B 6C D3 E7 55 2C 95 3D BA 55 49 6C 4A BA 9B AA 65 3D 
[   81837] ch2 r0 a3: 24 10 55 4D 4A 28 2B 64 84 8A B2 42 A9 55 0A 7B 46 95 86 86 D1 2A 93 66 A9 30 B4 47 B1 29 29 59 

Команды: b (фон), s (скан с нажатиями), c N (канал), r N (0=1M,1=2M,2=250k),
a N (адрес 0..3), f (фильтр), x (XN297 декод вкл/выкл), p (сниффинг старт/стоп), # метка, ? справка
Сейчас: канал 2, скорость 0, адрес 3, фильтр выкл, XN297 выкл, сниффинг выкл

Команды: b (фон), s (скан с нажатиями), c N (канал), r N (0=1M,1=2M,2=250k),
a N (адрес 0..3), f (фильтр), x (XN297 декод вкл/выкл), p (сниффинг старт/стоп), # метка, ? справка
Сейчас: канал 2, скорость 0, адрес 3, фильтр выкл, XN297 выкл, сниффинг выкл

Команды: b (фон), s (скан с нажатиями), c N (канал), r N (0=1M,1=2M,2=250k),
a N (адрес 0..3), f (фильтр), x (XN297 декод вкл/выкл), p (сниффинг старт/стоп), # метка, ? справка
Сейчас: канал 48, скорость 0, адрес 3, фильтр выкл, XN297 выкл, сниффинг выкл
------------------------------
# ON r0 c48

Команды: b (фон), s (скан с нажатиями), c N (канал), r N (0=1M,1=2M,2=250k),
a N (адрес 0..3), f (фильтр), x (XN297 декод вкл/выкл), p (сниффинг старт/стоп), # метка, ? справка
Сейчас: канал 48, скорость 0, адрес 3, фильтр выкл, XN297 выкл, сниффинг вкл
[   83222] ch48 r0 a3: 89 AA 43 D4 55 15 A9 54 64 D5 D5 8B AA 95 76 DD 69 76 AD BA B5 95 6A AD DA B4 A9 54 D7 7D A9 4A 
[   83293] ch48 r0 a3: A4 55 30 82 00 B0 00 82 02 09 A5 52 81 04 E0 06 11 2C 0A 61 59 10 43 04 81 55 32 4A 4D 41 DC 9A 
[   83293] ch48 r0 a3: A5 4A B4 21 50 14 8A A4 0A BD 5D 6B 5D EE 47 6F 57 35 2B 54 AB 55 BB AF A5 54 D4 8D 4A D1 2D 0A 
[   83361] ch48 r0 a3: 4D AD 71 AA 20 6A A1 04 1A 91 26 14 40 53 A5 00 45 AA 1A FB 6E B6 AA BE B9 5D 7A 4B DE 52 5D 53 
[   83501] ch48 r0 a3: 20 50 89 08 21 00 52 54 08 84 B4 34 89 93 25 62 11 28 41 00 92 41 1D 58 09 40 94 0C 94 21 81 24 
[   83582] ch48 r0 a3: E2 6B DC 9D 60 75 CA AF 02 8B C0 1C 51 C7 35 79 2D 76 FA FB AB DF 7A D5 FA D5 DD D7 B5 58 76 80 
[   83665] ch48 r0 a3: D1 80 AA 28 10 0A 89 40 22 D2 A0 20 90 CA 82 51 05 55 5C 4E AD 53 57 B4 B5 5D D7 3B A7 54 AB 6A 
[   83727] ch48 r0 a3: DA 44 96 99 28 CE C0 C6 91 51 06 2A AC D2 EB 4B 52 D6 F5 6E AA 92 FB 6D F5 BA B6 AE BC AD AB 6A 
[   83767] ch48 r0 a3: D3 34 72 48 8A 48 C8 98 6A 48 D7 20 D0 88 AC D0 96 D5 52 1C C4 ED 35 AA AE A9 54 CA 6D 12 9A 65 
[   83802] ch48 r0 a3: 26 E0 6A 98 00 5A 2A 20 04 90 02 A0 A6 2A 08 05 11 48 AA 22 00 2A 91 0A 2A 84 A9 91 43 A2 40 28 
[   83831] ch48 r0 a3: AC AB 55 29 55 54 88 89 2A 8D 65 B5 67 29 29 29 A9 4C 6A B5 D5 4A AA 4E 95 69 52 95 24 A9 24 A7 
[   83878] ch48 r0 a3: 4A 88 80 91 A0 0A 49 F4 C3 45 A6 25 68 94 A2 75 AD 24 AD 28 AA 55 D7 D5 67 DB F6 6D A2 52 BE 6D 
[   83935] ch48 r0 a3: 4D 4A FD 14 35 54 94 AD C2 89 09 5A 55 08 AA AA 52 4A 55 54 D9 50 AA D5 29 49 42 95 66 AB 91 45 
[   83945] ch48 r0 a3: 20 0A 29 28 90 22 A4 42 4A 83 50 40 81 10 AA D4 4A 15 52 55 AB 56 51 94 AA B5 59 75 76 AA 9A 8B 
[   83958] ch48 r0 a3: A8 94 A8 32 AD 52 20 DB 45 51 65 29 5C 4D 89 A2 A9 10 92 0C 92 12 4C CD 85 9E C9 49 08 48 65 22 
[   84002] ch48 r0 a3: 8A B6 AA 14 8D 8D F5 DD 5F FA D2 5B D5 5B AC 95 5A 9C ED B5 DB 5D AA 97 B2 AA 6A 54 ED 52 6E 91 
[   84020] ch48 r0 a3: 2A 44 80 C4 08 51 40 13 1C 00 30 50 B9 7D 53 FE AA 57 6D A1 5A B7 AD ED F7 FB B7 DF ED AF CF F7 
[   84021] ch48 r0 a3: 00 00 40 21 02 50 93 08 AA E9 D5 5A CA AB 69 15 50 49 65 51 A5 8A 8D 5C 97 2F A9 B5 5A A5 AA 5B 
[   84054] ch48 r0 a3: 40 A5 5A 3F ED 7D FE EB EF BF FF F6 FE DB FF ED FB FF FF FF FF DF EF FF EF 7D EF FE FF FD EF FD 
[   84077] ch48 r0 a3: D4 AB 4C 99 52 CD 2A 28 14 92 90 94 A6 22 90 A6 49 0A 24 40 21 64 09 58 35 44 A1 10 25 AC 8B 49 
[   84084] ch48 r0 a3: 54 D1 29 35 62 89 35 9A D2 51 10 A4 92 CA B4 D5 AC C8 49 52 33 16 16 45 29 08 49 41 EA AA 2A 92 
[   84189] ch48 r0 a3: A2 DC 2A B4 0A F1 EF DE BD 5E D5 D5 77 DB BB AA B7 AE D6 BA B7 FA 0B 1C 8E 01 C4 24 D8 25 05 5F 
[   84198] ch48 r0 a3: D1 9E D0 A8 57 96 84 5F 76 74 52 50 62 51 31 64 DC 7D 28 DC 70 CF 69 B0 EC D5 96 48 00 00 5A A4 
[   84281] ch48 r0 a3: 4A 45 14 83 59 5B 2A 6A F1 22 A5 24 54 69 EE E2 2B B1 32 D9 A9 EB 7E 95 B6 6F DA FA AB A5 D6 D7 
[   84308] ch48 r0 a3: 55 6D CB B4 58 2A 94 B1 44 03 68 01 2B 42 28 B1 4B 21 4A 92 28 A2 41 16 64 CA AA 2A AA A4 16 D2 
[   84321] ch48 r0 a3: C4 05 01 10 41 25 54 AA 32 03 22 17 65 02 48 50 56 25 03 95 B2 12 5B 48 56 05 2B 28 4A 50 94 81 
[   84356] ch48 r0 a3: 74 03 12 2A A1 11 00 41 59 2D 6A 97 B5 29 54 DB 55 7B 51 AA AC 7F D7 35 2B 6A 5E 6D 56 CA DD 5A 
[   84418] ch48 r0 a3: BD 58 4A 50 8C 14 93 EE CE 8A 47 99 50 C2 5E A8 2D 72 38 0B 10 C2 40 94 95 7F 0C 60 D7 8D F0 45 
[   84444] ch48 r0 a3: A9 86 A3 24 A8 85 62 95 A6 E4 DA AE 84 AA A9 F6 BA AA AA AA A5 55 A9 BB 65 BA DD FD 7E DE EB EB 
[   84448] ch48 r0 a3: 15 69 E9 56 D9 56 A7 25 4D A5 51 1A 65 1D 51 AF 45 68 5A AC AA 65 57 65 52 62 95 A5 54 D9 44 B4 
[   84467] ch48 r0 a3: B4 D0 55 15 4A E4 B2 82 0C 36 2A 6B 51 04 A1 AB 92 A6 51 51 5B 45 54 76 BB BC 54 8A 20 91 22 A9 
[   84627] ch48 r0 a3: 48 9F 43 62 8E 4A 92 84 AA 19 51 9D 4B 6D 23 19 AE D6 AD D5 55 52 18 D4 AA A5 4B 71 DC 94 86 96 
[   84634] ch48 r0 a3: C5 19 5A 89 5A 6A 2C AD 57 62 8E CC D9 69 2C F1 2E 3D E6 AB 55 9F D7 25 5B 8A 0A A5 BE 52 6A 3A 
[   84701] ch48 r0 a3: 28 4A 80 49 44 45 02 15 04 00 80 03 1E AA 10 A0 80 80 52 00 09 56 A1 12 AD 82 94 BA 5B 68 3B 6B 
[   84722] ch48 r0 a3: 6B B4 A5 44 4E A9 25 54 1D 12 56 91 AD 55 28 B4 A9 55 65 A7 36 44 C8 A3 93 95 74 CB A8 55 1D 69 
[   84858] ch48 r0 a3: B3 52 F5 2A AA 6A D5 6D 4A FB 55 51 96 D5 D1 88 2A B7 A9 55 FA B5 E7 8F 4D 56 D5 F5 AD 52 6C 90 
[   85125] ch48 r0 a3: 01 AA 10 46 29 54 81 31 4A AA AA 99 AA B6 56 2C BA 68 56 B6 AF 56 95 24 CA E9 6B 4B 5A A6 BB C5 
[   85164] ch48 r0 a3: 04 E7 AA 0D BF 18 0F 15 CA B8 1C 70 00 E0 00 07 EF 6C F6 F0 8A DD 85 EE B3 6D 73 EB DF 3A EC 6D 
[   85169] ch48 r0 a3: 8A 59 28 69 56 5A A6 A2 AC 8B A8 DA A4 52 AD A3 21 34 14 AA 2B CA A2 AA DB 55 3A AE B5 73 5A A5 
[   85235] ch48 r0 a3: 61 52 C2 08 E2 AA A8 12 A6 3D 37 55 AC A9 25 34 69 54 EB A9 27 B7 BA 5A D5 BA AA 59 2F B4 D2 AA 
[   85374] ch48 r0 a3: 55 5D 47 64 A4 6A 94 C2 55 4B 03 AD AA B2 54 4C A8 0A 88 AD 32 AD 48 0A 5A B6 AB 55 55 53 C2 95 
[   85423] ch48 r0 a3: AA BD F0 00 81 48 00 00 20 02 4A 40 51 B5 6A AA A3 55 AD BB AD 00 52 DE D5 CB 75 20 94 12 B4 EC 
[   85432] ch48 r0 a3: 44 AA 15 A8 DD DB 4A D3 36 6A 61 CA 4D 55 B4 51 6D 44 80 22 4A 00 58 6B 21 46 62 C5 3A 89 62 50 
[   85446] ch48 r0 a3: CD 28 0A FF EA BF 9D 6C 9F A3 ED DF BE 4F BC 97 AF AF 5B DD DA FB 7E B5 F7 C6 8B 97 7B E7 FB 7D 
[   85482] ch48 r0 a3: 00 11 21 2A 54 22 AA 42 80 40 0C 2D 0A 51 2C AB 64 4A BE A9 2A 8E 4D 2E 95 53 55 5A D2 A3 59 55 
[   85502] ch48 r0 a3: 5D A2 08 00 39 00 09 00 04 B5 D4 AA DE 4D 6D 5D 6B D8 56 AB D7 5E ED FF FB FF 7F DF 6A 9F FD 7F 
[   85515] ch48 r0 a3: FE DA AB DF D6 CD BD 29 5B 57 6A A9 50 A9 AA 6C 05 5F F9 F7 76 6E 8B B5 4A B4 AD 45 45 5B 2B 14 
[   85591] ch48 r0 a3: 49 12 08 02 00 01 48 20 1A B6 EA 4B 75 AA E5 B6 9C B9 6B AE DA B3 2A AF CF D5 6B ED 4B AE AA 6B 
[   85684] ch48 r0 a3: 19 5A 0A 8D 22 50 48 95 94 95 10 51 AA 42 55 69 9D 52 94 75 2A 6D 29 4C A2 4D A0 2D 15 B3 2A B4 
[   85777] ch48 r0 a3: B2 AA 65 A6 20 04 2A B1 5D 14 95 53 29 53 2B B2 90 3D 72 99 B6 7B 96 AD 4B 58 BA 94 F9 2A 4B 4B 
[   85791] ch48 r0 a3: 4A A5 96 B5 DA 92 9F 59 3D 6B AC D9 A6 5A D9 A9 42 14 6A BA 19 2F 67 69 11 6D 06 94 69 0B 8C B2 
[   85799] ch48 r0 a3: 28 90 24 28 48 42 46 52 8D AE BB DB D7 75 5B 2A A6 29 FA 54 4F 37 6D AA 52 EE A9 57 4A DA D5 7B 
[   85891] ch48 r0 a3: 85 55 97 DB 6D 59 DE EA AA AA AE AB 2A AD 55 AD 2D 6B 49 AA 97 55 38 50 49 15 61 40 AF A5 48 21 
[   85969] ch48 r0 a3: B4 AA 28 0A B5 CF AD 79 44 B6 B5 6B 55 5E 54 D4 45 A8 AB A9 49 01 11 DB 55 22 52 B5 A9 11 2B D4 
[   86002] ch48 r0 a3: 54 72 AA AB 7E FF AC 9A 95 42 9D 55 7D 08 82 89 2D 2B 42 AC 5E 54 91 41 31 50 B1 50 26 E2 96 B2 
[   86028] ch48 r0 a3: 0A 1C 49 88 5A 1E 89 C8 CE 21 08 25 81 24 12 55 09 04 AA EA 9D 57 52 99 C3 A8 95 64 8C A6 89 55 
[   86095] ch48 r0 a3: 99 0A 42 29 42 22 51 30 54 09 0A 4A 55 62 AA C4 49 22 2A 28 A9 64 54 1E A5 62 89 5E F1 34 BB 4D 
[   86134] ch48 r0 a3: 40 00 41 14 10 14 4A A9 41 55 6A 59 0A 51 4A 55 6A D2 4D 4A A5 56 D1 51 9A 14 53 80 8A D1 64 A2 
[   86150] ch48 r0 a3: AD 52 95 5A 56 D5 6E A6 8E 55 AA F8 AA 61 6A 3F BC AA E6 BE D1 5D A5 9F DA 57 5E E6 A4 8D 0C 5D 
[   86166] ch48 r0 a3: 54 AB 5A 52 AD 5A 55 52 2C A5 52 28 5A 32 B5 45 52 52 54 AA 55 A6 8A 4C 42 A8 4A A9 2A 55 6B 5C 
[   86212] ch48 r0 a3: 04 10 71 14 A8 1A 20 01 00 00 40 10 08 0C 88 11 20 40 28 40 80 21 24 54 40 01 48 A1 08 AE 95 45 

Команды: b (фон), s (скан с нажатиями), c N (канал), r N (0=1M,1=2M,2=250k),
a N (адрес 0..3), f (фильтр), x (XN297 декод вкл/выкл), p (сниффинг старт/стоп), # метка, ? справка
Сейчас: канал 48, скорость 0, адрес 3, фильтр выкл, XN297 выкл, сниффинг выкл

Команды: b (фон), s (скан с нажатиями), c N (канал), r N (0=1M,1=2M,2=250k),
a N (адрес 0..3), f (фильтр), x (XN297 декод вкл/выкл), p (сниффинг старт/стоп), # метка, ? справка
Сейчас: канал 48, скорость 0, адрес 3, фильтр выкл, XN297 выкл, сниффинг выкл

Команды: b (фон), s (скан с нажатиями), c N (канал), r N (0=1M,1=2M,2=250k),
a N (адрес 0..3), f (фильтр), x (XN297 декод вкл/выкл), p (сниффинг старт/стоп), # метка, ? справка
Сейчас: канал 49, скорость 0, адрес 3, фильтр выкл, XN297 выкл, сниффинг выкл
------------------------------
# ON r0 c49

Команды: b (фон), s (скан с нажатиями), c N (канал), r N (0=1M,1=2M,2=250k),
a N (адрес 0..3), f (фильтр), x (XN297 декод вкл/выкл), p (сниффинг старт/стоп), # метка, ? справка
Сейчас: канал 49, скорость 0, адрес 3, фильтр выкл, XN297 выкл, сниффинг вкл
[   87591] ch49 r0 a3: A8 55 56 82 94 54 A8 8A 54 92 A9 30 A4 4A A9 56 B5 52 AD B4 95 65 51 AE DD 5F 54 B7 7A 8B 5A F6 
[   87619] ch49 r0 a3: 97 6D 58 AE 27 35 52 CA 9E C1 37 52 55 BD B6 A6 55 D3 6A AB 79 53 0F 74 AA D7 4D 15 4B 5A B5 D5 
[   87620] ch49 r0 a3: 52 54 91 11 4A 91 69 2D 0B 59 B5 21 22 54 0B 6F A2 0B 80 81 08 52 4A 64 08 4A 88 98 48 90 32 D2 
[   87746] ch49 r0 a3: 29 49 40 92 B8 09 29 A5 2B C9 55 C1 18 80 10 58 4A 54 51 26 4B 29 50 8A 12 29 05 70 14 D2 A8 89 
[   87757] ch49 r0 a3: 8C 80 D3 4D 59 4A 42 1D 5A 14 C8 A4 8A 71 56 9A 46 93 12 4C 22 14 49 50 AE 61 56 92 69 A9 4D 70 
[   87766] ch49 r0 a3: 00 20 48 88 01 02 8A 94 CC 14 94 82 95 08 4C B1 45 54 2C A5 AE 95 B3 29 49 2A 94 AD 52 88 B5 A9 
[   87781] ch49 r0 a3: 02 04 12 04 40 42 90 00 7D 28 DC 7F 0E F2 C9 F6 B6 A8 0F 13 5C F3 65 62 1A 6D FB 42 AF A5 1B 8F 
[   87810] ch49 r0 a3: 89 D2 51 EC AD 8B BA D2 C5 57 18 83 6B 52 AA D9 44 94 25 55 AD 49 3A DF 9B D5 CB B2 67 AB AB 2A 
[   87812] ch49 r0 a3: 40 17 D1 AE 55 55 12 B2 55 69 59 2B 44 BC AA AA C6 4D 89 57 2E AB FA 6F 8D 66 6D DB AA 9D D2 DD 
[   87819] ch49 r0 a3: 11 94 12 0B A5 42 04 84 02 10 80 09 00 2A 04 29 02 2C 91 28 A8 09 44 82 82 40 24 09 48 20 10 A6 
[   87826] ch49 r0 a3: D7 8C 08 5C 04 55 4A 5F 57 55 55 75 55 5A BF FF FF FF FF FF FF FF FF FF FF FF FF FF FF FF FF FF 
[   87838] ch49 r0 a3: A2 96 20 02 B1 15 34 92 58 AD 63 94 95 B2 B2 75 47 6A D5 D5 D6 73 5E B5 15 4B AE 79 AE CB 1D 32 
[   87881] ch49 r0 a3: 85 5F 24 CA C0 89 5E D9 20 55 C2 D6 C5 92 84 F2 85 5E 58 37 1E A7 B8 B1 40 89 8A F1 42 CD 6E A4 
[   87940] ch49 r0 a3: 54 C0 18 4A A8 54 95 94 84 B9 6D 45 44 AE 06 4A A4 BB 44 AA 4A 86 48 63 28 AA B8 B6 ED A7 BB 2C 
[   87953] ch49 r0 a3: 06 45 92 88 2C 52 0C 22 A9 95 02 85 54 A5 92 A5 14 A0 58 09 54 51 50 25 55 33 6A 21 14 A2 91 24 
[   87979] ch49 r0 a3: B5 13 01 28 08 84 85 14 30 95 59 24 95 32 4C 50 51 59 C5 08 12 15 63 55 54 C8 DF 0D 02 64 CA 56 
[   87986] ch49 r0 a3: 00 03 C4 D7 3C D9 58 86 9B 7E D0 AB E9 46 E3 F8 49 4C 7B 52 F6 30 D1 F6 A3 61 A5 AE 00 AB 5C EA 
[   88039] ch49 r0 a3: 00 00 01 20 00 20 00 00 00 00 00 00 04 00 00 40 08 04 00 00 00 08 01 00 2A E4 D2 61 AA 95 50 95 
[   88046] ch49 r0 a3: D1 20 AD 12 56 6B 17 65 21 24 98 35 64 45 C9 BA 8A AA AA AA AA AB 55 DF FF FF FF FF FF FF FF FF 
[   88064] ch49 r0 a3: 54 63 7A 56 8A E4 91 25 25 44 8E 00 66 A4 A9 2D 48 04 8F A8 76 C7 3A B4 B4 55 36 56 B5 93 55 11 
[   88139] ch49 r0 a3: 34 51 54 D0 80 91 4A D6 90 54 D2 A5 26 A9 09 93 C4 A6 6A 51 4D 2A AA 34 44 4A 6C 88 53 69 54 C6 
[   88148] ch49 r0 a3: 94 B3 63 56 E2 54 B2 A5 CD 53 6A B5 6A AD A6 DD 9B 5A DF 37 6E F9 6A DD DF BA EE EF 72 6D 6E 4E 
[   88164] ch49 r0 a3: 58 A5 B5 2A F2 7D 72 1B 21 44 CD FA 0B 7E A8 F5 B3 D9 8E 88 5A E4 70 1A A0 A5 66 56 34 CA 9A B1 
[   88167] ch49 r0 a3: 00 81 14 81 13 00 84 84 5F 4A 37 1F C3 BC B2 7D AD AA 83 C6 78 A1 C0 3E E8 B2 93 E8 D2 1F 65 68 
[   88199] ch49 r0 a3: AB 7C FE 22 B9 0F 01 F7 6B 59 5A E5 74 5A AB 1C 54 F9 8B AD 9D 14 9F 32 B1 84 BC 1C E5 9A 28 86 
[   88265] ch49 r0 a3: 2A 45 4A 45 50 15 26 58 D0 44 44 54 A2 0C CA 45 4C 29 07 29 24 21 2D 2A 51 A8 90 4A 49 52 29 21 
[   88395] ch49 r0 a3: 5A 72 98 54 8D 91 C8 EC 52 B3 FC 4B 69 14 C8 95 5D 45 EE AA D8 29 90 00 00 00 00 00 00 00 00 01 
[   88421] ch49 r0 a3: 92 2A 54 E1 25 51 B2 D2 A9 54 A5 91 49 53 49 22 A8 A5 27 A5 2B 15 5A AE AE AC DA DB 55 DB AE 57 
[   88429] ch49 r0 a3: 84 00 86 B4 10 45 8A 22 41 02 D2 64 0C C9 6D 6B CF FF 12 D5 F2 5F 6B AA AD 31 89 55 57 6D 6D 3F 
[   88489] ch49 r0 a3: 05 4A 24 29 10 29 6D 50 A2 83 B4 01 09 B1 84 A1 28 C9 5A 04 D4 20 9A 52 92 AA AA AA AA AB 5D FF 
[   88498] ch49 r0 a3: 00 00 00 00 00 00 00 00 3D 2A DC 7F 0E F6 C9 F6 B6 AA 2F 57 5D F3 6D 6A BA ED FB 52 AF A5 1B 8B 
[   88553] ch49 r0 a3: 9A 2A 89 4D 1A 9D 53 D7 2A 4D AA EE B5 5D AF 4B 29 DF 5D BD 5A BF FF 75 5B 35 EB EB 5B 4A A0 84 
[   88572] ch49 r0 a3: 9A AA 55 74 EA D4 24 69 14 6A A9 52 96 93 64 A5 0A 16 A5 15 15 55 AB 19 12 4C 54 99 6B 55 D4 A4 
[   88584] ch49 r0 a3: A1 29 6A 4A D2 54 B6 E1 29 23 1B 66 05 AF 54 D9 9C BA ED D4 AB 6F 7E 2C AD 55 EC B6 B5 EF AA 69 
[   88605] ch49 r0 a3: A9 A3 28 A8 44 45 38 B5 9A 84 26 58 2B 44 A1 09 45 89 45 BF A9 52 81 20 A8 8A 15 6E 51 57 5F 54 
[   88701] ch49 r0 a3: A5 2A D2 94 A9 52 8C 2A DD 75 A4 8D D3 60 AB D5 15 55 55 55 55 55 7F DF FF FE DF FF FF FF FF FF 
[   88734] ch49 r0 a3: AD B7 F9 16 B9 DC AC F6 B7 AD 7D AE 3E 37 36 DF FF 46 D7 68 76 AD 25 FE FD F6 AF 7F 55 7D 7D 2A 
[   88735] ch49 r0 a3: 9D 51 2A 96 8B 25 A9 94 72 69 95 2C 86 6A F4 A6 B2 55 14 98 CA A4 92 D2 8B 2D 82 AE BB 99 B3 27 
[   88785] ch49 r0 a3: 34 A2 A4 09 95 65 15 68 EA A4 4D A6 F5 EE EB 57 FD 4A B5 F4 EB 5B AA 83 EA 77 91 AF 94 2E 9B FA 
[   88786] ch49 r0 a3: 90 05 60 65 95 90 48 CA 01 6D 16 A9 05 A2 9C A5 6C A1 A3 54 6E FA AE 64 6A BA EA 2D 48 1B A5 1D 
[   88791] ch49 r0 a3: 94 92 20 8A 0C 00 29 4A 83 20 12 C9 01 42 A4 3A 7E 97 AA DB AA 2F 6B 6B BB 2A 99 45 6B AE DA A8 
[   88954] ch49 r0 a3: B5 84 A4 80 29 54 C2 16 AB 48 51 44 24 45 2C 85 11 52 99 29 49 94 A2 20 65 54 AC 2A 29 33 68 9A 
[   88984] ch49 r0 a3: 8A 94 16 28 08 A8 11 0A B2 16 C8 21 05 41 C2 D3 10 AA 34 8A 99 68 C9 42 55 25 25 15 12 58 81 51 
[   89131] ch49 r0 a3: 69 56 48 44 94 88 82 A2 0A AA AA 20 1C 92 52 24 82 2C D3 4B 6C AA D9 4A 99 BA 16 D0 44 2D 46 9D 
[   89165] ch49 r0 a3: 82 BA 24 12 D2 98 81 41 48 48 8B 81 FA 36 29 50 85 54 48 21 43 AA 69 32 B4 C9 8A D9 45 91 16 A2 
[   89178] ch49 r0 a3: A8 35 43 22 A9 5E 0A DD DB 32 2F 3A EA B2 DE EB 6E EF F4 ED 6A D5 FC DD FA A1 B5 DA AE A3 6A A5 
[   89199] ch49 r0 a3: 80 53 28 4A 52 8A 6D 25 28 92 1A 2A B5 DA AF 0E 69 25 74 A4 A9 A5 B8 D8 CA D2 CB 22 6A 4D 29 6D 
[   89262] ch49 r0 a3: 94 82 A1 02 48 41 90 50 49 46 A9 49 18 60 28 00 98 10 8C A0 51 4A A0 08 14 54 15 51 09 08 AA 54 
[   89283] ch49 r0 a3: 09 28 95 15 29 22 A2 1A EA AD 25 58 82 1A 06 AB 03 17 94 AB 25 12 AA EB 2A B2 AD A5 55 55 A0 D0 
[   89359] ch49 r0 a3: 20 00 00 44 82 00 02 22 08 80 39 A6 4A FA A9 53 74 B9 D9 29 48 28 B5 35 73 96 56 CA A7 54 2D D5 
[   89379] ch49 r0 a3: 40 0A 88 84 0A 04 80 40 40 00 00 09 48 25 42 86 00 21 10 00 42 10 11 01 02 20 11 02 21 00 01 06 
[   89419] ch49 r0 a3: 28 85 20 40 90 AA 00 0A 34 A4 56 51 75 51 87 EA 95 9A D6 D4 DA 92 89 55 59 A5 6E 52 49 52 A8 5E 
[   89423] ch49 r0 a3: BA EB AD 45 56 B4 B7 BB 5E FD B7 AA A0 FA DA E5 74 3E A1 B4 6E BB 5D 13 B8 0B 5E E4 9F 72 A0 AC 
[   89484] ch49 r0 a3: 51 14 48 12 A6 95 92 94 51 54 55 49 59 5B 72 32 A9 54 F5 95 50 8D 61 47 55 AB 5B BD AB 65 ED BA 
[   89569] ch49 r0 a3: 4A 9D 52 A4 81 A2 A1 52 EA A9 1A 82 54 52 AA 34 02 4B 45 2A 0A 0D 42 A2 29 15 4D CB 05 68 86 8B 
[   89595] ch49 r0 a3: 9D EA 7A B5 5A 9E A6 AA 4A 09 6A DA D5 D3 95 52 27 56 56 69 74 6A 11 4D 95 58 95 45 D5 F8 95 AC 
[   89650] ch49 r0 a3: 9A 5B B5 22 96 BC D5 AE 6D 45 FE AA D9 DB 55 66 AD 52 CD DD 6A 6B A4 DB D6 FB 51 96 AA D6 AE 79 
[   89660] ch49 r0 a3: 48 AB 69 57 55 53 6A B6 1A A5 0D B7 1F 4A D2 BA 5C AB B8 ED 47 19 69 95 7D 59 A3 55 6E 99 59 45 
[   89710] ch49 r0 a3: 91 05 41 AD 4A FA AA CB 52 6D B5 AC B5 ED F7 A5 7A 4A EA 9E B6 5D 12 C6 EB 22 59 AE 27 B5 55 22 
[   89717] ch49 r0 a3: 96 29 05 52 85 2C 8A A8 21 0A 64 21 05 53 0D 25 2A 24 20 AD 04 6C 95 09 44 8A 52 96 A4 C4 55 6B 
[   89762] ch49 r0 a3: 40 B0 10 92 07 69 03 5B 20 5C 95 11 31 62 A2 B1 48 8B 28 18 22 92 52 34 C4 88 AA A1 84 69 29 65 
[   89763] ch49 r0 a3: 12 51 14 49 2A 9A 6D 56 A0 16 14 AA 44 88 A8 EF 5A CE DC 4D 4A AA 56 E2 B6 D5 E9 F5 5A B7 DA 92 
[   89776] ch49 r0 a3: 42 22 85 42 A4 0A 0C 83 4A 22 A2 A4 CA 92 81 4D 49 34 82 61 46 A0 15 48 AC 35 0D 52 44 20 C8 04 
[   89803] ch49 r0 a3: 0C B5 D0 BA 50 AD 51 56 D6 D4 F4 13 69 08 20 51 40 D0 54 99 32 2A 00 4D 29 45 48 AB 85 17 31 A9 
[   89819] ch49 r0 a3: D2 94 44 35 AA D0 A2 91 32 09 02 24 52 94 B5 12 14 C2 89 06 B0 D5 55 2B 0D 01 14 48 28 26 A4 A5 
[   89832] ch49 r0 a3: 00 00 00 00 00 00 00 00 00 00 00 00 00 00 00 00 00 00 00 00 00 00 00 00 00 00 00 00 00 00 00 00 
[   89837] ch49 r0 a3: A0 67 0C 26 83 12 14 13 14 F1 65 06 91 42 9D 66 51 65 02 13 55 5A 2A 08 B2 90 92 8A A6 AE 11 55 
[   89899] ch49 r0 a3: 05 28 A4 2D 14 D1 5A AA AD 02 34 44 49 62 50 6B 3A 52 92 49 54 80 B4 A9 60 84 29 25 59 0A A5 59 
[   89911] ch49 r0 a3: 42 1A 84 42 89 40 2C 90 11 0A 50 48 25 14 40 41 44 05 59 AC F3 EB 2E 5A BC BF 5D 5A D7 B9 75 7D 
[   89937] ch49 r0 a3: A0 92 A2 8A AA 12 29 2A 21 42 09 52 A0 B5 DE 2C 78 86 9F 32 B1 84 BD 54 5A ED 74 1E A9 AE DF BB 
[   89979] ch49 r0 a3: 54 4D BA 5B 6F 7B AD 55 AF 1A E7 DD AE 54 AA CC AF EA 55 A9 95 57 54 F5 AB 56 B6 55 57 F9 E4 B9 
[   90029] ch49 r0 a3: AA F1 0B 35 A2 AB 3D 6D 54 A4 AA 42 EB 6A AA AC D2 55 4A B5 40 F2 9B 55 25 79 A7 05 97 68 4A 65 
[   90132] ch49 r0 a3: D4 84 27 C4 8A 21 2A 35 56 2C 16 B0 43 38 89 8A C6 57 75 6C 28 36 92 94 AC 9D 74 F5 55 6A A9 75 
[   90238] ch49 r0 a3: 90 D5 AA 4A 08 25 29 10 94 B9 12 0A B2 94 80 00 00 00 01 07 89 AE 79 B2 B1 0D 36 FD A1 57 D2 8D 
[   90259] ch49 r0 a3: 3F 95 B7 6F 7F 74 ED 55 BF 7E 96 B6 EE BE DF A5 D2 EA BE DD EA B7 B9 3B D5 13 D6 69 4A 54 51 11 
[   90274] ch49 r0 a3: 09 AC 11 64 AA 52 55 49 95 12 AB 41 4B 19 35 4A 72 55 05 19 D1 A4 51 95 49 6A CA 5A 9C 55 43 6D 
[   90276] ch49 r0 a3: 5A 05 15 15 4A 95 25 C2 CD 4A A1 15 5A 4C 22 91 4C A4 6A D0 B5 53 69 5D B5 B4 4D CA FF 7A 6A FD 
[   90301] ch49 r0 a3: 8A 53 75 49 AD D3 51 52 C6 56 B2 F6 A6 9A DF FF DF FF BB 2D 57 8A AC 95 CD B0 EA B7 5D 2E FD 12 
[   90314] ch49 r0 a3: AC B4 B7 54 D7 40 07 14 D4 B5 67 AA AC 48 C4 CD 52 50 40 AB 2C 4A 16 52 AD E5 A6 A9 81 2D 25 2F 
[   90358] ch49 r0 a3: 87 AA AF 2A 14 11 2C 4A A4 80 C2 94 89 2A 44 29 15 63 42 4D 15 0A AC 6B 24 4A 86 A7 3A B2 D7 5B 
[   90393] ch49 r0 a3: 57 D7 2A AF 47 52 8B A8 29 EB A5 D2 BA AE 6B 2A 6A A2 B4 94 E5 85 4C 0A 02 4E 90 91 42 41 54 D3 
[   90450] ch49 r0 a3: 63 55 89 A3 DF 51 5A 41 05 D2 C5 32 58 14 94 5F 41 2A 4A CB 85 15 04 54 35 5F EB 6E D9 56 AE 96 
[   90454] ch49 r0 a3: 6A A6 4A 4B 71 4D 91 6D 69 16 9A B4 B3 55 4F 25 68 85 AA 2D 56 95 46 69 D5 49 2C A5 56 20 52 D8 
[   90488] ch49 r0 a3: 41 89 24 31 22 20 05 20 54 41 01 95 57 55 55 75 3A 27 99 DA A5 BA EC 51 4A 96 A1 9E 49 53 11 47 
[   90500] ch49 r0 a3: A4 2A 95 4A 50 A4 54 A4 12 D0 20 4A 84 92 6A 29 5C B2 B5 69 E7 AA 9D A8 CF 51 55 59 B7 C9 7C 49 

Команды: b (фон), s (скан с нажатиями), c N (канал), r N (0=1M,1=2M,2=250k),
a N (адрес 0..3), f (фильтр), x (XN297 декод вкл/выкл), p (сниффинг старт/стоп), # метка, ? справка
Сейчас: канал 49, скорость 0, адрес 3, фильтр выкл, XN297 выкл, сниффинг выкл

Команды: b (фон), s (скан с нажатиями), c N (канал), r N (0=1M,1=2M,2=250k),
a N (адрес 0..3), f (фильтр), x (XN297 декод вкл/выкл), p (сниффинг старт/стоп), # метка, ? справка
Сейчас: канал 49, скорость 0, адрес 3, фильтр выкл, XN297 выкл, сниффинг выкл

Команды: b (фон), s (скан с нажатиями), c N (канал), r N (0=1M,1=2M,2=250k),
a N (адрес 0..3), f (фильтр), x (XN297 декод вкл/выкл), p (сниффинг старт/стоп), # метка, ? справка
Сейчас: канал 50, скорость 0, адрес 3, фильтр выкл, XN297 выкл, сниффинг выкл
------------------------------
# ON r0 c50

Команды: b (фон), s (скан с нажатиями), c N (канал), r N (0=1M,1=2M,2=250k),
a N (адрес 0..3), f (фильтр), x (XN297 декод вкл/выкл), p (сниффинг старт/стоп), # метка, ? справка
Сейчас: канал 50, скорость 0, адрес 3, фильтр выкл, XN297 выкл, сниффинг вкл
[   92056] ch50 r0 a3: 55 A1 6C 94 48 75 5A 95 56 54 50 9E 8D 29 64 6A 64 D6 41 70 A9 4D 53 D4 F9 2C 12 A4 E4 59 CA F5 
[   92060] ch50 r0 a3: A8 4A 2A D1 5A 86 2A 2A D1 8A B5 10 52 4E EB 16 F6 AA BB 8D 6A 09 74 59 5A 52 2D 50 D5 04 A5 E6 
[   92089] ch50 r0 a3: 45 54 AD 12 64 C1 48 0D A6 55 4E 1B 29 00 B1 29 9C A6 A8 AA 24 1C 42 E2 32 29 70 40 18 A8 0D 55 
[   92189] ch50 r0 a3: 81 54 82 A0 A8 02 21 6B 52 55 B5 F7 55 6F 6E FD A9 F5 7D AD DA 2A 6A CD BD 5D 2C 5D 7C F9 2F 85 
[   92242] ch50 r0 a3: 8A AB 2A 3A 89 5A 61 DC DB 59 D6 49 52 D2 D0 A0 8E 33 40 91 92 8F 53 1B 29 94 D5 59 61 E7 69 EA 
[   92271] ch50 r0 a3: 09 21 49 D3 28 4A 25 22 24 40 59 23 0D 2A 85 54 09 52 9A 48 52 9A A3 02 95 D5 5B 42 4B 35 34 FB 
[   92282] ch50 r0 a3: 6D 4B 56 95 56 DB 2D AA D6 A9 EB EB 3B 55 5C B4 59 BD E9 15 BA 5A A7 B7 A7 62 B5 4F 55 F4 A5 A7 
[   92295] ch50 r0 a3: 92 2B 21 62 8B 0A BA 96 74 9C B5 10 13 CA 18 4A A5 69 4A 95 13 64 50 DA B3 3B 5D 2B 5D 94 2A ED 
[   92307] ch50 r0 a3: 54 11 DD 98 D5 34 A9 2C CA A6 A2 89 54 D7 A8 AB 22 D6 B6 4A EC 4A ED 56 AB 6D 55 E4 B4 67 AB 53 
[   92322] ch50 r0 a3: 9A 95 0A C6 00 30 16 E9 0C 31 11 2A 81 51 2A 5A A5 41 40 89 4C 44 4D 0A 39 A4 C9 D1 48 AB 25 92 
[   92325] ch50 r0 a3: 62 99 01 D2 0A 9E 9A 54 4A 72 AE 09 26 12 B1 D5 4D AB 10 49 38 94 05 68 F2 C2 33 67 68 5A FE 99 
[   92358] ch50 r0 a3: D9 28 08 45 19 5D B5 2A AA 96 5B 6A A9 20 75 24 9B 4C AA 54 AA D6 A9 D5 2D C5 69 2A 52 2D 3B A9 
[   92404] ch50 r0 a3: C9 48 20 ED 5D 7B CE FA FB AD 2A EA C5 6F 5F DF EB 26 DA FB DA B3 FB 5E 73 BF CE FD F5 AD D7 55 
[   92426] ch50 r0 a3: 2A CA C2 B9 48 B6 27 15 02 AA 55 B6 C2 49 65 15 53 4A 4A BA F5 BD BA F7 F7 6F E7 AA AF 79 EF FD 
[   92429] ch50 r0 a3: 80 81 10 40 90 00 01 21 40 02 10 00 01 3F A8 AF FF FF FF FF FF FF FF FF FF FF FF FF FF FF FF FF 
[   92438] ch50 r0 a3: D9 44 4D 96 AE C5 29 D5 5D 4E AB EB EB A2 9A A5 56 E6 F7 EA B5 78 A1 D9 55 56 59 94 CB 32 8A 96 
[   92443] ch50 r0 a3: 08 00 08 00 00 80 00 00 40 02 41 3F A8 AF FF FF FF FF FF FF FF FF FF FF FF FF FF FF FF FF FF FF 
[   92453] ch50 r0 a3: 94 AA 28 B5 23 04 58 96 08 A4 E4 01 21 52 D5 6A AB 6B 53 92 AA BA AA 75 AD AB AD 28 DA 49 8A B9 
[   92457] ch50 r0 a3: A8 8A AA 55 55 12 44 94 48 A1 16 B4 AA A4 A2 89 6C AD 2D 21 45 A2 55 55 52 52 AD 8B AE 7B 79 1A 
[   92482] ch50 r0 a3: 00 20 80 00 88 00 20 08 00 01 00 08 15 3F A8 AF FF FF FF FF FF FF FF FF FF FF FF FF FF FF FF FF 
[   92493] ch50 r0 a3: 40 00 00 00 00 00 00 00 00 00 00 00 00 00 00 00 00 00 00 00 00 00 00 00 00 00 00 00 00 00 00 00 
[   92502] ch50 r0 a3: 66 92 0A 95 40 51 42 4B A9 41 45 4B 94 C8 94 49 10 56 15 39 B2 20 96 D4 91 75 4B 48 91 48 AA B5 
[   92572] ch50 r0 a3: D9 4A 34 02 11 03 04 00 82 BD 4B D4 CA AD AA EA DA 6A 9D B7 7E AA D5 3F 55 B7 B5 AD BC D4 AD 57 
[   92586] ch50 r0 a3: 49 54 8D 19 54 4A 11 A4 4A D1 48 D6 8A 04 D2 65 31 5A EA 4C DB 64 45 22 4A 31 81 52 02 D0 C9 43 
[   92622] ch50 r0 a3: 80 00 20 00 00 00 00 00 00 00 00 00 00 13 FA 8A FF FF FF FF FF FF FF FF FF FF FF FF FF FF FF FF 
[   92640] ch50 r0 a3: 00 00 00 00 00 00 00 80 00 00 00 00 00 13 FA 8A FF FF FF FF FF FF FF FF FF FF FF FF FF FF FF FF 
[   92653] ch50 r0 a3: 40 00 00 00 00 00 00 00 00 00 00 00 00 4F EA 2B FF FF FF FF FF FF FF FF FF FF FF FF FF FF FF FF 
[   92661] ch50 r0 a3: 00 00 00 00 00 00 00 00 00 00 00 00 00 13 FA 8A FF FF FF FF FF FF FF FF FF FF FF FF FF FF FF FF 
[   92699] ch50 r0 a3: 00 00 00 00 00 20 00 00 01 00 04 00 00 00 00 00 00 00 00 40 04 00 00 00 00 10 00 04 00 00 00 00 
[   92714] ch50 r0 a3: 00 00 00 00 00 00 00 00 00 00 00 00 00 05 FE AA AA AA AA BF FF FF FF FF FF FF FF FF FF FF FF FF 
[   92719] ch50 r0 a3: 00 00 00 00 00 00 00 00 00 00 00 00 00 00 13 FA AA AA AA AB FF FF FF FF FF FF FF FF FF FF FF FF 
[   92770] ch50 r0 a3: 4C 82 6D 11 89 2B 01 A2 2A 8B 20 09 A2 50 26 6C 2A 69 41 C4 CA D5 B9 6E 77 EF 52 4D 9E 6D AC BC 
[   92775] ch50 r0 a3: AC 91 92 20 49 14 41 41 6A 62 4C 01 06 21 66 A8 24 A2 1C 48 2E 84 05 54 4C D8 00 93 D2 AA A4 15 
[   92840] ch50 r0 a3: 4E C4 81 82 1A 6C 52 86 A7 A8 E9 31 86 55 51 20 44 C4 2C DA 47 57 45 2A 5A 5A 45 6A 52 0D 75 65 
[   92859] ch50 r0 a3: 90 52 C1 49 54 2A 4D 51 A5 75 18 2A AA 52 25 4A 8A 8D 23 45 23 28 95 4E 41 D8 5A AB 53 0C 93 52 
[   92907] ch50 r0 a3: A4 AB 95 2A A5 DF 48 D6 BB 81 FA A7 ED 7B 6D 46 8E C4 EE 6D 8F 54 50 2B 76 AF 5A C4 EA 2B 57 52 
[   92938] ch50 r0 a3: 94 A5 0D CE F6 B5 95 25 4B A6 D5 42 FD 53 17 DA 92 9A 57 AD 6B 57 48 57 EB 8E 6B 6F 66 FD 58 2F 
[   92955] ch50 r0 a3: E8 44 80 0A D0 29 16 B5 4C 4A 42 C0 96 88 71 70 D4 95 60 51 94 94 6F E5 25 47 44 24 45 55 54 09 
[   92986] ch50 r0 a3: 94 1E 02 8A 29 42 A4 2C 82 80 A0 88 44 48 44 A5 4A 55 44 31 0A 14 AA 89 55 48 B5 32 02 85 42 A1 
[   93055] ch50 r0 a3: 86 8A 40 16 55 14 08 91 D9 54 AA 4D B2 88 09 4B 21 22 0B ED B2 52 26 B2 A5 57 5B 56 0B 85 72 A5 
[   93124] ch50 r0 a3: 48 04 20 92 4A B9 0D 25 AA 94 A8 24 44 2C B5 28 A4 AD 54 54 A4 AA 8A 0D 02 89 52 55 0A 35 47 61 
[   93129] ch50 r0 a3: 52 25 46 74 D1 49 C9 52 CA B5 93 E5 52 B1 47 20 95 30 D4 29 15 98 45 58 A5 29 0A D2 23 AA 29 65 
[   93163] ch50 r0 a3: 21 5A B4 51 40 A1 A9 B4 D6 53 5A B5 F3 54 DF FD FF BF FF F6 BF FA FF BF 90 21 D8 65 0A E2 F5 2A 
[   93210] ch50 r0 a3: 04 00 80 00 00 00 00 00 01 00 00 00 08 00 00 00 00 00 00 00 00 00 00 00 00 00 00 00 00 00 00 00 
[   93217] ch50 r0 a3: 14 00 04 00 04 00 00 00 80 01 08 21 01 BF A8 AB FF FF FF FF FF FF FF FF FF FF FF FF FF FF FF FF 
[   93226] ch50 r0 a3: 00 80 00 00 00 00 00 02 00 00 00 00 24 FE A2 AF FF FF FF FF FF FF FF FF FF FF FF FF FF FF FF FF 
[   93239] ch50 r0 a3: 00 00 00 00 00 00 00 00 00 20 00 00 00 01 3F A8 AB FF FF FF FF FF FF FF FF FF FF FF FF FF FF FF 
[   93242] ch50 r0 a3: 15 CA 9B A9 48 64 CC 48 8C 90 83 B1 2A 55 24 5B E5 A6 65 E2 5D 2C 1C 15 2A D6 F6 5C 53 65 2A 88 
[   93252] ch50 r0 a3: 02 0A 92 05 00 AA 82 95 22 00 15 7F AA AA FF FF FF FF FF FF FF FF FF FF FF FF FF FF FF FF FF FF 
[   93261] ch50 r0 a3: 6D 35 74 B5 5A B5 AA A5 6D D5 59 69 52 94 65 58 45 57 52 76 AC 55 35 2F 5F 5E D4 B6 52 AD B5 2A 
[   93263] ch50 r0 a3: 15 0E C0 50 4B 61 5A 75 57 72 7A 28 AA 4E 62 A3 55 95 9A 2C B1 AD 59 46 DA B5 6B F5 2B 35 4C B5 
[   93265] ch50 r0 a3: 00 00 00 00 00 00 00 00 00 00 00 00 00 04 FE A2 BF FF FF FF FF FF FF FF FF FF FF FF FF FF FF FF 
[   93269] ch50 r0 a3: A5 33 19 34 20 9A 84 44 45 5D 66 89 45 6A 55 49 56 54 41 55 2A 29 2D 22 9A A9 53 13 18 56 AB A5 
[   93294] ch50 r0 a3: 54 6D 2A 97 34 2B 01 70 19 E4 5D 2B 4A C8 54 34 A0 A1 52 49 0A 8A 96 AD AB 56 EE D6 AA CB 2C E4 
[   93296] ch50 r0 a3: 00 00 00 00 00 00 00 00 00 00 00 00 00 01 3F A8 AB FF FF FF FF FF FF FF FF FF FF FF FF FF FF FF 
[   93322] ch50 r0 a3: 00 00 00 40 08 00 00 A8 00 08 20 00 02 57 FA 8A FF FF FF FF FF FF FF FF FF FF FF FF FF FF FF FF 
[   93327] ch50 r0 a3: A5 43 36 52 A9 B4 57 6B 56 A7 55 55 16 2E F7 52 B4 AC 15 96 AB 75 CA D6 E9 B5 65 49 D6 DE 4B 5B 
[   93330] ch50 r0 a3: A5 24 0D 25 B2 5A 55 6C 25 05 A2 95 42 4C 92 34 D6 EA 55 90 0A 52 A8 D5 18 D0 5B EB 0A E5 4D 66 
[   93352] ch50 r0 a3: E4 57 4A DA 9E DD 2A 74 A3 75 EE D2 AD 5B 56 4A 7B BD A8 DE 59 20 05 C5 51 F3 4B 5C C5 30 10 5B 
[   93371] ch50 r0 a3: 54 AB 8B 10 DA 92 49 48 49 34 81 14 53 02 8A 49 24 02 A4 19 05 12 28 AB 2A C8 E8 AB 28 41 05 42 
[   93384] ch50 r0 a3: B5 14 8B 14 2A 70 0D 84 91 10 A4 C4 28 41 4A 2B 65 EA 15 A0 D1 28 28 4A BA A2 AB 4B 10 A9 2A 95 
[   93410] ch50 r0 a3: 00 00 80 00 00 00 00 00 00 00 00 00 01 3F AA 2A BF FF FF FF FF FF FF FF FF FF FF FF FF FF FF FF 
[   93423] ch50 r0 a3: 00 00 00 00 00 00 00 00 00 00 00 00 25 FE AA AA FF FF FF FF FF FF FF FF FF FF FF FF FF FF FF FF 
[   93436] ch50 r0 a3: 00 00 00 00 00 00 00 00 00 00 00 00 00 13 FA 8A BF FF FF FF FF FF FF FF FF FF FF FF FF FF FF FF 
[   93444] ch50 r0 a3: B5 2A B0 92 08 19 8A 53 C9 49 48 4C EE 50 54 A4 B5 49 56 D9 55 54 49 2B 2E BD AD 55 97 FF FF FF 
[   93458] ch50 r0 a3: 00 00 00 00 00 00 00 00 00 00 00 00 01 3F AA AA AA AA BF FF FF FF FF FF FF FF FF FF FF FF FF FF 
[   93463] ch50 r0 a3: 00 05 14 20 40 00 00 80 00 00 20 80 01 BF AA AA AA AA BE FF FF FF FF FF FF FF FF FF FF FF FF FF 
[   93476] ch50 r0 a3: 00 00 08 00 00 00 00 00 00 00 00 00 00 13 FA AA AA AB BB FF FF FF FF FF FF FF FF FF FF FF FF FF 
[   93484] ch50 r0 a3: 00 00 00 00 00 00 00 00 00 00 00 00 00 13 FA AA AA AA AB FF FF FF FF FF FF FF FF FF FF FF FF FF 
[   93488] ch50 r0 a3: D8 66 57 04 BA B9 2D 2A C9 8E D5 7A 8A B7 54 CB B9 A3 58 D9 55 7A B5 DD 56 BA 92 A5 65 66 6D 53 
[   93497] ch50 r0 a3: 12 49 62 80 10 04 20 A5 02 48 09 28 50 01 42 A0 21 01 00 02 20 15 02 52 21 82 24 00 80 21 62 12 
[   93528] ch50 r0 a3: 00 00 00 00 00 00 08 00 00 00 00 00 00 1B FA AA AA AA AA FF FF FF FF FF FF FF FF FF FF FF FF FF 
[   93552] ch50 r0 a3: 46 5A 08 42 92 01 22 D5 69 24 B5 63 A0 21 8A A2 42 44 14 21 49 4D 55 49 2A 63 46 A4 50 05 53 4A 
[   93625] ch50 r0 a3: 96 AD 2A A5 ED 7D A9 B8 B7 AA AD AA ED 1A 85 09 AC AA CA A5 11 28 22 92 5B 40 94 2D 90 2A 62 4B 
[   93633] ch50 r0 a3: 50 01 B0 9C 12 29 55 0A A4 21 BB 12 8E 53 15 B9 49 56 6D 85 6A 40 7D 42 16 28 74 92 2C 89 6D 52 
[   93641] ch50 r0 a3: 8D 4D 95 29 A5 99 54 AA CD 13 55 6A DB 5A 2A 6D 5A B5 28 D5 0D 55 55 54 44 D8 55 96 96 55 DA AD 
[   93755] ch50 r0 a3: B3 54 25 2A 54 A5 2D 25 A0 1A 22 96 A5 57 0A A4 AC AA E9 1D 25 C1 20 22 85 A1 50 D1 1A 10 8E 4D 
[   93763] ch50 r0 a3: 50 55 4A F6 CA 06 26 0A 26 08 54 A5 B0 24 58 84 58 F5 0A 64 18 B6 C5 AA 94 2A 19 25 51 74 69 85 
[   93771] ch50 r0 a3: 96 AD 51 31 48 84 D5 2A 73 54 AB 7A AC B5 0D 94 D5 0A 99 28 1D 57 CA 80 22 4C 32 58 B9 2C 2A 94 
[   93775] ch50 r0 a3: FA 4A 4D 00 12 27 43 50 D9 52 CD 49 83 54 D4 AB 54 64 32 94 32 77 90 53 F5 BD 57 1D 32 4A B6 26 
[   93857] ch50 r0 a3: C9 79 4A A5 42 1D 5A B9 7F F5 DA FF 94 AB B2 AC BE EE E4 9E CF F7 B8 2F EF C8 B4 05 55 A4 B6 AB 
[   93887] ch50 r0 a3: 54 AA A0 02 A0 4B 2B 4A AB 63 6D 62 95 35 5B 45 56 9A 3D 64 A9 15 55 7E 96 AC 86 68 82 65 2A 4A 
[   93908] ch50 r0 a3: A9 01 51 1B 8B 42 15 2C 09 EC A3 00 C6 AA 54 95 AA 69 91 42 0A 12 8D 40 AB D6 B2 A9 2A AA 8A D5 
[   93951] ch50 r0 a3: 00 00 00 00 00 00 00 00 00 00 00 00 01 3F AA AA BF FF FF FF FF FF FF FF FF FF FF FF FF FF FF FF 
[   93966] ch50 r0 a3: 14 5A 89 85 22 42 F5 1D 32 AA 5B 57 50 D8 58 C2 8B A5 BA 4A E6 9A AD 71 B7 A6 B5 3F 8D 2A 7A 98 
[   93986] ch50 r0 a3: 00 00 00 00 00 00 00 00 00 00 28 00 00 4F EA 2A FF FF FF FF FF FF FF FF FF FF FF FF FF FF FF FF 
[   93990] ch50 r0 a3: 51 61 A9 D4 02 0E AC 8A 5D AB B5 15 4B B5 0D 6D A8 A2 B2 8B AA 37 1A 44 88 07 56 90 96 29 35 AB 
[   94002] ch50 r0 a3: EE DF 7D FE DB BE AD 35 2A D6 AA 9B 53 65 69 AD 6A 26 AA 6B 35 DB AA 4D 48 A5 D2 AB 49 4A B2 95 
[   94012] ch50 r0 a3: 00 00 00 00 00 00 00 00 00 00 00 00 00 13 FA AA AB FF FF FF FF FF FF FF FF FF FF FF FF FF FF FF 
[   94015] ch50 r0 a3: 04 75 D6 DB 7F FF 7F FF FF DF 7F FF BF FF FF FF FD FF FF FF EA CE B3 35 95 35 29 5A E9 56 A6 6A 
[   94016] ch50 r0 a3: 9A 46 C1 AA 81 5B 0A 94 A6 55 40 45 AB 1A D5 D5 AC A6 5A 12 6A 94 D6 52 42 C3 68 81 55 0C A1 9E 
[   94041] ch50 r0 a3: CB BB F2 DA F6 EB 75 76 BB 5B 6A BA EA CD BB B5 D5 77 B5 AA 6B D5 EB 35 7A AC B5 66 F6 AA A5 4A 
[   94043] ch50 r0 a3: 00 00 00 00 00 40 00 00 00 00 00 00 00 5F EA AA AB FF FF FF FF FF FF FF FF FF FF FF FF FF FF FF 
[   94052] ch50 r0 a3: 00 00 00 00 02 00 00 00 00 00 00 00 00 4F EA AA BF FF FF FF FF FF FF FF FF FF FF FF FF FF FF FF 
[   94056] ch50 r0 a3: 00 00 00 00 00 00 00 00 00 00 00 00 01 7F AA AA BF FF FF FF FF FF FF FF FF FF FF FF FF FF FF FF 
[   94060] ch50 r0 a3: 54 94 9A 94 82 05 2A 53 09 A8 A6 EC AF AD 24 D6 AB 77 D6 A5 61 1D AD 59 B5 57 4B EB DE AA 5B 16 
[   94063] ch50 r0 a3: 95 2C 85 2A 54 DD 6E B6 ED 9A EB 7B 1E EE A9 6F 7D 6B 55 7B 7A EB B5 5D 6C 9E D3 94 B5 54 AD 68 
[   94065] ch50 r0 a3: 00 00 00 00 00 00 00 00 00 00 00 00 00 01 3F A8 AB FF FF FF FF FF FF FF FF FF FF FF FF FF FF FF 
[   94067] ch50 r0 a3: 12 20 B0 95 09 08 85 34 14 44 A6 A2 54 25 00 40 2A A2 02 54 41 28 25 82 11 44 20 81 AA 95 55 0B 
[   94097] ch50 r0 a3: 76 B5 4C AA 89 4B 9C 22 BA 4A A4 69 2B D5 26 B7 D6 15 EA 90 FA EB 9B B2 E5 54 A7 84 AE D6 BF 2D 
[   94100] ch50 r0 a3: CA 2A 49 56 A8 2A 31 24 92 82 40 09 69 12 17 51 54 AB 56 AD D5 A8 32 D5 2B AD BA CA A1 5B 23 53 
[   94100] ch50 r0 a3: 55 45 39 55 4A A5 F5 B0 9A AA 55 40 93 8B 8B 2A 69 6A A4 B0 52 51 72 4A 81 D6 DD BD 35 2A 91 49 
[   94107] ch50 r0 a3: B5 40 EA B6 A1 44 EA 03 44 2D 91 A2 85 30 1A C0 E6 93 13 46 28 72 42 06 A9 88 97 10 DB 0C 56 B3 
[   94130] ch50 r0 a3: 21 53 41 00 54 FD FF FF FD FE DF 7F 7B FE FF FB FE AF 15 F6 B6 0C D4 E3 35 29 43 BC B6 1D B9 31 
[   94145] ch50 r0 a3: 00 00 00 00 00 00 00 00 00 80 00 00 00 13 FA 8A BF FF FF FF FF FF FF FF FF FF FF FF FF FF FF FF 
[   94159] ch50 r0 a3: 22 A8 90 A5 5B 25 49 15 31 22 B1 05 89 54 48 94 A4 1A B4 A1 47 49 A9 2C A4 08 01 5D 58 CA AA 42 
[   94167] ch50 r0 a3: 00 00 00 00 00 00 00 00 00 00 00 00 00 4F EA 2B FF FF FF FF FF FF FF FF FF FF FF FF FF FF FF FF 
[   94193] ch50 r0 a3: 00 00 00 00 00 00 00 00 10 00 00 00 05 FE A2 AB FF FF FF FF FF FF FF FF FF FF FF FF FF FF FF FF 
[   94205] ch50 r0 a3: A8 9D 56 CA D0 AC A5 74 AA A0 82 14 21 2D 41 8A 89 62 00 41 52 39 04 B5 24 49 80 19 05 40 A5 21 
[   94212] ch50 r0 a3: 9A 40 20 54 C5 96 C1 9B E6 A6 39 2A 22 1B A4 4C 54 40 10 8B 8D 58 55 74 A1 41 DC 3B CB 24 04 90 
[   94224] ch50 r0 a3: 00 00 00 00 00 00 00 00 00 00 00 00 00 04 FE AA AA AA AA BB FF FF FF FF FF FF FF FF FF FF FF FF 
[   94237] ch50 r0 a3: 00 00 08 00 28 01 00 00 00 00 00 00 01 BF AA AA AA AA AA BF FF FF FF FF FF FF FF FF FF FF FF FF 
[   94259] ch50 r0 a3: 00 00 00 00 00 00 00 00 00 00 00 00 00 05 FE AA AA AA AA AE EF FF FF FF FF FF FF FF FF FF FF FF 
[   94265] ch50 r0 a3: AA BA B5 AA 96 80 83 2D 51 D4 89 5C B4 6E B6 87 5B 64 83 32 15 57 06 6A B7 5A 33 76 3A 9D B3 6A 
[   94276] ch50 r0 a3: 00 00 00 00 00 00 00 00 00 00 00 00 00 05 FE AA AA AA AA AB FE FF FF FF FF FF FF FF FF FF FF FF 
[   94284] ch50 r0 a3: 13 54 00 8A 8A 95 25 4B 24 0A 90 80 8D AA 54 44 28 6A 82 48 04 02 84 0A 04 A4 2D 52 41 47 12 88 
[   94325] ch50 r0 a3: 52 53 A2 85 5A 5A B2 D2 D3 2B BA 74 ED 65 D6 DA A6 6D 7C AA A9 6A E9 22 66 AC 5A 95 7E 95 6C A9 
[   94340] ch50 r0 a3: A0 53 45 DA C9 0B 24 AC 24 96 28 AA 25 34 D9 F6 24 ED 59 89 58 D7 41 E2 B6 D5 94 33 26 81 6C 53 
[   94354] ch50 r0 a3: AC 08 0A 14 AC 40 85 08 12 4A 39 14 85 22 4A 21 0B 24 22 8A B5 AE AB B7 96 95 D5 5A F9 4D DD 52 
[   94365] ch50 r0 a3: 66 AC 4E AE F7 2D 6A 97 55 B7 6A 5A BA 8D 50 52 55 36 E2 D5 64 92 55 B3 46 A8 BB 0C 9F 7B 49 E3 
[   94373] ch50 r0 a3: 49 48 98 25 35 37 96 94 D1 0A BA 69 A5 1D E5 7B F3 AC BB B7 5D 5D 6D AA AF 69 A9 5A 5F AA A9 EB 
[   94381] ch50 r0 a3: 26 1C B5 B2 A2 85 4D 22 43 5A 4C 5A 94 44 A0 02 55 25 5A 64 B5 A4 8B 14 B5 6C 66 D1 55 56 AB 80 
[   94412] ch50 r0 a3: 25 48 4C 4E 88 20 A7 2A 45 28 B2 52 29 9D A1 56 A3 6F 31 BD 52 29 22 CA DE D4 A9 6B A8 85 56 85 
[   94414] ch50 r0 a3: 54 75 22 55 53 4D 05 09 10 52 09 56 A2 CA 89 2A EA 62 A9 4C B8 69 55 4C C5 56 4C BA A9 B5 D4 A2 
[   94423] ch50 r0 a3: 86 D1 40 2C 56 18 A2 55 12 CA A5 5A B4 D0 84 CA D0 2A 90 91 55 4D 36 A9 76 5E CF 55 5F B7 5D DE 
[   94499] ch50 r0 a3: 98 45 29 4C C5 62 15 22 82 5D 51 4E 69 7A CA 93 BB 5A 76 BA 54 A6 CA E5 05 FB 92 9B 44 60 48 65 
[   94501] ch50 r0 a3: 68 32 4A 92 91 5A 55 24 45 4D 16 95 16 58 74 26 83 9A 22 58 74 AD 2E A0 AC 3B 4B 51 90 0D AA 40 
[   94505] ch50 r0 a3: 99 24 50 55 52 8A A6 AD 29 39 56 88 2C 4D 11 22 45 31 81 AD A4 86 99 14 29 06 15 00 AC 35 12 30 
[   94515] ch50 r0 a3: 95 4A 91 29 85 20 B3 2A 12 0A 49 22 0A 14 95 4A AB 02 64 95 0C 1D 52 56 6B 6E D9 32 5A BB B3 AE 
[   94523] ch50 r0 a3: 97 2E 42 09 2A B4 B4 AD 94 D0 AA D2 28 01 90 C9 2D BE C1 29 98 A2 51 98 91 66 B6 0C 2D BB 12 BA 
[   94544] ch50 r0 a3: 02 29 91 50 D5 4A 52 DB 42 A3 2E 28 E5 60 5D 35 2B 98 41 00 4A 02 34 CA A4 B0 E9 B2 0A 70 35 2A 
[   94545] ch50 r0 a3: 28 A4 59 0A 45 0A 3C 4D 2A 24 14 33 5B 4A 85 92 A8 99 29 A5 2F E2 2D 2E D4 84 AC 55 5D 6A AA D9 
[   94558] ch50 r0 a3: D2 C2 8E AB AD 55 3A 5E DD 2A A6 AD 3A B6 4F B5 54 ED 2A 26 95 4C A6 4A 11 95 08 89 DE 92 44 45 
[   94562] ch50 r0 a3: 6D 33 22 96 51 D5 62 CA 95 05 52 AA 54 AA BA A1 73 41 17 65 B4 AF 4E 16 AD 5B B1 84 59 54 A6 50 
[   94569] ch50 r0 a3: D8 60 51 6D 51 2E 3A D8 CB 6A 44 53 75 16 A2 A4 A2 94 A9 55 55 D5 69 B1 2A AA A9 4A 6A 95 63 95 
[   94584] ch50 r0 a3: 4D 55 19 6D 55 51 12 A9 64 A5 40 32 54 43 26 2D 25 59 6B 4A AA 95 6A 95 25 CA 14 E4 AD 4A A5 AE 
[   94614] ch50 r0 a3: 24 AD 0E CA D5 19 54 D2 EA AB 5A B1 D7 A3 6A 08 A9 52 EA 2A B4 53 97 AF 75 6A 92 B5 65 4B 0D 53 
[   94658] ch50 r0 a3: 55 15 35 35 6E 45 9A D5 56 B7 55 28 A4 EE 4D 7D 38 D4 B7 56 BD 6B 60 B6 DE DB 55 D3 BD 59 D2 A5 
[   94671] ch50 r0 a3: 4B 42 31 50 8B 52 AA 26 88 95 5E DA AB 35 7B 55 6E 8B 55 D4 D5 AA DC CD 65 4E 73 AB 96 95 07 4D 
[   94674] ch50 r0 a3: 6C 2B 4D 6D CB EB 95 62 C1 56 89 62 50 60 1B 28 85 5A 5A AA A5 B2 44 C5 80 0D AA 17 D2 94 B6 6D 
[   94704] ch50 r0 a3: 26 86 C7 CA 6F A6 A1 50 9B 55 54 EA 49 55 4A 95 54 8D F1 42 99 55 57 55 A1 CD 7E DA F5 62 AE 52 
[   94733] ch50 r0 a3: 76 A5 E3 E4 99 5D B5 72 F8 A9 74 E5 EC B5 A4 D5 BD BA A3 F2 C1 32 DE BF CB 6A FD F7 7E EA 4F 8B 
[   94741] ch50 r0 a3: B6 15 52 90 1A AD 15 54 A2 5F D2 AB AC B1 42 8B 8A AD AB 15 30 AC 0A BD 94 2E A7 AA 93 6A 85 12 
[   94756] ch50 r0 a3: CD 51 30 B5 95 B2 A9 B5 50 34 4B 24 AB 40 06 68 49 12 23 EB 63 5B 32 4C 16 D6 82 D2 A1 51 09 06 
[   94756] ch50 r0 a3: DA 78 2A B2 AA AA A4 A9 75 56 B5 4C F5 6C E9 24 01 37 50 C5 DE 3A 6E 5B 9D 8A B5 00 9A 1A 9E A9 
[   94759] ch50 r0 a3: 19 28 25 4D 48 4C 2A 2A 55 4A 95 59 AA 52 0A E9 7A 25 74 56 92 64 48 29 69 99 40 76 AA D5 95 17 
[   94778] ch50 r0 a3: 00 00 00 00 00 00 00 00 00 00 00 00 00 01 3F A8 AF FF FF FF FF FF FF FF FF FF FF FF FF FF FF FF 
[   94809] ch50 r0 a3: 49 4A 14 A5 45 55 29 AA CC 0A B5 80 DB 4C CA D6 C5 29 6A 5A 93 4A 76 B4 1A E8 5A A2 84 CB 4B A9 
[   94813] ch50 r0 a3: 00 00 00 00 00 00 00 00 00 00 00 00 00 5F EA 2B FF FF FF FF FF FF FF FF FF FF FF FF FF FF FF FF 
[   94815] ch50 r0 a3: DA AB 49 5C AD A6 7A FD D4 EB 6A EF EB 2D 57 29 DA 75 73 AF DE A9 9B B8 85 B1 7E EE B2 EB EE DA 
[   94817] ch50 r0 a3: 00 00 80 00 20 00 00 00 00 00 00 00 00 01 3F AA AA BF FF FF FF FF FF FF FF FF FF FF FF FF FF FF 
[   94832] ch50 r0 a3: 22 14 42 A6 40 A0 21 23 44 88 4B 02 39 13 4A 64 95 22 49 10 2A 9A D7 29 62 C4 57 8D 2D 69 47 55 
[   94836] ch50 r0 a3: DA A9 95 76 E3 AD B2 AB AF BE 25 57 55 68 68 DF FB 6B F5 EB C7 DF 55 BE 9E 75 55 65 AD 73 BC DA 
[   94836] ch50 r0 a3: 00 AB 2B 24 40 92 48 49 23 68 16 4D 04 82 26 20 82 A2 96 0A 2A A8 A8 A1 11 15 6A B8 9A 33 E2 2B 
[   94839] ch50 r0 a3: 02 40 04 00 00 01 0A 08 00 00 00 40 00 4F EA 2B FF FF FF FF FF FF FF FF FF FF FF FF FF FF FF FF 
[   94857] ch50 r0 a3: 40 00 00 00 00 00 00 00 00 00 00 00 00 01 7F AA AA BF FF FF FF FF FF FF FF FF FF FF FF FF FF FF 
[   94862] ch50 r0 a3: D5 59 08 82 55 6A A5 34 A5 2D F6 A9 55 52 B7 A0 56 2D AD 55 73 CB 52 AA EA B5 DA 5D 49 5A ED FD 
[   94878] ch50 r0 a3: 6D 44 25 55 24 11 52 6A 41 69 92 B5 52 2C 2A 26 D2 8B 47 49 29 AD 57 BA 2A B5 F7 92 B6 D7 28 EA 
[   94879] ch50 r0 a3: 00 00 00 00 00 00 00 00 01 00 00 02 05 FE A2 BF FF FF FF FF FF FF FF FF FF FF FF FF FF FF FF FF 
[   94881] ch50 r0 a3: 66 92 D1 3B 17 51 73 DA A5 02 BB 54 48 6A 40 76 BF BB FF FF FF FF DD ED FE ED FF FB FF DF FF FF 
[   94883] ch50 r0 a3: 00 00 00 00 00 00 00 00 00 00 00 00 00 4F EA 2B FF FF FF FF FF FF FF FF FF FF FF FF FF FF FF FF 
[   94895] ch50 r0 a3: 52 8C 30 D2 BB 50 85 EE 52 7C B2 6D B0 97 43 2A AC D6 D5 44 80 08 8A A8 45 15 4A CA AA A9 6D 7A 
[   94940] ch50 r0 a3: BB 24 51 85 52 AD 59 8C A0 4A D3 3F 5F 75 AB B6 6B 5E A6 B7 FA AF 47 65 56 AC CD 77 DE FF A5 52 
[   94954] ch50 r0 a3: 00 00 00 00 00 00 08 20 00 80 00 00 00 17 FA 8A FF FF FF FF FF FF FF FF FF FF FF FF FF FF FF FF 
[   94981] ch50 r0 a3: 10 00 04 00 02 00 00 40 00 00 00 00 00 17 FA 8A BF FF FF FF FF FF FF FF FF FF FF FF FF FF FF FF 
[   94988] ch50 r0 a3: 1B 0A 29 12 15 58 2D 55 A9 77 59 A4 26 5A 8A A4 90 25 22 52 66 26 89 66 A3 A2 83 54 AB 4A 50 24 
[   94989] ch50 r0 a3: 52 A0 69 49 22 96 69 64 90 92 AA D3 A5 4D D4 55 55 5B 6D 3F D4 27 1A 92 D4 49 11 53 61 54 D5 A4 

Команды: b (фон), s (скан с нажатиями), c N (канал), r N (0=1M,1=2M,2=250k),
a N (адрес 0..3), f (фильтр), x (XN297 декод вкл/выкл), p (сниффинг старт/стоп), # метка, ? справка
Сейчас: канал 50, скорость 0, адрес 3, фильтр выкл, XN297 выкл, сниффинг выкл

Команды: b (фон), s (скан с нажатиями), c N (канал), r N (0=1M,1=2M,2=250k),
a N (адрес 0..3), f (фильтр), x (XN297 декод вкл/выкл), p (сниффинг старт/стоп), # метка, ? справка
Сейчас: канал 50, скорость 0, адрес 3, фильтр выкл, XN297 выкл, сниффинг выкл

Команды: b (фон), s (скан с нажатиями), c N (канал), r N (0=1M,1=2M,2=250k),
a N (адрес 0..3), f (фильтр), x (XN297 декод вкл/выкл), p (сниффинг старт/стоп), # метка, ? справка
Сейчас: канал 51, скорость 0, адрес 3, фильтр выкл, XN297 выкл, сниффинг выкл
------------------------------
# ON r0 c51

Команды: b (фон), s (скан с нажатиями), c N (канал), r N (0=1M,1=2M,2=250k),
a N (адрес 0..3), f (фильтр), x (XN297 декод вкл/выкл), p (сниффинг старт/стоп), # метка, ? справка
Сейчас: канал 51, скорость 0, адрес 3, фильтр выкл, XN297 выкл, сниффинг вкл
[   96334] ch51 r0 a3: 0A AA AA AA 14 AA A0 0F C5 50 55 48 0D 8A 0A C8 0B 52 48 A9 08 D1 D3 5A 94 E5 AC ED 74 DC AF F5 
[   96342] ch51 r0 a3: 24 A2 50 A4 2A 90 55 55 44 49 4A 02 24 52 A5 02 A0 45 25 55 4A 28 54 24 41 42 15 50 55 51 40 48 
[   96347] ch51 r0 a3: A0 AA 92 85 2A 8A 42 55 42 80 4A A9 0A AA 14 0A 54 AA A2 51 B8 AB 0D 69 01 21 01 55 01 42 49 15 
[   96373] ch51 r0 a3: 82 AA 29 0A AA 44 85 51 55 20 A8 A9 54 82 A0 92 A9 41 4A AA AA 84 0A 95 52 12 52 A9 28 55 54 92 
[   96387] ch51 r0 a3: 25 80 A2 48 11 04 8A A4 20 20 48 88 12 29 76 D0 5B 4A 15 49 2A 26 88 47 32 D5 13 42 64 25 08 52 
[   96390] ch51 r0 a3: 4A FF A3 B6 DF 42 B3 35 A0 EA 58 65 AA E9 6B D2 48 A3 46 D1 22 B6 52 12 47 B9 4A 94 85 52 A2 49 
[   96408] ch51 r0 a3: 94 02 00 54 00 8A 55 42 AA 52 4A 94 A1 51 4A 90 49 48 28 54 85 55 11 55 55 25 04 55 14 20 22 81 
[   96413] ch51 r0 a3: 50 21 50 94 54 AA 8A 20 2A 94 28 14 AA 15 54 40 25 05 51 2A 48 52 15 55 4D 65 58 55 48 09 0A 0A 
[   96421] ch51 r0 a3: 20 55 54 40 12 A8 48 A8 84 55 58 14 00 AA A8 44 90 AA 00 91 55 40 84 28 A2 A9 55 00 AA 84 22 15 
[   96434] ch51 r0 a3: AF 9F A0 01 F5 C1 FF FD 00 01 A1 61 C1 C1 FC 1A 00 01 D0 00 01 F0 17 FF B0 00 1E 00 00 01 FE 1D 
[   96443] ch51 r0 a3: 49 08 48 54 95 0D 04 96 A1 72 61 22 92 2A 54 92 48 44 10 50 AC 4A 11 55 02 98 55 0A 8A 54 C3 48 
[   96449] ch51 r0 a3: 4A 28 85 28 48 82 B1 63 52 0D AD 74 BA B5 2A E4 BD DE B5 49 4B F5 6A 51 3C AC BA D6 12 B6 FA 6A 
[   96480] ch51 r0 a3: 9F 58 06 3B 19 1C AA 51 06 D7 54 4A 81 6C A4 84 46 AB AE A2 3A 8D 8A 25 92 52 A1 69 41 02 51 03 
[   96487] ch51 r0 a3: D5 64 88 14 28 42 28 21 25 A5 14 94 12 32 21 44 91 68 29 20 52 8B 55 08 C8 8A 8A 29 49 0A A2 05 
[   96496] ch51 r0 a3: 55 44 84 0A 89 44 94 00 05 2A AA A9 40 A5 4A AA 54 04 A2 A5 42 15 55 52 89 42 94 21 14 A5 2A 91 
[   96509] ch51 r0 a3: 92 50 A9 08 A5 55 24 0A 44 15 52 40 95 24 A5 55 54 2A 02 94 A5 4A 81 55 55 0A 95 54 80 04 94 95 
[   96522] ch51 r0 a3: 28 2A A9 14 24 82 AA 21 49 29 0A 55 54 15 20 82 80 08 24 89 55 15 44 08 85 10 91 55 49 55 25 28 
[   96540] ch51 r0 a3: 08 50 52 55 45 45 55 54 A9 42 89 52 90 2A 12 50 85 28 0A 14 92 11 52 55 09 05 2A 51 54 95 52 88 
[   96548] ch51 r0 a3: 55 54 54 A2 51 41 54 0A 40 A2 88 0A 90 85 45 05 09 08 15 24 52 95 55 20 52 21 54 84 12 80 05 11 
[   96549] ch51 r0 a3: A9 7A F6 00 1F F9 1F FF E0 00 1D 1E 1E 14 1F C1 E0 00 1E 00 00 1D 01 FF DC 00 01 C0 00 00 1F E1 
[   96561] ch51 r0 a3: 55 55 00 85 45 22 95 0A A9 41 55 55 55 28 24 94 54 4A 05 10 A2 8A 55 05 4A 55 48 AA AA 50 2A A1 
[   96579] ch51 r0 a3: 93 F1 DC 15 52 02 42 12 A2 02 D4 92 2A 13 38 24 44 15 AE FF BD FE FB FD A9 CA 2C 14 65 04 90 AD 
[   96588] ch51 r0 a3: 55 4A 85 55 51 2A 52 55 50 A9 54 D5 28 00 04 0A AA 55 4A AA AA B4 2A 54 AA A2 AA AA 55 24 22 54 
[   96593] ch51 r0 a3: 49 54 05 7C 4F 85 54 80 94 CC AC 80 B5 A4 CA 84 CC 09 11 05 75 6E FD F7 DF 6F FA FE FB D7 B6 FB 
[   96601] ch51 r0 a3: 24 0A 55 2A AA A0 24 4A A9 04 55 4A A5 2A A9 42 AA 04 A4 A0 52 A2 AA 49 52 A8 8A 92 90 55 49 0A 
[   96614] ch51 r0 a3: AA 24 84 55 54 A5 44 4A A8 8A 94 94 A5 4A AA A8 2A AA 81 49 52 82 41 55 04 81 55 4A 55 49 10 54 
[   96619] ch51 r0 a3: 7E 3B 42 AA 40 68 52 55 40 59 92 45 42 66 04 88 82 BA BF 6B FA F5 FF 53 BA AB 6D 2A EB AA D8 B3 
[   96627] ch51 r0 a3: A4 91 42 22 14 95 28 AA 88 42 94 88 AA 02 14 25 41 15 40 84 8A 15 BF A8 00 3F F8 3F F3 80 00 2C 
[   96693] ch51 r0 a3: 15 48 19 05 4A 4A 4A AB 2A 08 55 55 A8 82 AD 54 9D 6A 51 29 AB 40 55 51 11 4A 45 51 2B 50 A2 4B 
[   96723] ch51 r0 a3: A5 4A 04 83 72 55 2A 89 14 A5 00 2B 43 48 8A 56 AA 95 43 7A 5A 9A 5F B3 6D 6A 76 B6 AF D5 AB 22 
[   96787] ch51 r0 a3: AD 9F 6A 6D AA 52 A9 AC AD 56 21 22 E7 09 48 48 99 A7 56 A8 A5 54 AA 32 D6 5D AE B2 E6 AB 2E AD 
[   96853] ch51 r0 a3: 29 2D B2 9A 1A 66 AA 4A A0 94 8A 35 2D 4D C5 6F 58 AA BA AA 15 2E 55 75 4D 4D D2 8B D2 41 36 72 
[   96853] ch51 r0 a3: 12 2A 6E 51 EF 76 DE F5 DE 9E ED D6 FD 57 77 EB 5E DB FF 7A EF 7E B7 7F D6 9C BF 77 5F EB F7 B7 
[   96860] ch51 r0 a3: A1 11 41 12 A5 25 54 40 95 01 08 82 00 80 84 C0 AA 54 B6 01 54 07 7A 99 A6 DB CA 5D B5 75 D7 2A 
[   96945] ch51 r0 a3: 21 15 14 45 4A A9 06 D5 55 7B 52 5A D4 A5 6A B5 55 5B 6A 4A B5 5A 4A 5A AA 2A D5 AD 5A AA CD 95 
[   96948] ch51 r0 a3: 90 AA 94 E7 6D A4 95 5E 5D 69 74 44 A0 15 4C 12 A5 01 52 48 82 64 42 21 51 11 65 65 0A A8 9D 54 
[   96954] ch51 r0 a3: 88 A0 D1 89 96 55 20 B4 90 A9 DE 8B 85 36 6D BB 9B A8 5E CA 5E 55 F3 35 4B 7E 8E FA D7 69 66 A5 
[   96984] ch51 r0 a3: 24 04 5A 28 44 25 22 12 65 54 82 CA AA 54 AD AA A9 30 10 89 49 25 4A 30 02 4E 3D 41 0B 54 A9 2A 
[   96985] ch51 r0 a3: 11 20 A8 68 02 89 6A 12 0B 4A 88 68 5A 2A 50 45 19 54 4A 42 A0 84 09 10 80 22 A6 04 E8 24 02 0A 
[   96988] ch51 r0 a3: D2 82 45 38 2A 81 08 40 45 52 22 12 45 C8 45 55 54 20 24 A8 AA 05 A4 05 8A 26 15 24 52 64 A2 48 
[   97031] ch51 r0 a3: 55 A2 A2 A5 4A D5 55 69 CB 6E A9 4B E8 A9 5B 96 57 26 8A A5 42 A4 35 49 28 8B B4 4D 40 A9 4D DA 
[   97074] ch51 r0 a3: A0 00 05 55 55 50 A0 44 24 2A 05 54 A8 94 B2 AE 7D E0 01 7A E0 DF FC 00 01 D1 D1 D0 C0 DE 0D 00 
[   97079] ch51 r0 a3: A4 2A E2 42 AA A8 A9 4F 8B 58 AA D0 12 14 15 10 16 A4 99 52 51 83 01 31 AA AB 3F DD AB DB 7F B7 
[   97093] ch51 r0 a3: 46 84 D5 A1 60 65 4B 69 99 10 A8 04 D4 87 09 12 90 19 52 68 2A 85 29 42 B9 72 5B 52 11 B4 44 D8 
[   97103] ch51 r0 a3: 56 95 49 55 52 9A 5D 35 25 59 15 5E B5 AA DE EA A4 2A 22 22 AA 02 60 AA 29 6B 51 52 D2 7A CE A8 
[   97106] ch51 r0 a3: 0B 2A 50 A6 50 3B 4A 15 52 29 54 0B 2B 54 94 82 81 26 22 83 20 0D 5A F2 BF 7A BB 3A EE AD E6 4B 
[   97114] ch51 r0 a3: A8 00 55 10 A2 A4 15 55 4A 0A A9 54 25 0F FF C0 01 FF D1 FF BC 00 01 E1 E1 61 C1 7F 1E 00 01 60 
[   97131] ch51 r0 a3: 0A 4A 49 02 8A 95 20 90 A8 A2 A9 42 A9 12 24 48 94 AA 92 28 A1 52 84 40 94 55 54 01 25 15 4A 2A 
[   97140] ch51 r0 a3: 05 15 42 40 A4 54 44 44 A1 40 07 FF D0 01 79 E0 9F FE 00 01 D1 D1 D1 D0 E7 1D 00 00 D0 00 01 D0 
[   97153] ch51 r0 a3: 20 AA 20 10 24 2A A1 0A 01 2A A5 09 50 A2 80 04 28 84 55 44 AA A8 85 42 AA 42 AA 09 40 A5 2A A5 
[   97166] ch51 r0 a3: A4 44 22 01 25 54 A9 54 A2 04 82 AA A9 40 22 95 55 50 A2 4A A1 14 4A 55 52 0A 08 15 42 95 25 2A 
[   97184] ch51 r0 a3: 28 4D 52 21 15 51 20 52 A8 05 10 A9 55 52 A8 95 05 50 94 01 55 12 92 02 80 94 2A 52 90 15 20 AA 
[   97189] ch51 r0 a3: 41 53 0A 44 32 80 6A 4A 56 48 98 0B 4A A2 51 25 08 22 24 08 01 57 20 4A 42 A5 68 4A 15 24 40 A9 
[   97193] ch51 r0 a3: F7 1E 1D 01 E0 D1 FF EF FD FF AD FF FD FF FF FF FA FF FE FF FF FE FF FF DF 5D FF FF FF F7 FF FF 
[   97197] ch51 r0 a3: 50 4A 50 11 25 51 05 45 52 A1 0A 05 14 14 AA 10 2F 8E E8 AA 90 12 10 15 10 14 24 99 52 51 03 01 
[   97223] ch51 r0 a3: 88 15 09 88 1B 81 42 04 41 4C C5 1A DA 69 8B 49 41 A8 B2 A9 85 55 30 31 35 53 A9 CA B7 66 D3 4D 
[   97267] ch51 r0 a3: B4 94 AA A5 D6 CA 58 2A D6 4C 09 5A AB 54 D6 AA F4 0E AA BE A5 0F 94 99 12 E5 45 4A CD 0A 2D A8 
[   97268] ch51 r0 a3: 04 A1 55 08 22 55 52 2A 55 41 0A 55 40 52 81 1B F3 C0 01 FF 89 FF FD 00 01 A1 E1 E1 A1 F8 1E 00 
[   97272] ch51 r0 a3: A9 24 85 55 4A 00 02 94 25 2A A0 AA A2 05 42 51 29 45 12 AA A8 2A 81 42 49 05 49 55 50 20 04 A9 
[   97300] ch51 r0 a3: 48 8A A4 B6 12 8B 4B AB 24 C1 55 72 D5 AA D8 DC A4 84 C9 4A 6B A3 DB 77 EC 5E FB 6A BB 9C 9F 9B 
[   97301] ch51 r0 a3: CB 59 43 1A 6A 6F 52 E0 B3 55 AC AD 45 65 58 43 42 96 DA 52 8A B4 B2 5B 44 61 A4 D9 9A CA FB 4A 
[   97312] ch51 r0 a3: 54 52 95 20 12 55 55 28 12 A0 95 55 24 55 51 22 8A 52 15 4A 94 0A 49 40 55 42 A0 91 28 15 0A A5 
[   97320] ch51 r0 a3: 50 51 44 25 0A 92 A5 28 54 2A A0 25 00 A0 AA 01 08 0A 95 05 25 4A A5 12 54 80 90 A9 49 42 8A 29 
[   97338] ch51 r0 a3: A5 55 44 AA A8 4A 8A AA A1 51 2A 8A 8A 92 85 5E 9D 61 55 20 26 39 2B 20 2B 69 32 A1 A3 02 83 9D 
[   97351] ch51 r0 a3: 21 29 49 00 12 A8 95 48 95 54 AA 40 14 00 25 4A 80 84 AA 25 0A 82 8A 8A A4 50 15 05 2A 52 AE 8E 
[   97354] ch51 r0 a3: 52 95 20 A3 21 45 A5 2D A5 22 94 84 57 25 02 15 12 35 4A A0 20 5A 85 48 84 A2 91 65 56 D0 85 52 
[   97362] ch51 r0 a3: 0C 23 28 C0 89 55 08 52 00 80 31 55 96 0C 42 31 00 93 2A A0 08 10 90 22 89 4A 08 08 2A 48 59 0A 
[   97365] ch51 r0 a3: 9A 90 90 A0 AA A0 25 42 A2 11 4A 00 A5 29 36 2D C2 A3 40 4C 62 54 40 54 D2 45 42 A6 05 85 32 AB 
[   97373] ch51 r0 a3: 44 51 55 4A 0B 74 A1 55 44 24 D0 42 85 05 59 52 48 A9 55 F7 55 55 55 55 55 54 8A 54 41 20 AA 0A 
[   97373] ch51 r0 a3: 81 20 A9 45 41 28 A5 01 2A AA A5 4A 92 AA AA A8 25 08 55 50 52 52 07 AF E0 00 FE E8 F7 FF 00 00 
[   97378] ch51 r0 a3: 10 A4 AA 51 44 A1 48 40 55 55 50 A5 05 45 54 14 05 2A 95 2F 86 70 55 68 09 0B 4A 88 0A 92 48 A8 
[   97386] ch51 r0 a3: AA A2 52 A0 8A AA 08 15 22 90 88 02 05 54 89 02 A8 49 22 A9 4A A2 85 50 80 6A 55 22 25 4A 04 94 
[   97504] ch51 r0 a3: 8A 45 12 04 10 5A D5 40 24 2B 52 0C 86 90 68 56 A4 8D 09 22 A4 22 91 68 C5 48 4C 74 09 19 28 25 
[   97505] ch51 r0 a3: A8 45 00 A0 16 28 11 90 94 A1 C0 20 52 10 A9 D5 5B 5A A7 94 CA 56 D6 AA 98 A9 5B C2 2D D0 A8 BA 
[   97511] ch51 r0 a3: 21 52 51 48 B5 4A B2 AA 2B 49 56 AA D5 5A AD 6D 55 5A AA AA AA D5 4E A1 2A 54 55 02 35 4A 84 94 
[   97516] ch51 r0 a3: 8C B2 B0 12 3A 29 50 29 10 92 A2 B0 29 5A E1 AA 46 45 51 5B 6D ED AE 4A DE 89 58 52 44 A8 6B 61 
[   97523] ch51 r0 a3: D0 AA 76 7B AC D3 7B F2 69 52 AA E9 4D C8 C3 53 7E 4B 5F E7 E9 1A FD 6A 52 88 56 D5 51 FF DF EB 
[   97524] ch51 r0 a3: 84 D0 52 56 AA 84 16 E9 16 06 88 D1 02 14 56 55 12 08 A9 11 6A 0B AA 81 D5 A9 93 AA D1 45 9E A3 
[   97527] ch51 r0 a3: A1 6A AD 2A 94 8C 25 A3 49 49 2C 01 2B D5 DA B6 DB 5A D4 AC 76 B4 ED 6B 25 D6 AD 17 6A EA BC 8D 
[   97545] ch51 r0 a3: 42 2C A0 9A 54 AA 15 59 50 4A AA 4A 44 6D B4 AA 4A 83 46 C1 42 12 A8 95 44 52 21 50 95 4A 36 EE 
[   97554] ch51 r0 a3: A8 52 AD 6A 22 C0 ED 42 35 55 54 A7 AC 35 BE A0 54 D2 15 57 55 2A A5 13 BF 57 B5 45 5F 36 A6 A4 
[   97585] ch51 r0 a3: D5 20 91 84 89 2A 85 50 15 8A 92 AA B2 8D 5D 6A D5 53 2B 5A AB 6A 99 68 FC 22 90 48 AA 95 10 08 
[   97601] ch51 r0 a3: 4A 08 A9 20 A5 4A CA 4A 23 6C DA A4 A4 54 19 44 AB 45 6A 10 24 A8 4A 2C 90 08 12 15 28 40 1C DD 
[   97614] ch51 r0 a3: 40 04 4A 15 31 61 44 22 92 06 A6 32 4A 44 52 50 42 A9 6D 53 45 01 0B 54 C9 52 AB 50 89 42 A9 25 
[   97628] ch51 r0 a3: 5A 83 02 90 15 9B C9 5A A0 52 D1 5C D7 F2 0A 2B 6A E9 6D 53 FA DB 59 E5 95 63 5B 25 4A 4C 51 72 
[   97645] ch51 r0 a3: C2 6D 8B 72 EB 49 A8 A5 AB A9 05 72 A4 98 89 D4 24 A2 04 A5 5A 28 29 6E A4 94 23 50 BA 27 55 28 
[   97680] ch51 r0 a3: BA 41 08 D1 14 CA 80 58 94 51 45 50 C8 02 CC 45 12 C4 4D A5 89 55 10 54 63 95 A9 6E 77 56 E6 94 
[   97699] ch51 r0 a3: 00 95 48 22 95 56 EF 6F 4E EC E6 BE 54 B7 65 DA 5B 45 57 5B E5 5C AB 6B B7 7B AA 6D 50 19 6D 55 
[   97757] ch51 r0 a3: 04 15 08 02 2B 59 02 AD 54 CD 51 28 15 40 96 24 8D 29 51 0A 24 9A 59 21 90 DA 29 72 4A 56 A2 46 
[   97768] ch51 r0 a3: 60 90 28 62 5B 51 21 70 1B 2B 9B BB E5 DB BD 9A F7 75 6A F1 69 AE D6 AA CD 37 6E B5 6A BD E5 C9 
[   97807] ch51 r0 a3: B5 03 02 B4 CC AA 90 05 44 59 46 A4 A1 00 D0 64 52 50 52 49 56 98 62 24 A1 56 AA DE BB CA EC 5F 
[   97838] ch51 r0 a3: AA 22 C0 4A 92 4D 64 50 5A 90 42 A8 88 14 52 25 25 0B 41 24 96 38 95 2A 56 32 95 15 3A 8A 0D A5 
[   97870] ch51 r0 a3: 80 48 12 00 00 28 AA 52 54 8A A0 00 55 50 95 55 45 55 22 0A 12 44 E8 96 4A 50 15 45 55 55 29 29 
[   97888] ch51 r0 a3: 54 00 54 54 A4 89 29 50 52 55 21 55 54 AA 95 05 28 92 A3 C3 BC 2A B4 06 84 85 64 05 8D 24 54 8E 
[   97911] ch51 r0 a3: 68 78 7E BE FF FF EF FF FF FF FF D7 FF EA AA 96 A5 77 6A 52 B4 A9 53 4B 17 52 E4 5A D6 92 25 F5 
[   97914] ch51 r0 a3: 23 28 AA AD 64 15 51 00 84 55 55 44 94 94 AA AA 15 05 55 25 08 16 20 A5 A2 8A 4C 40 86 84 48 AA 
[   97921] ch51 r0 a3: A0 88 84 80 40 44 02 10 51 05 68 20 23 50 11 95 81 60 20 B8 A8 00 34 86 08 00 10 00 80 08 09 12 
[   97927] ch51 r0 a3: 54 95 2A 12 27 BF AF F9 D5 7B 5B 57 7B 72 D5 F5 A9 53 55 A8 AB 3A AA AA DA 95 4A 94 AA AA AA EB 
[   97929] ch51 r0 a3: A0 AA 22 AA D5 46 8B 55 55 52 AA 95 55 5B 29 28 B7 54 D5 54 AA AA B5 55 2B DA DB 7B BF AB FF 5B 
[   97941] ch51 r0 a3: B2 A8 01 12 44 88 55 14 28 A2 AA A5 55 54 A1 49 45 55 57 55 50 55 59 40 55 2A 85 4D 52 52 89 25 
[   97941] ch51 r0 a3: 85 55 54 AA BF 1D E1 55 A0 36 3C 2A A0 2D 69 32 A4 73 07 88 73 5F 9F AD BD DB FF D5 69 4A A4 8A 
[   97947] ch51 r0 a3: 94 42 8A A5 AA 68 2D 49 6F D6 F9 B5 53 AF 95 37 52 B6 BB 55 76 CD F5 54 AA AD 7E DA 69 79 76 AB 
[   97953] ch51 r0 a3: 43 28 AA 08 52 01 12 09 20 AA 41 50 81 11 29 44 10 12 24 12 A5 5B B5 56 9A DB 56 AA AB 9A AA AA 
[   97954] ch51 r0 a3: 54 A9 51 55 41 55 4A A9 55 51 48 AA 95 4A A5 55 55 54 55 55 4A 95 05 54 29 55 55 52 91 2B E3 BC 
[   97957] ch51 r0 a3: 09 10 90 41 49 08 6A AA 95 35 52 8B 65 0A 92 7F 7C B4 14 F6 8A A2 B5 4D 52 16 E7 54 50 89 15 44 
[   97959] ch51 r0 a3: A3 10 2A 40 15 25 45 29 2A 55 25 5A 5A D5 4A AA B5 51 AB 36 A5 D6 68 48 51 4A 22 42 12 32 94 82 
[   97965] ch51 r0 a3: 4A 15 6A 44 25 50 22 A5 25 4A AA AD 55 5A AF 69 9A AF AD 6D 94 10 C5 49 5A 16 56 86 A9 75 6A 22 
[   97973] ch51 r0 a3: 09 22 2B C8 02 24 4A A4 08 9A B5 55 55 55 2E 55 55 52 92 35 56 AE AA 54 D5 75 5A AA 55 55 08 A9 
[   97977] ch51 r0 a3: 95 5A AD 49 55 14 AA 92 CA 54 10 21 48 AA AD 52 A9 49 48 50 49 4A 55 45 49 52 95 4A A4 CA AA 95 
[   98011] ch51 r0 a3: 89 41 4A 95 05 55 0A 45 52 0A D4 20 52 04 15 50 25 49 2A 2A 10 82 52 52 15 55 4A AA AA AA A5 FF 
[   98029] ch51 r0 a3: 12 AA AA A1 24 AA AA AA 09 2A AA 94 94 A5 55 2A 91 4A 55 55 55 44 55 55 55 4A 95 29 5C 77 85 54 
[   98034] ch51 r0 a3: 45 42 12 28 92 90 4A 4A 48 25 84 54 42 92 51 22 05 55 49 51 52 B5 0A A4 4A AB 2C D6 AB 55 55 25 
[   98038] ch51 r0 a3: 55 48 88 29 60 A8 55 2A A2 85 2A 05 4A C4 4A CA A5 AA 90 AA C5 92 D2 2A 48 50 2A 90 A1 54 92 A2 
[   98042] ch51 r0 a3: 25 54 A0 48 8A AA AA A5 28 90 AA 24 2B 6A 49 4A 2A A1 00 90 84 52 AA 42 A8 88 94 95 25 51 55 55 
[   98045] ch51 r0 a3: 10 04 04 14 96 D2 A0 08 95 1A 52 A9 12 A8 88 55 01 48 22 08 96 15 44 21 40 42 AC 88 51 D1 24 52 
[   98051] ch51 r0 a3: 11 28 A7 F7 E0 01 FF 61 FD FC 00 01 C0 E1 71 E1 E6 0E 00 01 50 00 01 D0 17 EF E0 00 16 00 00 01 
[   98074] ch51 r0 a3: 84 40 22 50 24 09 52 68 08 00 1A A0 22 85 00 AA 90 91 45 4A 92 AA 51 05 58 12 AA 51 12 50 85 0B 
[   98078] ch51 r0 a3: 93 BC AB 44 22 D2 94 95 16 45 1D A5 DD 4B 61 12 14 52 DA C8 55 15 67 14 A5 05 A1 46 BD 01 96 C6 
[   98081] ch51 r0 a3: 82 A4 28 81 04 15 51 22 54 08 15 55 14 95 42 08 52 95 44 29 54 54 A1 55 55 01 21 70 EE 0A A9 01 
[   98090] ch51 r0 a3: 55 44 94 55 00 90 54 55 2A 88 55 7F FE 80 0F FC 1F DE E8 00 0D 5D 0E 1C 1F 61 D0 00 0E 00 00 1D 
[   98108] ch51 r0 a3: 55 14 4A 84 A0 A5 55 54 85 50 85 25 55 49 28 25 54 14 84 A4 24 A4 00 88 0A 11 22 28 15 09 57 E3 
[   98116] ch51 r0 a3: AA 51 05 11 55 52 A4 84 05 12 09 29 08 AA 60 40 92 AF 7C E0 00 FF E8 F5 FE 00 00 E9 D0 D0 D0 BE 
[   98133] ch51 r0 a3: 82 49 48 1B 28 85 0A 95 59 2A 13 6A 0F 64 82 55 40 80 29 AD 5D 51 49 52 AA B5 56 B5 04 AA 45 01 
[   98135] ch51 r0 a3: 90 A4 4A 94 45 A9 51 25 55 54 AA AD 50 D2 A1 56 A5 5A 4B 49 5F BF 53 4B 0D CF B6 DA AB 75 77 BE 
[   98140] ch51 r0 a3: B1 14 91 69 52 48 84 04 28 25 54 52 B6 A8 A2 25 44 56 15 62 95 04 29 44 B4 A0 42 1A 41 41 52 AA 
[   98160] ch51 r0 a3: 8A 24 20 80 95 24 10 AA B9 54 A1 AA A9 0A 0A 85 44 42 AA B6 AA 95 5A 4A D5 55 6A D5 54 91 5B 2A 
[   98161] ch51 r0 a3: 95 4A 09 52 50 01 AB 04 A0 02 82 A5 56 A6 D0 A1 05 2A D4 22 94 9A 59 15 48 2A 12 95 56 AD AA A5 
[   98208] ch51 r0 a3: 28 8B AA CB 32 C4 8A 24 2A 89 55 6B CA 2A D3 A9 5A AD 4A AD 69 2E BB 4D 57 6A A9 2A C2 55 CA 6A 
[   98227] ch51 r0 a3: 20 04 92 4F A7 6F F6 1A AD 04 AB 48 ED 61 A2 C2 9C 72 55 D4 0D 96 58 29 63 5A 46 D2 EC 61 4D DA 
[   98229] ch51 r0 a3: AA 45 01 22 8A 42 12 92 A9 41 51 44 11 49 6B 56 AD 4B 2A 8A 94 AA 52 84 AB 52 AB 2A A9 4C 95 56 
[   98244] ch51 r0 a3: 11 22 4A 5B AC 08 08 51 08 A2 2A 10 4A 95 05 6A 45 01 56 B5 12 AA 8A A9 55 2A AA AA A9 1B 2B 51 
[   98247] ch51 r0 a3: 2A 12 0A 25 45 A5 AA AA 8A B4 94 AE ED 52 AA DE AA C9 59 5A AA 52 AA A2 52 95 41 50 C2 40 94 95 
[   98254] ch51 r0 a3: 08 40 2A 2B 50 92 8A D0 94 AA AD 64 B1 55 55 0C 12 52 02 62 AB 5A 92 9A 21 12 AA AD 55 45 54 90 
[   98258] ch51 r0 a3: 40 A9 64 04 05 54 41 2A 52 80 AA AB 4A 52 A1 00 20 11 20 55 55 55 55 56 5A AD 6A D5 AE 92 AD 56 
[   98263] ch51 r0 a3: 28 4A 15 12 52 92 2C D1 16 3A 4D 52 5A 56 AA B5 6D 4A AA AD 6D A6 6B 56 AD 65 53 40 82 89 BB 29 
[   98265] ch51 r0 a3: B5 49 44 68 4A 24 82 2D 52 54 45 4A D5 6A D9 52 51 2A AB 55 4A AA CA A5 AA 92 AA 92 AE AC AA AE 
[   98269] ch51 r0 a3: AA 54 96 92 B2 15 5A D6 AA 95 61 6A 2D AC A9 54 A9 A9 2A 51 51 5A AA 96 AA D9 51 55 55 77 52 AA 
[   98279] ch51 r0 a3: 7F 7D A7 6D DA A4 8A 4A 42 52 55 29 55 90 2A 84 10 51 48 08 A5 0A 51 12 48 25 29 51 42 54 A9 6A 
[   98292] ch51 r0 a3: 57 C8 A5 D6 A2 29 16 A2 52 65 45 15 23 6A CB 95 B5 5D 55 6A B5 39 D2 ED BB CE AA BE AB EB D5 5E 
[   98321] ch51 r0 a3: B5 14 02 55 12 A8 B5 44 C8 C0 40 A5 2B 3C 4D A4 58 14 0B 3D 28 91 DB 5E EB 2B C9 DD 47 6A B5 AE 
[   98331] ch51 r0 a3: 55 5A AB D1 25 55 2A 4B 64 D8 AA 44 A9 4A 14 50 15 5B 6A 89 14 A4 C2 84 92 92 48 55 6D A4 AA A0 
[   98363] ch51 r0 a3: 51 32 A2 23 56 4A 73 22 C2 44 A8 15 35 28 88 2A D2 49 15 44 11 4A 54 93 55 6A B7 5A F5 AB 56 CD 
[   98367] ch51 r0 a3: 84 54 28 B1 05 50 52 10 92 90 89 A5 22 42 99 D1 82 55 2D 30 D4 AD 54 96 A4 AA 4A 4A A9 55 95 55 
[   98372] ch51 r0 a3: 94 84 52 48 85 24 81 54 95 52 52 95 54 AA 6A B5 AA AA 5A AD 2A 52 55 32 AA D2 9A 96 55 55 52 5A 
[   98383] ch51 r0 a3: A4 2A 9B 36 DD DE 9F 7E 48 EB F2 D0 C3 B7 6B 81 29 45 45 6A 85 2A 89 48 AC 89 5A 4A AD 5B 2A AA 
[   98385] ch51 r0 a3: A9 12 4A 91 55 29 92 AA 93 A8 D4 49 4A 8A 92 A1 2A A5 49 4A AA 54 AD 32 52 A0 A9 29 55 55 55 54 
[   98436] ch51 r0 a3: 11 54 56 AA AA D5 2A 24 A6 91 2A D5 52 55 59 4A A5 55 99 84 A8 AA 55 4C A9 2A D2 93 20 25 09 45 
[   98443] ch51 r0 a3: B5 12 92 4A 94 09 51 55 6A AD A5 55 55 4A AB 69 4A 82 AA 54 B2 A5 57 55 AB 52 AA AA AF AA 52 A5 
[   98445] ch51 r0 a3: 55 55 6D 2B 7A B6 AA AA 14 6A 8A 95 6A 45 51 50 14 B1 6A AB 55 2D AD 2A 94 00 A4 95 25 05 50 09 
[   98449] ch51 r0 a3: 12 55 21 58 AA 95 55 8C 5A 85 55 AD 56 A5 25 08 51 55 5A 2A 92 D2 00 65 50 11 55 29 54 0A 55 85 
[   98449] ch51 r0 a3: 8A A5 75 12 48 40 C4 0A 92 82 90 92 81 46 94 92 22 89 52 86 12 9D 22 45 A4 A6 25 29 26 A9 56 50 
[   98456] ch51 r0 a3: 4A 89 4A 60 13 51 42 29 20 8D 12 A0 21 22 A4 42 12 6B 44 59 A4 5C A1 10 82 AA 4A 82 23 29 45 0A 
[   98460] ch51 r0 a3: 54 92 24 AA 55 55 55 55 55 65 55 55 4D 49 52 D2 4A AA B6 AA AB 53 12 AD 55 69 52 A9 54 D5 46 AE 
[   98469] ch51 r0 a3: 21 04 95 14 AA 25 5D BC AF 5D 56 F5 75 AD F1 02 98 A2 64 A5 6C 48 C1 24 94 84 28 90 92 D0 12 84 
[   98471] ch51 r0 a3: 85 2A A8 82 A5 24 A4 A1 81 04 55 05 42 AB 62 A5 48 A9 2A 85 54 8A A2 82 A8 D6 AA AA AA AA AA D5 
[   98478] ch51 r0 a3: 82 00 08 82 92 45 65 55 55 52 C4 AB 55 45 55 5A 85 22 01 15 40 14 AA 20 04 5D EB D7 7A FF EC 85 
[   98479] ch51 r0 a3: 02 61 0A 0A 12 A1 20 A0 04 8B 46 AA 81 50 93 40 50 A5 29 08 8C 25 2A 28 D5 89 4B 52 6D 55 55 38 
[   98507] ch51 r0 a3: 20 A8 AD F7 5E AE D7 DD BB D7 FF ED D6 F6 EB FD 5D BE DB 6E FD 5B 9D BA DF FE DD 76 FF F6 FE B6 
[   98532] ch51 r0 a3: C4 20 55 04 A5 55 15 A2 56 95 AD DB 3B F4 AD 2D 63 A6 4A AD 2A B6 A9 49 9C EB B2 EA D0 D8 54 59 
[   98536] ch51 r0 a3: 90 55 55 AA AB 56 A5 2A A5 4B DA AB D6 B5 6A AD AB 55 55 2D 55 AA D5 4D 51 5A AA AB 4B 6A D5 B5 
[   98552] ch51 r0 a3: 08 51 2A A9 74 AA AA AD 54 9C AA AA AF FF DF AE C5 56 D5 4A 99 B4 9D 11 15 25 55 6C 8A 2B 52 22 
[   98554] ch51 r0 a3: 50 84 12 84 A4 8A 50 55 9A 55 52 56 2A 9A 55 56 5D 4B 55 8A 54 48 2B 2A AA B6 AD 56 DD 4E FE FF 
[   98561] ch51 r0 a3: 41 55 14 02 55 42 26 29 15 55 A9 2A 54 AC D5 A2 B5 56 99 2A 51 50 94 59 52 90 F7 F3 F7 FB 3D FF 
[   98608] ch51 r0 a3: 95 44 29 42 45 48 A1 20 94 95 52 A5 48 14 2A 55 50 55 55 52 55 50 A8 A0 8A 88 82 49 55 12 2A 92 
[   98612] ch51 r0 a3: 21 55 15 48 82 00 0A 22 A4 A4 54 0A A5 54 45 54 AA 11 54 A2 AA 52 85 54 00 20 20 55 55 45 55 54 
[   98621] ch51 r0 a3: A0 52 8A AB DE F8 00 3A F8 3F 7E A0 00 24 2A 3C 3C 3F 83 40 00 3A 00 00 34 03 7F E8 00 02 C0 00 
[   98625] ch51 r0 a3: 28 2A 54 A2 85 0A 54 95 28 A5 49 24 08 40 52 45 55 55 42 52 8A 42 82 54 05 55 29 48 4A 2A AA A0 
[   98634] ch51 r0 a3: 51 54 80 57 82 14 80 4A 84 20 A0 81 4A 04 95 4A 55 41 04 84 AA 41 52 55 55 55 4A A0 85 41 54 15 
[   98640] ch51 r0 a3: A0 2A 51 52 D6 AA BA 95 55 59 54 A9 52 AA 5A A5 7B 64 65 72 CA 57 65 5D 35 51 55 29 2E FC 8A 2A 
[   98641] ch51 r0 a3: 62 45 12 54 94 44 95 15 5B 55 55 52 D6 D5 5B 55 56 AB 4A A4 D5 35 52 57 14 AD 54 92 95 2A 28 62 
[   98649] ch51 r0 a3: 85 15 42 55 55 B5 AB B5 AA 12 08 49 14 51 28 10 8A 90 90 0A AA 04 15 09 04 90 40 22 24 54 B5 6A 
[   98653] ch51 r0 a3: 52 2A 45 25 5A 50 AB 44 AA 52 D5 51 42 29 1D 44 A8 34 B5 4A 28 94 02 03 25 C8 A2 A6 06 76 AA 52 
[   98657] ch51 r0 a3: 41 2A 41 10 4A 80 A5 26 2A 2C 9A 82 A4 20 0D AA 41 49 65 AA BA A0 A9 22 BA 49 56 DA 95 52 AA A9 
[   98664] ch51 r0 a3: 51 12 A5 1A A2 A4 81 15 56 AA A8 A9 55 6A AA AA AC AD 5A AA 95 6A B5 6A 56 AD 6A AA 4A 82 52 9C 
[   98671] ch51 r0 a3: 20 0A 8A 4A 91 52 A2 96 A5 15 4A 28 4A 88 B2 E8 A4 53 54 AC A8 95 12 86 4A 55 35 55 49 6A A4 25 
[   98675] ch51 r0 a3: 24 94 95 A5 49 92 51 61 2B 25 16 85 48 A9 56 04 54 90 C4 0A 2C 52 16 89 5A 92 82 0B 13 4A BF DB 
[   98685] ch51 r0 a3: 18 E8 45 01 44 A8 A5 4A 55 48 99 D4 A1 65 AD 54 25 54 D2 A8 08 A6 77 EA 4A 1A B2 83 D6 CB CA 2C 
[   98686] ch51 r0 a3: A1 68 9A 2A AE B5 46 AA A5 84 A9 22 D0 55 0A 95 29 2A 29 4A AA 42 8A 80 48 92 AA AA 94 A4 AA AA 
[   98691] ch51 r0 a3: 57 54 90 A8 51 40 AA AA A5 42 AA A8 82 54 54 2A A0 15 55 29 12 92 AA 2A 90 AA A0 24 AA A4 81 51 
[   98700] ch51 r0 a3: 45 02 A9 42 05 0A 2A 88 AA BF CF C0 07 AF 87 E7 F4 00 07 47 45 87 47 A8 74 00 07 40 00 03 40 3D 
[   98739] ch51 r0 a3: 02 51 5A 11 45 2A 95 50 00 0A B6 B5 2A D5 67 AA F3 2D 76 7F D9 BF AD BF 76 B5 B7 AA AB 54 80 52 
[   98743] ch51 r0 a3: 42 11 01 00 10 29 55 29 24 50 2A 84 12 A9 49 42 45 50 A4 95 14 A9 20 AA A2 0A AA 49 12 55 4A 05 
[   98760] ch51 r0 a3: 40 EA A4 A4 4A AA C8 6B 49 AA A9 55 1C 95 12 54 22 CC 42 24 40 CA 58 46 21 0C 42 20 AA 81 44 54 
[   98761] ch51 r0 a3: 49 11 22 92 2A 46 5A 90 05 21 1A 09 84 22 AA 8E C8 32 A8 CA AA 95 09 09 15 11 A9 2C 64 A5 52 15 
[   98762] ch51 r0 a3: 05 4A 82 0A 2A 55 28 42 02 08 90 A9 52 21 24 41 55 50 92 A8 A0 95 50 02 92 04 2F FF 80 01 FF C1 
[   98788] ch51 r0 a3: 95 22 E9 55 2A A8 A4 A8 A9 12 AA 88 AA AA 84 4A AA 92 84 A1 48 04 A2 55 55 55 52 AA A1 54 AA A5 
[   98793] ch51 r0 a3: A9 4A A8 AA 42 AA A5 4A 15 54 AA 14 A5 49 57 C6 58 55 48 09 09 4A 88 0A DA 42 A8 44 92 C9 00 55 
[   98801] ch51 r0 a3: 00 15 55 49 4A A0 2A AA 25 09 51 45 00 22 AA 55 51 28 01 08 0A 12 09 55 0A 94 A8 13 51 24 95 01 
[   98802] ch51 r0 a3: 85 7F FC 00 1F FC 1F FF 80 00 1D 1A 1E 17 1F C1 C0 00 1C 00 00 1E 01 FF ED 00 01 E0 00 00 1F D1 
[   98827] ch51 r0 a3: 28 0C 92 AA A5 25 02 51 4A 85 01 55 45 42 95 52 A4 81 49 09 52 2A AA 52 84 89 54 29 54 A8 48 00 
[   98842] ch51 r0 a3: 88 04 E9 BE AD 7E A2 7A B5 3B 2D 7B AF FF FE BF 56 85 92 B6 AD 6C A2 AA 6C 2A 52 55 D5 34 A4 A4 
[   98846] ch51 r0 a3: 81 79 5B 15 52 02 62 92 B2 02 C6 93 2A 11 37 32 40 15 5D FE 57 AF DF BF 5F BD EB FE DE BF 77 F6 
[   98859] ch51 r0 a3: 48 52 A9 42 44 28 A8 11 54 97 0E E0 AA 90 13 14 95 50 15 24 91 50 C9 25 53 00 AA EB DF DF FF FE 
[   98862] ch51 r0 a3: 12 A0 82 92 44 82 4A 4A A8 C5 77 6C D5 2A D7 4A F6 FC DA D5 AA DD AF AA AA BA E4 AE E1 1D 6B 6A 
[   98873] ch51 r0 a3: AA E5 CD 67 0B 0C 54 EA B3 B5 4A 51 6A 12 D8 92 AA 99 EB 5A 7A C5 96 B3 15 A9 57 2D AE A7 D2 57 
[   98877] ch51 r0 a3: 86 A5 68 53 45 0A E3 05 AA C1 25 54 E4 51 A6 49 4C 91 29 56 94 2E 44 A2 84 5C AA DD DE 83 64 25 
[   98880] ch51 r0 a3: 55 52 28 81 55 15 45 51 4A 85 15 4A 50 8A 95 50 52 41 51 24 4A A8 52 54 54 01 48 0A 55 10 00 04 
[   98893] ch51 r0 a3: 15 05 50 12 B4 AA A9 25 54 A4 91 59 02 D3 2A 2C F5 AA B7 EA AA AA AA 80 2A 4A A8 AA 89 54 11 48 
[   98898] ch51 r0 a3: 49 45 55 55 04 20 22 95 54 90 94 80 2A 52 42 15 45 55 51 22 54 10 25 02 A8 14 A9 42 A1 25 40 09 
[   98909] ch51 r0 a3: 91 1C 48 A2 D1 2A 50 4A A9 88 A4 90 44 21 40 4A D4 89 11 96 4A 34 85 14 21 59 52 4A 8B 42 91 51 
[   98940] ch51 r0 a3: 89 49 A6 B4 72 AA 95 55 8D 96 9D 4A A5 56 69 AD 69 32 56 09 AD 9B 5E B2 C8 AC 5E AD CB CA B6 FE 
[   98958] ch51 r0 a3: 08 52 2A 9C 22 06 15 05 38 24 02 00 A0 A5 2A A2 5F A9 9E E6 CD 25 6D 55 35 50 4C 6A D6 2A 5A AA 
[   98973] ch51 r0 a3: E5 AA 28 A4 85 3A B9 34 52 6A 81 51 A5 49 0D 27 2A B5 4D 48 B3 55 8B 5A 8D 57 35 B3 EC C8 52 AA 
[   98998] ch51 r0 a3: 9A 64 F5 60 6A 4A A9 6A B1 55 B6 D5 9D 9B 6A 23 2B 28 55 72 D2 80 55 D9 62 49 D5 29 2A D4 A8 4A 
[   99006] ch51 r0 a3: 00 00 00 00 00 00 00 00 00 00 00 00 00 00 00 00 00 00 00 0E 18 AC 00 24 80 6A AA 69 1A 52 45 6A 
[   99010] ch51 r0 a3: 2E A9 43 14 92 A4 69 56 49 6A 39 5A 24 A8 CA 91 48 94 6A 35 2A A4 D7 62 55 06 53 52 94 84 15 55 
[   99056] ch51 r0 a3: E0 A1 03 42 43 55 A4 44 8F 0A A4 2A BA 55 76 C9 56 D4 4B B4 D8 D6 AF A6 EB 5B 5C BD FE BD 3F 7E 
[   99073] ch51 r0 a3: 8B 25 1A AA 22 0C A6 52 2B 11 06 2A 00 40 20 28 10 40 80 2A A9 55 4A 90 CA 45 2B 7B C6 B2 08 AE 
[   99076] ch51 r0 a3: 64 A3 15 00 95 25 2A AD 65 56 24 A4 2D 65 11 44 3A 37 45 A5 0A B5 B5 6B 7E 05 14 10 94 89 DC 62 
[   99107] ch51 r0 a3: A8 28 94 90 84 25 20 88 6A 23 20 A5 42 A4 90 45 41 4A 10 A5 31 48 92 44 0C 85 A3 50 05 00 A2 04 
[   99112] ch51 r0 a3: 5C 95 45 B4 05 A8 95 40 54 45 6A C9 55 89 AA 9A 4A 8A A2 AE E5 2B 63 A9 5A DA 69 B9 64 92 A5 A5 
[   99127] ch51 r0 a3: 92 A5 B5 55 43 2A CA CC 4A 5A 90 4A 8A 08 9B 4A B5 15 52 95 2D 76 45 82 83 10 94 4A A5 01 00 98 
[   99171] ch51 r0 a3: 87 53 D2 52 A8 82 A4 B9 44 D1 55 5C 17 AD 55 8A 55 66 15 4B E9 56 A9 24 B4 A9 BA D2 8E 94 8A D6 
[   99186] ch51 r0 a3: C2 0A 25 A4 AB 2D 58 A3 40 16 50 A8 10 A8 93 28 14 A4 4A 89 06 55 14 58 94 D4 5C 85 94 AA 7E 87 
[   99192] ch51 r0 a3: 68 2A AA A0 AC 12 75 52 59 19 54 FE FB 4E B8 8F 3F 4E EB 52 96 6B 56 AC AA 53 CC 9D 49 DE 69 6A 
[   99209] ch51 r0 a3: A2 92 0A 54 C3 AA C9 5A 0E 96 2C AE 4A 65 57 AA 59 20 D5 28 F6 85 25 75 B4 C6 E3 89 75 61 35 AE 
[   99214] ch51 r0 a3: AB A5 A6 9D 5E FA B1 64 81 76 D3 A8 BF EE DE BA 93 49 EC C5 AA BE E6 A7 77 91 5F 3D 58 F7 A7 2D 
[   99255] ch51 r0 a3: 0A 8A 00 08 8A 13 23 10 02 80 21 10 32 D1 00 99 46 24 22 4A 24 84 54 AA 0C 88 22 A0 63 49 02 14 
[   99261] ch51 r0 a3: 45 29 4A 34 B7 A5 4F 55 31 03 B4 A8 59 AA 08 6B 89 5C A2 AA 06 25 4A D0 A0 AA C6 A2 0E 5A A4 75 
[   99270] ch51 r0 a3: 0D 41 28 00 51 09 8A 0A 11 CA 6A 25 AB 29 22 95 48 12 AB 57 52 51 9A AC 52 A5 25 0D 55 65 E4 D4 
[   99290] ch51 r0 a3: 5A 45 20 54 69 05 4B 44 D4 51 92 AA 74 97 30 8A 33 2A 0E AA A8 6A 15 A1 4A 04 A8 54 86 AC A1 6A 
[   99316] ch51 r0 a3: 01 44 42 EA C0 90 89 54 A5 06 A4 85 24 18 22 45 04 48 91 5A 92 21 2F AB 64 56 E9 D5 5B 05 D5 95 
[   99340] ch51 r0 a3: 8A AB 8D 06 32 21 04 91 66 30 49 46 A2 50 16 A2 A4 A2 54 AB 21 35 B0 0A 93 A6 A7 08 92 96 36 A9 
[   99348] ch51 r0 a3: A8 45 00 02 08 0A 04 12 94 08 00 02 18 00 10 00 41 02 A0 0A 0A 4C 09 40 4A 08 2C 8C 04 44 12 40 
[   99353] ch51 r0 a3: 05 49 52 55 29 40 A4 09 08 11 52 2A A8 2A AA AA AA A5 56 D5 34 54 AA 4A A8 BA 54 6A B5 55 29 4A 

Команды: b (фон), s (скан с нажатиями), c N (канал), r N (0=1M,1=2M,2=250k),
a N (адрес 0..3), f (фильтр), x (XN297 декод вкл/выкл), p (сниффинг старт/стоп), # метка, ? справка
Сейчас: канал 51, скорость 0, адрес 3, фильтр выкл, XN297 выкл, сниффинг выкл

Команды: b (фон), s (скан с нажатиями), c N (канал), r N (0=1M,1=2M,2=250k),
a N (адрес 0..3), f (фильтр), x (XN297 декод вкл/выкл), p (сни��финг старт/стоп), # метка, ? справка
Сейчас: канал 51, скорость 0, адрес 3, фильтр выкл, XN297 выкл, сниффинг выкл

Команды: b (фон), s (скан с нажатиями), c N (канал), r N (0=1M,1=2M,2=250k),
a N (адрес 0..3), f (фильтр), x (XN297 декод вкл/выкл), p (сниффинг старт/стоп), # метка, ? справка
Сейчас: канал 52, скорость 0, адрес 3, фильтр выкл, XN297 выкл, сниффинг выкл
------------------------------
# ON r0 c52

Команды: b (фон), s (скан с нажатиями), c N (канал), r N (0=1M,1=2M,2=250k),
a N (адрес 0..3), f (фильтр), x (XN297 декод вкл/выкл), p (сниффинг старт/стоп), # метка, ? справка
Сейчас: канал 52, скорость 0, адрес 3, фильтр выкл, XN297 выкл, сниффинг вкл
[  100708] ch52 r0 a3: A9 25 77 A2 A6 CB 19 DA CC 6A AF 34 99 45 45 2C 2B 73 4D 5A C1 A2 2B 29 4C A4 A9 17 69 4A 89 69 
[  100729] ch52 r0 a3: F3 FF AE FB 6D BA 7A B2 A5 5B F9 73 75 7D 7E BB FD 1F D7 76 EE F5 34 D5 51 2A 45 4A A4 D4 A8 2E 
[  100733] ch52 r0 a3: 02 88 D2 40 44 62 50 94 90 00 A8 13 56 8D 89 44 22 D4 2C 49 42 49 28 26 AA F2 32 DA 8E AD B1 A3 
[  100757] ch52 r0 a3: 10 92 02 0A 40 89 91 A0 A0 24 04 04 81 21 40 04 12 94 51 16 AD 08 AA 28 90 92 90 21 4A AA DA E6 
[  100766] ch52 r0 a3: 01 98 10 22 50 04 D0 88 B0 03 3D 47 9E BB BF EA DE 2B 6D 3F D1 D6 DF CC CF 47 18 A9 DA 6C A9 AD 
[  100775] ch52 r0 a3: 22 B1 8D 44 59 0F 65 2E B3 5B 99 0B 6F 2A E8 CA AD A7 66 65 54 E5 B2 B7 D5 19 5B 61 AA E6 AA 9A 
[  100813] ch52 r0 a3: 88 01 00 00 40 08 00 40 00 20 08 00 04 20 00 00 10 00 41 08 02 40 00 00 90 08 9F F6 B9 DE B3 0F 
[  100823] ch52 r0 a3: 28 24 57 34 86 8B C2 C0 25 D4 AB B6 AD 55 52 C8 56 32 57 61 A6 A0 0D 6A 6B 15 64 43 56 B5 96 9A 
[  100883] ch52 r0 a3: 12 80 A6 D0 A8 AA 28 03 AA 4D 2C 37 77 7B AD CC EB 76 BA EA FB B3 AE B5 B5 7D AB A2 AA D3 7B AE 
[  100963] ch52 r0 a3: 82 2A A9 55 6A 2B 11 48 4D D5 49 B2 AB 55 4D 56 4C B5 6A 2E 59 5A A8 AB 1D 67 64 B3 2A AA 65 6D 
[  100967] ch52 r0 a3: 00 54 00 02 02 A0 12 2A 00 10 00 02 92 42 A8 00 A2 AA 02 94 10 14 15 54 02 A4 A8 00 25 54 14 05 
[  100967] ch52 r0 a3: 90 09 29 55 2A 84 94 82 AA A7 AA AD 32 B5 AA 2E 5A 94 6A A6 9D 62 86 E9 6C BD 76 EC 99 5B 96 97 
[  100974] ch52 r0 a3: 02 01 08 00 23 54 A4 A8 50 A8 9A 4A 99 55 28 C4 09 22 B5 02 98 94 AA 2A 89 85 19 60 BD 2E 8A AD 
[  100982] ch52 r0 a3: DA 74 94 68 2A C1 B5 4E 61 C4 25 12 92 50 56 2B 92 9D 22 24 24 48 8D 44 85 52 88 2F 2D DD 57 5B 
[  101015] ch52 r0 a3: D5 44 55 24 AB 4E DC D6 2A AD A5 D3 54 7C AA D5 2D 69 76 5D FD 16 EB 76 A4 5B 55 48 4A E9 53 E9 
[  101032] ch52 r0 a3: 0A 81 54 40 14 89 40 20 29 05 00 45 4A 55 01 02 A0 55 01 05 00 50 84 44 95 50 04 49 05 40 12 20 
[  101033] ch52 r0 a3: 54 AA 40 14 A8 A1 55 20 AA 12 28 01 41 40 02 40 45 49 20 20 08 00 15 01 49 10 20 05 2A 00 02 4A 
[  101033] ch52 r0 a3: 00 20 80 AA A0 12 10 54 00 41 26 0A 08 09 25 6C DF 7E 6B DD 7F EE D7 1F A7 D7 CD 77 7B E6 F2 F6 
[  101042] ch52 r0 a3: 55 05 B5 EA 54 B4 C9 AA 89 29 6A 51 D5 12 AA CA 52 8C 58 6A D1 69 41 55 4C 4D B0 F4 15 20 03 14 
[  101059] ch52 r0 a3: 02 A5 05 52 90 00 11 52 81 49 54 A4 28 00 05 50 00 04 80 49 4A 80 00 14 50 00 22 90 28 40 00 48 
[  101059] ch52 r0 a3: 0A 04 0A AA 00 50 05 48 01 02 50 A0 91 55 41 6D 66 F5 B2 37 AA 96 64 AA 8F 56 DA 52 88 B3 51 6F 
[  101084] ch52 r0 a3: 56 42 22 3A 00 AA 94 6A A5 9E AA 54 25 A2 68 44 29 4D 29 20 00 00 00 03 00 80 24 6A 9B 9B DB 31 
[  101090] ch52 r0 a3: 82 8A 2A 84 4A 0A AB 13 15 15 AD 45 D4 4A A5 AD 16 9A A2 55 6A 8D 55 51 29 B4 F6 51 95 54 54 19 
[  101103] ch52 r0 a3: 04 00 10 00 40 28 80 B1 DF AD 53 4B 9D 4D F5 73 56 B5 55 51 C8 E9 82 AC 84 AE CD D6 76 DD D6 54 
[  101147] ch52 r0 a3: 91 27 11 D2 4C 28 1D 52 80 20 51 26 52 96 C5 45 32 50 B2 CA 08 28 C5 15 06 2A A1 48 A1 51 64 C9 
[  101160] ch52 r0 a3: 54 54 A8 54 A9 55 55 01 4A 2A A0 54 0A AA A8 55 4A 40 A8 01 54 AA AA 55 55 50 05 55 54 AA AA A0 
[  101164] ch52 r0 a3: A9 54 2A 81 29 55 45 29 45 4A 14 AA AA EF ED 32 B5 59 47 3A 72 52 F6 AC CD BE AB 49 75 59 95 6F 
[  101166] ch52 r0 a3: 00 02 00 80 22 10 01 40 00 04 00 04 00 08 09 10 AA 84 A5 A9 15 52 D9 40 89 4D 04 93 18 0E 82 A1 
[  101188] ch52 r0 a3: 44 54 A3 54 4E 4A BA 49 AB 9A 2D 6A 84 56 98 96 80 A5 BD 02 48 54 C4 46 B6 AA AC 48 AA A9 5D A5 
[  101220] ch52 r0 a3: 80 AA 40 02 6A 15 06 08 04 85 15 45 15 A9 15 D6 B5 5D AA AD AA D4 5F 7D 2D AB 52 AA A9 56 AA AD 
[  101222] ch52 r0 a3: 95 95 75 B2 95 AA 26 2E 51 05 49 56 2A D9 4A 55 5B 5F 55 AA E0 6B 59 D5 56 A9 9C 59 5D FD FA B5 
[  101239] ch52 r0 a3: 20 28 00 02 A6 D4 10 01 54 A8 00 02 89 42 A8 00 0A A0 02 90 28 48 55 50 00 A8 90 00 22 C8 84 00 
[  101239] ch52 r0 a3: 02 B5 39 40 55 44 88 88 92 94 B2 4A E9 49 25 C9 40 0A 4D 95 EA 5E 5E B0 4A BF 51 45 4A 14 E4 F2 
[  101251] ch52 r0 a3: 33 48 92 09 22 14 40 03 52 A9 54 40 65 A5 55 55 55 52 AA A5 55 55 55 55 54 AA AA AA AA AA AA AA 
[  101252] ch52 r0 a3: AA 0A AA AA AA 8A AA 0A AA AA AA AA A8 55 55 4A AA AA AA AA AA 8A AA A8 15 52 A8 A5 55 55 55 55 
[  101256] ch52 r0 a3: 04 80 0A 2A 02 92 54 28 50 80 81 4A 92 AA 9B 72 2A 36 7B 99 A5 56 2A B1 45 05 89 AC B4 89 59 84 
[  101261] ch52 r0 a3: 28 A8 B2 9B 29 50 4A C9 83 AA ED 50 53 4A B3 BB 59 6A B6 DA FB 95 4B 25 2D A9 AD 5D 07 A9 A4 A4 
[  101265] ch52 r0 a3: 80 48 80 4A 0A AA 0A AA 00 0A 09 00 4A AA A9 40 04 91 51 4A AA 0A A5 05 55 20 0A A9 52 90 A5 40 
[  101291] ch52 r0 a3: 55 05 50 0A 55 55 55 0A A8 55 54 00 AA AA 55 00 25 51 55 0A AA 8A AA 02 AA 50 95 52 51 52 AA 95 
[  101292] ch52 r0 a3: 0A AA A0 AD 25 55 40 00 A5 4A D0 0A CA 12 12 10 0A 53 5B FB 1D FB A8 7D 5A 54 8F 99 ED D4 DD CB 
[  101301] ch52 r0 a3: 8D 5A 08 A0 A9 45 69 95 4A 24 58 22 52 50 AA D3 62 AA 20 69 DA 95 A2 A2 98 15 52 14 F2 43 57 54 
[  101304] ch52 r0 a3: 52 58 80 80 83 D5 CD AF 0F E9 2A 95 D9 AA 88 A6 8B 9A A9 D6 A4 35 AE D5 6B A5 51 AD 5B 74 EF 67 
[  101362] ch52 r0 a3: BA 4D 55 8A 2C 24 12 B2 2C A1 15 15 28 AB CC 90 14 81 88 94 8A A0 41 80 11 2F 28 45 92 8D 08 05 
[  101383] ch52 r0 a3: 2A A8 B6 A4 21 8A 4D 16 C2 01 44 49 28 32 21 16 AA D4 C4 90 1C A1 68 99 63 41 F5 C0 E9 AB 14 AB 
[  101401] ch52 r0 a3: AA 90 AA 98 22 53 1A 80 AB A9 44 A3 48 55 16 48 11 21 55 34 46 A4 AB 4A AA 86 94 92 04 48 10 92 
[  101423] ch52 r0 a3: 20 45 16 48 88 44 2A 15 05 14 42 A8 55 B4 AD AA D5 4A D5 49 59 4A 96 FD DA A9 6B 5D AD 5B F5 6D 
[  101444] ch52 r0 a3: 80 A2 24 62 40 00 05 00 81 91 14 49 94 00 0D 59 22 95 2A 4C 92 81 08 04 90 50 04 48 99 40 50 99 
[  101455] ch52 r0 a3: 52 0A 93 12 AD 55 29 55 5A B5 52 D9 4C F3 55 95 57 6A B6 A9 45 4A A7 6D B4 D6 94 8A A8 D5 5A BC 
[  101477] ch52 r0 a3: 4E AD 7A B6 C6 27 B1 45 16 55 A5 55 AA 94 04 90 4A 0B 54 6F DD ED FF 9E DE D6 EF 55 EE DB 6A F6 
[  101485] ch52 r0 a3: 94 AB 53 87 93 41 48 8A 68 05 AF EC 9E 95 5D 95 4D 34 75 75 67 6A ED CB B2 BF 76 F3 2D 2D CD 7D 
[  101501] ch52 r0 a3: 84 AB 46 4B 5A A9 56 AA A2 ED AC 95 AB B0 C5 A2 D6 55 91 05 4B AD 8A 52 12 B6 8A 71 35 75 4A 55 
[  101581] ch52 r0 a3: E8 ED 80 25 A9 48 2A 82 5D 71 55 42 29 25 AB 32 93 31 4C 8D 5E AD 55 DA 29 D9 AD 54 65 7B D2 B9 
[  101651] ch52 r0 a3: B5 5A B6 AB D6 A4 A5 82 AB 56 4D B8 AB 6D 22 A9 64 D5 0A 9A A5 60 96 22 65 28 A3 57 2E AA A0 9A 
[  101675] ch52 r0 a3: A5 D6 8D 7A 95 4F 55 76 B6 4E D2 AE AD DD AD AE 6A DA 2B D4 E5 57 D5 BC B3 6D 5B 5D 55 6E B8 59 
[  101778] ch52 r0 a3: B5 09 14 A9 A9 80 8A A0 A6 8A AA 52 D4 AD 2B 36 96 D2 C5 54 64 66 25 9A 95 0A DD 63 52 59 50 89 
[  101797] ch52 r0 a3: 05 00 52 0A 05 52 AA 00 00 40 01 50 0A AA A0 04 00 A0 00 09 54 8D 18 00 4A A0 04 A8 80 50 CB 60 
[  101810] ch52 r0 a3: 45 5D 01 1E 44 B1 40 8A C2 06 85 42 55 08 00 5B 23 A1 64 20 5D 45 11 A8 07 91 0E 88 8A 60 4D 05 
[  101812] ch52 r0 a3: 2A 51 15 61 49 02 AA A5 18 3D 85 00 22 94 AA F2 55 D4 A5 88 8A 84 0A B0 55 40 65 4D 41 55 05 5B 
[  101813] ch52 r0 a3: 00 09 01 2A 90 44 15 42 A8 B2 4A 51 04 55 94 AB AB EA 10 00 08 00 20 00 0A 20 01 B6 EB B6 FB FF 
[  101824] ch52 r0 a3: 55 55 50 02 81 40 54 55 6D 16 A0 2A 0A A8 0A A2 AA 55 55 50 05 50 A0 0A AA AA 55 55 51 6A A2 4A 
[  101848] ch52 r0 a3: E1 6E AD 7D 54 2C AE 5E B7 6D 4A 4D 49 A1 5A D9 4B 79 5E 62 A5 CA 22 53 9B 6A A5 4A 52 DC A2 26 
[  101850] ch52 r0 a3: 52 95 54 AA 80 25 54 51 2A AA A9 09 00 14 51 20 00 A9 4A AA 50 01 55 50 28 02 AA 05 00 00 04 80 
[  101853] ch52 r0 a3: 02 94 88 02 93 52 56 A9 2D 2A 40 45 55 23 2A A5 12 D1 48 92 08 52 C2 B9 11 0E 9E BA 6B 27 ED 6D 
[  101855] ch52 r0 a3: 50 5C 95 37 AA 6A 17 24 07 68 54 14 A5 52 B5 A9 6F 0B FD 16 F5 5B AB 24 0A 81 40 82 84 08 09 01 
[  101913] ch52 r0 a3: 09 46 C1 13 AA 6A 54 A1 71 46 53 25 25 8B 8A A1 44 A2 35 5B 1A D2 8D 83 35 39 12 AF D3 2D 23 35 
[  101931] ch52 r0 a3: A8 95 AC 4D 6C 10 92 28 16 88 A1 4B B2 89 92 75 45 88 44 B1 32 85 2A 8A 54 28 25 12 41 45 56 56 
[  101937] ch52 r0 a3: AA 0D 6B 30 CA 5D 55 6E 07 6D A2 AA 51 B2 51 BD 5A D5 45 55 5D 96 AD 4A AA AA D5 29 E5 16 69 B6 
[  101951] ch52 r0 a3: 42 A8 AA 44 95 0A A4 51 14 95 2D 20 02 AA AA A9 58 55 02 85 05 01 05 55 54 00 A2 80 A0 0B 50 55 
[  101952] ch52 r0 a3: 15 48 A0 05 15 48 05 5A AA 2A A8 00 15 52 8A 90 A8 AA A5 40 00 A0 A1 50 AA A2 50 02 4A AA A0 56 
[  101972] ch52 r0 a3: 63 26 4F 57 33 56 C9 7D 08 99 55 D0 42 60 50 C1 88 A1 00 90 91 40 19 19 41 A0 61 15 54 E9 88 4B 
[  102011] ch52 r0 a3: 49 28 20 34 08 13 04 02 90 20 32 A0 00 41 7A AC 1F 6D C9 F6 AC DD B5 6D 2D A2 65 31 E3 0A D1 14 
[  102017] ch52 r0 a3: 11 21 00 01 45 00 08 10 94 80 80 00 42 40 20 12 48 20 82 08 01 50 28 04 01 00 02 28 00 80 04 10 
[  102032] ch52 r0 a3: AB CD 58 32 85 56 E1 63 32 92 62 26 EE A2 4E F5 AB 06 23 04 5E DA CC E5 B3 46 66 9B 52 29 29 46 
[  102033] ch52 r0 a3: 6A AA 22 2A 8C B7 01 DA 95 08 4C 4A 04 02 84 8B 29 42 20 0A 4A 52 A5 34 68 CA 9A 34 A9 30 29 45 
[  102044] ch52 r0 a3: 12 00 14 02 54 00 00 A0 40 28 00 28 00 00 00 12 41 E2 92 66 52 B5 7B 77 5A EF 7A EE AB DA FA 9C 
[  102054] ch52 r0 a3: B6 B4 EB B3 CC AE 4A A9 5E 47 A5 1C DE 96 D5 15 EA D8 90 66 B4 A5 6D 55 75 5A 57 6F BE FB 6F 5E 
[  102069] ch52 r0 a3: 4A AB B6 AA D1 66 CE 4A 5D 58 AD D7 BF AC DD FC 94 5D BD 4B 73 AF D9 4A AF D7 6D AF FE FF BF FB 
[  102070] ch52 r0 a3: 2E 8A 86 84 A4 00 09 05 00 2B 68 04 80 06 52 AA 00 6D 80 2C 05 64 00 05 50 5A AD 01 50 28 50 D0 
[  102084] ch52 r0 a3: B1 52 8D CA DE 9D 49 22 9B E9 4A BA B1 31 A6 EB 60 A4 B5 CB 6F BA BE D6 D7 29 0F 35 5A AC 55 EA 
[  102256] ch52 r0 a3: 22 6C 66 A2 9A 80 49 02 A9 1A 22 A3 AD 6B 7D 55 B5 D9 69 A4 F5 6A AE B2 75 AC DD F6 B5 33 95 52 
[  102284] ch52 r0 a3: A8 40 82 BE 97 BC EB 73 FE 55 D5 AB 6F 22 C5 B7 4A B5 74 B7 EA 5A DA CB AA 4A AE BC 4A B6 BA B6 
[  102328] ch52 r0 a3: 86 24 BA 06 52 14 A3 26 4A 5A 93 00 89 15 A8 01 60 91 0D 8A A1 AA 2A D1 45 48 B8 0A 6A E2 A8 2D 
[  102333] ch52 r0 a3: 12 94 AC 5A A9 29 29 10 44 86 4A 54 A3 96 01 D0 A4 14 06 01 24 41 A4 69 22 AA AA 96 6A AD 6A B6 
[  102438] ch52 r0 a3: 2A 7C 83 36 CB 74 B5 12 4D 6D 69 48 11 54 54 A9 54 0A A4 A1 53 2D 29 4A 35 CD 24 29 44 B1 B4 C0 
[  102449] ch52 r0 a3: D8 B2 93 D3 21 52 AA 22 68 46 86 C9 72 54 2A AA 88 B4 52 97 29 2E D5 A2 92 45 4F 9B B4 A4 AB 56 
[  102451] ch52 r0 a3: 2A 54 6A 12 AA 55 58 22 D4 58 28 92 85 42 01 45 42 54 68 14 60 00 A4 89 A2 2A D5 5A D5 6B 75 55 
[  102453] ch52 r0 a3: BD 4C 65 28 B3 57 5D 4A A5 2D F8 5D AB 63 A1 75 CE 2E 84 B6 55 2F B2 96 41 4D 48 65 2D 0A 3B 2A 
[  102463] ch52 r0 a3: 00 03 28 C1 02 BB 84 04 4B 32 54 6A A8 A6 45 22 B5 2A D2 62 91 64 A9 10 AB 4C EA 9A C8 24 1A AA 
[  102475] ch52 r0 a3: 6B BD 50 D4 A5 6D 69 55 B6 83 0B 59 75 35 4A A6 A8 8D AD 09 B9 6C 94 95 A6 89 C2 B2 5A B2 61 04 
[  102478] ch52 r0 a3: AD 44 F1 42 07 28 CE 85 4B A2 98 50 4D 56 93 53 45 4D 59 73 2A 8A A8 D1 65 12 4C 51 43 D1 0D 52 
[  102502] ch52 r0 a3: 05 85 09 11 40 A9 21 09 05 88 49 1B 45 34 45 48 49 15 22 A2 54 AA CB 4C 8A 75 B2 D6 A5 54 92 AA 
[  102521] ch52 r0 a3: 00 14 0B 56 F4 94 45 8A 24 AA C5 94 8A 24 A9 55 DA 8A D6 32 54 A0 DA 0B EA 95 52 95 71 23 A4 91 
[  102523] ch52 r0 a3: 45 41 54 12 95 45 54 A0 0A 95 41 52 AA 00 02 A2 AA 51 42 AA 2A 00 55 40 A0 09 40 29 55 50 00 28 
[  102523] ch52 r0 a3: A9 2A 00 01 55 55 4A 15 01 2A 04 A8 28 14 2A A8 00 2A 48 05 55 50 28 85 55 05 4A 85 14 A5 44 55 
[  102527] ch52 r0 a3: 10 04 94 00 20 04 08 20 24 02 51 00 10 00 41 15 00 12 02 08 00 21 20 14 02 00 80 10 64 47 E7 DD 
[  102535] ch52 r0 a3: 44 4C 28 02 48 30 49 10 20 32 64 14 2C A2 32 A0 44 45 17 64 AF AD DB 2D EC EF BE F5 2D AE CA 4C 
[  102536] ch52 r0 a3: 04 AB 55 56 05 45 06 55 50 02 8A 80 29 54 8A 00 A5 02 2D 00 55 14 CA 0A 06 C0 D6 9A AA 00 D6 B6 
[  102562] ch52 r0 a3: 15 54 15 55 50 48 14 2A 2A 2A 09 51 40 55 2A 00 02 2A 02 AA AA 80 AA A2 A0 0A AA AA A0 55 45 55 
[  102563] ch52 r0 a3: AA 82 95 93 52 00 05 05 00 0A DB 05 00 A6 80 55 02 89 94 6A 92 86 59 55 26 95 00 AD B5 06 A8 B9 
[  102603] ch52 r0 a3: 47 36 D3 1A BD F5 DA 4B EE D5 5D 25 7E AF D7 90 F4 B2 8D 52 97 69 38 5D 4A 6B 54 9D F6 FF 40 9B 
[  102615] ch52 r0 a3: 05 05 00 0A D6 89 AA B5 40 55 40 2D 00 6A 02 85 54 5D 53 5B 41 4B 7A 82 60 54 AD AD B6 95 F6 3A 
[  102632] ch52 r0 a3: AA 55 05 25 14 AA AA 00 50 15 09 25 50 11 28 05 41 12 A1 01 4A 82 A1 09 54 AA 80 A8 55 15 55 02 
[  102633] ch52 r0 a3: 28 22 08 22 09 44 22 82 40 A5 2A A2 AA 0A A1 15 50 55 AC AD AD 44 B2 A9 2A 92 AA C0 9B 10 AA 15 
[  102645] ch52 r0 a3: 28 B2 94 95 55 8A 95 11 A2 2A B0 4A 26 0B 69 21 99 18 A0 55 21 25 44 28 A4 29 40 12 00 15 20 90 
[  102655] ch52 r0 a3: 11 53 00 05 4C 04 00 B5 00 A9 00 A9 00 B6 24 16 A0 AA A4 AA 00 AD 45 0B 54 51 56 D7 55 57 DA EE 
[  102667] ch52 r0 a3: B3 54 F4 9C 42 89 BB 45 D8 36 E4 D2 9E A9 E9 52 E6 62 A8 69 40 1E 1E 65 32 B4 89 11 10 B2 D0 95 
[  102691] ch52 r0 a3: B6 E9 A2 E0 9A A1 54 65 2B 08 51 DB 29 25 A2 28 E9 35 AB 2A EE EC 45 9B 29 2F 25 76 AA C8 B2 68 
[  102693] ch52 r0 a3: 29 4A 46 10 46 D6 F6 73 A7 DF E7 65 A4 B2 F2 AB 2F BB 3F DD 6B 55 56 2B AB 58 9A B5 B6 56 A5 B3 
[  102712] ch52 r0 a3: 54 1A 20 0A 20 85 55 55 00 91 AA AC 2A ED D4 A4 A7 4B 55 25 1B AA AD 56 AC AB 54 D2 A2 EA 89 4D 
[  102738] ch52 r0 a3: 4D 92 AA A2 44 0C 02 60 00 12 21 00 51 AA 4D 75 AA A5 4A D4 B6 A9 3B 29 35 5C DA AD AA DD 59 18 
[  102768] ch52 r0 a3: B5 42 04 55 42 0A A0 51 24 56 A0 42 21 20 52 8A 95 C1 A0 A9 54 4A 02 21 84 11 55 08 55 6D 5A C6 
[  102783] ch52 r0 a3: 40 00 90 15 40 02 40 80 00 4A 40 89 48 09 24 4A 00 00 08 12 04 A2 5A 5D AD 85 D7 6A BC 4C C8 3B 
[  102793] ch52 r0 a3: 01 01 92 A4 81 4D C1 92 D5 5E 2A DB AA DC 74 54 65 49 2A 57 6E BE 2A 96 E7 2B 56 4A D5 6A 5A 5B 
[  102831] ch52 r0 a3: 15 AE D6 EB EA 7A D7 7B B8 A2 D3 69 68 CA 9B 73 AB BE A5 5E 57 5A 9D 0B 6C F7 9D BD B3 E5 4E ED 
[  102949] ch52 r0 a3: 29 14 15 4A 0C 12 D2 C9 64 A9 6D 56 A1 55 65 B6 BC 94 55 86 3A 59 2A E6 D3 2D 55 6A 94 B5 7B 4B 
[  102974] ch52 r0 a3: 14 54 15 42 8A A1 10 52 96 B9 C9 05 DC ED 52 8B 5B 55 85 A6 AD 68 BE 16 41 4C C5 54 06 90 D8 D4 
[  103064] ch52 r0 a3: 4D 4A 7A DA 1A D1 27 69 16 9C AA 95 A1 55 24 8C ED 55 48 A5 10 88 49 51 22 52 48 53 D2 9A 94 A4 
[  103148] ch52 r0 a3: 55 7E 2E F6 A9 A3 B2 2E 35 3E 44 13 AA AD 55 57 AA 55 A7 7C 55 55 35 D7 62 94 C5 44 84 42 75 85 
[  103197] ch52 r0 a3: 40 95 28 45 A0 4A 10 54 91 3A 4A A0 54 91 46 AF 6C 35 45 36 B8 D5 64 5A D6 B5 4A B5 CD 65 EA 99 
[  103206] ch52 r0 a3: 0A 4A 93 2A A6 B3 E5 57 1E AB 57 A5 DA F7 53 54 D5 55 01 A9 7B 68 D3 02 9E A9 E1 4E 50 5A 52 BA 
[  103257] ch52 r0 a3: A6 04 A4 52 B1 B4 8B E9 7E DC A9 AB 56 AB DA C7 4A 56 55 DA D5 B5 52 AF AA 90 EB 24 D4 94 F6 AD 
[  103324] ch52 r0 a3: 55 54 05 55 50 55 2A 8A 02 A8 55 54 AA AA 05 4A A1 55 54 AA 82 20 55 55 55 45 45 55 55 55 25 55 
[  103327] ch52 r0 a3: 90 04 72 21 84 48 A4 2E 92 6A 08 88 07 0F 56 E9 BF F6 AF EF ED 7B FD BE B7 B5 DF BA 1A BA 33 2A 
[  103361] ch52 r0 a3: 08 21 A8 0C 18 45 4A 22 24 AA A8 AA D2 A9 2B EF 55 BA AD 08 AF 41 56 8C 95 14 55 6B 22 53 65 57 
[  103362] ch52 r0 a3: 4A 0A A9 AA AE B4 FB 72 D5 DB DE F3 EA D5 B1 EB B6 B6 BB 7B DB 77 EB AD BF FF FF FF FF FF FF FF 
[  103371] ch52 r0 a3: 1A 09 84 82 C5 2C 50 2A 0B 2B 9A 25 46 28 04 55 92 0A 08 51 1F 1C AA 5A AA D5 55 65 95 A2 55 16 
[  103408] ch52 r0 a3: 00 00 65 12 00 41 60 51 49 20 11 40 03 92 15 01 42 52 59 51 71 0D 8A AA 89 5A 12 53 12 94 91 10 
[  103420] ch52 r0 a3: 84 40 28 80 01 20 88 00 29 01 08 01 28 82 44 01 48 02 24 04 80 08 02 11 48 08 00 15 41 00 44 24 
[  103459] ch52 r0 a3: A9 4A CE 82 59 5E C5 55 DD A6 98 D4 D5 6A EB 6F 2A EB 2A A3 5A 95 42 A5 9D 6D 66 C9 E3 1D 9B 29 
[  103498] ch52 r0 a3: 75 48 AA 34 A4 95 49 49 15 6E E9 45 D4 54 54 4B 6D EE CD 3A AA 95 59 53 54 A9 1B 6E AB 5D 49 6D 
[  103516] ch52 r0 a3: 55 54 95 50 AA AA AA 8A 80 AA A8 02 A8 95 6A A4 0A AA 15 01 55 55 4A 82 A4 AA 81 55 55 55 54 AA 
[  103517] ch52 r0 a3: 55 55 55 4A AA A9 55 0A A2 AA A8 AA A9 55 51 B9 DB B3 48 4C 89 48 62 94 6A 55 B4 A9 34 B5 DB 49 
[  103520] ch52 r0 a3: 45 21 48 00 28 02 A8 0A 00 12 A0 12 10 05 42 41 04 14 A2 A0 11 50 04 40 05 50 49 00 02 A4 55 0A 
[  103556] ch52 r0 a3: 55 45 54 AA AA 05 54 15 55 55 55 55 40 8A AA 85 55 55 2A AA AA 95 54 54 0A AA AA AA A4 AA AA 54 
[  103622] ch52 r0 a3: 55 51 54 0A 95 50 A0 A0 15 52 A8 15 54 0A A1 54 15 54 2A A1 52 A0 55 2A 00 A4 A8 01 55 52 55 50 
[  103649] ch52 r0 a3: AA 0C 9B 4A 48 08 A1 55 04 04 40 08 26 02 10 80 41 51 29 00 92 89 AE B2 A9 C8 2A C7 69 16 89 79 
[  103650] ch52 r0 a3: A0 00 40 20 00 11 00 18 10 80 20 20 00 50 AB 0A E9 1A 63 AA DD D1 D6 AC 49 94 B4 8B 64 49 72 AA 
[  103697] ch52 r0 a3: 25 A4 D4 2D BA 25 6A F9 3F 9E CD 62 5E EE FA 84 EE F5 EF FF 3D BE AB 3B 54 92 80 50 56 15 35 B6 
[  103710] ch52 r0 a3: 2B AC 54 A2 08 2D 16 55 49 59 5A 34 AE EE ED 84 6C BE 57 DC AA BA D5 79 2C 6D 5D 89 46 4F 4A DD 
[  103712] ch52 r0 a3: 4A 58 05 68 06 D8 2A D9 95 11 A8 44 2A 96 55 23 56 D1 B2 AD 69 25 32 76 A4 02 62 43 45 1A 24 0D 
[  103730] ch52 r0 a3: 44 55 8A 5A 4A A0 EB 36 AA D7 5D B7 55 ED 16 DB F1 51 59 ED 6A D7 9D 51 B9 2F DD 76 EA F4 4D 6A 

Команды: b (фон), s (скан с нажатиями), c N (канал), r N (0=1M,1=2M,2=250k),
a N (адрес 0..3), f (фильтр), x (XN297 декод вкл/выкл), p (сниффинг старт/стоп), # метка, ? справка
Сейчас: канал 52, скорость 0, адрес 3, фильтр выкл, XN297 выкл, сниффинг выкл

Команды: b (фон), s (скан с нажатиями), c N (канал), r N (0=1M,1=2M,2=250k),
a N (адрес 0..3), f (фильтр), x (XN297 декод вкл/выкл), p (сниффинг старт/стоп), # метка, ? справка
Сейчас: канал 52, скорость 1, адрес 3, фильтр выкл, XN297 выкл, сниффинг выкл

Команды: b (фон), s (скан с нажатиями), c N (канал), r N (0=1M,1=2M,2=250k),
a N (адрес 0..3), f (фильтр), x (XN297 декод вкл/выкл), p (сниффинг старт/стоп), # метка, ? справка
Сейчас: канал 48, скорость 1, адрес 3, фильтр выкл, XN297 выкл, сниффинг выкл
------------------------------
# ON r1 c48

Команды: b (фон), s (скан с нажатиями), c N (канал), r N (0=1M,1=2M,2=250k),
a N (адрес 0..3), f (фильтр), x (XN297 декод вкл/выкл), p (сниффинг старт/стоп), # метка, ? справка
Сейчас: канал 48, скорость 1, адрес 3, фильтр выкл, XN297 выкл, сниффинг вкл
[  105060] ch48 r1 a3: 3A BA F6 AA B2 FA BB F3 4B BB DA AE BD 45 10 14 03 FA 0A D2 BF 2C EF CA AA EF AA B6 EF BE AB FB 
[  105063] ch48 r1 a3: FE F5 AE FA CB 2A EA BA AF E2 2A 22 A8 A0 80 56 55 D7 5E 55 79 67 D6 B7 6F B4 F5 53 53 B5 75 73 
[  105065] ch48 r1 a3: AC CC FD 45 55 55 05 55 95 55 45 79 6B 9D BF 5E 97 F5 55 55 EA 02 A2 02 88 8A A2 5B 95 BB 94 6D 
[  105065] ch48 r1 a3: D2 AA AA AA AA AA AB FA AD AF B3 2F F5 50 2B FE 8A 22 A2 AA 20 88 0A 2A 28 2A 20 22 80 A8 21 A4 
[  105066] ch48 r1 a3: F6 DB 32 FA B3 55 B4 D3 EB AD 2B 35 33 4C B2 AB 4B EE EB 57 AF EA D5 FE 81 FA 82 0A A8 AA 81 F7 
[  105067] ch48 r1 a3: BA BB DA AA AA 9A A1 7D D7 5F D5 D5 55 A5 97 A5 55 5F 77 57 77 DD 7D 75 7D 75 55 D5 75 6D F7 75 
[  105068] ch48 r1 a3: CD AB B3 2D 7F 41 79 7F 5F A2 88 0A 22 2A AA 28 81 67 F6 D9 5E EA A0 BD DB EF 2A FB AA BA FA BC 
[  105068] ch48 r1 a3: D5 55 44 50 51 00 AE AE FE F4 59 4B 3E BC 4B AE DD 5A 44 06 4E D2 EE E2 2E CB A6 A9 A2 9B AE AA 
[  105069] ch48 r1 a3: DC D3 BA FF 55 55 55 54 54 55 45 F5 FC 11 45 50 51 05 14 55 55 F5 A7 75 EE AA 1D EE 9A A2 02 AA 
[  105070] ch48 r1 a3: EC CF AE F2 AB EB EC EB BE FA EB AA AC AE CA BB FB BC BA EA EC AA ED 2E BF 2C BD D0 0D 32 AE EE 
[  105071] ch48 r1 a3: EE CF F0 45 14 01 79 7D D5 DA E7 56 DA 75 75 5A FF 5D 59 7D 55 E5 F5 67 FA A0 88 2A 2A 0A FE FF 
[  105073] ch48 r1 a3: 49 37 A8 D0 9D CC CE B6 BD AC 57 9D 5E A9 F9 55 DD D6 BF AB 6F 4B 5A D7 F7 7B D7 54 CA D7 AE C5 
[  105080] ch48 r1 a3: 03 04 85 55 46 0A A9 9E BA 85 54 AE D4 69 72 A6 4A 0F 2A AA AD 41 7A 55 87 2A B9 50 89 1B B5 B9 
[  105092] ch48 r1 a3: AA 48 12 D8 43 15 50 2C 81 EA 51 93 E3 A9 D6 BD 72 AD AD 8E D5 D3 3B BA B5 4B 32 6E D5 D2 B6 4F 
[  105154] ch48 r1 a3: 69 44 49 09 07 45 4A 4A D5 24 26 26 44 B5 44 14 4A 6A 4A 4A AD 45 05 C2 88 6C AA 69 53 85 8D 45 
[  105163] ch48 r1 a3: 58 B5 51 C2 8A A5 4C 5B 32 CD BD EB A4 49 91 7C A4 FB 7E 95 4A 8D 5C EC D5 DA D5 8A DA AD B7 4B 
[  105168] ch48 r1 a3: 95 A8 A8 35 26 0D 10 36 91 55 B4 15 88 CD AB C3 CB B0 03 89 09 63 0A 88 03 00 4A 04 20 12 06 A0 
[  105170] ch48 r1 a3: 08 20 5A 48 91 61 25 29 4A 24 52 8A 44 50 45 2A E9 48 8A 29 6A A5 2A 94 A9 3E A2 A5 52 D2 CD B7 
[  105186] ch48 r1 a3: 22 10 B3 65 42 0D A6 2A CA 14 AD AF 53 E5 71 35 02 05 AA 94 2C 08 A7 06 11 0E 94 A4 42 93 10 0A 
[  105190] ch48 r1 a3: FE B5 45 10 0E EE FE 20 88 22 02 22 2A 8A 08 20 A8 20 A0 A8 2A 82 A8 06 97 F5 45 10 05 65 65 D6 
[  105190] ch48 r1 a3: 77 76 B7 75 D9 5F 7F 56 BF AA 2F 6F E0 8A 08 20 80 2B AB 2F AB B5 3B EF 2A BE BE EE BF AF EB EE 
[  105191] ch48 r1 a3: 40 51 50 15 55 56 BD 57 9D 7D E7 DD 77 DF D5 54 45 55 54 D1 55 45 54 55 54 81 55 45 54 02 FB BA 
[  105192] ch48 r1 a3: EE AC AE BE AE F2 E5 FA F3 FB AE CA FB D2 BE F4 EB 7B F2 EA EE EF CF 3B AD 6E FE BE EE BF AB AB 
[  105192] ch48 r1 a3: FF 10 17 77 5F C5 50 45 15 50 45 51 01 55 50 0F EE FC BD 45 00 B4 AE F4 CB B2 AE EE FE 88 0A 2A 
[  105198] ch48 r1 a3: 14 A5 5A 74 B7 11 11 55 02 51 77 0B 55 35 6D 55 15 4A AD EB 2B 44 56 D0 A5 10 B4 0B 80 12 51 AE 
[  105256] ch48 r1 a3: 45 29 50 2B 30 71 D4 14 83 02 40 2E A7 12 52 30 5A A2 94 53 D6 2F D1 AB 39 55 48 52 67 6F 97 53 
[  105286] ch48 r1 a3: AC EB 6A 82 88 94 D2 AC D4 92 29 15 B8 A5 4A A1 53 2C B4 6A B0 A2 8D 65 52 AD 60 A5 4A 55 D2 C5 
[  105292] ch48 r1 a3: D3 33 FD 55 24 14 50 51 51 15 50 15 A5 75 75 B5 7E A0 1F 56 6B 77 DF 96 F7 F5 F5 7D 75 D5 D6 99 
[  105293] ch48 r1 a3: FE DD 04 50 41 00 AC AC BE AE FE EF BE AA FA F3 32 FE BD 2F BA AC EE F5 45 45 00 D2 FB AA CE EF 
[  105293] ch48 r1 a3: FE DB AE FA FB BA DD BF A8 A8 A2 28 0A FB FA 2A 01 FD F5 D5 D7 5F D0 54 41 02 AE BE BF 32 BB 2E 
[  105294] ch48 r1 a3: CE EB FB 5A AE AB 4A CD 6E FF 51 55 55 7A 88 A2 02 82 20 80 AA BB FA AA A2 A2 80 A2 A2 A2 A2 8A 
[  105295] ch48 r1 a3: EE EF 35 AF D4 45 55 05 05 51 55 51 45 04 D5 55 55 F5 F6 65 FD 7A 8A 20 1D DD DD 55 DF 77 9F 55 
[  105295] ch48 r1 a3: BB AE BB FA BF 82 A8 A2 82 BB BB 2F EA 8A 07 76 6A A2 A2 AA A0 82 82 AA A2 82 AF AF 3B AF E8 0A 
[  105320] ch48 r1 a3: 85 EC 95 DA 60 CA A1 1A 54 DA 95 5A C4 D3 6B 14 B2 25 13 43 89 54 55 55 14 D5 A6 F2 B6 D4 23 55 
[  105328] ch48 r1 a3: A4 A1 30 A5 49 89 2C 89 2D 12 41 2B 41 A2 86 29 2B 44 54 D4 A2 85 48 96 A4 54 89 22 45 27 0A 22 
[  105344] ch48 r1 a3: A2 42 04 D9 D7 6B DA 93 2A AA AB C2 B5 D6 D9 6C CF D5 6D DA EB 55 09 52 FD AB 64 CA E3 97 46 B9 
[  105355] ch48 r1 a3: C8 CB 48 75 94 8D 35 49 4A 30 50 D5 A9 56 0A 91 46 A2 C5 8B 2C 48 05 85 6A A8 CA 52 A7 68 DA 21 
[  105372] ch48 r1 a3: 42 16 81 44 84 49 46 4A 95 92 5B A5 0A 4A 85 4F 46 A4 85 54 14 CA 24 25 41 5B 4A 00 28 B1 34 C5 
[  105387] ch48 r1 a3: 99 21 AA 46 8A 49 05 00 48 00 04 8A DA 57 E9 A2 AE D9 7A E8 AB B5 55 25 5A 2B 60 E6 D5 4B 2D 4A 
[  105394] ch48 r1 a3: DE AE BE AE FE EF BF AE FA AB BA AA EB FA FE AA 82 20 19 9F D5 D5 F7 F7 69 D7 55 59 5D A9 96 75 
[  105395] ch48 r1 a3: BE EC AF EA A0 1F 59 75 56 EA A4 28 AA 88 A2 01 9D B9 9A 6D 55 69 FE A8 AA AA A2 EF AC AA BA BB 
[  105396] ch48 r1 a3: FE D5 04 50 41 00 AC AE BE AD D6 EF B4 AA FA FB BA FE BF 6F BA AC CC D5 44 11 01 45 40 55 54 03 
[  105396] ch48 r1 a3: EE CD 3E AA F2 FE EF BD AB FA A0 1A 9A F5 9A 59 65 D5 57 57 5E 99 5D 59 9D FD D6 5D FE 57 FA 8A 
[  105397] ch48 r1 a3: AE AE B2 BB FB B5 7A AB BF 6B FB CF AA BC BC EE AD 33 FA 28 AA A0 BF BF D1 11 44 55 11 55 50 45 
[  105397] ch48 r1 a3: D2 BE F4 AE FE CB AA 97 AA FA F3 32 FE BF 45 10 0C EE FF 45 44 5F 75 E5 77 F7 7D F7 7F 55 55 55 
[  105409] ch48 r1 a3: A9 22 42 A0 A5 28 68 05 61 00 42 A0 D0 00 04 09 55 42 52 49 52 A4 AB 54 D6 44 59 AA A6 1D 06 B2 
[  105417] ch48 r1 a3: 2C 49 09 24 40 D2 92 10 4A 01 2C 50 23 20 44 01 84 A2 44 8D 12 50 90 10 04 02 31 CC 84 0A AB 44 
[  105418] ch48 r1 a3: 00 00 15 55 5F 18 C5 EB 07 9C AE 80 5C 01 B6 F5 D6 BE CF 78 FB B5 ED F9 7B AE 6D B7 F7 FD BF F6 
[  105429] ch48 r1 a3: AA AA 51 6A 2C 8D 2A 21 50 52 9A 92 90 52 0A 49 63 2E B5 1B 51 24 48 B5 C2 4C B2 A9 61 A5 A5 12 
[  105438] ch48 r1 a3: 18 55 15 B2 D5 6C F1 95 D5 8B 69 D7 92 4B 24 D1 57 61 2A 14 89 4D C8 4A 75 AD 49 69 D4 D3 69 5B 
[  105440] ch48 r1 a3: B1 2D 04 A0 59 16 9A 5A 69 6A BA B6 F7 AB 98 22 F3 0A 47 8D AB 17 75 BA 91 6E 53 77 DD B4 D6 B5 
[  105452] ch48 r1 a3: 96 80 8D 55 22 48 8B 02 95 40 41 81 00 A1 20 00 44 20 31 44 91 10 04 51 02 82 9C 8B 50 01 5F 75 
[  105463] ch48 r1 a3: B5 52 D6 D2 A0 A9 66 80 69 5F 01 5A 7A E0 86 EA 26 C8 65 A9 21 93 CE 89 8C C4 DC 16 55 2A 87 28 
[  105497] ch48 r1 a3: B2 EE FE B2 FE 08 AA 88 A0 AA AA A2 02 FA FB BF A2 28 AA 28 A0 82 A8 AA AA 88 AA 02 8A A8 8A 28 
[  105497] ch48 r1 a3: 77 55 FD 7B 8A 20 1D AD 7F 85 50 40 51 54 51 40 55 40 55 14 15 51 15 10 14 55 50 44 05 15 51 55 
[  105498] ch48 r1 a3: EC CD 54 41 10 14 54 05 55 50 3F B5 41 14 10 40 2B 2B 2D 2B 35 33 CD 2A BE EB EC FA EB 2E AA BA 
[  105499] ch48 r1 a3: AC AE B4 AC BC AD 75 55 45 55 41 55 05 05 01 15 41 55 15 01 15 11 45 41 55 5F 55 55 D7 F1 44 11 
[  105533] ch48 r1 a3: 2C AD 02 8B 0A 68 45 61 6D 54 B1 6A CD 55 2A A9 4D D6 8A F5 EA 8E 35 5A 95 A6 59 15 2D 15 2B 71 
[  105536] ch48 r1 a3: D2 35 1D 74 56 D7 FE 4C 4B AB CA BA F9 72 4B 7B 72 AD 59 B6 AA D5 D5 6B B7 15 77 2E D7 4C 5D 34 
[  105538] ch48 r1 a3: 2A 40 B5 54 AB 55 17 41 6C B1 37 B5 C5 55 50 D1 5C D3 35 55 7B 55 A9 95 96 55 59 14 45 55 57 5F 
[  105550] ch48 r1 a3: 60 A9 40 0A A3 14 20 95 A0 88 04 51 52 28 52 80 53 35 08 22 C2 6A 04 02 24 02 21 41 95 C2 40 25 
[  105569] ch48 r1 a3: 62 95 CA 24 51 55 B0 55 01 22 44 11 15 4A 04 91 94 D0 DD 55 22 4C B7 64 A5 52 14 A4 22 85 22 C4 
[  105571] ch48 r1 a3: 69 1A E5 FF EB 56 CD 5B 53 7E 59 BB F7 F6 FB 5B AD 2B D5 44 AD CA 35 44 5D CA 6B 56 EA 4C 27 98 
[  105573] ch48 r1 a3: C1 32 24 A8 38 05 D5 85 81 20 19 1A 82 52 48 4D 03 ED 49 5A 5A 90 84 2A B5 C1 46 10 90 A0 A5 13 
[  105574] ch48 r1 a3: 52 11 70 CC 28 82 29 C8 60 AB 40 59 45 15 48 51 06 25 28 16 C5 48 B1 40 80 AA 90 45 81 29 65 DA 
[  105593] ch48 r1 a3: 28 50 18 62 68 2C A4 2B 0C 89 64 28 25 45 04 29 4A 24 4C D0 0D 92 41 55 41 B1 1A 92 55 94 00 22 
[  105599] ch48 r1 a3: EB B3 EE AB 2F 82 AA 2A A0 16 5D 9E 97 BB E0 8A 20 AA AA AA 95 AA 8A A2 88 A2 A2 88 20 15 5F 57 
[  105600] ch48 r1 a3: CA B2 B6 E9 BB D2 BF D4 0F 75 01 15 10 45 15 55 54 05 15 11 55 11 5F DF A0 AA 0A 20 35 7D 7D F5 
[  105601] ch48 r1 a3: BE FE 08 80 65 77 65 99 7D 65 95 2F 5A 57 F5 50 51 50 15 55 00 F6 BE 88 AA AA 01 97 6A 88 88 AA 
[  105602] ch48 r1 a3: CE CD 54 51 10 14 54 05 45 44 54 54 54 42 EF 32 CC AA AA AA 5A BF 45 14 44 95 05 51 44 03 3E EA 
[  105634] ch48 r1 a3: 2A 95 C5 5D 2A DD 7A B4 EC BA B4 AA D6 5D 71 42 ED 67 73 BB BD 6A A9 68 B4 B4 56 54 A9 44 1B 72 
[  105637] ch48 r1 a3: FD A4 01 85 21 54 58 2E 22 00 A2 A1 26 E9 D5 75 5D B5 3B D5 AE E6 B5 9E B2 6F 64 AF B6 A6 CB 6B 
[  105650] ch48 r1 a3: 00 44 A4 42 11 A8 B2 A1 72 93 42 4B 97 93 B4 D9 9F 49 9B 55 EA D6 5E 93 55 6E 98 EE A5 50 8E AA 
[  105702] ch48 r1 a3: 55 14 55 55 40 3A AA EB EB 2E AA BA BA BA BB FB AE FA EB EA B7 7B AF CB FD 55 05 50 0C BE F2 CB 
[  105702] ch48 r1 a3: D3 7A AF AE FA EA B3 AA CE EE CF 74 54 02 CC CE FD 45 14 0E EE FE BD 6F EA FE AF EF BA DE FE EE 
[  105703] ch48 r1 a3: FE EC CB FA 80 57 57 5F 57 5D 65 D5 57 57 5F 57 7F 77 DE 55 79 69 DD 6E 5F E2 8A 06 77 7A A2 08 
[  105703] ch48 r1 a3: D5 41 41 11 44 14 51 55 44 05 15 55 05 51 51 11 54 0B BE FA AB AA AC CB 2D D5 41 15 54 57 F7 D7 
[  105704] ch48 r1 a3: 2D 6B 5C AB 57 B7 55 2B B5 50 04 54 51 54 41 41 54 13 45 04 55 44 14 00 4C 15 45 15 45 11 04 44 
[  105705] ch48 r1 a3: CC EB EA CC EF 74 41 51 54 51 40 CC EF EA CF E8 AA 2A 8A 8A 08 AA BA BA FA AC FE FD 04 54 51 45 
[  105705] ch48 r1 a3: AF E8 02 92 88 0A 28 0A 8A 80 88 A8 08 8A A0 69 7D F5 EE 28 0A 0A 82 88 A0 AA 8A 0A 81 67 97 27 
[  105707] ch48 r1 a3: AA D3 2A EB 4D 6B AA B5 CB 54 04 51 01 00 ED 4F EF 2A D3 FD 55 54 50 17 57 55 65 9D 75 6F 77 5D 
[  105707] ch48 r1 a3: CF BA BA BA EF BC AF AE AF 3E BE AA AB F8 06 5D 69 65 FA A1 AA AA AA 28 AA A0 AA AA A8 AA AA 2A 
[  105708] ch48 r1 a3: AA B2 EC D2 DB ED 4B CE AD 2D 6A DD 14 50 33 3F D5 15 95 75 57 7D F6 7B AA 80 7A 75 77 B5 FD 95 
[  105708] ch48 r1 a3: CF 6E AB AA FE AA 01 D7 55 EF F5 51 04 51 11 45 50 45 55 15 05 45 05 55 50 56 AD 7F 55 ED 59 6B 
[  105804] ch48 r1 a3: F5 FE 8A A8 82 20 1D F5 D5 77 77 FA 22 8A 20 1F C5 44 15 55 49 55 54 2B 0A A2 A2 A8 2A A8 80 A8 
[  105805] ch48 r1 a3: AE AE BE AE FE EF 6B BF 7E EA AE AF BB AC EA FD 55 11 50 55 55 14 54 03 F5 50 0E FC EF BE AE BA 
[  105806] ch48 r1 a3: 55 7F 57 F7 F4 15 41 51 14 15 11 45 05 10 2B EB 6D EF CC D3 EC D7 55 55 45 55 55 41 44 44 03 BB 
[  105806] ch48 r1 a3: D6 FE A8 A2 AA A8 28 08 A8 8A 28 22 28 AB B3 BE BA B3 AE AA AF EF F0 45 04 05 5D 55 65 75 B5 66 
[  105852] ch48 r1 a3: 12 60 4D 34 40 A8 EA 26 B5 91 8E 34 55 81 10 C8 0A 84 80 4C 04 04 A9 0A C1 2A 2C 19 55 28 41 83 
[  105854] ch48 r1 a3: D3 9C C9 85 51 59 25 55 4C 7D 2A CD 45 94 8A C1 83 22 91 84 54 96 D5 AA CE BD DF 73 6A AB AC AD 
[  105862] ch48 r1 a3: 06 C1 16 28 01 D5 AA BB 37 AC AB 76 A5 37 E1 7A 55 BB 96 A5 F6 EA 75 35 49 2E EA 59 FE 96 D2 AB 
[  105867] ch48 r1 a3: 16 22 48 89 2E CA 56 5C 65 51 54 14 34 7B 56 80 66 4D D5 25 29 05 21 02 95 42 AD AB 73 A4 66 5A 
[  105879] ch48 r1 a3: 30 44 81 62 14 29 52 C9 56 95 42 B1 01 54 10 A1 29 2C 88 8B 6C A3 56 BD 2A A7 54 A5 B1 4B AD 2A 
[  105895] ch48 r1 a3: 02 2C 48 54 2D 40 82 20 B8 5A 95 45 57 B5 AB 45 6A A9 B5 4A AB 1D 5A 28 DA A5 55 09 44 44 D8 72 
[  105900] ch48 r1 a3: 30 91 8D 01 32 05 05 2E C6 4A 0A A2 80 91 24 74 49 51 24 04 40 11 2D 14 A5 48 48 94 42 18 04 88 
[  105907] ch48 r1 a3: 54 55 04 50 40 54 05 11 05 51 44 55 DD 75 55 F5 F7 75 FD 7F 55 41 15 55 45 55 5B 5F 7D 52 A9 2A 
[  105909] ch48 r1 a3: EE EF EA 82 A2 AA AA AF E8 80 8A A0 28 06 DD F7 D7 95 DF D5 AD FF 50 D2 F3 32 D4 B5 45 15 51 04 
[  105909] ch48 r1 a3: FE F5 04 50 54 55 45 40 41 00 AD 6F BB AD 57 F4 54 55 55 45 D5 56 57 5F 55 D5 D7 F8 2A A2 28 08 
[  105923] ch48 r1 a3: AD 25 2A 8B 9D 42 E8 45 55 D9 28 49 44 8A 81 29 24 50 91 54 94 92 4E 48 A4 0A 64 89 A8 11 2D 4A 
[  105941] ch48 r1 a3: 28 4D 16 B7 AF DD F3 58 DD D5 B5 D7 39 DA AD 9B 2A 8A 40 AB 2A 69 2D 41 AA AA 35 28 41 52 95 92 
[  105943] ch48 r1 a3: A6 B2 29 20 82 31 8B 09 89 00 01 14 D1 26 80 68 30 0D 4A A5 3A C4 02 C8 31 11 02 05 24 40 01 B2 
[  105985] ch48 r1 a3: 08 A7 64 12 89 18 0A 41 00 42 14 50 D4 A3 AB 01 28 62 AA A8 55 FB D7 AF DD 2F FF 7E AB 6B 56 FF 
[  105989] ch48 r1 a3: 91 3B 50 1C 82 A8 59 2C 29 69 55 96 9C 4E AD BD D9 72 D6 56 DF 76 A1 4F C9 56 CA B3 AA A6 EA DA 
[  106001] ch48 r1 a3: 2C 2A 6B 9C 69 24 A0 AB 8D E3 5D 99 6B 52 AA B5 95 05 BD 5A 53 66 B7 6B D5 59 D5 75 75 31 B5 AA 
[  106009] ch48 r1 a3: 7F 7D 77 57 D5 69 75 A6 75 A9 AF 59 A5 97 55 59 76 AA 88 88 AE D3 BF AC AF EA AA DD 55 51 14 15 
[  106009] ch48 r1 a3: 56 56 5A 56 7D 7A 8A 28 28 AA BA AA EA EB EB 4C D3 4B 32 AB D3 FD 50 55 45 55 45 50 41 54 56 57 
[  106010] ch48 r1 a3: 9B BB EF 2E EA FB BE FE 0A A0 8A 0A A8 8A 28 0B EA EB EA CF EE FA EE AF EA AA BA BA EA EB CA 2A 
[  106010] ch48 r1 a3: AA BA 82 28 28 A8 2A 0A 28 20 20 A0 22 AA 28 A1 17 D7 D9 9F D5 45 55 54 5F 7D 5F 7F 51 51 15 15 
[  106011] ch48 r1 a3: FE DD 04 50 41 00 AC AD 2C D5 B3 BA AB 54 41 11 51 14 54 04 14 23 FA FF 14 40 33 3B F8 8A 28 28 
[  106012] ch48 r1 a3: CA FB EA AF 2F BB 34 EA AB AD AF 2B 2A BE AE FE FE 0A 8A 08 05 DD 7D F5 5A 6A AD 08 B6 34 C0 74 
[  106013] ch48 r1 a3: 40 51 2A 90 23 49 0C 0A EC 68 22 04 C4 A9 94 18 88 12 42 92 AB 16 4A F6 9D 0D 75 13 14 94 D5 B3 
[  106024] ch48 r1 a3: 04 14 50 30 20 80 08 A0 25 89 11 05 24 42 00 AC E5 BC 45 6A BE 04 B4 4A 92 C7 52 A8 AB 21 68 11 
[  106036] ch48 r1 a3: 4A AA A2 88 44 01 44 89 51 45 4D 10 00 A9 4A 5B A0 4A 4A 72 BC 96 AD 0B 22 22 AA A1 6B 52 D5 A4 
[  106048] ch48 r1 a3: 50 54 99 41 32 8A 54 85 C9 55 76 8B 09 62 26 82 D5 6A 55 1A 92 54 4A 9D 22 45 AA 53 29 44 95 EA 
[  106057] ch48 r1 a3: 1A 40 B7 7C D4 F9 59 6C A4 D5 2B F5 5B AB AD 5E A2 6D 25 36 AE ED 6C AD 2D 4A 48 95 57 6D BD 2B 
[  106059] ch48 r1 a3: 22 82 4C 20 94 2A 8A F5 FA A4 BB 5A F4 AA AD A1 A6 99 2A 29 2F 95 2A F4 3B DA 35 A1 55 D3 D5 BD 
[  106092] ch48 r1 a3: 9E 45 52 E4 29 5A C1 62 84 85 AB DF 2B 57 69 D6 AB 22 AA AA AA 4A 54 A5 6A B5 5B 7A A5 4A CF 56 
[  106100] ch48 r1 a3: 62 8C 0A 97 06 84 AA 51 75 58 A0 AA 96 9B 55 55 AB 6E 6C D9 B5 AD 24 35 7B 7F 4A B4 2F D5 5B DC 
[  106111] ch48 r1 a3: CA EB FA DD 00 54 44 15 04 50 41 02 B4 BE D4 AD F5 40 2A AA AD 2D 2C BB 2D 4A F5 55 55 15 55 45 
[  106112] ch48 r1 a3: 54 10 40 2B 2B AF AE B2 EF BC BB AB AA BF A8 0A 4B 5B AA 28 22 28 A0 16 97 DD D7 B5 FE 28 AA BB 
[  106113] ch48 r1 a3: D0 51 11 54 14 55 10 0C EE F5 44 15 01 45 40 55 54 05 FD E5 5D F5 D5 7D FB F5 5D 7D 5D FD DF 5D 
[  106113] ch48 r1 a3: B3 33 AA BB 5E FE B6 BA EA 22 A8 AA 0A AA A2 AA AA FB BB FA 22 88 2A 02 8A A8 20 AA 08 AA A8 20 
[  106114] ch48 r1 a3: EB F5 04 51 15 51 45 41 54 11 41 2D 05 11 04 55 11 45 00 AA AF BA FA BA AF EF E2 8A AB FB FA 20 
[  106114] ch48 r1 a3: D5 44 02 CD 5A BC D6 BB EE B4 FA AA BE AE FC CF BE AA FB FA 8B EF F5 45 51 45 00 FC D6 AB FB 35 
[  106115] ch48 r1 a3: F6 FA AA A2 AA A2 AA AA 8A A8 AA 0A AA 80 77 75 7B F7 56 9F D5 EA 28 07 E5 57 D7 F5 77 D7 5F 57 
[  106116] ch48 r1 a3: FE A8 07 E6 99 DD 59 96 56 A5 57 59 E5 DD 5D E5 7F 59 5F 55 5D 5F C5 14 15 55 55 55 50 55 45 54 
[  106117] ch48 r1 a3: EB FA AA BB AB BF AA AA 02 80 82 22 A0 55 5F 75 F5 55 E5 D7 77 59 FD F7 BD F7 56 5F D5 51 45 55 
[  106118] ch48 r1 a3: B3 BA AB AF EE BB 2B EB B5 9F CA AA 88 8A 8A A0 80 7D 76 99 BA 28 A2 88 AA A8 8A A2 03 75 55 55 
[  106120] ch48 r1 a3: 42 29 54 10 2A 40 42 42 04 00 44 40 10 B0 04 00 02 42 04 48 8A 52 44 54 0A 62 00 05 00 52 09 95 
[  106124] ch48 r1 a3: 89 00 10 25 11 12 42 B0 05 15 1D 12 92 22 AA 02 00 A8 A8 08 94 AD 76 98 AB 57 BA 45 2F 23 AC AB 
[  106128] ch48 r1 a3: 01 15 42 59 89 84 14 12 36 46 18 A5 5E DB 4B AB E9 F5 D9 7E E5 D9 D5 CA 28 D6 F6 22 A4 F1 A7 D6 
[  106137] ch48 r1 a3: C5 68 DD 44 B4 91 6A 60 A0 56 AD A5 B5 6A 95 89 2D AD 72 7A 8B 3D 4A 92 B5 53 39 8A A3 72 FB D6 
[  106154] ch48 r1 a3: 51 94 3C 45 5F 7B 5F E7 64 B5 6D 74 BB 9B EA F5 95 DA 55 7B 6C F5 FF BF D5 55 F5 AA 7F F9 F7 75 
[  106159] ch48 r1 a3: 52 89 5A A7 08 10 A0 A1 45 88 21 8D 05 40 42 A6 53 0A E2 49 54 29 2A 51 22 81 90 20 A8 15 21 22 
[  106182] ch48 r1 a3: 8D 3A AB 4B 57 D5 51 12 2E 4A AA D0 B2 D5 52 AA A4 88 D4 59 4F 93 46 E9 2A F5 B7 7E C5 D7 35 A5 
[  106185] ch48 r1 a3: 04 64 D6 22 4A 91 89 D2 28 29 22 C0 AA 14 F2 55 8E 15 25 9B 11 64 4A 91 8B A9 4E 96 44 DC 5B 28 
[  106214] ch48 r1 a3: BF D1 40 FA FC AE AB FD 50 0F 2F BF AB 3A BB BC FB EE AF 5B EE AB AB 2C AA AA EA F2 EF AF EA A0 
[  106214] ch48 r1 a3: F6 FE 0A A8 22 A0 AA 28 88 AA 0A 82 AA A2 0A EE DD 3E EB 3A BE FC AF EA A0 6A 7A 82 28 20 80 57 
[  106216] ch48 r1 a3: FE 8A AA 88 2B BB BF A2 08 80 A2 A2 02 20 82 A8 A2 01 DD DD D5 DD 75 55 ED F5 7D 55 F7 59 95 F6 
[  106217] ch48 r1 a3: BF 35 AB FD 50 0F D1 54 03 FB 5E BB D6 AF EA 80 6E 6B 7D 66 A6 69 D5 6F 5D DF D0 10 44 40 2B EB 
[  106315] ch48 r1 a3: 1A 5C 48 14 A0 AD AD 16 D6 0B 2C 98 61 5B 56 25 4B 49 6C 48 E1 12 22 7A B3 6A D5 F6 50 C0 EA 12 
[  106317] ch48 r1 a3: 50 2E BB FD 10 44 05 15 44 44 02 EE EF 7E EB B2 BE EB AA AA AE BF 6F BA AE EE EA AE FB 34 AE AE 
[  106318] ch48 r1 a3: DC F5 55 51 54 14 14 54 45 55 05 54 0B 35 33 2C CA EB CA CD 6C B2 AA EE B2 FF 41 50 A1 2A 80 8A 
[  106331] ch48 r1 a3: 1C 15 44 B5 2A 55 09 56 A7 48 AA EA E7 BB 56 DF D5 AF EB 55 ED 5E DD DB AA AF CA BF DD 36 6A DE 
[  106342] ch48 r1 a3: 02 82 81 01 28 94 10 21 50 52 94 A4 69 80 A0 90 A0 47 14 11 48 A8 C2 09 08 82 42 14 A4 22 A2 50 
[  106342] ch48 r1 a3: 54 10 49 44 B2 25 40 0B 55 C6 D2 96 A3 64 4A 12 59 52 C9 12 71 8D 4A C7 6A 12 8A 58 A2 AA A9 5A 
[  106350] ch48 r1 a3: 14 A1 04 24 D2 42 34 04 48 10 A5 24 82 A4 02 2A A1 24 20 08 62 54 0A 11 68 94 C0 34 D0 49 18 2A 
[  106387] ch48 r1 a3: 56 95 20 96 88 EE 97 33 44 7D 34 A6 08 85 41 53 61 44 A2 00 14 35 3C AB 56 AA 5F 26 BD D7 5B 7E 
[  106405] ch48 r1 a3: 4A 85 97 5E ED EF A0 E9 55 99 6F 58 1D 57 4D 76 72 74 5C F4 EB 55 F4 EB FA A3 46 B1 7E F5 DD 97 
[  106413] ch48 r1 a3: AA 76 95 50 8C 51 C9 AA 50 01 35 25 D5 69 42 D6 E8 50 25 54 11 0A 34 20 84 AC 49 02 AA 96 52 55 
[  106417] ch48 r1 a3: 82 28 00 6A 2A A5 76 D7 37 5B B9 5B B4 D0 57 2A 5A E9 97 5D E9 6B DE A9 B2 EA 23 EA AA 4A 6B 5A 
[  106418] ch48 r1 a3: CD 4B 5D FF EA 96 A2 35 54 CC 8A D5 4D 2A B2 AD AE AA 5D 23 AA 95 52 6A A9 4A AA 5A 65 52 B2 D5 
[  106420] ch48 r1 a3: BB EB 2B FB FC 15 45 11 05 45 54 45 44 11 05 51 54 55 54 44 15 00 D4 FB 2A CA ED 4A CD CC B3 AD 
[  106422] ch48 r1 a3: 90 52 54 48 2A CA DA FD 55 55 52 05 59 32 58 4A 90 62 C4 49 63 41 44 A9 56 D4 49 96 65 4D 55 55 
[  106425] ch48 r1 a3: BD BB BF 8A 0A AA AA 2A A2 AE EE EA EE FB EC EF BB BF AE BA AF 6F AC CB ED AA D7 01 40 2E BF AA 
[  106427] ch48 r1 a3: BB AD 7B AB F2 EE EF CA BA AB EF 6B FA F7 FB BA EA BA AD 6F BB EB 2A B2 AA FA AB 35 BF AB 2B BE 
[  106452] ch48 r1 a3: 12 A4 02 3C 02 54 29 28 A1 40 56 A4 45 58 A2 14 A2 54 68 14 54 A4 AC 8A 4C 2A 8C 84 50 26 44 88 
[  106453] ch48 r1 a3: A3 2A 51 50 23 91 AA A1 09 20 11 A2 2E CA C4 24 A2 FA 2A 3C A5 54 94 A9 54 91 46 0C 8D 14 56 82 
[  106455] ch48 r1 a3: A7 AA 7B B4 BF 5E 8A F6 BD 5B 3D A5 74 89 B4 1D C8 D6 A9 45 49 1D 64 DE A9 68 DD 49 04 97 51 51 
[  106463] ch48 r1 a3: A9 35 4E A9 5A B1 A7 43 01 52 A0 28 95 4B 5A 85 32 70 68 AA A1 4A 02 AA 8D 11 15 65 81 02 84 B6 
[  106488] ch48 r1 a3: 8A 54 8A D2 55 6D 2A 34 5F 2B AC 5E AB 4B 64 98 D6 42 B9 DB 12 F9 4C 9E D5 6D E9 6A 6F 4A 51 E2 
[  106491] ch48 r1 a3: 0B EE 08 30 F3 FC 33 5B 01 FA AC FF F4 FF E0 CF F8 D8 23 78 43 08 03 D2 5C 7A 0E 00 18 FF 53 3E 
[  106498] ch48 r1 a3: 95 43 49 23 24 A4 B2 D2 A0 55 40 8A 64 48 95 24 64 B8 00 00 00 00 00 00 00 00 10 00 00 00 00 00 
[  106521] ch48 r1 a3: 10 0C EE F2 CB 75 55 55 55 57 B5 DD 5F 7F 57 F7 DA AA EB EB 6B B6 E9 56 ED EE 9B 4A 6E B3 BB FF 
[  106522] ch48 r1 a3: DC D7 AE B6 AA CA CB EA CF 6C FB EA AD AD 33 2F 4B 56 FB 2A CE EF F4 41 10 14 54 05 55 00 BF 35 
[  106522] ch48 r1 a3: FE FD 04 50 41 00 AE B5 AE FE ED 6F EE B5 BB ED 6B FB FB FB BA EB EB AE CF 6B EA B3 3B 55 14 54 
[  106523] ch48 r1 a3: EE AA B2 FA B3 56 BF C4 55 40 55 D5 D7 95 9F D9 99 FD 5A 7D 01 01 77 57 DD 7F 5F 75 5D A9 9E 7D 
[  106524] ch48 r1 a3: B4 B6 EE AA FE FA FE FA AF EF BA FA F7 BB BB BF BB EE EB BA BD EF EF BB BB FA 8A A8 AA 0A AA 22 
[  106524] ch48 r1 a3: D4 D5 05 10 0F F7 F0 8A 0A 01 6A 7A A2 A8 A2 A0 AA 28 A2 20 2A 29 2A A0 AA 8A BB EF EB B2 E7 55 
[  106526] ch48 r1 a3: AE AA CB 5F EE EC DF AE CB CB AD 54 13 F5 7C 50 54 02 FB BA A9 3B F8 20 1D D7 FA AA 8A AA AA AA 
[  106528] ch48 r1 a3: BE D2 D5 FE 8A A8 2A A2 2A A8 8A 22 20 8A AA 0A AA 2A AA 02 AA 2A AF EE F3 5E AA BD 4A AA AA 92 
[  106530] ch48 r1 a3: AA EE AB FA 88 22 22 A8 08 A2 A8 2A AA 81 A6 59 9F DA 65 BE AA 8A A0 A8 A8 28 22 92 AB EA FE A8 
[  106531] ch48 r1 a3: FE 2A 2A AA 2A 88 AA 88 2A AA 8A B3 D3 35 2A DC CF F0 54 45 55 54 05 54 45 40 2D 2A FE EB EF D1 
[  106534] ch48 r1 a3: C1 A4 90 A4 3A AF 44 CA A2 BC 48 D6 B6 C5 F1 75 D9 69 F2 9B 5D A5 3E A9 48 AB A2 55 AD 5D 28 A0 
[  106564] ch48 r1 a3: 32 4A 0A 40 85 A8 A1 58 A1 24 4A A0 0B 55 22 80 88 A8 06 48 CA 9A AA AA AA BB ED BB AD 5B B5 DD 
[  106580] ch48 r1 a3: 59 A8 14 0A D5 45 54 88 B5 64 A6 AA E2 D6 AA 50 E9 45 24 AA B5 5C 72 F5 76 AE 12 95 4A B5 AF 55 
[  106592] ch48 r1 a3: 80 75 5A ED 2A BA AA C9 AF BA AC DB B2 6E DC 97 EB 6A BE B6 A5 29 72 59 D4 C9 54 B5 CC CB 17 45 
[  106618] ch48 r1 a3: B8 A1 14 A4 B0 94 8D 21 22 02 85 8A 94 A4 48 85 0A 25 00 0B 45 91 45 1A 88 A8 08 82 80 95 56 BE 
[  106622] ch48 r1 a3: 8F 55 16 D1 A1 AD 05 8A 27 64 18 BC 59 6D 49 64 24 25 33 56 EB 59 AB 59 9D 54 11 8B 2A A0 93 85 
[  106623] ch48 r1 a3: FE D5 04 11 41 04 04 11 01 41 05 01 15 41 00 EE AA BF D1 04 55 5A 7D 55 E5 FD 55 55 FD DE 67 D6 
[  106624] ch48 r1 a3: FA AA EB CE FE AA 28 A0 1D DD F5 7B 57 5D F5 D7 55 59 5D 7D 5D FD DE 79 55 A5 F7 75 A9 7F AA A8 
[  106624] ch48 r1 a3: FE FD 15 15 45 45 D7 D5 9A 9D E6 55 99 9A E8 AA 28 2A AA 8A AA 80 B5 BF C1 14 50 41 55 95 96 B5 
[  106625] ch48 r1 a3: 54 55 44 50 41 01 10 41 55 44 50 55 00 AD 32 B3 AE EA CD 53 4B 32 B5 2B 5F D0 0D 6E FB 4B AE AA 
[  106626] ch48 r1 a3: EE ED 4C FE CF 55 55 5D 15 55 BD 6F 5A F9 55 5D 5F 57 1E AB DE BB 53 2C AD 7A AA 2A AA AA 8A 28 
[  106627] ch48 r1 a3: D4 CC CC B4 B2 CA D4 B3 5D 33 4A D5 55 15 41 14 10 55 05 05 51 45 41 50 45 55 40 41 55 40 2A FA 
[  106627] ch48 r1 a3: FE BE EE AF BD AB FB EE AF BF AB FA A2 AA 02 2A 22 8A 02 08 06 66 7F A2 0A 20 2F EF 7B EC AA FE 
[  106637] ch48 r1 a3: A1 48 53 28 8A A5 4A 96 4B 56 AD 56 A5 54 55 8A 92 22 A8 5B 52 D0 B2 64 1A 91 32 15 A8 81 A1 34 
[  106660] ch48 r1 a3: 12 09 35 44 0A 02 00 18 08 99 24 92 59 AA 83 26 71 14 2A 24 91 16 91 12 41 02 DD 04 9A 48 0A A0 
[  106662] ch48 r1 a3: B6 85 58 EA 5E 9E BA FB D7 F5 71 E5 F5 B6 AA B4 EE FB 6B 55 B5 5A AA EF 55 D7 DB EB 6B BE DD 6B 
[  106663] ch48 r1 a3: 42 82 1A 55 2A 4A F1 52 05 59 14 D4 90 89 A2 9A A9 AA A6 E9 55 25 2A 28 D2 91 28 A2 42 A0 68 28 
[  106667] ch48 r1 a3: 48 58 80 A5 01 54 0A 84 94 18 66 A9 56 25 49 32 04 3C 68 2B 6E AD 57 A5 5E 9B AE FD 69 6B ED DD 
[  106674] ch48 r1 a3: 2E EA DE AA CF AA 8D 8C 74 EB E7 9B DD FB A7 5F D6 F7 DA DD B5 DC F7 95 D6 DF 5B FD EF 3F 7E F7 
[  106686] ch48 r1 a3: 9B 81 88 EF AA 99 E8 78 39 9B C4 66 11 99 1C 67 9F F9 E1 81 97 81 67 E4 38 18 5E 19 7A F8 00 2F 
[  106709] ch48 r1 a3: 84 89 10 04 05 00 25 08 00 8A 00 04 C2 25 08 45 10 A0 99 01 28 55 49 24 08 C8 A1 00 0C DB 6A 66 
[  106713] ch48 r1 a3: 01 04 A0 54 15 0A 02 09 26 04 4A A4 A8 C1 09 2A 07 4B 11 6A 84 81 14 9C 68 01 29 08 A0 A1 14 5E 
[  106726] ch48 r1 a3: F4 B4 CC BA AB AC AF BC BB EB 3A AB EB D5 10 44 05 15 00 BC AF BB 2B BF AA BA EA CB 7C 51 55 05 
[  106727] ch48 r1 a3: EE CF BB F4 04 10 50 11 51 15 54 05 55 50 5A BF C1 14 14 40 55 95 D6 95 DF D9 AF D5 5F 5F 77 5F 
[  106727] ch48 r1 a3: AA AA EA AA EA AA AA 8A A8 2A 82 02 82 88 82 80 A2 80 AA 42 8A 80 AA 22 0A AF AF B3 AF BB AB BE 
[  106728] ch48 r1 a3: D4 D5 04 40 51 11 45 40 51 40 36 AA AE AC BF A2 A0 AA AA AA 5F AF 3B AF EB FC 51 00 CE CD 50 40 
[  106729] ch48 r1 a3: FC D5 BB AD 4A BB FA AF EA 08 8A A2 AA AA AA AA AA AA AA A8 22 02 A2 2A A8 8A A8 02 AA BF 6A 8A 
[  106729] ch48 r1 a3: FE BC EE BB 2B EF EB BE BA F3 BB BE AB DA AA CA CB EA B5 41 51 55 44 44 41 50 55 00 BA B3 6F B3 
[  106731] ch48 r1 a3: 56 71 45 54 84 50 92 93 52 79 44 25 92 5F 69 47 41 55 B3 1D 5E E2 5C 81 6A D6 00 36 D5 99 56 F5 
[  106733] ch48 r1 a3: 54 B4 8B 54 4D 54 41 91 35 72 05 10 A4 A0 41 95 51 5A 95 85 45 77 75 52 D5 9E 16 55 6A 84 55 35 
[  106762] ch48 r1 a3: 40 80 C8 D2 29 B9 15 43 55 0B 20 A2 C4 5C 80 08 00 84 A9 17 12 25 2A 6A A2 B4 55 D3 B6 B3 76 AB 
[  106766] ch48 r1 a3: 81 32 84 0A 20 95 20 83 10 64 AA 4A 69 54 12 B2 42 29 55 24 12 52 AA 48 2C 13 34 C8 91 53 59 BA 
[  106768] ch48 r1 a3: 04 30 24 2A 15 22 20 A1 02 1A 44 10 44 50 88 08 02 45 2A 22 4A 15 40 0A 10 A4 57 08 28 0E B9 7A 
[  106769] ch48 r1 a3: B8 64 57 52 E2 E5 49 81 55 49 09 51 55 55 55 58 54 B5 55 05 05 CC D4 54 33 6D 45 4B 3A AA 67 BF 
[  106815] ch48 r1 a3: 9C 8A 6C A4 4A B5 77 BF 3F F4 14 68 56 A2 A4 65 6A 2D 3A 22 AD 69 52 52 AA 4A A5 82 A5 6D 56 61 
[  106820] ch48 r1 a3: A6 16 85 48 46 2B 6B AF 3A E8 44 E2 32 65 00 A4 9B B9 5F CB 64 2B 53 55 D1 69 55 79 13 F6 9D 68 
[  106821] ch48 r1 a3: 14 11 88 86 53 25 29 AD 2F 72 91 82 08 CA 2E 35 29 02 25 84 4A 92 55 4A 91 0A 65 2A 08 81 59 1B 
[  106828] ch48 r1 a3: CB BB EC AB AF 77 FA AA A0 AB AC EF EB AF 3A EF B2 EE AF F5 41 10 55 55 05 95 DF D0 0A EB AE A4 
[  106829] ch48 r1 a3: D4 D5 04 50 41 00 AC AC B4 AC D4 CF 34 AA FA FB BA FE BF AF BA AF BA FE F3 AA FC D6 AE F3 3E FA 
[  106831] ch48 r1 a3: DE F5 01 05 01 44 50 41 01 04 0B 4B 6C B2 BA CA AB FB EE AB 3D 45 44 94 10 45 55 45 10 45 55 55 
[  106831] ch48 r1 a3: CC CD 55 41 50 55 40 2D AA AA AA EB EA AF AF BB AF EA A0 BF AA 00 A8 88 2A 0A 22 2A 82 A2 AA 82 
[  106860] ch48 r1 a3: 6A 45 76 29 35 8A A1 42 D4 61 CA C3 16 2A 81 0A 02 94 29 82 65 48 94 A8 AE AA 5A 65 D5 59 6A D4 
[  106878] ch48 r1 a3: 53 4A AD 32 AF 9C 95 AA 95 DB AA B0 DF A1 56 E9 4A 93 A4 ED E9 DA F5 28 D5 A2 AA 92 4A AE A9 96 
[  106900] ch48 r1 a3: 8A 94 49 74 50 44 8B 4A 48 AA 8E 50 94 8B 1A 24 12 57 51 48 55 52 AB ED 5B 62 96 9D EA BD CE 55 
[  106913] ch48 r1 a3: CD 2A AC 59 1A 52 B5 4A AA 5A 5D 42 24 5C 55 94 AA 01 C2 56 AC 49 15 51 41 66 23 94 A2 A5 20 22 
[  106914] ch48 r1 a3: B6 42 F9 77 2A D4 AA C2 24 A8 91 40 E8 C4 12 2A 93 08 42 D3 0A A2 85 1A 9A 4A 40 8A 75 28 45 69 
[  106915] ch48 r1 a3: AE A2 52 AD 48 AD 4A 55 AB 75 A6 5B 26 43 52 AB 37 5F 54 D3 EF 55 BA B5 D0 3A 54 4A 27 AD 52 94 
[  106918] ch48 r1 a3: 53 1C 48 93 10 C5 08 12 22 AA 57 02 95 51 54 88 73 B5 29 17 17 6A 41 52 7A AB 8C 12 AA 2A 94 A8 
[  106931] ch48 r1 a3: FE FF 04 50 41 00 AE AE BE AE D6 EF BC AA FA F3 BA FC BD 2F BA AE EE FD 44 11 01 45 40 55 51 51 
[  106932] ch48 r1 a3: B4 B2 D2 CB 54 45 10 40 5E 9D DD 55 9F 7D 55 ED F7 77 D5 F5 59 79 59 AB 9A 6A 55 5D 99 FD 50 54 
[  106932] ch48 r1 a3: FE AF 3F A8 05 75 75 F5 77 5F A2 80 7D 7D DD 7E DF D7 D5 5F D6 A7 55 5D 5D 5D 55 55 F5 59 FD DE 
[  106933] ch48 r1 a3: BE BC CC B7 AF 55 50 45 54 55 51 01 45 45 54 55 54 41 55 55 00 FC D7 AE FA CB AA AC AC B2 D7 4B 
[  106934] ch48 r1 a3: D4 AC AD 6B 52 B2 DA CD 50 51 44 45 41 54 50 15 F5 F7 75 F9 7F 55 51 5D DF C1 55 15 45 41 7F AA 
[  106989] ch48 r1 a3: 00 08 B9 00 92 99 00 0A 95 29 40 34 4A 54 84 56 86 4A A2 75 50 01 4A 31 6D 04 90 4A A9 40 89 1C 
[  106997] ch48 r1 a3: FE FF 04 50 41 00 AE AC BE AC DE EF BC AA D2 D3 32 D4 B5 ED B2 AE EE FE AA 22 02 8A 80 AA A8 07 
[  106998] ch48 r1 a3: FE FD 55 03 D3 FC 14 33 34 AD 2A EB FB 3E AA CA AC AC D7 6D B5 2B 5E AB 3B BB FD 10 44 05 15 55 
[  106999] ch48 r1 a3: FE AA 8B FB FC 11 40 2F 2F BB AD 7B EE EB EA AA AA DA AB 4F AE F2 EA FE AA AF F1 45 55 D9 9A E8 
[  107004] ch48 r1 a3: 45 54 40 50 0B CA D3 54 BF D5 00 EA CA D7 14 05 55 55 01 10 15 15 40 40 36 EB 4C EB FA D5 14 40 
[  107005] ch48 r1 a3: CE AF 33 2F EB 4E EB FA D6 DA AF F1 14 41 45 15 55 14 40 45 41 14 44 10 45 51 11 15 55 45 00 51 
[  107006] ch48 r1 a3: AA DA BA BA EA AB AB AD CB FA AA A8 AB FA 20 88 0A 2A 28 88 28 05 65 65 A5 66 FA 22 AA AA A8 A8 
[  107006] ch48 r1 a3: AB EE AD BA BA FA EB AA DB AC AA BA FA B3 7B BC D2 AB B4 CD EB AA CB AF 35 EB BB 3E BF BA CE FA 
[  107007] ch48 r1 a3: 54 55 04 50 41 15 51 05 05 55 40 95 15 55 45 11 55 54 51 03 AD 6B FA A0 AA AA BE AE BB AF AA AA 
[  107008] ch48 r1 a3: FE F6 AF EA A0 5F 56 6A BD 95 6D 69 95 77 7F 45 11 51 44 41 40 45 55 51 45 44 51 45 51 55 50 54 
[  107008] ch48 r1 a3: F6 D5 04 50 41 45 56 56 5F 56 6B 75 D9 5F 7F 56 BF 50 35 BF D5 14 15 50 55 D5 96 95 DF D9 B7 A5 
[  107009] ch48 r1 a3: EE FB EA AF AF BA F3 EF AA 2A 28 08 0A 05 6A 5F 7F 22 8A 01 AD F7 E5 6F AA 0B CB F8 22 8A A2 28 
[  107011] ch48 r1 a3: DE FF 04 51 55 50 45 51 01 50 45 45 55 40 59 57 E8 A0 17 DD 95 7D D7 75 D7 95 DF 5D 75 75 E5 F7 
[  107011] ch48 r1 a3: F4 FE AD 7B EC AF 3F AC FA EE AD 33 AD CD 7A EF 2C B2 EA AF AF BD 4B FA EC AF E2 02 8A AA AA AA 
[  107012] ch48 r1 a3: D4 D5 AE D2 CB 2D AC AB 4C AA AA AA CA CB EA CA BB BA D6 BF AA 20 88 88 AA A8 2A AA 8A 85 55 7D 
[  107013] ch48 r1 a3: FE F3 FA 8A 8A 2A AA A2 A2 88 A2 82 A8 88 28 A0 20 AA 82 82 88 80 AA AA 2A 28 28 88 2A 28 28 8A 
[  107013] ch48 r1 a3: FA FE AB 3B BF AA 08 AA 80 7D 65 55 D5 D7 D5 57 D7 95 FD 65 57 F7 7B FD 55 AB D7 5A DB E0 AA 2A 
[  107014] ch48 r1 a3: 77 66 BF 7F 05 11 55 55 55 55 55 55 5E BF 81 11 54 11 51 55 55 15 F5 F7 7E D7 F4 85 14 05 7B 2A 
[  107015] ch48 r1 a3: F7 EA B7 45 44 40 2B AB 2A FB AF BC F2 AB EB EE EB 4A FE 2A AA BB B3 FA 28 A0 88 A8 68 57 5E BF 
[  107015] ch48 r1 a3: FD 55 29 51 55 05 44 10 0A FC F6 BE AA D3 2D 5B 75 50 0D 2F B2 AE EE F5 EE FB CB AE AB B3 BE BA 
[  107020] ch48 r1 a3: 52 80 10 10 90 06 2C A5 C9 0E 56 0A 09 14 49 89 54 B4 58 24 C5 4B 01 42 D4 A8 90 24 50 A2 A2 06 
[  107033] ch48 r1 a3: AF 2D 7A EE AB 2B AD 5B F2 ED 50 50 11 51 54 45 15 15 41 14 10 41 55 5F 7B 57 F1 45 14 45 10 0D 
[  107034] ch48 r1 a3: FE F5 04 50 43 00 AE AC BE AC D6 EF BC AA FA FB 3A FC B5 AA AA AE EE FE 82 82 0A 2A 0A 02 2A 22 
[  107034] ch48 r1 a3: DE AB B3 37 A2 02 8A A0 AA A8 A8 A0 A8 A0 A8 28 20 AA 0A 2A A2 01 99 9F DD E5 FC 51 01 45 40 55 
[  107057] ch48 r1 a3: AB 15 65 B2 AA 56 AE 97 6B 66 59 95 53 54 BA EA B5 F9 56 DF 92 E1 13 AE D4 72 AE D6 9A 36 CE 92 
[  107092] ch48 r1 a3: 92 D4 B5 84 02 55 8C 11 A2 54 20 89 37 09 50 2A 82 50 52 08 8A A5 21 D2 95 62 95 A9 9E B5 48 D1 
[  107128] ch48 r1 a3: D3 A0 B4 14 F7 35 98 15 52 5B 94 A1 56 95 11 54 E8 25 79 F4 AA 4E 84 B5 9A C9 89 3B AD 85 52 87 
[  107135] ch48 r1 a3: DC D5 04 50 40 2C AE B4 BC FA AA FA FB BA FE 28 A0 15 FD 95 57 55 5D 7A 6A BF 6C CE AA 66 55 24 
[  107137] ch48 r1 a3: EB EB 34 AF D4 10 15 00 AC AC AC DE D4 D2 D6 D5 04 51 55 50 10 0F B2 FB EF 7E AB 72 AF AC D4 EA 
[  107137] ch48 r1 a3: FC FE 01 A9 6A 8A A2 8A AA 22 82 0A A8 2A 8A AA 8A AA A2 AA 28 81 66 FA 69 A9 55 FD 6B 57 5E 57 
[  107153] ch48 r1 a3: 99 32 12 46 88 80 00 00 11 20 01 0D 58 12 00 4D 00 00 45 16 12 40 09 26 40 00 02 42 54 EB 10 04 
[  107167] ch48 r1 a3: 4B 40 A8 50 AA A3 5B 51 69 2D 4A B4 95 D4 46 FA 2C CC D6 BA D6 AD 30 F2 EA 9E DA B4 AD 56 AE D9 
[  107180] ch48 r1 a3: A5 A1 AA DE 33 55 68 15 69 66 4D 42 8D 2A 5C C2 8A 54 58 AA 8B 8B 3B 1E 9A D9 89 BD 56 CE 8D 6B 
[  107233] ch48 r1 a3: 00 00 00 15 5F 18 C5 EB 02 34 2F 1E 3F 87 80 A9 A1 64 3B 93 D2 3D CD AF 02 87 FF 57 73 D7 7B DF 
[  107238] ch48 r1 a3: CC B7 3B 35 2B EC D3 4B ED 32 AF E2 8A AB BB BF AA A2 2A 2A A8 8A A8 AA AA AA AA AA 2A AA 2A 22 
[  107239] ch48 r1 a3: 75 F5 DF 57 F5 55 7F 54 00 B5 7A D5 5F D5 75 50 14 02 F3 2F BE DF F1 51 50 15 50 33 AF CB 4B B3 
[  107240] ch48 r1 a3: CE B5 50 15 55 51 5D FA A8 82 FA D7 AE EA CC BA B2 F2 AB CB 6E EB 52 D7 AB AA FB AF 4A BE B4 AE 
[  107240] ch48 r1 a3: AB EB CE AB 33 AF EB 3E BA EA AB BB BD 3B EF CA FF 04 50 11 51 54 11 01 45 40 55 50 0F AF 3B EF 
[  107241] ch48 r1 a3: 5E 8A 28 A8 2A AA A0 19 99 AA 88 22 02 8A AA A2 01 66 A6 7D A5 57 F5 5D 67 F7 7A 77 79 5E 7F 7D 
[  107241] ch48 r1 a3: FB AB 37 BB 4A FA AE B3 FB BE FA AB EB 5E EB F2 FE 28 80 3B BB FB DB AF BA EB F8 0A 2A 08 80 A2 
[  107244] ch48 r1 a3: 92 95 40 A4 81 8C 59 54 56 71 48 15 4B 4B 74 95 42 95 1A B3 AD 4B D2 A9 DB 50 12 8D 12 64 8A 12 
[  107247] ch48 r1 a3: 12 50 0A 09 52 25 46 40 52 48 45 51 06 B0 01 4E 44 49 24 24 A1 92 09 50 00 81 02 2A 94 2C 48 0A 
[  107273] ch48 r1 a3: 56 5D B5 F6 D2 AF B4 F5 B5 C4 1F B7 F7 D5 56 7F 6D BB EE EC F3 3F EB FB AD B7 D7 CF FF AA 96 DB 
[  107275] ch48 r1 a3: C2 4A 55 48 51 94 29 A9 06 A8 10 09 21 85 23 22 C5 D9 96 D2 DB 5B 0A D9 DA F9 BB 09 DA 36 9F 56 
[  107340] ch48 r1 a3: D7 72 CC AD 2A D6 CB EE CB 5B FA A2 AA AA AA FA EF CA 9B AA BB EE F2 FA BD EA AB F8 A2 88 A0 A8 
[  107341] ch48 r1 a3: FF 14 10 50 11 51 50 55 55 55 54 55 05 55 15 01 14 10 50 11 01 44 45 40 55 44 11 15 55 15 51 45 
[  107343] ch48 r1 a3: FB B2 FE A8 AA 2A AA 0A AA A8 A2 01 F6 65 FD 41 54 02 B2 BA AD CD 7F AA 8A AA AA AA A0 A8 8A BA 
[  107344] ch48 r1 a3: 57 56 FF 77 D6 5D 75 55 D5 D6 AA AA 0A AA A8 88 28 0B EB DE EB FC 55 44 41 55 05 40 17 DF D5 5D 
[  107346] ch48 r1 a3: CE EA CC CF 33 35 4B 36 D2 B5 54 45 04 55 11 51 54 50 0A AF AE EF EB EF EA A0 AA AA 20 8A 20 1D 
[  107349] ch48 r1 a3: 5F 57 EF 7F 55 15 10 50 44 41 54 53 D7 75 29 B9 DA 95 99 A9 A9 91 21 11 2A 55 A5 66 55 65 55 5A 
[  107350] ch48 r1 a3: CC D4 B2 D2 CA CC AD 2A AD B2 F2 B2 AA AD BB BB F5 55 55 51 54 15 14 15 5D D5 55 40 56 A7 99 D7 
[  107370] ch48 r1 a3: A0 22 A5 10 82 80 21 14 89 56 1C 28 2B 28 15 22 4A B2 88 22 9A A5 25 2D 36 D5 8E B5 AD 7D B5 A8 
[  107421] ch48 r1 a3: 8B 49 16 00 A1 41 29 1A 29 0A D7 23 54 EE 65 56 FB FC 56 ED 77 D6 BF BB 53 2D 7B DE AA 2F DB FE 
[  107442] ch48 r1 a3: 8A 61 55 5D 91 25 99 7B 29 48 55 83 52 48 49 2B 55 51 61 12 A5 57 2F 63 40 35 24 8A E3 6D 50 A9 
[  107445] ch48 r1 a3: AC B3 54 44 40 2C F3 36 AE AF 4A AA FD 14 51 14 15 02 EB 33 EE AB 2F EB 56 B3 FA AB AE EF DB AF 
[  107446] ch48 r1 a3: CC CC DA CB 4A CD 6B 74 41 50 54 55 51 41 54 15 15 54 44 55 40 45 44 51 40 0F F5 44 40 50 45 00 
[  107446] ch48 r1 a3: FE 81 A9 7A 8A 20 19 99 EE A8 22 2A AA 80 1F 9B 57 57 97 95 FD 50 15 50 0B EB F3 5B BF 44 44 02 
[  107447] ch48 r1 a3: CE EF 74 41 10 0B 53 FD 15 45 45 44 51 50 5D 77 F1 11 40 BA D7 BF AB BE AC D7 EE BB 6F EB B3 BF 
[  107447] ch48 r1 a3: B3 EE F5 AF BD 45 54 10 14 15 55 5E 5E 66 5F D5 DA 5F DE 65 5F DB 97 DD 57 77 77 FA 22 0A 82 88 
[  107448] ch48 r1 a3: D4 CA CC B2 F5 54 01 51 54 11 41 04 02 BA BA FA BB FB AF F5 55 54 35 34 11 43 32 54 B5 05 4D 50 
[  107449] ch48 r1 a3: DD 54 03 BB BE FA AB CB 4D AA B6 AD 5E AA AB AA FB DB 7F AA A0 A2 AA 20 22 01 F7 E6 65 95 DA 9A 
[  107449] ch48 r1 a3: B5 B6 EE B6 EE B3 B3 5F B2 CA BB 35 FB AE CA D2 BA F3 32 F4 BF 8A 2A B3 BB FD 20 45 55 41 14 11 
[  107458] ch48 r1 a3: 9D 2A 48 D4 64 16 4A B2 CD 44 B5 DF CD 5A 2A 26 5B 92 5E 6E 48 B2 6A A5 DA A2 55 52 6A BA 5D 70 
[  107477] ch48 r1 a3: 20 49 4A AA 94 A5 02 51 68 8A 85 04 4C A5 55 62 AA B5 24 90 4C 70 A5 24 B5 69 45 05 AA 51 4E D9 
[  107530] ch48 r1 a3: CA 25 29 0A 16 40 A8 88 12 0A 34 5A 42 92 A6 94 A1 56 C8 44 98 A6 C5 93 4A AA 42 AB 66 4A AD 99 
[  107546] ch48 r1 a3: DC FB 55 41 11 15 41 55 11 15 11 45 51 10 45 51 51 15 77 77 F4 45 12 55 55 5A AE A0 8A 88 20 17 
[  107547] ch48 r1 a3: EE EB 55 FB 2B B2 ED AA AF BA F3 EE EB BC FE AA 82 20 AA A2 80 88 20 A8 82 80 A2 AD 6A AA 08 22 
[  107548] ch48 r1 a3: 50 14 03 33 32 FF 51 51 14 05 45 40 37 BF AB FD 10 44 05 15 01 55 10 44 05 15 05 51 55 55 54 41 
[  107548] ch48 r1 a3: EB 32 BE AD 4D 3A AA CA EB EA CF EE FC BF D5 41 44 03 B2 BE FE AF EA 80 BA EA AB DA EC AD 3F AB 
[  107549] ch48 r1 a3: DD 50 07 D7 DD 97 F5 05 50 41 01 57 55 9F DF E0 8A 08 22 20 AA 28 80 76 65 5F DD EF D7 59 55 DD 
[  107553] ch48 r1 a3: 82 D5 04 A5 45 30 A0 09 45 56 A5 14 15 55 51 DE DA 5D 6F 75 55 5D C7 53 DA 57 75 4B A6 A9 B2 AF 
[  107570] ch48 r1 a3: 42 18 80 92 50 A0 84 64 90 03 04 28 90 E9 56 F7 53 DD 76 DA EE EF AD FD DA D2 BA 77 6E FA 6A ED 
[  107572] ch48 r1 a3: EA 45 45 20 40 C9 08 88 A8 20 60 94 A4 24 67 1A AD 42 25 45 A7 46 8A 25 21 4A AD 35 56 8A AA AB 
[  107590] ch48 r1 a3: DD 61 50 1B 46 D0 11 82 46 C9 A3 2A 48 09 20 48 AC 69 2D 5D D5 67 D7 AD BA D5 EF 52 AF 7D 4C 88 
[  107595] ch48 r1 a3: 2A A6 28 CD 2C B9 8A EE 55 4A AA 6A 5C 9D 57 6D EB D4 E5 DA CA A2 CE AE 7E AD 6D F3 52 DD 5F 52 
[  107596] ch48 r1 a3: AA AA 16 49 48 AB 20 A7 BA A5 BF B5 AB 92 A6 EF D9 94 AB DD 70 F2 A5 C8 56 F7 51 73 DE 6C AB 44 
[  107603] ch48 r1 a3: 48 31 5A AA A9 14 29 82 E8 56 DA AD 58 6A 55 88 E4 CB A4 F5 F0 2A 48 B6 94 9A 0A 48 AA 11 AB 54 
[  107613] ch48 r1 a3: A8 2A A5 9C B7 94 FD 15 2A 80 FA 49 2D 6D 56 D2 C9 4B DA A7 BC F6 31 D5 32 0E 8C DB BE EE D4 96 
[  107638] ch48 r1 a3: A2 12 56 97 2A CF D9 34 A9 6D D9 55 75 2A B2 A6 B5 6B AD 5D 5A 96 76 D5 AB 56 AA F9 5D 57 75 5A 
[  107647] ch48 r1 a3: 59 77 7F 59 6A A2 28 82 20 2A AA 0A 80 A0 A2 2A 2A 22 0A AA 08 80 A0 A0 A2 20 A9 2A AA 28 0A F4 
[  107648] ch48 r1 a3: 54 55 04 50 41 00 AC AE BE AC CE FE A8 22 82 AA 80 AA A8 0B FB 3E BB EB AE AA B2 BA FA BB FB BC 
[  107648] ch48 r1 a3: D5 DF 44 55 05 A5 A6 75 9A B7 55 F5 E7 F7 67 B5 FD 7B 55 FD 6B 55 56 BD 5F AA 80 7F 6A DD 5E 95 
[  107649] ch48 r1 a3: FA D3 FD 10 45 55 05 55 55 03 32 CC B3 2B 6D 4D 2D 32 AE FB AA CA FB 52 28 A0 5A DF E0 8A 82 AA 
[  107650] ch48 r1 a3: AA EF AB CA BB EF E0 A2 28 AA 2A 82 AA AA 22 08 88 AA 80 6A BF 82 88 22 B5 55 C1 55 40 3F BD 6B 
[  107650] ch48 r1 a3: FE BF 45 00 BC FE AF F5 40 57 D6 BD F6 65 AD 56 AB 95 5E 7B 77 DE B5 FD 50 0B EB AE AA D2 D3 DD 
[  107670] ch48 r1 a3: 0A 0B 55 D2 5A AD 45 11 52 25 2A A8 2A 52 51 12 5C 4A 86 52 52 1A 8A 86 8A 32 52 4B 52 24 2C 83 
[  107688] ch48 r1 a3: 2B 45 01 25 51 56 25 71 51 55 74 0A 22 E7 6D 3A 23 73 55 12 A6 56 4D 51 5B 68 A6 FD 72 55 77 6D 
[  107750] ch48 r1 a3: FE D5 04 50 41 00 AE AC BE AE BD AE FE ED BE AA EB FB BA F2 BF 8A 28 1D 9D FD 50 44 05 15 01 54 
[  107751] ch48 r1 a3: D5 73 2A EE ED 7E EB BA BC FE AF 3E 88 B5 BF 82 2A 22 80 AB AB AF 2B BF BB CF AA BC BE EE B5 6F 
[  107752] ch48 r1 a3: CB B4 B3 34 D2 AA CA CB 2A AE AF 3A AA AA EA AA BC EA AD BE AF AB BE EF BE AB FB 54 51 01 45 40 
[  107752] ch48 r1 a3: CC CF F4 51 10 0E AF BE EB 2B 7F 2A AA AA 0B EB AE AC AB AB 2F AB BD BB EF AA BE BE EC AE EB 2F 
[  107753] ch48 r1 a3: FC FE 0A A0 A8 AA 0A 2A A8 7B 5A A2 88 06 76 7F AA A2 8A 80 AE AE B2 AA EA CB 4A EF F1 04 41 14 
[  107753] ch48 r1 a3: AB AB AA BF BE EA B5 BF 8A A2 A2 8A A8 0B 32 CB BA CC AB AE EA FB BA F2 FF 0A 82 A2 A0 A8 2A 8A 
[  107754] ch48 r1 a3: CE FB 52 AF EF E0 8A 2A 22 AA 28 88 0A 02 AE B4 AC CC D5 45 41 01 05 44 05 DF D1 56 69 4A A6 99 
[  107770] ch48 r1 a3: 26 DA E9 4A 74 54 F1 49 35 54 31 24 45 97 A7 3C 4B 70 82 55 15 4E 4A D5 17 B4 59 AB 62 25 2A F2 
[  107771] ch48 r1 a3: 02 94 40 49 22 84 90 44 55 91 2A 2D 15 31 B5 0A 52 C2 B4 9B 24 74 B6 AA AA 28 D0 92 2D 54 88 A2 
[  107801] ch48 r1 a3: 21 16 80 8A 49 10 02 4E 40 09 52 82 A8 A1 5D 6B 7B BB F5 1E AD B7 7C F9 66 FE F6 BE C6 FA AD 77 
[  107812] ch48 r1 a3: E2 C0 94 AF 50 25 69 D4 AB 12 25 52 11 2F 85 A9 4A 61 01 75 22 15 49 B3 B5 E8 BB B6 F5 FF BD E9 
[  107823] ch48 r1 a3: 04 14 75 91 25 05 D5 6B 6F A7 24 49 45 01 54 A9 5B 65 54 84 12 A5 4A AA FE A8 5B 3A 5A EA DA 56 
[  107825] ch48 r1 a3: 24 B4 02 89 48 20 89 23 49 4A 25 20 48 81 00 24 69 A5 22 44 89 12 28 48 91 0A 44 88 92 24 20 91 
[  107828] ch48 r1 a3: 28 20 2B 40 2F 25 55 14 00 92 AA A4 A9 05 35 AA 25 52 F5 D3 AA ED 3A AA 95 55 D5 3A B5 55 56 A2 
[  107833] ch48 r1 a3: 44 54 44 20 99 05 20 94 A2 52 80 A9 50 C2 88 89 52 24 0A 2E 32 84 A4 69 28 20 8A 42 70 A1 14 4A 
[  107841] ch48 r1 a3: 33 4C C8 54 DD A8 F5 CE C4 F6 F2 AC F5 76 4B 85 4A D6 6A 5A A9 2A 64 15 44 A5 DB 3E D2 53 47 52 
[  107847] ch48 r1 a3: AF 19 2D A8 A5 22 89 AA AE BA C4 EA EA 9D 6A AB AA B8 93 26 2A AE FE BE EE AB EA AE FE BB BA AA 
[  107861] ch48 r1 a3: A6 2B 2A 6D 79 4F 6B 6D 7A 37 29 91 29 35 55 AC 5A 87 B5 AD 24 45 B5 F5 6F 47 AE AE AD DF FA 15 
[  107863] ch48 r1 a3: 62 85 15 A2 24 31 26 00 00 06 11 05 02 10 01 14 12 81 A4 55 41 64 9C 20 22 41 00 92 8A 11 4A 05 
[  107869] ch48 r1 a3: 1D 52 D2 A1 20 56 40 AA 27 34 81 29 00 2A 26 49 04 2B 90 98 AA 57 1C 20 95 61 20 C2 16 15 AB 06 
[  107900] ch48 r1 a3: 25 52 AE AA 41 4E 65 7B 2A 52 54 91 63 19 12 D2 52 AA 45 2A 45 49 52 AD 55 49 50 28 D4 52 4A 40 
[  107929] ch48 r1 a3: 36 09 8E 14 34 88 91 14 83 4B D6 F5 42 8B A6 53 8B 9C 88 29 15 A3 58 A8 AE 49 4B 94 B6 65 64 94 
[  107943] ch48 r1 a3: 6A A4 95 6E 20 03 14 9B 49 6A AD AB 2A AD BD 5D 6B 49 0E F2 4D B2 52 AC 5B 23 6A D4 4B 55 66 D7 
[  107953] ch48 r1 a3: 04 5A D1 C2 5B DD 54 2C 4B 58 51 69 76 94 5D D4 54 15 54 55 41 09 55 9D 54 3B 8B 45 57 4F 01 5A 
[  107955] ch48 r1 a3: FE 0A A0 A2 A2 22 AA 01 69 6A 5A AA A0 AA 2A 0A FA AB CB AA AC AA B2 BA D6 FB BA DA BF 45 10 50 
[  107955] ch48 r1 a3: DE FF 44 54 45 51 57 56 5E 57 F5 40 BF 34 EB BE B2 EA AB AB AF AB 3F BB EF 6A BE B4 EE BF AF E0 
[  107956] ch48 r1 a3: BB FB CA AA EA BF 80 80 6A 7A AA 00 75 9A A2 28 A0 17 5D E5 DD F5 7D 57 5D BD 50 0E BE CD 5E EA 
[  107956] ch48 r1 a3: CF 75 11 10 0B 5B AD D0 14 03 AE BF BB CA AF AD 33 2E F2 AA BE D5 2E FC 54 15 45 51 40 2D 2E FA 
[  107957] ch48 r1 a3: CC ED 54 51 10 14 54 05 55 50 04 10 55 51 45 55 40 3F AB 35 33 AF 55 40 45 54 41 10 14 54 05 40 
[  107964] ch48 r1 a3: 00 2B 7B BB 5F BA B2 B3 D7 CF 9F 6E BB DF EB FB BF DB AA FA B7 35 6A D9 E6 DB 5F EA A9 AF 7A AB 
[  107987] ch48 r1 a3: 06 48 26 48 22 59 4A 14 10 51 70 14 48 15 20 04 4A 40 A8 5D 8B 20 0A 88 11 50 23 94 EA B0 11 14 
[  108015] ch48 r1 a3: 82 6D 04 00 85 15 28 0A 02 14 86 D5 00 40 04 7B 2A D0 96 AC 49 42 C6 6A 55 7B AA 4E AA ED D2 9A 
[  108022] ch48 r1 a3: A9 B7 9A AA DC 45 22 4D AD 44 0A A4 BB 35 11 55 7A 67 54 AE 4D 14 A4 74 CA 70 91 2A 04 90 8A 94 
[  108053] ch48 r1 a3: 5A 6B 55 5A D3 E5 4A 57 39 5C B4 B6 BD 5B 55 1B 25 D6 55 4F 15 DD 34 D8 AD DB 7A DD 55 45 55 64 
[  108055] ch48 r1 a3: 6A 82 D4 A7 D5 48 71 4C 59 48 35 24 F4 4A 25 05 2B 4A 95 69 FB 5A B2 4C A4 AB 55 AA 45 57 68 92 
[  108057] ch48 r1 a3: FE FA EE AF AA FA EB EE EB F7 F8 22 A2 88 05 65 9A A2 22 01 66 D9 A9 65 7E 55 57 F5 45 15 55 54 
[  108057] ch48 r1 a3: AF AA B4 BF FB 73 EB BD 9D D5 5D 55 48 D5 04 D0 92 55 28 A5 55 D4 AA B5 49 28 8A 29 52 94 95 55 
[  108059] ch48 r1 a3: BE BE AE F8 AA 2A A2 AA 05 FD F7 77 F4 41 10 15 05 11 15 55 41 14 10 54 41 55 14 45 54 55 44 11 
[  108059] ch48 r1 a3: 77 F7 7F 67 7D 5F 7F 6B 76 D5 76 77 F7 79 95 55 75 54 04 11 51 54 14 55 51 51 55 45 55 45 50 51 
[  108061] ch48 r1 a3: EF D5 54 15 54 02 BE EE AB AA BF AE FB EB AF EB EB BE BB EE BE FA AE AB AA BB BB AB AA B4 D7 2E 
[  108062] ch48 r1 a3: AA EA EA AA BE AF 2F E2 AA 8A 22 0A 8A 2A 0A 2A 2D 75 25 F7 1A EA AA EE EA AA 6E EE EA AA AA AA 
[  108063] ch48 r1 a3: D3 AF 32 DB 3F D1 05 54 45 55 55 50 51 01 11 50 15 54 03 EF BA FB EF 7E EB CF AB AA D6 BB BD BB 
[  108063] ch48 r1 a3: BE FB 3E BB F4 55 40 3D 3E A0 15 6A AA AA AA AA AA AB EE AA BA BB F8 A2 88 AA 88 A2 A0 2A EA 6B 
[  108074] ch48 r1 a3: A2 52 01 21 12 95 8A 72 A4 D4 D5 96 0D 59 54 34 20 9A 50 94 19 14 1A 55 55 14 25 28 93 04 56 6B 
[  108081] ch48 r1 a3: B5 55 49 53 50 48 A2 74 25 56 7C 25 7A 12 03 69 8A 0C A3 09 20 14 A4 95 4C 00 14 08 30 80 55 4F 
[  108092] ch48 r1 a3: A5 24 04 3A 50 01 20 05 0B 21 2A 54 15 8A 48 89 52 4C 4A A5 3B AE EA D7 11 54 D5 51 45 B5 50 6E 

Команды: b (фон), s (скан с нажатиями), c N (канал), r N (0=1M,1=2M,2=250k),
a N (адрес 0..3), f (фильтр), x (XN297 декод вкл/выкл), p (сниффинг старт/стоп), # метка, ? справка
Сейчас: канал 48, скорость 1, адрес 3, фильтр выкл, XN297 выкл, сниффинг выкл

Команды: b (фон), s (скан с нажатиями), c N (канал), r N (0=1M,1=2M,2=250k),
a N (адрес 0..3), f (фильтр), x (XN297 декод вкл/выкл), p (сниффинг старт/стоп), # метка, ? справка
Сейчас: канал 48, скорость 1, адрес 3, фильтр выкл, XN297 выкл, сниффинг выкл

Команды: b (фон), s (скан с нажатиями), c N (канал), r N (0=1M,1=2M,2=250k),
a N (адрес 0..3), f (фильтр), x (XN297 декод вкл/выкл), p (сниффинг старт/стоп), # метка, ? справка
Сейчас: канал 49, скорость 1, адрес 3, фильтр выкл, XN297 выкл, сниффинг выкл
------------------------------
# ON r1 c49

Команды: b (фон), s (скан с нажатиями), c N (канал), r N (0=1M,1=2M,2=250k),
a N (адрес 0..3), f (фильтр), x (XN297 декод вкл/выкл), p (сниффинг старт/стоп), # метка, ? справка
Сейчас: канал 49, скорость 1, адрес 3, фильтр выкл, XN297 выкл, сниффинг вкл
[  109427] ch49 r1 a3: 80 A6 97 4B 54 5A 15 1B 0A 2F 6A 85 14 B7 8A 6E 69 51 52 AB 55 56 59 94 A6 AA AB 54 4D 52 A5 6B 
[  109429] ch49 r1 a3: D5 A5 52 EB 39 6A 95 6D 57 9A 1A 96 B2 B8 BB 2A 89 BD 21 4B 4B 5E 6B 26 4B A1 B4 AF 55 BC DA BA 
[  109465] ch49 r1 a3: 01 69 12 17 15 5A CD 85 2A 99 D4 2D 32 45 85 31 3D 02 AC A2 45 64 91 42 EA D5 54 2A 29 C9 2D 8A 
[  109469] ch49 r1 a3: 82 B1 05 08 40 14 D4 28 0A 8D 40 50 92 AE 4A 24 90 11 44 E4 01 4A 04 31 08 04 85 14 02 1A 02 22 
[  109486] ch49 r1 a3: 15 05 51 21 50 50 49 10 10 14 05 55 01 55 55 55 31 11 11 04 55 51 04 11 55 55 55 35 D4 55 45 05 
[  109488] ch49 r1 a3: 14 53 54 50 17 55 55 55 55 55 55 55 55 55 55 FD 75 75 5F 55 75 55 DD DF 44 55 43 55 55 55 56 01 
[  109503] ch49 r1 a3: 89 49 1A 94 09 5A E0 96 4B A8 41 48 84 4D 49 1A 5D 2A 89 10 22 54 25 10 4A 71 50 A8 A9 65 50 92 
[  109510] ch49 r1 a3: D9 4A 32 E1 56 A5 25 5D DE DE A9 66 2D 6E F7 DA AA 77 65 55 77 ED 53 55 5A AA AE B3 22 BA D5 96 
[  109543] ch49 r1 a3: C2 04 29 9C A5 16 95 25 28 1A C5 82 D3 CA 51 24 10 41 86 A5 D0 09 00 24 AA 14 2A 84 21 01 04 4B 
[  109561] ch49 r1 a3: C2 35 41 D4 49 4A 32 A4 16 45 94 28 22 A0 8D 1E 45 BA 84 C2 48 8D 12 2C 15 5A 10 68 51 2A 80 AD 
[  109576] ch49 r1 a3: 8A 91 54 3B B0 DD 42 42 64 02 A5 63 22 54 9A 4A B4 36 A9 26 AA AA 55 96 32 89 8A A9 AA 9A AD BD 
[  109616] ch49 r1 a3: A5 53 95 7A 2D 6B 2E 32 6A AC AA 68 D0 91 34 2B B5 2A 49 5A AD 29 AA 6B 6A F6 D5 AB 7A F7 5F FF 
[  109619] ch49 r1 a3: A6 52 AD 49 35 C5 2B 66 55 D5 73 33 5B AB 6A 96 D3 BB 73 4D 26 D3 52 BA D6 95 B2 AD 69 12 4B 1A 
[  109629] ch49 r1 a3: 95 0E 35 A5 50 AA DA CE C2 B8 FD B6 53 7D 6B 9B 29 55 AD D6 14 AB 55 AE B6 B7 56 B7 A3 4A 94 99 
[  109647] ch49 r1 a3: 44 80 A9 0A 4D 42 05 04 A9 14 54 D8 45 2C A2 C1 2A 4A C8 25 4A 08 25 4A 8A 39 0C 85 40 19 45 E5 
[  109674] ch49 r1 a3: AD AA CC 3D 9A 25 65 96 6A 4B 54 AC AA AB 6D 55 22 BD F5 08 A8 74 DA 9A 73 45 AC A4 49 B3 D9 67 
[  109715] ch49 r1 a3: 29 AD 7A ED 95 85 44 BA 9E A4 D5 45 45 51 6B 42 38 D6 B5 58 94 34 29 25 EA A4 55 35 16 15 D0 A2 
[  109742] ch49 r1 a3: A5 54 65 CF 55 35 D5 55 40 2E CB 7D 44 ED 59 15 A3 63 55 25 50 23 A8 5C A5 A5 71 52 D2 AA 57 5C 
[  109795] ch49 r1 a3: 45 14 45 04 45 0D 54 05 55 55 5A D5 55 55 51 F5 75 D5 55 5A F5 54 15 45 55 65 55 55 15 55 52 55 
[  109795] ch49 r1 a3: A2 51 A7 34 70 48 A9 10 AA 40 0A E8 5D 75 52 A9 59 25 2C D6 11 02 22 93 32 89 5A AA 05 98 C0 52 
[  109808] ch49 r1 a3: 82 00 85 11 04 51 4D 44 48 5F 66 42 9B DC 6D 5C AD 56 DD 57 3B 52 55 35 64 15 BB D2 69 A9 9E B6 
[  109866] ch49 r1 a3: 96 30 AA 53 50 AC A9 D2 11 30 A4 2A 45 AC 92 78 28 15 22 91 15 56 66 CD 30 15 34 55 65 40 AB A9 
[  109870] ch49 r1 a3: 62 DA 52 90 D8 D4 95 04 44 53 96 F1 CB 4B 23 69 93 4C 2D 55 6A 82 A3 69 D1 52 6A 18 44 C4 12 D7 
[  109910] ch49 r1 a3: 8A AB 4A 64 AE E5 12 2A 92 15 55 29 1B 6A 24 A9 5D 2A D4 D7 A5 0A 4A A1 22 99 92 D3 DD 22 A2 AD 
[  109950] ch49 r1 a3: 81 28 9A A0 48 29 4B 6A 54 EB D4 A5 53 AB 5D B1 AB BA 2D AE 05 26 43 52 82 65 08 4D 56 58 92 92 
[  109972] ch49 r1 a3: DC 55 0D 3D 39 25 53 EA 2E D4 4D AB AB C3 7B AA AD AA DD 8A AD 7E BA 95 55 22 AA AD B1 55 4D AA 
[  109988] ch49 r1 a3: 93 35 81 0A 55 30 48 A8 5E D4 90 34 C2 91 48 BC 05 15 2D 44 C9 6A 22 AA 93 64 A5 2E D6 4C C5 61 
[  109999] ch49 r1 a3: 40 51 04 55 45 55 55 55 5D 75 55 55 5D 57 D5 57 55 75 57 55 55 54 75 55 A6 B5 55 55 56 55 55 55 
[  110018] ch49 r1 a3: 54 12 AD 52 AD 2D 4D 15 57 FB 25 55 B6 AE BA 77 4D 2B 91 64 F7 5B 6C EB 57 76 BF 5B C4 53 D9 B5 
[  110054] ch49 r1 a3: 24 90 2D 10 D4 03 50 09 28 19 2C 62 02 08 52 6A 11 91 92 E5 A5 44 9A D8 B3 F3 EF 5E EA D6 C6 89 
[  110059] ch49 r1 a3: 80 93 05 D4 A0 95 1E 85 52 D6 94 95 6A 23 2A ED 4B 52 A5 64 4A 90 A5 54 98 91 51 55 24 A3 68 23 
[  110088] ch49 r1 a3: 0D 54 54 C6 49 34 60 CA 91 09 55 AA B9 4D 2D 29 31 2A 51 A6 28 B3 55 47 F1 2F 3B 2A FB 75 CE C5 
[  110101] ch49 r1 a3: 55 55 55 55 53 75 35 15 55 55 55 55 53 55 55 F5 75 5D 55 57 AF B4 4B 29 3B AB 55 5D 5B 55 5D 55 
[  110102] ch49 r1 a3: 50 55 55 17 55 55 D2 D5 55 55 2D 65 55 4D 57 55 D5 55 55 55 55 55 59 45 55 55 55 57 5A 35 55 55 
[  110103] ch49 r1 a3: 49 24 4C 86 12 20 9A 02 CA 2A CA A0 97 44 51 49 24 A1 92 59 14 C1 43 52 65 50 9E B2 44 A1 0A 44 
[  110150] ch49 r1 a3: A8 D4 EA 13 AB 24 21 32 CB 25 16 AD AA 5A B2 EA 95 5B A8 97 FE A9 DD BA EA 9F 6C E8 AA B5 B5 F5 
[  110159] ch49 r1 a3: 45 4A 52 95 05 49 50 95 8B 6E 55 67 55 4F 55 05 35 85 49 45 55 57 55 36 75 D5 74 56 5D 45 55 6D 
[  110165] ch49 r1 a3: 8E 26 D4 85 30 7B 23 E5 6E F9 6B FB A8 AE E2 AC 7A 9A D6 6A A6 B4 95 58 EA 96 A9 ED 5F E6 AB 2D 
[  110176] ch49 r1 a3: 95 29 54 95 4D A7 D4 92 B4 A6 45 DA 89 8E ED 6A 48 A2 56 55 4C DD 56 AA 94 56 29 45 63 56 88 84 
[  110230] ch49 r1 a3: 54 91 59 A9 A5 96 48 56 D2 62 0A 8C 22 9A 28 A8 B5 0D 02 0A 89 81 6D 60 98 B4 A0 8D A9 22 61 24 
[  110235] ch49 r1 a3: 28 48 B5 4C 90 84 28 39 66 42 DA AA 22 88 29 14 94 44 8A AA D9 AA 15 29 FB 7B 2D E5 25 DD AD 2A 
[  110241] ch49 r1 a3: 50 49 25 15 53 47 29 62 4E B2 17 D0 DA D9 55 A5 48 6A 56 6A 2F 66 DA 95 02 AA AA 11 91 14 B1 55 
[  110243] ch49 r1 a3: 80 02 22 55 09 00 2A 10 28 05 0A 04 22 52 20 10 08 20 20 04 2A 05 04 09 57 14 82 93 2A 49 50 35 
[  110293] ch49 r1 a3: EA D5 4C DF 54 57 A2 A2 86 50 AB 7A 8F 57 4B 56 17 94 B1 4E BA 92 24 CA B5 5A AB DB EA AB D1 73 
[  110303] ch49 r1 a3: D8 92 C4 8D B6 05 52 54 90 D9 66 D9 92 AA A5 56 43 40 AD 33 9A 6A 25 99 56 9B 56 62 74 B2 B7 61 
[  110423] ch49 r1 a3: 43 11 00 0C 45 04 8A A1 04 00 8C 08 24 81 91 40 04 99 76 AB 1B 56 BE D7 A5 2A AA FB 6B EA AB 55 
[  110438] ch49 r1 a3: 00 E2 0A 8A 90 95 30 A9 00 A5 5A 14 4A 00 C8 AA 45 8D 1C EC 97 2D D4 6A A0 A3 06 14 45 15 4A 8A 
[  110443] ch49 r1 a3: 64 0B 10 DA 64 A4 40 0B 4B 44 28 88 8E B1 2B 48 52 A9 44 C1 A2 38 9A 11 4E 89 49 80 0A 9A 5B D3 
[  110475] ch49 r1 a3: 41 05 55 55 55 D7 65 55 55 55 54 55 15 17 A5 55 55 55 51 55 55 10 55 55 15 5D 75 55 5B 53 55 55 
[  110522] ch49 r1 a3: CA EE 54 EB 69 5F B6 89 15 5B D9 94 52 97 5D 35 29 37 0D 3D 55 55 52 CD 54 B5 63 97 71 56 B4 B5 
[  110552] ch49 r1 a3: 4A 42 11 08 42 93 22 A0 A1 50 00 21 01 30 A7 68 9A 49 C6 C4 A8 1B C8 A5 50 8A 89 55 94 92 A8 80 
[  110566] ch49 r1 a3: D9 73 B5 EC A0 89 85 AB 65 94 4B 15 DB BB BD DD 89 99 DD DD DD DF FF FF FF FF FF FF FF FF FF FF 
[  110580] ch49 r1 a3: 09 53 4A CA 9A AB 7A D2 AD D1 A5 35 AC 9B 5B 53 2A D5 AA 56 75 B4 54 AB 28 E8 AA 8A 5A AB 28 D6 
[  110630] ch49 r1 a3: 04 12 52 80 0A A0 51 0A 89 A0 42 08 2A 92 A9 0D 25 42 42 22 15 14 A8 44 91 4A 33 35 4C 76 01 4E 
[  110643] ch49 r1 a3: 35 7D 55 7D 5D 55 77 D4 55 55 55 55 55 5D D5 7D 5D 75 75 55 D5 5D 55 4D D5 CD 51 55 D1 55 55 55 
[  110651] ch49 r1 a3: 15 55 55 55 5D 55 55 54 55 04 30 41 15 55 55 55 55 54 75 55 55 51 51 55 54 55 55 55 55 D6 D5 5B 
[  110656] ch49 r1 a3: 50 54 05 05 40 57 EB 55 75 57 55 D5 53 55 9D D5 54 55 55 75 55 55 55 55 57 5D D5 55 18 60 90 48 
[  110660] ch49 r1 a3: 15 14 A5 14 AD 9A 67 5A BA A6 BA 92 54 B8 B8 A5 D8 B5 2C 2A BA 53 24 FF B4 4A F4 B6 AA A9 6D 45 
[  110661] ch49 r1 a3: 08 A6 08 51 44 D4 55 4A 92 4C 14 AC 56 A3 54 44 02 84 10 A9 A8 B6 00 B4 22 E2 91 68 8C 09 4A 15 
[  110683] ch49 r1 a3: AA 56 C3 91 42 6A A0 48 C4 94 8C 1C 91 C0 D1 41 51 2A 09 90 92 A4 49 2A 91 49 0B 52 8C 05 D0 82 
[  110689] ch49 r1 a3: C0 84 82 82 44 52 15 0A 40 80 6C 88 52 C5 A2 0A 10 0A 01 A4 52 48 74 AA 80 08 05 7D 95 6A B4 EA 
[  110704] ch49 r1 a3: 54 55 44 40 51 01 5D 5D 5D 5D 7D 5F 75 55 95 55 54 55 56 55 55 54 95 91 6E 6D B2 F6 6D BD 6A A2 
[  110716] ch49 r1 a3: 14 40 D0 45 21 45 45 52 05 51 41 54 85 14 45 55 04 50 C9 15 55 15 54 54 15 54 D4 54 45 55 50 44 
[  110717] ch49 r1 a3: 30 55 11 75 59 C9 55 75 D5 FD 55 75 7D 57 53 7D 4D 5F D5 D1 E9 B2 ED 36 D5 55 56 55 55 7D 59 55 
[  110718] ch49 r1 a3: 95 55 55 51 55 55 51 55 48 AD A8 2B 36 9D 4B 65 2A 96 FF DA FF BE EB 5E EB 4D 49 C5 2A AF 4B 0A 
[  110765] ch49 r1 a3: BA B7 FA BE BA AA BC AA AA AA AA BA BE EB AD BA 8A EE ED EE AB EA AB AF BA AA AA AA 4A AB 68 BA 
[  110770] ch49 r1 a3: 7F 53 55 55 55 55 55 51 59 55 55 55 55 55 55 55 55 55 F5 55 56 AA 26 AA AA 9A AA AA A8 8A 8A 8A 
[  110842] ch49 r1 a3: 55 93 D2 EA AB 95 EB 69 5C AE AA 4A 3D 2D 59 54 AA AD 52 B5 6A A5 56 D2 B9 AB 5A CD 5C 37 DC 4A 
[  110847] ch49 r1 a3: 74 98 07 11 41 92 4D A7 35 0A 2D 92 D5 26 49 58 54 56 E8 FC 7A 40 0D 2A 4A 9A D5 47 E8 8D 2E CD 
[  110847] ch49 r1 a3: 55 15 45 48 51 51 15 15 45 25 11 55 04 55 55 75 75 55 55 55 55 9D 57 55 55 55 75 65 6D 57 5D DD 
[  110879] ch49 r1 a3: 14 92 40 55 F4 5F AE 95 7D 75 F6 EF 55 EF D5 69 BF 5A B0 EF B7 D5 6B 5F 58 D6 9D 5D A3 7F 55 5F 
[  110886] ch49 r1 a3: A9 2A E2 C4 92 C5 D4 56 40 B5 9C B4 85 2E B7 14 5C AF 45 54 A6 AC AA A9 25 2A 95 9A 94 B4 A2 29 
[  110907] ch49 r1 a3: 4D B7 AB 52 6B 68 DE 8D D5 2D 4F 50 A8 91 3A 9F 9B F5 B9 ED 11 20 29 D1 4D 1A 56 91 5D 4C B5 88 
[  110923] ch49 r1 a3: 8A ED 64 E4 14 D4 D7 96 86 A4 29 42 D2 24 A1 24 16 65 39 40 A2 54 B4 94 A8 A0 48 AC 91 11 66 84 
[  110946] ch49 r1 a3: 15 EA 85 40 54 00 15 54 05 40 00 05 51 45 05 50 35 8B D9 43 3E 80 34 15 34 14 11 41 50 55 05 01 
[  110947] ch49 r1 a3: A9 00 88 A4 84 45 21 41 00 44 04 01 54 05 55 56 55 52 00 44 22 04 40 55 50 11 51 44 50 11 50 10 
[  110987] ch49 r1 a3: 21 56 B4 52 95 34 82 DA B6 D6 FE B2 D5 5F DE D6 D9 56 AF 5A D4 B6 9F AE BD 9E BE AD 6B 5F AF 55 
[  110992] ch49 r1 a3: C9 9D 0B 52 03 9A 81 48 92 D4 22 93 09 2E 0C 94 4C 81 15 10 D2 91 24 57 10 AB 11 14 50 60 4A 95 
[  111001] ch49 r1 a3: A4 93 41 2A AA 45 54 DA 94 62 84 52 AA BB 51 1A AA C6 DC AB 95 41 4F 6E 6A 0A 95 E8 94 2C 53 B7 
[  111004] ch49 r1 a3: 22 78 7A 89 55 54 84 92 C8 A9 02 E9 41 59 24 10 14 40 4C 94 2A C2 00 48 8A 8C 28 AA 40 81 05 01 
[  111009] ch49 r1 a3: AA 14 90 11 55 91 22 E8 DF BA 95 E2 A6 A1 68 01 4A FA 5B 79 8D B5 51 CD 52 DE AB AE EC 49 32 ED 
[  111011] ch49 r1 a3: 58 18 89 A5 5A A5 5E 44 D3 AA EC 82 80 AC 79 6A A5 3D 4B 4A 44 88 53 64 49 2E D4 95 0B 25 56 41 
[  111036] ch49 r1 a3: 00 00 00 02 22 00 02 4B 55 AA E9 D7 A9 75 77 54 B5 5D 75 55 DB BD D5 55 61 55 55 51 85 55 55 55 
[  111047] ch49 r1 a3: 19 94 25 19 6B 48 B4 AB B3 54 4A 92 08 AB 45 4A B8 15 53 4A BA 42 92 2A B7 DC 9B 97 56 DF 62 B7 
[  111053] ch49 r1 a3: 57 BA AF 76 D5 F4 D6 DB FF AD B8 AE D5 F7 39 DB 56 B5 5C D4 8A 6A 49 44 65 96 B5 5D D2 16 F4 21 
[  111058] ch49 r1 a3: A5 29 55 6B 7A BF A0 6C 95 4A F2 E6 9E 6E A8 D8 EE E6 EE EF 2E 97 9D FD AF 42 02 D5 FB 5B 5A 24 
[  111061] ch49 r1 a3: 14 29 85 12 91 48 22 22 D1 46 34 A6 9F BA F7 56 B3 55 2B 71 FA B5 76 AB 2D AA A9 2E 5A CA ED 41 
[  111090] ch49 r1 a3: 2A A4 65 0A EB BA AD 4C 45 63 24 8C 9D 51 12 66 A4 CA 49 A1 51 02 B9 41 51 9A EA AF 66 AB 49 55 
[  111097] ch49 r1 a3: E0 A0 91 2A D1 45 48 8A 98 95 24 25 09 45 60 9D 56 FD DA D7 2D 6D 52 AF 11 CC 0A A6 A5 D5 AB 55 
[  111116] ch49 r1 a3: A2 AA 99 20 45 01 75 1A A4 0A 6E D5 D6 DA 89 BA 29 A5 CA A9 FB 49 A7 BD A0 B4 A5 FE 91 12 5E D8 
[  111140] ch49 r1 a3: 44 40 28 A0 08 08 A8 4A 84 C1 50 48 85 91 4C 52 AA AD BA A9 59 D5 76 A6 96 69 EC AB EB 2F 9A AB 
[  111156] ch49 r1 a3: 68 29 04 02 28 44 C9 70 2B 90 AA 48 50 30 16 89 01 06 04 68 10 80 43 75 90 34 21 C3 03 84 A5 42 
[  111198] ch49 r1 a3: AA 4B A9 5A 9E 55 A8 96 E6 ED 3B 0A CA 52 F4 C5 6A A9 6D 0A A1 AA D6 99 35 4B BE A9 32 D5 D7 DB 
[  111211] ch49 r1 a3: 54 D2 E1 5D B5 75 DB AD 55 BD 2A B5 D7 D6 B7 D1 77 9D 4B 7D 7E D5 AB AE 59 FF 5E 6A D6 AF D7 ED 
[  111268] ch49 r1 a3: AA B6 AB BB 6A 46 9B 75 4A D5 64 D2 CB AF 55 23 EA B5 BA 7F 37 B3 6D 55 22 A8 A1 A8 B4 85 14 42 
[  111271] ch49 r1 a3: 60 5A FB 6A B7 B7 46 CB 52 5A B5 96 8D AD 5A C5 4B 5D 9E 76 B4 56 BE 2B 55 6C FA 97 8F EF 3F 4D 
[  111273] ch49 r1 a3: BE BE AE BD AF E9 4A AB BE CA AA CA AF 72 BB 23 B7 EB 5A AB B7 76 DA B5 B4 B2 BF 2A 65 5D 04 B4 
[  111288] ch49 r1 a3: 91 11 2C C8 A9 4A 94 85 54 A5 12 9C 8D 55 20 94 23 AA 92 45 6A 85 BA 94 B1 4D 15 54 AD 5B 32 54 
[  111324] ch49 r1 a3: 05 10 15 25 11 22 8A 85 25 B4 A9 4F E8 3F 6E DC 7B BA D7 1B B8 5A FD 97 17 5F 6D A3 CF 5C 63 7C 
[  111325] ch49 r1 a3: 04 60 08 0A A2 88 30 95 10 2B 11 34 30 AA A2 05 90 5B 21 B4 E5 5B A3 75 ED 4A AD 31 4D 7C D4 B9 
[  111343] ch49 r1 a3: AA AA AB AA AA AB AA AB DB DF FA AA AA 2A DB 80 55 DB 3E D7 D7 5F DD 55 43 55 57 4D 75 7F D5 15 
[  111364] ch49 r1 a3: 02 20 88 14 4A AA B6 BC E2 65 55 57 35 25 5B 15 B5 52 B5 AC D5 BA A7 B2 AE 99 A6 AB 29 55 D6 B8 
[  111382] ch49 r1 a3: 84 93 25 75 2A CA CD 56 D2 CA 53 52 2A 22 F5 49 92 14 93 39 5B AB 49 AA A6 D7 4A AD 52 67 B1 44 
[  111401] ch49 r1 a3: A5 A2 BB 57 B6 90 51 7A AE AD 52 D5 EA DA D4 AC 93 F9 B3 0D AB 46 5C D4 DE 93 AB 65 4F 28 AA 45 
[  111464] ch49 r1 a3: 27 A5 2C 34 AC 0A 1A EA 55 68 AD C8 89 26 E4 92 29 54 2B 9A 55 21 5A 94 52 67 8B 29 60 5D 9B 32 
[  111465] ch49 r1 a3: E9 06 A5 AD 22 AB 2A 0A A5 67 A6 97 DA 86 93 91 24 B5 94 B4 61 AD 49 B5 93 46 5A A5 18 4A 52 79 
[  111471] ch49 r1 a3: 69 93 45 20 48 EB 20 EA 84 22 4A 48 44 A2 95 23 22 5A B4 90 95 22 11 22 D3 52 88 61 65 11 02 4C 
[  111472] ch49 r1 a3: 25 4B 8A 09 2D 28 90 1D 2C 64 A9 69 D4 A8 78 52 15 50 13 A6 20 28 91 59 82 28 54 95 62 15 18 09 
[  111480] ch49 r1 a3: 00 29 02 60 04 C8 88 12 C8 0C 45 84 41 88 A8 B5 15 68 14 94 F0 55 4E C1 A7 92 88 2B C7 03 A2 44 
[  111544] ch49 r1 a3: D5 55 65 4D 55 49 32 9D 54 56 E5 63 44 55 55 C4 B3 09 C5 54 85 4D 50 51 45 55 2F 55 59 59 5D 49 
[  111568] ch49 r1 a3: D4 AD 54 DD A5 4A CA AE A4 28 88 2A AD 56 69 D2 B4 4A 96 29 DB BE B2 EC AE 5A 2D F6 95 6C AB AE 
[  111580] ch49 r1 a3: 92 2A 04 A9 52 75 67 68 6E D3 7A BA C4 55 59 49 2D B5 40 D5 29 08 A1 35 4A 20 20 41 54 04 42 1B 
[  111580] ch49 r1 a3: 27 65 EA DB 96 BA FD AD BB C2 79 87 52 BE 45 50 42 0D 04 00 62 45 44 A4 41 35 55 B4 AF DA AB 4E 
[  111601] ch49 r1 a3: 55 55 55 55 55 12 40 55 5A 54 8D 55 55 54 15 15 55 05 05 44 D5 D7 F5 15 45 45 55 55 4D 35 55 55 
[  111603] ch49 r1 a3: 55 55 59 35 55 34 69 5C 55 54 9A 56 55 55 55 35 54 A9 3A 8A D5 54 50 30 89 55 01 55 55 AD 69 92 
[  111610] ch49 r1 a3: 5F 75 59 55 55 55 52 4D 50 55 54 55 55 55 55 55 41 55 15 41 15 31 00 44 45 05 55 45 55 54 05 05 
[  111620] ch49 r1 a3: 48 13 15 80 50 45 04 01 45 45 55 30 45 40 15 A1 55 75 55 57 5D D5 55 15 75 55 54 44 55 51 55 45 
[  111630] ch49 r1 a3: 95 4B A9 90 13 45 1B 13 70 C8 C7 05 65 55 22 D0 85 68 D5 0D 85 4C 38 80 29 52 E3 AA 1B F5 8A AA 
[  111650] ch49 r1 a3: D1 0D 55 55 55 54 A5 55 55 55 55 7D D5 57 55 57 56 55 55 6D 55 5D 55 D5 5F 57 57 55 15 55 55 55 
[  111681] ch49 r1 a3: A4 62 08 02 A4 81 80 90 20 08 05 42 10 04 60 52 10 C2 08 00 00 00 60 08 64 82 42 C0 09 04 AF 58 
[  111702] ch49 r1 a3: D3 37 A2 FA AA BB AE AA EE EF 5E 56 BE BF DF 3B B5 DF B6 F7 EF 6A EA B4 F5 EF 75 7B B6 BF BB FA 
[  111737] ch49 r1 a3: 91 55 55 14 55 69 55 56 95 F5 55 55 F4 4D 55 13 55 52 D4 F7 75 76 F5 77 9D B4 8B 4A 54 AF 57 7F 
[  111741] ch49 r1 a3: 45 54 75 55 54 A5 35 55 55 55 52 C4 D5 57 5E D5 57 95 47 15 4D 56 55 D5 D5 55 55 55 D5 45 D5 65 
[  111750] ch49 r1 a3: 14 D5 55 04 52 DF 4B 55 35 53 71 55 75 A7 55 B3 95 55 D4 B5 5A 64 61 7F D5 D6 5D 15 05 13 02 4B 
[  111756] ch49 r1 a3: 00 00 14 5D 5B 55 F5 EB 5A D5 D9 DF EB EF 77 F7 F4 15 45 14 57 77 77 D5 7F 55 5D 45 57 5B 55 55 
[  111770] ch49 r1 a3: AB 96 88 D8 54 17 93 18 41 00 32 C5 11 13 74 D6 45 24 56 04 09 0A 90 46 92 AA D5 D5 D6 FD 6D 6A 
[  111777] ch49 r1 a3: 4B 29 28 05 11 6A 4A 6A B0 3E 90 88 50 15 E5 8B 68 85 32 96 A2 53 50 E5 CD 52 55 56 AA A1 95 2D 
[  111841] ch49 r1 a3: 51 11 45 55 55 77 F5 55 55 55 55 29 44 55 60 94 05 75 5C 54 D7 55 55 5B 75 54 55 45 FD 55 45 54 
[  111842] ch49 r1 a3: 45 55 12 49 14 55 55 54 55 54 55 54 55 55 57 54 F6 BB 6F 15 56 75 C5 55 5B 55 75 15 7F DB ED 57 
[  111869] ch49 r1 a3: 02 80 43 48 10 09 30 09 00 AA 9B 64 BA A1 41 59 12 AA AA 94 D7 57 5E D5 4B 2E D9 AD 2A AF 8A 1A 
[  111889] ch49 r1 a3: 90 21 41 99 02 90 95 42 45 08 45 24 04 11 0C C0 46 9A 26 14 5A 52 22 40 09 55 17 92 92 2C A4 00 
[  111911] ch49 r1 a3: 10 22 80 A1 5E 52 C9 15 55 75 BB E5 57 4A DB AB 4B 99 A2 DF AF E5 6A D7 CB CD D5 6F B3 4F F3 CE 
[  111921] ch49 r1 a3: 3E A9 00 29 40 88 F0 80 A0 71 02 43 0D 50 9D 2C D4 AB 48 95 AD C5 D5 29 B5 3D 16 B5 5A B4 C8 3A 
[  111993] ch49 r1 a3: 36 24 D1 45 15 76 CA 8C 55 AB 5D B7 70 A9 B0 82 ED AF 0F 4A 84 67 55 28 B6 55 15 65 49 F5 75 5D 
[  112003] ch49 r1 a3: 44 D5 54 55 55 55 35 55 55 45 15 55 55 55 55 69 55 45 D5 4B 75 4D 85 75 4D 55 2D 55 35 55 54 D5 
[  112046] ch49 r1 a3: 54 50 A4 55 55 55 09 55 5F 55 55 79 56 D5 55 54 6D D7 D5 55 B4 D4 DD 55 55 45 17 55 D5 5D 55 55 
[  112048] ch49 r1 a3: 55 57 51 55 54 DA AD 67 52 75 55 55 55 65 75 6F 5A 53 35 6B EA DD 6B 56 FD 4A B7 AB F6 CD 3A D5 
[  112083] ch49 r1 a3: 8A C9 16 44 49 5D 2F AA CA 6E D1 75 E5 4E 48 A8 B4 4A 4E AA 3D 44 5A 7D 51 3A AA B3 A5 5B B2 EA 
[  112096] ch49 r1 a3: EE ED 7E EA AA BE FE AB F3 EA BB B7 EF BE BA EB AA AE AE BA AE DE EB BE AA FA BB DA D6 AB EE BB 
[  112200] ch49 r1 a3: A5 95 81 75 13 07 A0 A8 55 E4 02 9A 22 48 15 49 11 55 40 85 4E D2 90 29 5D 09 58 64 58 F1 04 55 
[  112201] ch49 r1 a3: B4 AD B5 4A 0A 4A 05 DB 15 09 25 4A 2B 11 5A A4 25 21 28 A8 A0 AB 1A 82 4A 2A 84 4A 15 01 35 A6 
[  112252] ch49 r1 a3: 54 55 55 57 D5 E9 55 55 75 75 57 55 55 55 55 55 55 77 55 5B 57 55 D5 55 54 55 55 55 75 D5 55 55 
[  112263] ch49 r1 a3: D3 31 19 C9 04 A0 50 AB 55 5D 4B 4D 3A 5A 4D 91 55 92 54 F1 4A 77 D5 AD 5B D5 D5 55 5D EA 4A 92 
[  112277] ch49 r1 a3: A3 27 0B 05 25 A1 D5 55 34 5B 14 A6 8A 35 75 B5 52 A2 A4 8D A4 C9 8B E2 A9 92 A9 32 52 8B 28 4E 
[  112303] ch49 r1 a3: B2 BC C9 12 A9 4D AC 8A B3 52 53 05 20 22 C4 56 8D E1 42 AD A5 5A 21 5A D1 26 55 64 43 05 93 C5 
[  112328] ch49 r1 a3: 95 34 D4 7D 54 F1 2A 5A 83 15 15 21 D7 F4 DB 4A CA 9C AA AA AB 36 6A DA 6D DA EA F2 54 8E 48 55 
[  112328] ch49 r1 a3: 16 4A 8F 5A 8B 29 52 02 88 78 8A 56 0C 9C 4A 2D 54 12 52 BB 54 0A 22 35 6B 77 1A 51 14 24 9A 0D 
[  112330] ch49 r1 a3: 48 A0 41 05 04 1A 24 09 95 40 25 41 49 41 14 AA 44 0A 49 52 A0 A5 36 24 A8 44 82 10 80 61 55 04 
[  112346] ch49 r1 a3: E0 A9 4A 34 34 92 6D 29 6A D1 1C 2A 84 0C 51 54 53 25 8A C8 B0 74 79 56 B6 FE 4B FB 7E D7 6F AE 
[  112354] ch49 r1 a3: DA 49 29 0A 82 34 A8 3A 92 48 22 C2 40 90 88 14 16 48 20 AB 21 29 29 2A 20 A2 A4 90 29 4A 09 28 
[  112355] ch49 r1 a3: 29 08 44 00 48 41 41 07 ED 2A B2 54 59 94 75 73 55 56 D4 BD 76 B6 EA 3D 5E BB F8 6E 54 D0 D6 F5 
[  112368] ch49 r1 a3: 4A C5 30 96 9A 30 B7 AA 56 D5 1A B3 05 24 14 A9 12 22 30 98 24 AA 68 84 90 49 41 55 49 55 0A B5 
[  112379] ch49 r1 a3: D1 69 59 01 42 A9 5A A9 D7 6E CE 96 D5 55 45 5A A3 24 E9 59 5C 95 5B 31 55 2E B4 D5 65 10 CA 0A 
[  112397] ch49 r1 a3: A2 48 92 AA A5 56 B9 5B 2A 9C 9B 37 52 CA B4 DE 10 BA A1 B3 BE EE DA E8 F9 92 A8 AA 52 BB 70 D7 
[  112408] ch49 r1 a3: 20 6A D4 5A B6 5D 4A CA 54 94 AA F3 D5 6A 9A 9F CE BA 5B 79 5B 5A E6 F5 1B 5D B5 53 4D 32 AA 4B 
[  112417] ch49 r1 a3: 51 55 55 17 59 55 56 B5 55 53 68 D5 75 57 54 C5 19 54 75 54 55 49 2A 25 54 23 54 B5 55 51 54 4D 
[  112430] ch49 r1 a3: 09 48 A8 28 45 84 54 12 55 AD 86 5D 59 34 89 40 FE BD DF 4D 6B 6B EA 5C D5 6A 77 AD 6C 7F 4E D6 
[  112434] ch49 r1 a3: A5 6B 59 22 8A AC AD 55 2A 55 8A 36 94 6D 15 83 9D A8 82 50 95 24 92 17 58 D5 B8 56 55 95 45 18 
[  112457] ch49 r1 a3: 62 32 69 54 66 A2 A4 48 24 A4 41 C1 AA 0A AB 2C AA AC 6B BA AB B2 DA 6C EB 4B 25 AA BF BA EC CE 

Команды: b (фон), s (скан с нажатиями), c N (канал), r N (0=1M,1=2M,2=250k),
a N (адрес 0..3), f (фильтр), x (XN297 декод вкл/выкл), p (сниффинг старт/стоп), # метка, ? справка
Сейчас: канал 49, скорость 1, адрес 3, фильтр выкл, XN297 выкл, сниффинг выкл

Команды: b (фон), s (скан с нажатиями), c N (канал), r N (0=1M,1=2M,2=250k),
a N (адрес 0..3), f (фильтр), x (XN297 декод вкл/выкл), p (сниффинг старт/стоп), # метка, ? справка
Сейчас: канал 49, скорость 1, адрес 3, фильтр выкл, XN297 выкл, сниффинг выкл

Команды: b (фон), s (скан с нажатиями), c N (канал), r N (0=1M,1=2M,2=250k),
a N (адрес 0..3), f (фильтр), x (XN297 декод вкл/выкл), p (сниффинг старт/стоп), # метка, ? справка
Сейчас: канал 50, скорость 1, адрес 3, фильтр выкл, XN297 выкл, сниффинг выкл
------------------------------
# ON r1 c50

Команды: b (фон), s (скан с нажатиями), c N (канал), r N (0=1M,1=2M,2=250k),
a N (адрес 0..3), f (фильтр), x (XN297 декод вкл/выкл), p (сниффинг старт/стоп), # метка, ? справка
Сейчас: канал 50, скорость 1, адрес 3, фильтр выкл, XN297 выкл, сниффинг вкл
[  113809] ch50 r1 a3: 04 90 3A 2A A2 B5 0C A4 14 55 4E B6 5D 64 A5 66 D6 47 B7 4A 54 73 55 2F C8 41 59 76 95 75 57 62 
[  113810] ch50 r1 a3: 18 94 25 02 1B 04 D9 48 90 D6 86 8A 2E 54 92 4A 82 92 C1 11 54 68 02 A4 4D 95 8A D1 98 85 2A A1 
[  113842] ch50 r1 a3: 89 6A 44 92 AE B6 F2 B3 2F AA BB AB BE BC FA AB 5A AE BA BA AA EC AA BB AB 4A CA B7 4D 6E A5 AD 
[  113845] ch50 r1 a3: 44 C3 B1 55 65 31 35 D1 57 40 15 44 54 E1 52 16 59 55 05 45 45 A5 0D 55 09 45 15 55 55 D2 49 55 
[  113882] ch50 r1 a3: AD 1E 95 46 AB A3 2C C5 10 94 56 92 12 95 62 6B 55 A6 CB CA A7 DA AD 5A 0D 5A 54 D6 A9 55 D3 39 
[  113903] ch50 r1 a3: AA 6B 54 AB 5C B5 5D DD 97 DD D7 7A B7 65 B5 D9 D5 55 FD 55 D5 D7 55 55 55 6F 5A DD 5F 53 55 67 
[  113912] ch50 r1 a3: A6 B5 10 22 04 B4 A8 A8 BE 84 B2 95 AD 4C 48 21 2C 56 8C 54 18 4E A1 68 AA 0A 9A 40 75 24 B4 D5 
[  113913] ch50 r1 a3: A2 85 10 42 4A AA 18 C1 58 06 52 82 8A 22 40 5D 24 19 0E 38 08 A9 88 B5 79 76 55 62 27 4A 97 38 
[  113920] ch50 r1 a3: D1 53 52 09 53 B6 6D A1 48 55 5D 5A A9 72 92 50 50 4B 6A D1 69 A5 21 46 46 28 A4 A6 5C 16 06 46 
[  113923] ch50 r1 a3: A9 66 AA 95 98 58 2B 50 52 93 48 90 AB 55 08 E6 0D 52 A5 B2 8A A8 DA 35 4A 90 AB 53 28 11 22 B8 
[  113928] ch50 r1 a3: 8A 0A 43 C1 51 65 A4 A3 56 D5 8A E9 50 00 22 C9 90 87 59 43 28 4B 11 20 08 D2 01 89 DA 54 44 A4 
[  113932] ch50 r1 a3: 00 55 00 00 55 57 B5 F6 D5 D6 AB 2C 09 88 28 2D A9 2A 5E AE C2 AA AA 9D D4 9B A9 45 7F 97 4D 6E 
[  113946] ch50 r1 a3: AA BD C9 4A 4A 41 D2 2D 7A 02 5D 0A 47 5E E8 79 69 9B 59 11 5B B2 AA 2A 5B 53 72 AF 55 64 D4 B3 
[  113959] ch50 r1 a3: 4A B5 5A 6C A4 46 51 52 50 15 0A 91 55 B2 82 AF CD FC 94 49 41 DD 69 49 6A E5 66 F5 19 96 45 56 
[  113968] ch50 r1 a3: 06 C5 8B 90 A1 1B 10 29 51 28 04 10 15 24 82 88 01 28 02 40 48 21 A4 08 42 12 14 A2 20 05 04 C4 
[  114024] ch50 r1 a3: 82 02 A0 A4 00 64 90 28 04 A0 23 05 D2 D7 22 11 41 49 04 C8 15 88 C0 0A 00 50 8A 46 00 A2 88 24 
[  114043] ch50 r1 a3: 89 11 50 4D 55 57 4D 6D 56 F4 D5 55 69 95 55 75 C5 0A 4D 41 55 AD DA 3E B5 2D 54 B5 D5 5D 55 5B 
[  114047] ch50 r1 a3: 00 00 00 00 00 00 00 00 00 00 00 00 00 00 00 00 00 00 00 00 00 00 00 00 00 00 00 00 00 00 00 00 
[  114061] ch50 r1 a3: 10 2A A8 00 01 00 55 55 55 55 55 55 54 55 55 55 55 2A AA 80 55 55 55 55 55 55 55 2A AA AA AA AA 
[  114061] ch50 r1 a3: 00 00 05 55 55 55 55 25 55 55 55 55 55 55 00 05 55 0A AD 55 55 55 55 05 55 55 55 55 00 00 0A AA 
[  114062] ch50 r1 a3: 0A AA AA 00 15 55 15 55 05 55 00 00 15 55 55 55 0A AA 15 55 55 55 00 00 0A AA 0A AA AA 00 15 55 
[  114063] ch50 r1 a3: 2A AA 15 54 2A AA 00 00 2A AA AA A9 2A AA AA AA 2A AA AA AA AA AA AA AA 15 54 80 00 00 15 54 2A 
[  114065] ch50 r1 a3: 00 00 00 00 00 00 00 00 00 00 00 00 00 00 00 00 00 00 00 00 00 00 00 00 00 00 00 00 00 00 00 00 
[  114090] ch50 r1 a3: 50 CA 09 2B 08 08 A5 54 44 52 AC 05 52 00 2D A4 02 64 45 12 89 08 8A D8 94 85 12 26 52 84 58 D1 
[  114091] ch50 r1 a3: 40 00 04 95 10 15 00 00 02 12 A9 40 14 05 00 11 00 14 80 01 20 00 04 15 28 28 80 01 14 51 50 00 
[  114092] ch50 r1 a3: 00 00 00 4A 25 50 00 00 00 00 A9 55 54 40 00 40 00 01 50 10 05 51 11 10 25 55 41 05 40 15 44 40 
[  114098] ch50 r1 a3: 05 00 05 00 03 55 55 00 2D 54 AF F5 6A 94 BF F5 12 AA 6A AB 4D A9 5F D5 7F F5 2A B5 00 05 20 15 
[  114129] ch50 r1 a3: 03 00 08 8A 41 64 4A 1D 4E 52 84 0A 2A AD 4D D2 DA B6 F4 8B 0A 89 25 C6 88 31 10 A5 AF A6 12 52 
[  114133] ch50 r1 a3: 00 50 82 04 00 30 24 10 94 B1 45 25 04 83 05 40 8A 45 48 99 10 0C 00 80 59 00 46 8E 80 10 52 45 
[  114152] ch50 r1 a3: 00 00 00 00 00 00 00 00 00 00 00 00 00 00 00 00 00 00 00 00 00 00 00 00 00 00 00 00 00 00 00 00 
[  114157] ch50 r1 a3: 15 41 40 55 55 55 4A AA AA 28 AA 01 55 55 05 55 55 50 14 55 55 15 55 55 55 54 02 82 2A 85 00 A9 
[  114170] ch50 r1 a3: 50 10 44 A0 02 05 40 00 00 04 41 40 29 00 00 00 08 50 00 81 40 02 84 02 22 00 48 40 00 10 A8 12 
[  114177] ch50 r1 a3: A7 52 A8 DC 15 25 72 07 4C DF 8B 90 00 4F 42 A6 77 DA 65 48 32 06 6D A9 86 45 8C 39 CC 54 80 31 
[  114179] ch50 r1 a3: 00 00 0A 80 00 00 00 0A AA AA AA 80 05 00 05 00 05 00 0A 00 00 0A 80 0A AA AA AA 80 0A AA AA AA 
[  114180] ch50 r1 a3: 05 55 00 00 00 00 0A AA AA AA 80 0A AA AA AA AA AA 80 00 05 00 05 55 55 55 55 00 05 55 55 55 00 
[  114180] ch50 r1 a3: 00 05 55 00 00 0A 80 02 80 0A 80 00 00 05 55 55 00 05 40 0A AA AA 80 00 00 05 00 05 55 00 00 05 
[  114181] ch50 r1 a3: 05 55 55 00 02 AA AA AA AA AA AA 80 05 00 00 00 00 0A 80 05 00 00 00 1E EA B6 52 CB 5D 71 99 A9 
[  114181] ch50 r1 a3: 22 8A 94 52 6A 4A 94 B4 CA 11 29 65 09 32 49 2D 4A 8E A0 B1 41 81 50 93 02 2A 06 80 82 50 54 10 
[  114193] ch50 r1 a3: 49 12 B9 55 AD 05 1A C9 B1 54 D5 95 F4 D4 AA 25 2E F4 FD 5B EF 55 AE 75 9A ED 75 DE FD 6A AD 49 
[  114226] ch50 r1 a3: 22 D0 6A 2A 91 24 70 6A A0 AB AD 15 6D 57 A4 9A 53 49 3B A7 D6 A9 45 8F 75 DA 7D 75 D7 B6 B3 D5 
[  114229] ch50 r1 a3: AA CB 2A A9 A4 67 4A 61 B4 AA 02 C5 4E 05 26 20 68 A5 53 14 15 82 88 2D 01 55 E0 00 95 20 AA EC 
[  114241] ch50 r1 a3: 00 00 80 00 00 40 00 00 00 20 00 00 40 01 48 80 00 00 40 00 00 00 80 00 40 00 40 00 00 00 12 00 
[  114258] ch50 r1 a3: 00 00 00 00 00 04 48 00 00 00 00 01 00 01 40 00 00 00 00 00 04 40 00 00 01 F6 A9 6B 56 29 22 5E 
[  114267] ch50 r1 a3: 00 00 0A 00 00 00 00 0A AA AA AA 00 0A 00 05 00 05 00 0A 00 00 04 00 0A AA AA AA 00 0A AA AA AA 
[  114268] ch50 r1 a3: 05 55 00 00 00 00 05 55 55 55 00 0A AA AA A9 55 55 00 00 05 00 02 A5 55 54 00 00 00 55 55 55 00 
[  114268] ch50 r1 a3: 00 05 54 00 00 05 00 04 00 00 00 00 00 02 AA AA 00 04 00 05 55 55 00 00 00 05 00 05 55 54 00 00 
[  114269] ch50 r1 a3: 00 05 52 00 00 00 00 00 00 02 AA A2 AA 00 00 00 02 80 01 52 2A 00 02 80 02 00 00 00 0A EA D5 68 
[  114270] ch50 r1 a3: BD DB CC AD BD 75 B5 6A BA EF F6 D5 57 F6 BE CD A5 B7 69 7B 55 6B BA B8 55 25 E6 A9 91 4E 2B 14 
[  114271] ch50 r1 a3: 84 48 01 02 10 A5 0A 14 00 24 00 01 08 00 01 02 00 10 12 AB D5 48 40 00 00 00 00 00 00 00 20 00 
[  114280] ch50 r1 a3: 01 00 00 00 00 00 02 80 00 01 00 00 12 41 12 80 00 A9 44 95 44 80 00 22 00 00 00 00 02 2A 00 A2 
[  114304] ch50 r1 a3: ED 49 29 4A 45 6E 88 A5 54 D5 25 54 80 04 2A DD 95 51 00 00 04 15 EA 84 40 00 56 52 95 FF F0 00 
[  114305] ch50 r1 a3: 5C AF FE AA A2 02 92 2A BF BF 20 25 68 08 02 0A EF FA A9 AA A0 22 88 2F F6 68 BF FA AA 00 2B FF 
[  114305] ch50 r1 a3: 01 54 AA BF FF FE 80 0A A0 00 00 28 8A 0A C8 4B 55 55 54 FA AB AA AA AA AA BA AA AA AA EA AA AA 
[  114306] ch50 r1 a3: 00 00 15 55 6A AA 00 00 0A AA 00 00 00 15 55 55 55 55 15 54 15 54 0A AA 0A A8 00 15 54 15 55 55 
[  114307] ch50 r1 a3: 00 00 02 AA AA AB 55 05 55 55 55 55 5A D5 40 02 AA 85 55 5B 6A AA 00 02 AA AA AA AA 80 00 02 AA 
[  114308] ch50 r1 a3: 05 55 55 00 02 AA 82 AA 05 55 00 00 02 AA AA AA 85 55 02 AA AA AA 80 00 05 55 02 AA AA AA 80 00 
[  114308] ch50 r1 a3: 02 AA AA 80 00 00 00 00 02 AA AA AA AA 00 00 02 AA 02 AA AA AA 82 AA 85 55 00 00 01 BF 75 DB DF 
[  114320] ch50 r1 a3: 00 00 15 55 55 50 00 00 0A A8 00 00 00 15 55 55 55 50 0A A8 0A A8 15 50 0A A8 00 15 50 0A AA AA 
[  114320] ch50 r1 a3: AA AA 80 00 00 00 AA AA AA AA 81 55 55 55 55 55 55 00 00 AA 80 AA AA AA AA 80 00 AA AA AA AA 80 
[  114321] ch50 r1 a3: 02 AA 00 05 55 55 55 54 00 02 AA AA 00 02 AA 02 AA 02 A8 00 00 02 AA AA AA 05 54 02 AA AA AA 00 
[  114321] ch50 r1 a3: 00 00 00 01 54 01 55 01 55 55 00 01 55 55 00 00 00 00 00 01 55 55 55 55 00 00 01 55 01 55 55 55 
[  114323] ch50 r1 a3: A9 09 09 2A 50 55 40 A4 B2 84 CA E8 52 43 14 90 0B 2A A1 C5 25 62 14 4D 54 D4 FF 5E DB 5A 6A 4E 
[  114324] ch50 r1 a3: 40 11 04 40 00 55 04 11 00 05 DA 47 95 69 7A D8 36 C2 95 B1 6D 45 92 36 AC 56 41 A9 55 AA 5D D2 
[  114325] ch50 r1 a3: 01 28 C8 41 42 02 D2 01 69 84 A4 12 11 14 80 80 D8 04 10 03 12 15 14 4A 50 95 84 14 00 A8 12 AA 
[  114350] ch50 r1 a3: 2A 82 81 55 55 55 4A AA AA 28 AA 02 AA AA 0A AA AA A1 28 AA AA 15 55 55 4A A8 29 4A A2 8A AA 85 
[  114357] ch50 r1 a3: A4 15 2D 56 14 4A D2 46 10 51 02 EB 75 6F 5A F8 9C 6B 47 6A AD B5 2E 77 45 5D A0 75 C6 D5 AA D5 
[  114359] ch50 r1 a3: 00 00 0A AA AA AA 00 00 0A AA 00 00 00 0A AA AA AA AA 0A AA 0A A8 0A AA 0A AA 00 0A AA 0A AA AA 
[  114360] ch50 r1 a3: 00 00 01 55 55 55 55 41 55 55 55 55 55 55 00 01 55 01 55 55 55 55 40 01 55 55 55 55 00 00 01 55 
[  114360] ch50 r1 a3: 01 55 55 00 01 55 41 55 41 55 00 00 00 AA AA AA 80 AA 81 55 55 55 00 00 01 55 01 55 55 55 00 00 
[  114361] ch50 r1 a3: 02 AA AA 00 00 00 00 00 02 AA AA AA AA 00 00 02 AA 82 AA AA AA 82 AA 02 AA 80 00 00 BF 5C D6 69 
[  114363] ch50 r1 a3: 04 80 00 40 05 02 08 04 24 80 08 04 89 00 90 0A 8A A8 00 08 00 80 00 14 A2 90 21 20 08 04 AA 80 
[  114364] ch50 r1 a3: 00 08 51 24 00 14 00 00 00 14 12 00 09 4A 45 01 54 00 15 28 50 00 4A AA 10 10 50 94 08 00 05 45 
[  114392] ch50 r1 a3: 80 40 A0 6B 64 0A 25 6C D5 F5 55 AB 25 56 95 59 53 42 D6 B2 54 91 45 56 D2 31 A5 55 60 95 52 10 
[  114455] ch50 r1 a3: 98 2A 65 5F FB 47 D9 F5 7C FA BB D2 EA D5 56 EA 98 DF AA 2E BA 55 75 ED 6A BB D6 AD 7B 77 FC FE 
[  114456] ch50 r1 a3: 25 A6 AD 81 52 E5 65 B5 67 26 4B 1D 95 55 6C 31 B1 76 51 2A 90 D5 29 69 19 4D AA B4 AE 45 72 56 
[  114484] ch50 r1 a3: 48 A3 00 A2 20 11 01 50 A2 A5 15 48 01 51 84 B5 24 89 5B 44 12 8A 91 40 21 48 55 2A 90 04 49 2A 
[  114502] ch50 r1 a3: A1 51 FE 09 10 88 34 12 3D 2A AA 00 18 16 D5 55 34 68 40 45 12 50 AA 10 15 14 40 54 20 15 00 60 
[  114504] ch50 r1 a3: 10 51 54 CB 15 11 75 51 15 75 35 55 5D 54 57 55 56 55 55 55 55 55 54 55 55 55 11 55 55 55 55 55 
[  114524] ch50 r1 a3: 2A 16 2A 0E 68 29 28 52 02 AC 08 61 49 15 52 4C 49 26 9D 52 35 45 4B AA 8A 84 13 02 81 E3 84 91 
[  114542] ch50 r1 a3: CD 6A B5 67 55 CA A6 32 4A 82 94 4A AB 54 FA BD 49 15 F7 55 AA CA A5 6A C5 7A 75 A4 FD A9 A5 2D 
[  114543] ch50 r1 a3: 08 58 E1 0A EA A5 D5 6B 29 86 53 62 E8 6B 59 E5 A4 AB CD 94 4D A4 86 65 55 C9 4B 5A A3 32 DF 49 
[  114565] ch50 r1 a3: 88 00 48 2A 40 80 13 2F 02 30 00 B1 A0 24 25 10 29 92 10 40 50 82 24 20 B1 A0 41 26 0A 09 93 08 
[  114568] ch50 r1 a3: 60 91 10 04 88 4A 45 46 00 00 90 81 25 15 08 16 AE 62 C8 B1 2A 6E 7D BA 95 BD 2D 6B E5 4E 94 FC 
[  114636] ch50 r1 a3: 14 89 14 95 96 D3 1D 2D 94 F6 D4 B1 6E C4 95 B5 F6 C7 93 E4 F8 55 27 D3 5D D9 26 B1 35 69 49 9C 
[  114677] ch50 r1 a3: 5A A4 AA 98 A4 AC 92 51 BA A8 11 55 08 29 F8 00 9A DF B6 AA A8 B6 AC 9B C2 AA 6A BD 52 9A AD 4A 
[  114679] ch50 r1 a3: 08 0A 26 D4 5C 72 00 10 A0 E5 00 50 C0 E8 12 43 42 80 05 0C B2 40 4A 80 C0 A1 12 20 80 84 34 24 
[  114695] ch50 r1 a3: 59 68 AA CA AA EA 64 4D CC AB FA 16 B7 60 AA 79 42 A1 44 DA 42 62 AD 9B D0 A8 C5 B5 2C B4 5A B2 
[  114698] ch50 r1 a3: B2 42 93 4B 6C 22 90 49 F4 44 56 21 56 24 C3 D0 65 A4 49 B6 50 88 52 1A D9 69 89 49 D2 B2 90 C2 
[  114724] ch50 r1 a3: 5A 40 53 72 4E B3 4A B2 22 59 55 D1 09 56 D6 5A 4A B5 53 B4 48 A3 31 23 9E 61 30 84 55 DE EF D7 
[  114731] ch50 r1 a3: B5 10 88 8D 07 10 12 38 81 22 52 95 4A 08 2B 52 C6 E2 4A A0 7D 4A 8A 01 4C 26 A4 22 42 55 40 22 
[  114735] ch50 r1 a3: 10 AC 86 90 02 52 21 05 41 40 C1 20 E5 25 0A 59 00 85 29 28 20 03 40 00 C2 81 51 64 51 09 11 08 
[  114750] ch50 r1 a3: AB 54 A3 AA 2F 56 24 65 CD 25 52 55 09 52 B5 AD 77 5F 5B DD E5 66 3A A9 C5 42 52 4B 43 51 95 46 
[  114765] ch50 r1 a3: 2D BA A9 44 FA B5 AA AB 55 95 DE D7 55 03 DA B2 A1 54 40 95 7A 25 2D F4 C5 1B D1 7E B2 D1 4A 64 
[  114767] ch50 r1 a3: 54 B5 5D D6 56 96 5D A5 55 54 45 5D 95 55 13 AC 59 45 25 4C B4 7D 55 65 D5 F5 D5 67 55 55 D5 55 
[  114770] ch50 r1 a3: EB 94 05 52 AA D7 24 A4 A4 15 29 65 09 53 52 55 9B 63 18 82 A8 46 26 69 0B F8 A8 2A EA 3C 91 67 
[  114776] ch50 r1 a3: D5 72 35 21 25 9A 56 76 36 12 56 A8 DA 81 45 EA 54 8D 54 52 D5 50 B3 A6 B4 E9 AB 95 0E 52 A5 48 
[  114795] ch50 r1 a3: 00 00 05 FF FF F0 00 00 0B F4 00 00 00 05 FF FF FF E8 05 D0 05 68 0B E8 05 E8 00 05 D0 0A FF FF 
[  114796] ch50 r1 a3: 5E 80 5D 00 5F FF FE 80 00 00 00 00 00 55 00 56 80 00 00 7F DE F5 49 26 9A 94 8C EA AD 5C 8B 54 
[  114800] ch50 r1 a3: 15 01 00 55 11 11 04 55 54 10 54 01 54 44 04 55 54 40 10 45 14 14 44 51 54 50 11 00 05 15 00 11 
[  114805] ch50 r1 a3: 00 58 62 0A 64 94 D2 2A 52 F1 25 35 49 25 49 29 C5 29 B7 65 34 E5 B2 AF E5 A6 BB E1 7F 4A BD 75 
[  114809] ch50 r1 a3: 00 00 02 00 00 00 00 05 55 55 55 00 0A 00 0A 00 05 00 0A 80 00 02 00 05 55 55 55 00 0A AA AA AA 
[  114809] ch50 r1 a3: 05 55 00 00 00 00 02 AA AA AA 80 05 55 55 55 55 55 00 00 04 00 05 55 55 55 55 00 05 55 55 55 00 
[  114810] ch50 r1 a3: 00 0A AA 00 00 0A 00 09 00 02 00 00 00 05 55 54 00 05 00 0A AA AA 00 00 00 04 00 05 55 00 00 05 
[  114810] ch50 r1 a3: 00 02 A9 55 00 05 00 05 00 01 00 04 00 05 2A AA 00 00 00 00 00 00 05 00 05 00 00 00 1D 5E A2 CA 
[  114813] ch50 r1 a3: 15 40 80 2A 88 95 42 55 55 08 55 00 AA 22 02 55 55 50 14 25 4A 0A 55 54 AA 28 09 40 05 4A 80 09 
[  114819] ch50 r1 a3: 54 12 B2 10 80 94 60 53 2A 24 2A 08 0D 54 4B 60 11 00 05 0C 50 01 55 4A 10 E8 B0 25 88 54 80 A8 
[  114827] ch50 r1 a3: A6 D2 01 37 15 29 86 26 C0 25 39 48 A9 29 14 74 A6 4A 4A AA D3 45 17 AA 4A 42 A3 6D 68 54 75 16 
[  114835] ch50 r1 a3: 00 00 0A 00 00 00 00 05 55 55 55 00 04 00 0A 00 0A 00 0A 00 00 05 00 0A AA AA AA 00 0A AA AA AA 
[  114836] ch50 r1 a3: 02 AA 00 00 00 00 05 55 55 55 00 05 55 55 55 55 55 00 00 0A 80 05 55 55 55 55 00 05 55 55 55 00 
[  114836] ch50 r1 a3: 00 02 AA 00 00 00 00 05 00 05 00 00 00 05 55 55 00 05 00 02 AA AA 00 00 00 02 80 01 55 00 00 05 
[  114837] ch50 r1 a3: 00 0A AA AA 00 05 00 05 00 02 00 05 00 0A AA A8 00 00 00 00 00 00 0A 00 0A 00 00 00 1D 96 4D FA 
[  114844] ch50 r1 a3: A8 EA 92 22 A1 AF CC 57 52 6E 19 8D AA 65 70 CC A8 49 2B 55 32 06 5B 54 EA AB 6A A8 54 53 96 35 
[  114866] ch50 r1 a3: 16 81 00 55 11 11 04 55 5A 10 54 01 54 44 04 55 6C 40 10 45 14 14 44 51 54 50 11 00 05 1A 80 11 
[  114866] ch50 r1 a3: 4A 29 35 21 36 60 E9 4A A9 90 8B 00 28 40 53 49 15 20 A9 25 5A 95 53 A4 85 ED 54 B3 2D 0E BD EA 
[  114867] ch50 r1 a3: B2 96 1D 2A 48 A8 94 52 86 25 52 8A 93 11 A9 6A 4A 44 52 17 DD A2 6E AA 6D DA D1 7A 4C F2 5A E9 
[  114872] ch50 r1 a3: 00 18 A0 04 00 15 05 28 40 54 28 15 00 69 2A A6 D7 9A AB D2 DD 1A 6C A2 D2 85 8C A6 6D 3A 95 2A 
[  114874] ch50 r1 a3: 00 00 00 00 00 00 00 00 00 00 00 00 00 00 00 00 00 00 00 00 00 00 00 00 00 00 00 00 00 00 00 00 
[  114879] ch50 r1 a3: 00 00 00 00 A8 2A 01 15 4A 05 04 24 20 05 40 54 40 10 00 04 00 0A A2 92 A4 01 14 40 00 00 0A A8 
[  114879] ch50 r1 a3: 44 80 85 42 A0 00 11 0A 95 00 02 00 00 80 09 01 05 01 01 00 01 00 00 90 A0 0A A9 0A 05 05 14 12 
[  114887] ch50 r1 a3: 02 AA 8A A0 B4 50 52 AE B5 E8 59 2A 91 4B 53 76 99 4B 5A EF AD 4A AD 99 AA A9 9B B2 AB 31 2B 33 
[  114888] ch50 r1 a3: 00 00 05 55 55 54 00 00 05 54 00 00 00 05 55 55 55 50 05 54 05 54 05 54 05 50 00 05 50 05 55 55 
[  114888] ch50 r1 a3: 00 00 01 55 55 55 55 01 55 55 55 55 55 54 00 01 55 01 55 55 55 55 55 01 55 55 55 54 00 00 01 54 
[  114889] ch50 r1 a3: AA AA AA AA 00 00 AA AA 80 00 AA 00 AA 00 AA 00 00 00 AA AA AA 00 AA 00 AA AA AA 00 00 00 AA 80 
[  114889] ch50 r1 a3: 00 55 55 00 00 2A 80 55 00 55 55 00 00 55 55 55 00 55 00 55 00 55 40 55 00 2A AA AA 80 00 00 00 
[  114892] ch50 r1 a3: 14 AA 8A AA A8 95 54 2A 94 95 54 A4 AA AA 0A 54 44 AA A1 15 25 55 54 12 A2 88 01 49 4A AA 4A 50 
[  114898] ch50 r1 a3: 56 58 AA 55 3A 4A 55 86 21 20 82 AE 15 4B 52 8B 55 50 C9 6D D4 A2 83 6B AA B0 B4 DA 59 B1 AA FB 
[  114901] ch50 r1 a3: 00 00 2A 00 00 00 00 15 55 55 54 00 14 00 2A 00 2A 00 14 00 00 2A 00 15 55 55 55 00 2A AA AA AA 
[  114901] ch50 r1 a3: 15 54 00 00 00 00 15 55 55 54 00 15 55 55 55 55 54 00 00 2A 00 15 55 55 55 54 00 15 55 55 54 00 
[  114902] ch50 r1 a3: 00 0A AA 00 00 0A 00 0A 00 0A 00 00 00 0A AA AA 00 05 00 0A AA AA 00 00 00 0A 00 0A AA 00 00 0A 
[  114903] ch50 r1 a3: 00 0A AA AA 00 0A 00 0A 00 05 00 09 00 0A AA AA 00 00 00 00 00 00 0A 00 0A 00 00 00 3E D5 AE E6 
[  114905] ch50 r1 a3: 08 00 20 00 00 00 00 00 00 00 00 00 00 00 00 00 00 00 00 40 00 00 00 00 01 D7 65 13 0E 65 66 6A 
[  114918] ch50 r1 a3: 2A 82 80 AD 55 55 4A AA AA 28 AA 02 AA AA 0A AA AA A0 28 AA AA 2A AA B2 AA A8 2A 80 0A AA 80 2A 
[  114949] ch50 r1 a3: 44 4A 8A 21 48 04 A5 64 24 02 6C A6 94 9C 85 0A B3 2A B5 43 D0 14 D7 8E B6 8A 89 15 1D 95 15 32 
[  114962] ch50 r1 a3: 20 13 53 61 14 82 25 8A 20 46 59 45 AC 95 80 8B 66 A0 12 22 A9 C6 88 56 24 40 10 11 13 20 14 34 
[  114976] ch50 r1 a3: AA A5 FE AA BE AD 5B 37 03 2A A0 84 2A AA D2 AB 6A A9 B4 22 D7 AC A4 AA E8 AA AA 92 BC AC F3 4B 
[  114992] ch50 r1 a3: 00 54 A5 4A A5 2A 40 A5 28 2A A0 52 40 00 80 00 84 10 00 10 A9 4A 92 08 AA 94 15 57 DD 90 80 00 
[  114993] ch50 r1 a3: 04 20 01 40 A0 80 84 08 80 00 00 00 01 49 48 84 40 A8 00 10 94 12 90 81 45 02 40 82 44 01 54 8A 
[  114994] ch50 r1 a3: 80 80 25 00 04 80 08 11 48 90 00 A0 90 00 01 00 40 91 48 80 80 84 02 88 00 05 52 0A 80 8A 00 89 
[  114994] ch50 r1 a3: 20 00 A8 08 02 A8 88 88 22 AA A0 82 A0 08 A2 20 22 AA A2 00 82 28 A0 A2 22 A8 A2 80 28 22 A8 2A 
[  115005] ch50 r1 a3: D3 2B 33 A4 8B 31 4A 08 48 86 54 49 7D 91 95 80 0A 49 80 57 76 B7 5D 2F 0B 5B 56 E8 F1 B7 B3 54 
[  115015] ch50 r1 a3: 00 00 0A 00 00 00 00 15 55 55 54 00 09 00 0A 00 14 00 0A 00 00 0A 00 05 55 55 55 00 0A AA AA AA 
[  115015] ch50 r1 a3: 0A AA 00 00 00 00 0A 55 55 54 00 0A AA AA AA AA AA 00 00 0A 00 0A AA AA AA 00 00 05 55 55 55 00 
[  115016] ch50 r1 a3: 00 05 55 00 00 05 00 05 00 05 00 00 00 02 AA AA 80 02 80 02 AA AA 80 00 00 05 00 02 AA AA 00 00 
[  115017] ch50 r1 a3: 00 00 0A AA 00 0A AA AA 00 00 15 55 55 55 55 00 15 00 04 00 04 00 00 00 17 FD AA CD 6C 65 CF 79 
[  115019] ch50 r1 a3: 0A 80 80 2A 89 48 82 55 55 08 2A 00 8A 52 05 55 55 20 08 22 8A 0A 25 55 4A 28 02 82 2A 82 A0 A0 
[  115046] ch50 r1 a3: 05 00 01 44 40 45 55 40 00 04 41 41 00 05 51 45 00 40 05 40 50 10 00 10 00 7F 1B 41 76 50 A3 55 
[  115058] ch50 r1 a3: B0 D2 A4 55 5F 65 AC F1 B3 57 8A 89 88 08 D5 4C 6A 8C 49 5D D5 D9 99 3B 19 93 3B 33 33 33 22 22 
[  115059] ch50 r1 a3: 01 45 4D 1D 66 55 05 75 55 D5 55 B5 5D 75 57 57 66 EE 8D 55 B5 A4 14 A5 55 B9 57 8C 55 77 57 57 
[  115078] ch50 r1 a3: 01 2B FF FD 55 00 45 4D 54 D5 05 6D 4A 55 BF 4B FF AB 52 00 94 02 23 30 25 55 50 85 24 89 37 10 
[  115079] ch50 r1 a3: 7F FF 40 10 00 64 FF FF D4 D5 FF FF FD 7F D6 FF B7 FF FF FF F5 55 29 5F B5 7F F4 AA B6 DF 55 35 
[  115079] ch50 r1 a3: 05 54 00 15 41 04 40 14 00 55 40 01 57 F5 DF 51 51 35 50 A5 55 5F FF ED 55 4A A9 59 79 00 15 02 
[  115080] ch50 r1 a3: 00 00 05 55 55 54 00 00 05 54 00 00 00 05 55 55 55 54 05 54 05 54 05 54 05 54 00 05 54 05 55 55 
[  115081] ch50 r1 a3: AA AA 80 00 00 00 AA AA AA AA 80 AA AA AA AA AA AA 00 00 AA 80 AA AA AA AA 00 00 AA AA AA AA 80 
[  115082] ch50 r1 a3: 00 AA 00 01 55 55 55 54 00 01 55 55 00 00 AA 00 AA 00 AA 00 00 01 55 55 55 01 55 00 AA AA AA 00 
[  115082] ch50 r1 a3: 00 55 40 00 2A 80 55 00 2A 80 2A 80 2A AA 80 00 00 2A AA 80 55 55 55 00 00 55 55 55 55 55 40 55 
[  115094] ch50 r1 a3: 00 00 0A AA AA A8 00 00 0A A8 00 00 00 0A AA AA AA A8 0A A8 0A A8 0A A8 0A A8 00 0A AA 0A AA AA 
[  115094] ch50 r1 a3: 00 00 01 55 55 55 55 01 55 55 55 55 55 55 00 01 55 01 55 55 55 55 00 01 55 55 55 55 00 00 01 55 
[  115095] ch50 r1 a3: 01 55 55 00 01 55 01 55 01 55 00 00 01 55 55 55 01 55 01 55 55 55 00 00 01 55 01 55 55 55 00 01 
[  115095] ch50 r1 a3: 00 05 55 54 05 55 55 54 00 05 55 55 55 55 54 05 54 05 54 02 AA 00 00 03 6D DD 6B AD 56 5A C9 B5 
[  115100] ch50 r1 a3: 24 15 AD 10 BA 55 2C AE 91 74 46 A2 D4 A5 56 C6 62 20 34 59 A9 55 16 49 44 15 49 8B A1 AF 58 59 
[  115119] ch50 r1 a3: 55 55 51 54 95 55 55 55 45 55 55 59 15 53 55 77 75 55 55 55 D5 54 55 55 D5 15 55 75 54 55 55 55 
[  115121] ch50 r1 a3: D4 DB 32 6B 05 8D 42 51 52 46 89 29 12 02 21 28 A6 92 A2 92 18 A8 52 25 80 85 21 5C A9 58 95 5D 
[  115161] ch50 r1 a3: 15 32 E0 55 49 15 2C AB 29 6A 8B 32 64 34 A0 B0 A0 85 05 A0 42 AF 30 88 49 A6 AA 89 E3 DA DA B1 
[  115163] ch50 r1 a3: 90 2C 55 4E A6 DB 54 6A 2B 15 DB 39 6F 56 AC A8 98 01 09 CA 95 50 B5 A8 0A A9 12 09 10 04 50 5A 
[  115181] ch50 r1 a3: 64 6A 7A 24 22 8D 46 42 15 5D 73 37 49 29 4C 15 D0 02 82 D5 50 10 00 25 3C 85 10 10 14 D0 01 12 
[  115195] ch50 r1 a3: 21 4B 05 74 23 4D 57 AB 4D 5A 1D 52 DD FD 2A A9 DD AA A8 D5 4D 7B 53 1A 2A AA A8 DA 2A 97 AA CB 
[  115199] ch50 r1 a3: 66 84 56 08 9A 01 20 49 28 9A 94 90 A1 40 C5 7B FC BD F4 AF 55 6E BD AD 4A BE EB 6E A7 D3 A2 BB 
[  115206] ch50 r1 a3: 48 AE AB A5 56 94 D9 48 A7 2A 20 A8 B5 5A 6E 2A 4D 4A 9D 7A A6 A1 65 52 F4 93 4D 2A CD 66 A6 32 
[  115207] ch50 r1 a3: 1D 42 80 25 32 0A 20 48 64 B6 42 A6 0B 4A 20 BA 20 A2 29 09 2A A4 AA AD 4A 8A A6 AE 6A DF 4B 5B 
[  115246] ch50 r1 a3: A9 A2 D4 E5 55 CF 7A 96 6D 9A C5 08 AB A2 96 8A 49 55 72 52 6A 2A BD EF AD 5A F5 5B 55 6D D7 8E 
[  115281] ch50 r1 a3: 00 00 00 2A AF 8C 62 F5 89 FA AA A2 CD B1 B7 5A D5 5F BB C7 EE A5 2A 88 FE EB 69 0D 6D 7C CD 7F 
[  115311] ch50 r1 a3: 89 42 4D 16 54 D2 69 25 28 CC A8 1A A2 55 42 97 6D AA AA 4A B2 CA A0 01 DA B6 82 0E 45 55 1B 72 
[  115340] ch50 r1 a3: 02 29 01 22 84 40 34 B0 51 95 08 11 45 02 2B 6A 94 C2 25 91 52 03 0B 18 AA 08 A4 04 24 38 82 22 
[  115360] ch50 r1 a3: 8A 96 A0 05 9A D7 14 24 02 4D 21 15 01 54 27 88 90 2D 68 48 12 B2 8A 55 22 06 44 07 52 24 2A B1 
[  115373] ch50 r1 a3: A8 56 A0 11 16 80 04 04 0A 2C AA 32 21 10 44 68 14 2C D2 55 21 48 20 92 10 94 64 34 23 60 A8 75 
[  115379] ch50 r1 a3: 2C A4 90 00 B5 55 6B 58 54 14 0A 52 E9 28 51 10 6A 4A AA 49 51 54 45 42 53 04 04 9A A8 21 4A 02 
[  115383] ch50 r1 a3: 04 54 54 15 35 00 90 15 11 48 90 55 55 15 64 45 59 55 46 D5 05 45 54 49 8A 55 55 49 75 44 D5 55 
[  115389] ch50 r1 a3: 95 26 AD 75 69 0A AD 24 2A 2C 45 D3 24 D2 59 21 6C 20 0A 12 29 AD 34 48 AA 22 4D 4A 29 65 34 D1 
[  115470] ch50 r1 a3: 90 C0 0A 18 05 29 64 A5 68 15 9A 50 06 44 22 10 AE D5 61 49 8A 29 54 92 42 74 69 32 CA 62 C4 A5 
[  115491] ch50 r1 a3: 00 00 55 55 07 39 D0 A7 5E EF 55 2B 6D FD B9 B6 FD 56 71 6B FE F6 A4 AF 76 BE BD 36 D5 D7 64 7B 
[  115493] ch50 r1 a3: 00 00 02 AA AA A8 00 00 02 AA 00 00 00 02 AA AA AA A8 02 A8 02 A8 02 A8 02 A8 00 02 A8 02 AA AA 
[  115493] ch50 r1 a3: 55 55 55 55 55 00 AA AA 80 00 00 00 AA AA AA AA 80 AA AA AA AA AA AA 80 00 55 00 55 55 55 55 55 
[  115494] ch50 r1 a3: 00 01 54 00 01 55 55 55 54 00 01 55 54 00 01 54 01 54 01 54 00 00 01 55 55 54 01 54 01 55 55 54 
[  115494] ch50 r1 a3: 00 AA 00 AA AA 80 00 AA 00 AA 00 AA 00 AA 00 55 00 AA 00 AA AA AA 00 AA AA 00 00 AA AA 00 AA 80 
[  115501] ch50 r1 a3: AC 52 49 09 0A 54 9A 28 20 43 10 1D 54 0A 09 90 0A 04 6A 89 04 D1 40 59 5A 9A 7B B5 A8 AA E8 EC 
[  115506] ch50 r1 a3: 00 00 02 80 00 00 00 05 55 55 55 00 05 00 04 80 05 00 02 80 00 05 00 0A AA AA AA 80 05 55 55 55 
[  115506] ch50 r1 a3: 05 55 00 00 00 00 05 55 55 55 00 05 55 55 55 55 55 00 00 04 80 05 55 55 55 55 00 02 AA AA AA 00 
[  115507] ch50 r1 a3: 00 02 A9 40 00 01 40 01 40 02 80 00 00 02 AA AA 80 02 80 05 55 55 40 00 00 02 80 00 94 80 00 02 
[  115508] ch50 r1 a3: 00 01 55 00 02 80 04 AA 00 05 55 00 00 00 04 00 05 00 00 00 0F 6A CB 54 AA 4A 19 44 FA 9A 99 A6 
[  115508] ch50 r1 a3: 47 48 5A 42 30 44 92 AD C8 3D 06 14 92 0A 01 51 24 8C 29 28 21 46 AE 50 A2 12 D5 7F AA AA E5 55 
[  115510] ch50 r1 a3: 2A 02 00 AA 22 22 0A AA A8 20 A8 02 A8 88 08 AA A8 80 20 8A 28 28 88 A2 80 A0 0A 00 2A 00 80 82 
[  115523] ch50 r1 a3: 15 41 40 55 55 55 45 55 6A 14 55 01 56 55 05 55 55 50 14 55 55 16 55 55 50 54 05 40 15 40 50 51 
[  115532] ch50 r1 a3: 00 00 05 00 00 00 00 0A AA AA AA 00 05 00 0A 80 0A 00 0A 00 00 0A 80 02 AA AA AA 80 01 55 55 55 
[  115533] ch50 r1 a3: 01 54 00 00 00 00 05 55 55 55 00 02 AA AA AA AA AA 00 00 01 00 05 55 55 55 55 00 0A AA AA AA 00 
[  115533] ch50 r1 a3: 00 05 55 00 00 01 40 01 00 02 80 00 00 01 55 55 00 02 80 01 55 55 00 00 00 01 00 01 4A 80 00 05 
[  115534] ch50 r1 a3: 01 55 00 00 01 55 40 02 80 01 55 00 04 AA 80 00 00 05 40 02 00 00 00 0D B5 0A 79 24 AA A9 AA AA 
[  115545] ch50 r1 a3: 00 00 15 55 55 55 00 00 15 54 00 00 00 15 55 55 55 54 15 54 15 54 15 54 15 54 00 2A AA 15 55 55 
[  115546] ch50 r1 a3: 00 00 0A AA AA AA AA 0A AA AA AA AA AA AA 00 0A AA 0A AA AA AA AA AA 0A AA AA AA AA 00 00 0A AA 
[  115546] ch50 r1 a3: 02 AA AA 00 02 AA 85 55 05 55 00 00 05 55 55 55 05 55 05 55 55 55 00 00 05 55 05 55 55 00 05 55 
[  115547] ch50 r1 a3: 02 AA AA 02 AA 85 55 55 02 AA AA 00 00 02 AA 05 55 00 00 01 F6 BD FA A5 A5 8A D5 DB 51 DB 54 DB 
[  115554] ch50 r1 a3: 97 EA D8 A5 55 48 B4 9A 72 55 21 12 13 61 56 9A 97 55 49 6C 82 24 C4 86 F2 96 D8 AC 76 95 36 A2 
[  115563] ch50 r1 a3: 15 01 40 55 11 11 04 55 54 10 54 01 54 44 04 55 54 40 10 45 14 14 44 55 40 50 05 00 11 00 40 41 
[  115564] ch50 r1 a3: 89 4A 28 DA 29 22 2A 29 C2 B5 A8 A5 94 95 D7 39 AF F5 17 A9 49 51 4A ED 54 11 A8 B4 56 E8 A6 B2 
[  115567] ch50 r1 a3: D5 56 C9 54 15 B5 56 6E A8 B6 78 42 28 AC 84 AE 2A 5A 45 4D AD D3 B1 6B 8A 57 44 C8 F9 26 65 52 
[  115571] ch50 r1 a3: 00 00 2A AA AA A8 00 00 2A A8 00 00 00 2A AA AA AA A8 2A A8 2A A8 2A A8 2A A8 00 15 54 2A AA AA 
[  115572] ch50 r1 a3: 00 00 02 AA AA AA AA 05 55 55 55 55 55 55 00 05 55 02 AA AA AA AA AA 05 55 55 55 55 00 00 02 AA 
[  115573] ch50 r1 a3: 02 AA AA 80 02 AA 81 55 02 AA 80 00 01 55 55 55 01 55 02 AA AA AA 80 00 02 AA 81 55 55 00 02 AA 
[  115573] ch50 r1 a3: 01 55 55 02 AA 82 AA AA 81 55 55 00 00 01 55 01 55 00 00 00 DA AB F7 65 B6 B1 B2 82 ED 74 B2 71 
[  115576] ch50 r1 a3: 16 81 40 55 55 55 45 55 55 14 54 01 55 55 04 55 55 50 14 55 55 15 55 55 50 54 05 40 15 00 50 51 
[  115580] ch50 r1 a3: 86 40 B5 08 2D 56 AA 94 A1 E8 B6 D9 6E 4A 56 24 94 4A C5 29 24 07 46 8A 69 94 44 EA A2 BE 61 22 
[  115585] ch50 r1 a3: 00 00 15 6B 55 AA 00 00 15 54 00 00 00 15 55 55 5F 54 0A A8 0A AA 0A AA 0A AA 00 0A A8 15 55 55 
[  115585] ch50 r1 a3: 00 00 02 AA AF EA AA 81 55 55 5A B6 DB 55 00 01 55 41 55 55 55 55 55 41 55 55 55 55 00 00 01 55 
[  115586] ch50 r1 a3: 01 55 55 40 01 55 01 55 01 55 00 00 01 55 55 55 42 AA 81 55 55 55 40 00 01 55 01 55 55 00 01 55 
[  115586] ch50 r1 a3: 02 AA AA 82 AA 02 AA AA 02 AA AA 80 00 02 AA 02 AA 80 00 01 FE ED DB AD 4A D7 6A B6 46 D5 1B EE 
[  115587] ch50 r1 a3: 0A 38 02 28 20 42 2D 6A EB FA AA AF F5 0A 89 48 51 8C A1 4C F8 BD 0A 95 5C 54 AB 5F D5 51 AD 52 
[  115592] ch50 r1 a3: 50 20 40 45 6D 49 97 16 FA ED AA 29 53 5F 69 2D 7F 5F BF 77 FB 7D 6D 3E DB E6 FF 77 4F EA BC A2 
[  115606] ch50 r1 a3: A1 0B 11 40 68 14 50 A1 22 6A 22 28 B2 01 04 4A 35 5D BF 7B B6 A6 D5 9D F7 DB 91 4B 09 6D 3C A2 
[  115611] ch50 r1 a3: 00 00 05 55 55 54 00 00 05 54 00 00 00 05 55 55 55 54 05 54 05 54 05 54 05 54 00 05 54 05 55 55 
[  115612] ch50 r1 a3: 00 00 01 55 55 55 55 01 55 55 55 55 55 55 00 01 55 01 55 55 55 55 55 01 55 55 55 55 00 00 01 55 
[  115612] ch50 r1 a3: 01 55 55 00 01 55 01 55 01 55 00 00 01 55 55 55 01 55 01 55 55 55 00 00 01 55 01 55 55 00 01 55 
[  115613] ch50 r1 a3: 00 55 55 40 55 40 55 55 40 2A AA 80 00 00 55 40 55 40 00 00 2B 52 BB 55 C1 43 FE 99 57 C5 69 ED 
[  115617] ch50 r1 a3: 90 85 49 12 54 01 45 24 22 CB 09 36 88 A8 22 52 00 8A 84 89 00 50 04 A0 54 08 A2 0A 20 92 54 0C 
[  115628] ch50 r1 a3: 0A 12 94 AA 55 29 04 95 52 25 22 52 54 95 55 52 95 5F 77 42 00 00 00 00 04 00 A5 45 4A 41 4A AA 
[  115629] ch50 r1 a3: 0A 80 80 2A 88 88 82 2A AA 08 2A 00 AA 22 02 2A AA 20 08 22 8A 0A 22 28 A0 28 02 80 08 80 20 20 
[  115652] ch50 r1 a3: AA 28 A0 AC 44 AA A0 55 8D 4D 65 B1 AC A4 B2 89 41 64 D7 D9 6A 9C AA AA 58 29 45 15 B4 A8 0E 26 
[  115654] ch50 r1 a3: 24 25 14 49 00 18 8B 57 15 6C 50 54 95 64 55 CB AB 5A 7E BA AA AD AA BA 75 EE 34 50 A4 A8 14 14 
[  115661] ch50 r1 a3: A2 95 3F 75 0A B6 ED 6C D6 52 AE EB 48 FE 8E 56 96 83 B5 4A 8B 86 7D 1D F2 B7 57 DA 95 8E 34 52 
[  115691] ch50 r1 a3: 15 01 00 55 11 11 04 55 54 10 54 01 14 44 04 55 54 40 10 45 14 14 4A 55 00 50 15 04 45 00 15 14 
[  115704] ch50 r1 a3: 15 01 00 55 11 11 04 55 54 10 54 01 14 44 04 55 54 40 10 45 14 14 44 55 00 50 15 04 45 00 15 14 
[  115712] ch50 r1 a3: 05 55 4A 52 89 55 54 A5 15 52 80 25 55 2A A9 0A A5 0A 55 51 55 05 50 2A 42 82 AA 42 2A 02 AA 55 
[  115713] ch50 r1 a3: 00 00 55 00 00 00 00 55 55 55 55 00 55 00 55 00 55 00 55 00 00 55 00 55 55 55 55 00 55 55 55 55 
[  115713] ch50 r1 a3: 55 55 00 00 00 00 AA AA AA AA 00 AA AA AA AA AA AA 00 00 AA 00 AA AA AA AA 00 00 AA AA AA AA 00 
[  115714] ch50 r1 a3: 00 55 55 55 55 00 00 55 55 00 00 55 00 55 00 55 00 00 00 55 55 55 00 55 00 55 55 55 00 00 00 55 
[  115720] ch50 r1 a3: 40 0C 20 30 35 68 96 D0 A0 10 14 51 25 55 72 AD 49 FB 9B 6D A0 73 9F 55 33 7E 6F BF AF E5 43 59 
[  115725] ch50 r1 a3: 00 00 15 55 55 54 00 00 15 54 00 00 00 15 55 55 55 54 15 54 15 55 15 54 15 55 00 15 54 15 55 55 
[  115726] ch50 r1 a3: 00 00 02 AA AA AA AA 85 55 55 55 55 55 55 40 05 55 05 55 55 55 55 00 05 55 55 55 55 00 00 05 55 
[  115727] ch50 r1 a3: 05 55 55 00 05 55 02 AA 85 55 00 00 02 AA AA AA 85 55 05 55 55 55 00 00 05 55 05 55 55 55 00 00 
[  115727] ch50 r1 a3: 00 00 05 55 0A AA AA 8A AA AA 00 05 55 00 05 55 55 05 55 05 55 00 00 03 7D 4E F5 CF 4F 59 EE CD 
[  115730] ch50 r1 a3: 55 05 01 55 55 55 15 55 54 51 54 05 55 54 15 55 55 40 51 55 54 55 55 55 01 50 55 15 55 00 55 54 
[  115731] ch50 r1 a3: 0E D8 B6 4F 71 2D 59 BD 2E BE 6C AB F3 D5 76 2B 7B 57 4D E4 6D 64 EC 9D F5 D6 6B ED 34 E9 ED 9D 
[  115734] ch50 r1 a3: 15 55 55 55 55 55 54 D5 55 55 57 4D 55 94 75 55 55 55 4D 55 55 55 55 D5 55 55 55 55 95 55 55 55 
[  115737] ch50 r1 a3: 95 01 50 02 FE 95 4A AD FB B2 55 7F FF 7F DB 2A FD 55 2B BE 9A CB FE A8 2A 5A AA 16 CD FE D7 5D 
[  115739] ch50 r1 a3: 00 AA AA AA AA AA AA AA AA AA AA 94 AA AA AA AA AA AA AA 82 91 2A AA AA AA AA AA AA AA AA AA AA 
[  115740] ch50 r1 a3: 08 01 2A AA AA AA AA 55 55 55 09 55 55 08 2A AA AA 2A AA AA AA 80 80 07 DA 7F FB 55 DA 55 4D ED 
[  115744] ch50 r1 a3: 54 25 E7 01 8A 50 52 B5 59 ED 5A 4A A5 6B 5D 89 65 63 4D 5A 75 25 D4 B5 49 53 4B AB 33 B7 53 4C 
[  115756] ch50 r1 a3: 50 15 02 45 00 0A 8A 09 00 02 DB AE 99 B6 A5 D6 D9 25 66 45 19 3B AE E2 66 57 AB 6A F3 D3 92 E7 
[  115765] ch50 r1 a3: 00 00 0A AA AA A8 00 00 0A A8 00 00 00 0A AA AA AA A8 0A A8 0A A0 0A A8 0A A8 00 0A A8 0A AA AA 
[  115765] ch50 r1 a3: 00 00 00 55 55 55 55 40 55 55 55 55 55 55 40 00 55 40 55 55 55 55 00 00 55 55 55 55 40 00 00 55 
[  115766] ch50 r1 a3: 55 55 55 55 00 00 55 55 40 00 55 40 55 00 55 40 00 00 55 55 55 40 55 40 2A AA AA 80 00 00 55 40 
[  115767] ch50 r1 a3: 00 01 54 01 54 01 55 01 55 55 55 01 55 55 00 00 00 01 54 01 55 55 01 55 55 00 01 55 00 01 55 54 
[  115769] ch50 r1 a3: 55 48 81 54 A9 55 0A 95 09 55 2A 80 81 15 55 20 15 55 40 95 55 55 50 80 14 89 55 54 91 52 AA 28 
[  115770] ch50 r1 a3: 50 01 50 10 05 51 11 10 45 55 41 05 40 11 44 40 45 55 44 01 04 51 41 44 45 50 05 01 50 44 50 01 
[  115778] ch50 r1 a3: 84 95 48 94 AA 55 4A 14 04 08 AA 55 2A 95 54 A8 44 8A 02 A2 A9 14 AA AA AA AA 00 4A 85 55 55 55 
[  115778] ch50 r1 a3: 94 52 AA A9 48 95 29 15 55 55 50 2A A9 28 14 04 AA AA 90 90 95 55 14 01 55 55 55 04 AA A0 25 52 
[  115779] ch50 r1 a3: 00 00 55 00 00 00 00 2A AA AA AA 80 2A 80 2A 80 2A 80 55 00 00 2A 80 2A AA AA AA 80 2A AA AA AA 
[  115779] ch50 r1 a3: 55 55 00 00 00 00 2A AA AA AA 80 2A AA AA AA AA AA 80 00 2A 80 2A AA AA AA 00 00 55 55 55 55 00 
[  115783] ch50 r1 a3: 16 81 00 55 11 51 44 56 AA 10 54 01 14 45 04 55 54 40 10 45 14 15 44 56 80 50 15 04 55 00 16 94 
[  115791] ch50 r1 a3: 00 00 15 55 55 54 00 00 15 54 00 00 00 15 55 55 55 54 15 54 15 54 15 54 0A A8 00 15 54 15 55 55 
[  115792] ch50 r1 a3: 00 00 02 AA AA AA AA 05 55 55 55 55 55 55 00 05 55 02 AA AA AA AA 00 02 AA AA AA AA 00 00 05 55 
[  115792] ch50 r1 a3: 01 55 55 00 01 55 01 55 01 55 00 00 01 55 55 55 01 55 02 AA AA AA 80 00 05 55 02 AA AA AA 80 00 
[  115793] ch50 r1 a3: 00 00 01 55 02 AA AA 82 AA AA 80 01 55 00 01 55 55 01 55 02 AA 80 00 00 BD 45 4D 53 54 A5 65 A5 
[  115795] ch50 r1 a3: 00 00 00 00 00 00 00 00 00 00 00 00 00 00 00 00 00 00 00 00 00 00 00 00 00 00 00 00 00 00 00 00 
[  115801] ch50 r1 a3: AB 24 B1 45 55 97 5A D9 4B 2B AB CB 3B 55 DD A4 B5 5A B7 D2 7B C7 72 DB D7 55 75 E9 96 EC 7D 5F 
[  115804] ch50 r1 a3: 81 09 55 51 55 54 AA AA A9 08 2A 4A 94 55 55 50 84 52 94 02 AA AA AA 95 48 12 55 4A AA 95 52 81 
[  115805] ch50 r1 a3: 00 00 55 00 00 00 00 AA AA AA AA 00 55 00 55 00 55 00 55 00 00 55 00 55 55 55 55 00 55 55 55 55 
[  115805] ch50 r1 a3: AA AA 00 00 00 00 AA AA AA AA 00 AA AA AA AA AA AA 00 00 AA 00 AA AA AA AA 00 00 AA AA AA AA 00 
[  115806] ch50 r1 a3: 00 55 55 55 55 00 00 55 55 00 00 55 00 55 00 55 00 00 00 55 55 55 00 55 00 55 55 55 00 00 00 55 
[  115809] ch50 r1 a3: 20 04 55 50 10 50 01 14 00 00 55 54 00 00 05 10 14 44 55 00 A0 2A 04 04 00 15 14 01 00 05 B5 51 
[  115817] ch50 r1 a3: 10 20 2A AA AA AA A2 15 2A AA 80 00 0A 55 55 55 55 55 55 55 55 55 55 55 55 55 40 AA AA AA AA AA 
[  115818] ch50 r1 a3: AA AA 55 55 55 55 55 00 55 55 55 55 55 00 00 2A AA 00 2A AA AA AA AA 00 2A AA AA 00 55 54 AA AA 
[  115819] ch50 r1 a3: 00 55 54 AA AA AA AA 00 00 AA AA 55 55 55 55 55 55 55 55 2A AA AA 00 00 00 AA AA 2A AA AA AA AA 
[  115819] ch50 r1 a3: AA AA 00 2A AA AA 2A AA AA AA 80 00 06 DA E9 D3 7D A9 D5 51 76 A5 7A 92 D6 DD 47 F7 5D 74 EA FB 
[  115822] ch50 r1 a3: 2A 02 00 AA 22 A2 08 AA AA 20 AA 02 28 8A 08 AA A8 80 28 8A A8 28 8A AA 80 A8 2A 08 AA 00 2A 28 
[  115824] ch50 r1 a3: 4A EB DB 54 A2 9A FB 95 55 D4 55 29 7F 95 55 54 08 18 B0 00 CA 4D 34 42 10 89 4C 94 81 C3 A4 48 
[  115854] ch50 r1 a3: D2 F2 AE 29 E5 26 AB 55 2A 95 64 D6 CB 54 B1 22 94 A8 25 32 A4 A1 45 51 14 51 24 01 29 61 C8 95 
[  115921] ch50 r1 a3: 15 55 05 50 55 05 50 55 00 15 55 52 AD 6D AD BE A2 88 C9 A9 F4 92 BA 89 41 0A B6 B5 64 2A 54 44 
[  115923] ch50 r1 a3: 8A 50 25 A6 59 51 15 0B 25 18 6E 22 90 4A A8 68 D5 5B 02 A2 54 E2 0B 6A 20 59 4D 32 A8 A5 35 49 
[  115953] ch50 r1 a3: 34 9C 62 0A 49 48 31 29 65 55 5D 50 08 CD D5 51 A8 C2 8E EE B5 73 5F 76 B3 F6 FE 5A E7 7A D6 DF 
[  115980] ch50 r1 a3: 4A 09 42 A0 28 A4 0A 60 A2 01 0A 14 04 04 4A 69 09 20 88 49 A1 20 A2 A8 0A 8A AA AA AD 5A 5D 2F 
[  115987] ch50 r1 a3: B5 55 52 BA 9E AC 95 77 AA 9B 7B 50 DB 96 EC BE 69 C5 E8 F4 7D 97 1B 5B CA B5 96 AF 1A 52 79 15 
[  116000] ch50 r1 a3: 89 60 78 90 44 A9 58 54 A8 AC AB 7B A9 84 64 54 69 28 26 5B 24 81 79 33 DD 4D 8A 29 49 AC A2 E1 
[  116008] ch50 r1 a3: A3 04 50 60 D3 14 A0 30 80 2A 8B 95 85 A9 CA 69 1E 7D AD B1 B2 D7 DA 6B F5 AA D5 25 7A A2 9B 65 
[  116045] ch50 r1 a3: 60 48 D2 B8 0A D2 A5 31 6A 16 4A A4 46 D0 98 B0 8A 14 41 29 68 9A 2A 52 09 45 09 06 D2 18 20 20 
[  116056] ch50 r1 a3: 8B CD 49 15 41 6A AB 5C A5 BA B3 47 5E DE BA FA DC 77 54 D5 AF 4A 55 9D AB B8 BB 55 26 5E B6 57 
[  116059] ch50 r1 a3: CD 55 4D 2D 08 8A 7A 02 46 A8 A0 81 30 52 10 28 80 08 24 91 42 22 08 42 49 2A 94 A2 89 AF E6 4B 
[  116060] ch50 r1 a3: 9B 2A 45 C0 99 25 EA 24 AD 34 E8 20 40 2A 92 AF BB 4B 45 75 9D F7 29 6A DA D6 AB 4A E4 A1 69 7D 
[  116069] ch50 r1 a3: 12 A0 6A 0A ED 32 85 53 A0 42 8E 59 5A A5 55 03 32 AA D2 6C A5 49 18 84 34 0A 88 94 04 9A 1D 20 
[  116074] ch50 r1 a3: 6B 09 AC B0 42 AA AE FE B8 00 02 2A 02 02 02 40 14 10 02 00 A8 05 08 85 22 10 AA 62 50 B9 52 50 
[  116087] ch50 r1 a3: A5 35 DF AA 6A 56 95 5F 6D 7C D5 65 6B 0F 5F 56 EA 55 D2 6B 37 6B 2A D5 32 62 B4 2D 74 2D 08 A7 
[  116094] ch50 r1 a3: 00 AA A6 A8 F6 29 BD 5A 3F BD 72 B5 2B 52 B2 8A 8B 95 2B 10 7C 32 8C F5 00 1A 55 89 96 23 60 86 
[  116132] ch50 r1 a3: 2A 54 0A 11 6C 80 61 43 16 6A 0A 54 DA 54 B6 DA 9E AA D6 D2 DD FE ED 7A 7B 15 BB 69 7D D5 D5 D7 
[  116140] ch50 r1 a3: 6C 93 48 80 56 29 40 0B A8 A4 18 10 24 C0 24 AB 44 B2 56 AA 48 46 6A 98 98 F1 59 51 78 49 15 2A 
[  116172] ch50 r1 a3: EA 8A A0 32 70 84 DA 43 25 43 27 29 4D 55 56 D9 F9 BD 7C B9 AB 53 1D B5 7E D0 6B B5 A6 51 ED 59 
[  116215] ch50 r1 a3: 8C 5A C0 42 53 20 62 C8 91 42 AC 00 AE 35 A2 6F 56 76 DF A7 56 26 6C BD 05 F9 BA D3 6B 36 FF 97 
[  116216] ch50 r1 a3: 55 5A 19 D1 56 A8 DA 56 71 6B 94 88 7A AD 4D 2D 54 41 2D 16 ED 28 95 04 A6 54 95 36 6A 52 E6 C5 
[  116259] ch50 r1 a3: 00 51 54 52 54 44 AA BC AF E7 55 60 2D 23 54 D1 A5 8A 83 AA A2 56 BC C4 59 55 32 4A 92 65 B2 A8 
[  116273] ch50 r1 a3: 00 54 61 14 4C 88 04 A5 D5 69 6C 54 CB 83 99 17 4A 4A BD DD A9 2B AC 9A BB 35 15 28 20 4D 15 5A 
[  116285] ch50 r1 a3: 00 48 A1 28 8C 22 29 BE 42 8C 04 96 D3 52 0D 54 62 06 85 8A A1 51 05 B7 99 EF B5 B7 5C EE B5 F2 
[  116297] ch50 r1 a3: 50 B2 AE A4 32 AD 29 8A 2A A9 AA AA 8A BF 0F 28 BE 93 23 CA AD 55 2D 29 4A AA AD 01 A9 CA 5A 9A 
[  116297] ch50 r1 a3: 12 51 02 92 42 06 0D AA 44 AD 4B 29 56 8B 0A 80 95 51 55 75 44 68 21 A9 11 55 41 31 11 B8 C2 81 
[  116307] ch50 r1 a3: C9 AA BE D3 55 B2 54 CA 35 5A 95 C6 A9 64 AB 34 AB DE A5 36 A8 00 13 8E B1 29 70 8C 32 AA D9 F4 
[  116319] ch50 r1 a3: 00 20 00 00 80 08 11 04 54 22 44 46 32 00 51 20 94 05 05 52 0A A4 A9 20 A0 A5 88 31 82 90 2A D5 
[  116334] ch50 r1 a3: 00 00 00 00 00 00 00 80 44 22 80 00 84 00 08 0A A0 00 00 00 80 00 40 54 10 01 00 00 80 80 01 40 
[  116337] ch50 r1 a3: 2B 9C 6B 41 25 D6 A5 59 4D 2E 2A C9 2B F4 A5 59 75 BF EB F6 CF 1D 52 B8 45 16 B2 20 A0 A1 A8 A9 
[  116338] ch50 r1 a3: 15 01 00 AA AA AA 84 55 55 10 54 02 AA 44 0A AA AA A0 28 4A AA 14 A4 52 A8 A8 15 00 02 AA A0 01 
[  116345] ch50 r1 a3: 3D 44 08 AB 91 D2 CB 4B 46 2A 96 2A 85 55 E5 A2 23 25 8F 76 9A BB 55 75 F4 74 D2 52 D1 61 9A 55 
[  116351] ch50 r1 a3: 02 AA A8 02 AA A4 8F 5F F5 7A BE A2 BB AA AA AA AA E8 22 82 08 0A AA AE AA 22 AA AA AA AA AA AA 
[  116358] ch50 r1 a3: 05 2A C9 BF 54 48 A9 B5 AD FF 7A A6 BF FF FF EA 80 08 15 56 FF CD 59 49 4A 55 76 FF FF D7 FF 40 
[  116358] ch50 r1 a3: 3B A9 00 54 AA EB FF FF F5 55 BD 54 01 7E 4D 7F 13 FF D4 94 00 01 5F FC 05 55 04 0A 05 5E 2B 29 
[  116359] ch50 r1 a3: 00 0A B7 D9 BF FB 2B EC 9A AA B7 EB 4B 6A BF EA 6F FF FA A0 17 FE AA AA 8A 00 0A AA A0 26 AA 6A 
[  116360] ch50 r1 a3: AA AA AA A9 55 55 55 55 55 55 55 55 55 55 55 55 55 50 14 0A AA AA 28 04 52 AA AA AA 94 AA AA 50 
[  116361] ch50 r1 a3: 29 4A AD 29 7A 83 AB 53 56 12 A9 60 06 9A 91 55 16 69 D2 52 5E 2B 54 82 92 C2 66 A5 28 AA 55 98 
[  116362] ch50 r1 a3: 8D 2A 42 4A FC AA AC A4 AA A5 2B 54 72 2A 53 54 A9 55 52 94 9D 2A 95 4A 4B 75 55 56 28 9A 59 A8 
[  116364] ch50 r1 a3: 02 00 0A 00 00 04 54 84 00 00 41 00 00 01 10 00 01 00 00 00 10 00 00 10 00 5B 4A 48 56 A4 5A AB 
[  116369] ch50 r1 a3: CB 65 63 EA 1A 74 0A A2 92 94 38 55 84 97 97 2E 41 84 67 8A D5 81 25 68 48 E2 4D 40 A6 54 A5 B2 
[  116373] ch50 r1 a3: 00 00 4A AA AA AA AA 95 55 55 55 55 55 55 55 48 15 55 55 55 55 55 55 2A AA AA AA AA AA 95 55 55 
[  116373] ch50 r1 a3: 00 2A AA 00 2A AA AA AA AA 80 2A AA AA 00 2A AA 2A AA 2A AA 00 02 2A AA AA AA 2A AA AA AA AA AA 
[  116374] ch50 r1 a3: 2A AA 95 55 55 00 15 55 55 55 2A AA 2A AA 2A AA AA AA 2A AA AA AA 55 55 00 00 55 55 00 00 00 55 
[  116375] ch50 r1 a3: 00 15 55 0A AA 80 00 03 EA FD 56 97 27 5B D6 DD 66 AE EA AA CA 5D 57 9C A3 87 5A 29 B2 B6 8A 4B 
[  116377] ch50 r1 a3: 00 00 00 00 00 00 00 00 00 00 00 00 00 00 00 00 00 00 00 00 00 00 00 00 00 00 00 00 00 00 00 00 
[  116378] ch50 r1 a3: 01 15 55 00 04 10 85 05 10 14 54 10 05 00 00 04 50 00 44 40 01 D4 07 54 82 48 49 04 51 40 28 9A 
[  116382] ch50 r1 a3: 08 40 21 40 10 A4 99 08 92 22 18 0A 20 94 45 04 A5 04 00 46 D5 81 11 14 01 5A AA 01 90 2C 42 62 
[  116385] ch50 r1 a3: 22 20 00 00 00 00 00 00 00 00 00 00 00 00 00 00 00 00 00 00 00 00 00 00 00 00 00 00 00 00 00 00 
[  116412] ch50 r1 a3: 00 55 55 20 14 AA AA AA AA AA AA AA AA 55 55 55 55 55 55 00 2A AA 55 55 55 55 55 2A AA AA AA AA 
[  116413] ch50 r1 a3: 2A AA 95 55 55 55 55 55 15 55 55 55 55 40 00 2A AA 04 2A AA AA AA AA 00 2A AA AA 00 2A AA 2A AA 
[  116414] ch50 r1 a3: 00 2A AA AA AA 2A AA 2A AA AA AA 00 00 2A AA 2A AA AA 00 55 55 55 55 2A AA 2A AA 15 55 55 55 2A 
[  116414] ch50 r1 a3: 08 55 54 00 00 40 2A AA AA 00 2A AA 00 00 2A AA 2A AA 00 00 0B 52 AA 88 55 12 CA AF 6E EF 6B 7A 
[  116415] ch50 r1 a3: 34 D4 80 94 82 21 28 0A AB 5C 91 4D 67 16 8D 50 A2 D6 48 7A A5 54 A4 9B 8C 82 D4 4C 50 D8 23 5C 
[  116417] ch50 r1 a3: 15 01 00 55 11 11 04 55 54 10 54 01 54 44 04 55 54 40 10 45 14 14 44 51 50 50 15 00 01 11 40 01 
[  116421] ch50 r1 a3: 2B 4A 63 55 2C 55 11 18 39 11 51 A0 51 8A 14 06 CA 8A 51 49 85 2A 9E 0D 21 D1 85 65 B1 05 29 0E 
[  116435] ch50 r1 a3: A5 62 CA 2A BF 5C 7B 0F 2F 56 CC 65 3F D4 15 89 F4 39 9A 34 43 6A 2A A5 95 36 18 B8 D7 A4 9A 59 
[  116450] ch50 r1 a3: 91 49 51 51 40 88 5C 11 54 53 B5 55 55 17 5C CD 6D 95 55 15 55 51 74 95 5D 55 55 49 94 99 65 5F 
[  116456] ch50 r1 a3: 0A A5 40 05 55 00 1A D7 2C 05 77 B4 D5 55 55 55 54 54 55 55 5D 55 55 55 55 55 55 55 51 55 55 55 
[  116464] ch50 r1 a3: A9 0D 6A AA 1A 11 50 14 AA D5 95 56 5D 59 DA 65 07 3C 29 45 6D 26 95 BD 4C 8A C4 DE 15 A7 4F 1D 
[  116500] ch50 r1 a3: 12 16 28 40 60 B2 81 12 8A 80 A4 13 2A 0C 04 04 02 42 21 45 22 02 44 92 0B 20 54 10 D1 E0 01 42 
[  116558] ch50 r1 a3: 16 81 40 55 55 55 45 55 55 14 55 01 55 55 05 55 55 50 14 55 55 15 55 55 54 54 00 55 45 45 54 05 
[  116560] ch50 r1 a3: AD 42 A2 EA 26 15 24 CA 39 72 2A A9 AC F5 DD 39 AA AB EC C4 7E AF 46 BA EC 6A AA 18 54 C5 29 59 
[  116562] ch50 r1 a3: AD 55 8F 1F 85 52 86 10 28 5D 2D 99 2C C5 45 55 42 B5 71 2B 25 28 4A AC 24 B9 0D 70 94 4E 92 8E 
[  116571] ch50 r1 a3: 00 00 A1 01 02 11 12 90 00 15 0A 14 A8 00 80 0A 80 00 0A 14 08 00 00 80 15 05 0A 51 29 01 00 00 
[  116580] ch50 r1 a3: 2A AA AA AA AA 81 00 2A AA 82 55 55 55 55 55 00 15 55 55 08 2A AA AA AA 55 55 00 00 2A AA AA AA 
[  116580] ch50 r1 a3: 2A AA AA AA AA AA AA 55 55 00 55 55 00 AA AA AA AA 55 55 55 55 55 55 55 00 55 54 00 2A AA AA AA 
[  116582] ch50 r1 a3: 44 00 44 0A 40 42 45 42 2A AF FA 9A AA B4 95 36 D9 5E AD 5A D4 DF ED 6F 6F 55 B6 CB 4D 6B 54 CB 
[  116592] ch50 r1 a3: 88 40 08 88 00 00 00 00 00 00 00 00 00 00 00 00 00 00 00 00 00 00 00 00 00 00 00 00 00 00 00 00 
[  116604] ch50 r1 a3: 9E 43 A5 2B 21 58 A2 A0 A2 65 46 09 59 42 48 A0 50 50 09 01 0B 95 24 11 4C A0 59 9C D7 BE AB 7B 
[  116619] ch50 r1 a3: 00 00 0A AD 55 54 00 00 15 54 00 00 00 0A AA AA AD 54 0A AA 0A A8 15 54 0A A8 00 0A A8 0A AA AA 
[  116620] ch50 r1 a3: 00 00 01 55 AA AA AA 81 55 55 55 55 55 55 00 01 55 02 AA AA AA AA 80 01 55 55 55 55 40 00 01 55 
[  116620] ch50 r1 a3: 01 55 55 00 01 55 41 55 41 55 00 00 01 55 55 55 01 55 41 55 55 55 00 00 01 55 01 55 55 55 00 01 
[  116621] ch50 r1 a3: 01 55 00 01 55 55 55 00 AA 81 55 55 55 55 40 01 55 00 01 55 55 55 01 55 01 55 00 00 00 FB F6 6A 
[  116632] ch50 r1 a3: 44 15 55 55 55 50 00 0A AA A0 00 50 55 55 55 55 55 4A AA AA AA AA AA AA AA 84 0A AA AA AA AA AA 
[  116633] ch50 r1 a3: 15 55 55 55 55 00 00 15 55 40 0A AA AA AA AA 81 15 55 55 00 15 55 55 55 4A AA A0 80 2A AA AA AA 
[  116633] ch50 r1 a3: 80 2A AA 2A AA AA AA 80 2A AA AA AA AA AA AA 95 55 00 55 55 00 2A AA AA AA AA AA AA AA AA AA AA 
[  116634] ch50 r1 a3: 00 07 EF 71 F5 6D 6C AF AE 76 CF 66 E6 0E CC FA 75 52 F6 74 AA 75 8F 2D D6 AB 9F B7 6E 9B 7F 66 
[  116638] ch50 r1 a3: C2 84 54 44 52 94 C2 C4 48 A2 92 A2 85 09 44 2A F4 E0 46 95 49 20 BB 92 D2 45 6B 28 B6 65 5B 4B 
[  116645] ch50 r1 a3: 00 00 15 55 55 54 00 00 15 54 00 00 00 2A AA AA AA AA 15 54 15 54 15 54 15 54 00 2A AA 2A AA AA 
[  116646] ch50 r1 a3: 00 00 0A AA AA AA AA 85 55 55 55 55 55 55 00 05 55 05 55 55 55 55 00 05 55 55 55 55 00 00 05 55 
[  116646] ch50 r1 a3: 05 55 55 00 05 55 05 55 05 55 00 00 05 55 55 55 05 55 05 55 55 55 00 00 05 55 05 55 55 55 00 05 
[  116647] ch50 r1 a3: 02 AA 80 02 AA AA AA 82 AA 82 AA AA AA AA 80 02 AA 80 02 AA AA AA 82 AA 82 AA 80 00 01 FF 5C DB 
[  116654] ch50 r1 a3: EB 48 C4 1C 50 82 68 16 B5 EA 27 D2 D1 AB BE 3B 7A F4 FF EA D7 DA 8B 2B BC B6 AB 2D 47 6B B6 8A 
[  116660] ch50 r1 a3: 91 04 AD 51 43 55 A8 DA 2A 8C D0 A5 D9 AA A5 A4 95 F3 BB 86 39 4F B3 AE B6 AD BC 9D CB A8 65 C5 
[  116663] ch50 r1 a3: 86 91 00 20 28 89 24 58 58 10 84 A9 52 86 94 42 42 89 20 5C 53 B0 A1 4A AA 2D 5A 9B 65 4B 5A 35 
[  116690] ch50 r1 a3: 54 22 14 AA EA 08 49 01 18 82 81 5C 11 04 A4 10 A0 0C 85 25 24 5E A8 AF 4D AD 37 BA A9 B9 1A 7A 
[  116735] ch50 r1 a3: 57 40 24 04 00 03 04 64 02 09 42 21 16 83 A3 54 5C AA B4 DE 2A 9D 59 F0 4C 94 76 89 AB B4 05 A2 
[  116740] ch50 r1 a3: D5 52 32 AC EA F6 9A 55 AA 2B 5E AE B4 A6 97 89 2E AA 74 46 48 F5 45 74 E9 BD 45 7A D0 A4 9E 5A 
[  116752] ch50 r1 a3: 69 12 41 12 14 48 8A 8D 48 23 21 05 04 AE 42 31 3B B5 49 6D 72 92 EB 24 AB EF A5 66 B6 D9 7D 1A 
[  116774] ch50 r1 a3: 86 52 B4 49 C6 59 40 CB 29 55 AD A9 28 35 53 55 5B 18 D5 2B 0D 52 2C A7 7A AB 52 51 95 7C D6 DD 
[  116813] ch50 r1 a3: 15 55 01 25 44 54 15 40 10 44 00 45 5F 55 55 16 54 A4 CD 55 56 D5 44 95 55 55 70 05 45 15 55 55 
[  116827] ch50 r1 a3: 44 85 11 53 45 52 68 8E 64 89 8B 6D AA 6E CB BD EE AB EB D5 DE EA BB AA BA F3 1D 5B FD 76 6A AE 
[  116834] ch50 r1 a3: 13 05 8C 92 11 28 91 5A 95 53 28 AA 65 62 90 55 50 85 57 52 96 E5 4D 57 95 2D 54 02 A7 4D 4B 53 
[  116848] ch50 r1 a3: AD 14 92 3A 59 D2 91 4A 4B 65 4B AB DA 52 32 D3 55 1B 52 25 4A B2 D6 AD 2E D7 A5 AA 6A 0A BB 6B 

Команды: b (фон), s (скан с нажатиями), c N (канал), r N (0=1M,1=2M,2=250k),
a N (адрес 0..3), f (фильтр), x (XN297 декод вкл/выкл), p (сниффинг старт/стоп), # метка, ? справка
Сейчас: канал 50, скорость 1, адрес 3, фильтр выкл, XN297 выкл, сниффинг выкл

Команды: b (фон), s (скан с нажатиями), c N (канал), r N (0=1M,1=2M,2=250k),
a N (адрес 0..3), f (фильтр), x (XN297 декод вкл/выкл), p (сниффинг старт/стоп), # метка, ? справка
Сейчас: канал 50, скорость 1, адрес 3, фильтр выкл, XN297 выкл, сниффинг выкл

Команды: b (фон), s (скан с нажатиями), c N (канал), r N (0=1M,1=2M,2=250k),
a N (адрес 0..3), f (фильтр), x (XN297 декод вкл/выкл), p (сниффинг старт/стоп), # метка, ? справка
Сейчас: канал 51, скорость 1, адрес 3, фильтр выкл, XN297 выкл, сниффинг выкл
------------------------------
# ON r1 c51

Команды: b (фон), s (скан с нажатиями), c N (канал), r N (0=1M,1=2M,2=250k),
a N (адрес 0..3), f (фильтр), x (XN297 декод вкл/выкл), p (сниффинг старт/стоп), # метка, ? справка
Сейчас: канал 51, скорость 1, адрес 3, фильтр выкл, XN297 выкл, сниффинг вкл
[  118172] ch51 r1 a3: 00 00 00 00 55 00 00 55 55 54 A4 00 00 00 00 51 00 00 00 00 00 00 51 54 80 54 80 00 00 00 52 A8 
[  118173] ch51 r1 a3: 00 00 15 55 45 20 16 AA 00 00 00 00 25 2A C0 00 2A 55 80 14 80 49 00 55 55 52 00 00 00 55 00 54 
[  118173] ch51 r1 a3: 55 00 00 00 55 54 80 2A 80 00 55 80 2A 00 2A 80 00 2A D4 80 00 00 65 55 55 00 00 00 51 00 00 55 
[  118185] ch51 r1 a3: 59 54 A4 AA 00 00 00 00 29 00 44 80 2A A0 56 40 6B FA 20 2C 80 00 00 00 6C C0 00 00 00 00 2B 80 
[  118186] ch51 r1 a3: 00 00 00 15 20 00 00 00 00 00 15 F5 00 2A 60 00 00 00 2A AA 40 00 00 00 2A A8 AA 40 15 54 80 00 
[  118187] ch51 r1 a3: 55 00 00 00 54 A5 54 80 55 00 00 00 52 99 00 AA 00 00 92 00 AA 00 AA 00 00 52 A8 00 00 00 92 AA 
[  118187] ch51 r1 a3: 00 00 AA 00 00 92 00 AA AA AA 8A A4 00 94 00 92 8A AA FA DD 77 7A F5 AF F7 7F AF DF AF D6 F5 DB 
[  118198] ch51 r1 a3: 00 00 15 55 55 40 25 28 AA AA 00 00 00 00 14 40 54 80 14 40 2A 80 29 2A 00 24 80 00 00 00 24 80 
[  118199] ch51 r1 a3: 00 00 00 A9 00 00 00 00 00 00 AD 29 00 92 80 00 00 00 8A 54 00 00 00 00 AA AE A9 01 55 54 00 00 
[  118200] ch51 r1 a3: 00 16 A2 C0 20 40 22 80 2A AA AA 80 00 00 2A 80 2A 80 00 00 2A AA AA 80 29 00 00 00 2A A4 80 45 
[  118200] ch51 r1 a3: 55 00 00 51 54 80 00 00 4A 55 55 00 00 00 A2 00 00 48 00 AB 54 56 AA A8 01 48 02 A8 AA AB FD CF 
[  118201] ch51 r1 a3: 10 01 48 14 55 76 EF 7A AA A8 AA 4A A8 26 AB 9E A4 A4 AA AC AA 9A CA 0A AA 86 A6 A5 29 2E A8 A8 
[  118212] ch51 r1 a3: 94 A5 54 94 00 00 00 00 54 00 55 00 51 40 24 40 51 52 00 50 40 00 00 00 44 40 00 00 00 00 55 00 
[  118212] ch51 r1 a3: 24 80 00 00 00 2A 52 C0 00 00 00 2B 55 51 00 55 54 80 00 00 00 51 55 00 00 55 29 00 51 00 29 00 
[  118213] ch51 r1 a3: 49 00 00 00 55 55 54 00 54 00 00 00 52 A9 00 59 00 00 29 00 AB 00 75 80 00 2A 89 00 00 00 AA AA 
[  118213] ch51 r1 a3: 00 00 54 00 00 55 00 55 55 54 AA AA 00 A4 01 55 54 A9 FE BF 7F 7D 7E ED 6F F5 77 FF FF FB FD 7F 
[  118215] ch51 r1 a3: 00 40 89 10 15 55 53 49 08 89 12 89 08 88 90 20 40 8A 11 11 00 08 90 02 08 81 02 04 08 11 21 10 
[  118236] ch51 r1 a3: 98 A8 88 80 A5 15 9A 10 40 11 6A 64 40 0A 9E 45 2A BB 6C DB DB 56 6F E3 94 84 C9 24 15 5A 85 33 
[  118263] ch51 r1 a3: 52 84 69 24 04 91 60 35 4A AA 35 28 C9 99 2C A8 96 D6 B5 4A B1 2A 4B 93 16 D5 CB D7 5C BB 77 40 
[  118287] ch51 r1 a3: 02 40 50 29 A0 82 89 20 4A 92 21 A0 2A A5 5A 4A 56 A8 48 19 19 22 54 10 88 21 4A AD D2 AC AD 22 
[  118290] ch51 r1 a3: 10 01 40 14 55 75 1E D9 B7 FB AD DB DB 75 F5 BD EA AB DF BA FB 6F DB 7B 7E BB 7E AB DB D7 DA FD 
[  118306] ch51 r1 a3: 54 55 55 51 55 55 55 55 55 5D 55 55 55 55 55 55 55 75 55 55 45 55 55 55 55 55 42 D5 55 55 55 55 
[  118308] ch51 r1 a3: 0A 19 26 06 31 04 91 D4 90 94 D4 29 14 15 24 11 15 29 28 09 52 30 95 32 25 44 83 40 44 54 13 64 
[  118380] ch51 r1 a3: 01 04 11 00 14 11 45 00 40 51 01 10 05 51 00 10 01 40 14 55 7E FB FD FD BE BF BF B7 FE FF FF EF 
[  118392] ch51 r1 a3: 4A 05 AA 98 45 00 99 40 28 96 72 0D 4A 01 22 99 48 86 94 29 05 8A 8A 68 92 A5 10 5F DF D7 AB 36 
[  118396] ch51 r1 a3: 09 45 55 0A D7 5B 5F 55 55 54 55 55 50 54 55 55 54 05 25 55 54 05 55 55 55 B5 55 D7 4D 35 5D 57 
[  118410] ch51 r1 a3: 10 01 50 14 57 CF BB 76 DD D7 BE 9E BF BF ED 7F 77 AB A5 DE 6F 56 A9 AB B5 4A 94 ED EB 56 D6 AE 
[  118435] ch51 r1 a3: C9 2A 21 04 94 9D 02 95 B9 52 A9 5A 99 45 D5 A9 55 55 5E DA D6 62 9B A2 D7 3A 9C 64 EA AA B7 2A 
[  118441] ch51 r1 a3: 55 55 55 55 55 54 D5 55 55 55 55 4D 55 55 55 45 55 15 55 11 15 55 55 55 5D 55 10 03 55 57 35 45 
[  118452] ch51 r1 a3: 8A AA 3B EA CE F0 AA 9E DD 55 AA B2 36 52 66 89 15 77 29 6D A3 A2 4D 29 2A AC C9 56 AE CE 89 23 
[  118460] ch51 r1 a3: AD 55 4C B6 AA 72 2F 6A C5 0D 54 DA B4 CE 59 56 AD 94 B1 6D 6E A9 62 95 5D A6 77 A6 5A 92 E5 AA 
[  118468] ch51 r1 a3: 4A A1 48 92 49 11 28 5B 69 F5 69 7F D2 85 15 21 75 01 2F 15 55 4A 42 F4 DE DB 26 D4 F7 43 65 B3 
[  118508] ch51 r1 a3: 41 18 50 15 51 54 82 54 85 10 32 D5 55 72 50 51 10 45 55 53 55 D5 54 55 B6 55 2D 57 CD 56 48 14 
[  118509] ch51 r1 a3: 00 A1 00 51 58 4A 45 55 55 04 55 D5 55 77 77 56 75 55 21 15 57 7D 49 5F E5 9D 9D 9D 54 55 56 AA 
[  118542] ch51 r1 a3: 00 00 00 00 20 10 45 04 00 00 84 04 20 0A 40 00 40 02 00 20 A4 A9 46 EA 64 CE CB 5B 0A B3 69 AB 
[  118567] ch51 r1 a3: 94 D1 26 AA 47 AB BD 5B BB BB 25 B5 5B 7A FD 6A B5 75 2E EA DB EF 55 B5 37 5C DD BD D6 AE D9 56 
[  118596] ch51 r1 a3: 25 55 55 43 14 95 54 95 55 55 B5 45 65 55 55 6A A2 AA AA AA AA ED B0 BA AA 15 50 55 55 51 D4 55 
[  118610] ch51 r1 a3: 22 01 50 14 55 55 55 41 65 4D 55 14 55 2C 44 45 18 44 41 51 85 14 09 51 51 55 54 90 66 44 15 15 
[  118618] ch51 r1 a3: 10 29 52 90 55 45 50 84 51 92 10 C0 50 54 05 48 51 10 59 08 90 4C 95 B9 22 A7 6B 8A 01 15 9A EF 
[  118622] ch51 r1 a3: 25 55 11 49 55 55 55 55 AB 34 55 55 4F 55 A3 6F 9F 6E AF 9A 96 BA DA 9D 75 CA 9A EE A5 D5 BB 3B 
[  118638] ch51 r1 a3: A4 66 5A 2D 48 6D 71 15 AE 33 95 6D DA 5A AD 99 AA A6 52 94 B7 55 61 26 DF 7B 64 D2 55 2A 36 CE 
[  118644] ch51 r1 a3: 0D A4 B2 A2 A6 4A 56 A9 E6 D1 39 A2 35 5D D1 AF 5D 43 5D D3 D4 99 90 25 66 8A B5 52 23 4C 9D 26 
[  118646] ch51 r1 a3: 09 55 55 55 00 00 00 00 24 20 2A 80 15 00 2A 00 2A A9 00 22 20 00 00 00 2A A0 00 00 00 00 2A 20 
[  118647] ch51 r1 a3: 00 00 00 00 00 4A A8 80 49 00 00 00 00 00 AA 00 00 00 00 AA AA A4 00 AA A9 00 00 00 00 A2 AA 00 
[  118648] ch51 r1 a3: 4A 00 4B 00 00 AA A5 55 2A AA A4 00 00 00 00 AA 00 00 00 00 AA AA AA 95 55 50 00 A4 00 15 55 57 
[  118650] ch51 r1 a3: 94 AA 94 8A A9 55 54 45 51 29 09 28 89 29 12 88 A8 84 8B 2A 4D 28 84 91 21 42 22 49 28 19 11 11 
[  118651] ch51 r1 a3: 44 44 51 00 01 45 01 54 01 11 51 00 01 15 45 10 41 41 11 04 14 05 55 01 11 55 B5 04 44 4A AD F7 
[  118660] ch51 r1 a3: 00 00 00 2A 60 2A 80 2A 40 2A 40 2A AA 00 2A 40 00 00 00 28 20 00 00 00 00 2A 80 00 2A AA AA A4 
[  118660] ch51 r1 a3: 00 00 00 00 00 55 A9 00 55 00 00 00 00 00 2A 00 00 00 00 55 55 54 00 55 15 00 00 00 00 5A AA 00 
[  118661] ch51 r1 a3: 00 00 12 40 09 40 00 00 15 55 54 80 05 20 00 0A 55 40 11 40 00 00 15 40 15 40 12 40 00 0A AD 55 
[  118661] ch51 r1 a3: 00 00 00 29 00 00 00 00 2A AA AA 95 54 55 20 2A 00 15 2A 29 5B 7B 5B 6B E3 6E FA FE FB D7 FE DF 
[  118664] ch51 r1 a3: 44 50 40 00 45 51 44 10 50 44 41 05 01 54 40 44 55 59 51 11 12 AA AA A8 31 8C 85 32 4D 12 1A 92 
[  118673] ch51 r1 a3: 2A AA A9 4C 20 00 00 00 55 00 44 00 48 80 2A 40 55 54 80 55 00 00 00 00 54 C0 00 00 00 00 55 80 
[  118673] ch51 r1 a3: 00 00 00 00 00 55 54 80 55 00 00 00 00 00 55 00 00 00 00 55 55 15 00 2A 29 00 00 00 00 AA A9 00 
[  118674] ch51 r1 a3: 00 00 34 80 29 20 00 00 2A AA A8 80 2A 80 00 29 54 80 28 80 00 00 2A 80 4A 80 2A 80 00 15 75 55 
[  118674] ch51 r1 a3: 00 00 00 55 AA AA 95 55 54 80 AA 00 AA AA AA BA D7 96 BD EE D7 6D AA DB D1 EF 4D AA CA BA DB 5B 
[  118678] ch51 r1 a3: A8 55 04 50 A2 6A 09 60 95 4C A8 45 4A 15 48 B5 11 42 44 45 4B 04 54 59 52 A6 B5 83 29 5E 89 5B 
[  118686] ch51 r1 a3: 00 00 15 54 AA 80 15 2A 95 55 20 00 00 00 15 20 12 10 15 20 15 40 15 55 00 15 40 00 00 00 22 80 
[  118686] ch51 r1 a3: 00 55 45 52 54 80 00 00 00 49 00 00 00 00 00 00 55 54 80 24 20 00 00 00 00 14 40 00 00 00 55 51 
[  118687] ch51 r1 a3: 28 40 25 55 55 00 00 00 49 00 4A 00 00 00 55 55 5D 00 92 00 00 55 54 80 55 00 00 00 55 00 55 00 
[  118688] ch51 r1 a3: 00 00 00 54 80 00 00 00 52 8A A9 55 55 48 01 24 01 25 55 55 7B 6B D2 AB F6 76 BD 6F 77 5D BE 73 
[  118690] ch51 r1 a3: 44 44 51 00 01 45 01 6A 01 11 65 80 01 16 A6 10 41 41 11 84 14 05 A9 01 11 5B 55 44 44 54 65 FB 
[  118691] ch51 r1 a3: E0 A5 55 0A D7 36 B6 C8 AB D2 CE 4D FC C6 AA 2F 63 5B 55 44 25 29 72 2B 0A AD 22 AD AC B2 DA AA 
[  118696] ch51 r1 a3: 83 03 58 8A 94 48 AA A2 66 8A 55 27 55 0B 68 26 65 9B 23 24 89 94 B2 AA 8B 57 6A AB 24 35 15 BD 
[  118699] ch51 r1 a3: 00 01 55 54 A8 00 55 6A A9 41 00 00 00 01 24 01 52 01 42 01 14 00 AA A0 02 A8 00 00 00 02 64 00 
[  118700] ch51 r1 a3: 00 00 00 00 00 55 54 80 54 80 00 00 00 00 55 80 00 00 00 45 55 52 00 52 89 00 00 00 00 55 54 40 
[  118700] ch51 r1 a3: 00 00 55 80 24 C0 00 00 55 55 52 00 24 80 00 55 4A 80 2A 80 00 00 2A 80 2A 80 34 80 00 2A B5 55 
[  118701] ch51 r1 a3: 00 00 00 29 00 00 00 00 2A B5 4A AA AB 54 80 AA 00 8A AA AA EF D5 BA AA F6 B5 BD 76 DD 57 4A DA 
[  118701] ch51 r1 a3: 12 00 A0 15 29 BD 5D 6E EE B7 4E ED DD D6 6D FA BE EF 5A B6 5B EA DB FB 2B A9 B7 AF A6 EC B7 7A 
[  118702] ch51 r1 a3: 48 3F 61 58 97 BF AD 4B B4 AE CA 6B B2 65 5D 3B A6 7D BB F7 67 35 B7 D2 79 3B 94 AD EE BF 7A F7 
[  118703] ch51 r1 a3: D1 6B 00 88 88 A2 00 02 8A 02 AC 02 22 A2 00 02 2A 8A 20 82 82 22 08 2C 0A A2 02 22 AB 55 08 88 
[  118708] ch51 r1 a3: 05 44 55 0B 54 95 4B 5D 40 55 55 4B 25 15 55 55 55 54 11 15 55 35 74 45 49 2A 5B 55 6D 55 35 53 
[  118710] ch51 r1 a3: 55 D0 C3 01 3E 44 AA BB 77 F5 EF 7E DE FF DF FD FF FF A3 AA 54 95 29 D5 BD 4D 1E B8 FD 0A A4 D5 
[  118712] ch51 r1 a3: 00 00 2A AA AA 00 55 2A 8A 92 00 00 00 00 A9 00 A9 00 92 00 92 00 A9 42 01 14 00 00 00 00 AA 00 
[  118713] ch51 r1 a3: 00 00 00 15 40 00 00 00 00 00 15 AA 80 22 80 00 00 00 00 2A 80 00 00 00 14 AA 55 10 25 2A 40 00 
[  118713] ch51 r1 a3: 55 55 58 80 00 00 55 00 55 00 00 00 55 55 50 00 A2 80 00 A2 AA 00 52 80 00 00 49 00 51 00 42 00 
[  118714] ch51 r1 a3: 00 00 00 2A AA AA 55 55 52 00 AA 00 AA AA AA BD AF 6F B9 14 02 0A 62 2A A2 AA AA 28 A8 A9 2A 92 
[  118718] ch51 r1 a3: 35 51 57 55 95 55 55 51 54 15 55 55 55 6D 55 53 45 50 B5 51 60 55 15 B6 EB D5 5A F5 4D 61 C2 D7 
[  118725] ch51 r1 a3: 2A AA A5 55 00 00 00 00 29 00 28 80 24 40 2A A0 28 AA 00 2A 20 00 00 00 28 80 00 00 00 00 2A 20 
[  118726] ch51 r1 a3: 00 00 00 2D 2A 95 40 2A A9 00 00 00 00 15 55 40 00 15 6A 40 24 40 22 40 15 6A AA 00 00 00 2A 80 
[  118726] ch51 r1 a3: 24 80 00 15 45 00 20 80 00 00 14 40 22 40 12 40 00 09 55 49 5D 55 49 00 00 00 00 2A 40 00 00 00 
[  118727] ch51 r1 a3: AA 00 54 AA 8A BD 7D EB D5 7F 6D 7B FE EB D5 75 55 18 92 A2 E5 51 5B 2A 54 65 52 E4 AD 48 AE D1 
[  118730] ch51 r1 a3: 44 44 51 00 03 45 01 54 01 11 53 00 01 15 55 10 41 41 11 04 14 05 51 01 11 5A D4 44 44 55 56 FF 
[  118738] ch51 r1 a3: 00 00 05 29 44 40 04 AA D5 55 40 00 00 00 09 50 09 20 09 00 05 50 0A AA 90 05 50 00 00 00 05 40 
[  118739] ch51 r1 a3: 00 00 00 16 C0 00 00 00 00 00 35 AA 40 24 80 00 00 00 00 24 A0 00 00 00 0A A8 A4 80 49 55 80 00 
[  118740] ch51 r1 a3: 00 2A 54 80 49 00 51 00 55 54 AD 80 00 00 2A 80 2A 80 00 00 2D 2A A5 00 22 80 00 15 15 20 2A 80 
[  118740] ch51 r1 a3: 00 2A 80 2A 80 25 00 00 55 55 55 4A AA A4 40 00 00 00 55 00 00 00 00 4A AA AA 95 55 52 00 AB 00 
[  118741] ch51 r1 a3: 56 95 2A 85 34 81 98 D5 64 C8 A5 0A 50 0A 22 88 19 28 0A 0B 4A 82 A8 92 14 20 40 89 07 AC 9D BA 
[  118752] ch51 r1 a3: 00 00 00 2A A0 2A 80 2A 40 2A 80 15 69 00 2A C0 00 00 00 2A 80 00 00 00 00 2A 80 00 25 2A A8 AA 
[  118752] ch51 r1 a3: 00 00 2A 80 00 00 00 00 00 15 55 00 2A 80 00 00 00 00 2A 40 00 00 00 2A AA AA 00 28 AA 80 00 00 
[  118753] ch51 r1 a3: 02 4A A8 02 A8 02 A4 02 AA AA A8 00 00 03 48 02 A8 00 00 01 52 AA A8 01 48 00 02 52 A4 04 88 00 
[  118753] ch51 r1 a3: 55 00 29 00 00 55 AA AA A4 AA AA 00 00 00 00 54 00 00 00 00 AA AA A9 55 55 49 00 AA 00 AA AA 54 
[  118756] ch51 r1 a3: 45 54 40 00 45 55 44 10 50 44 41 05 01 54 40 44 55 5A A2 12 2A A9 7F FD F9 DB 69 AD D6 BD 5D AB 
[  118765] ch51 r1 a3: 00 00 15 55 4A 80 0A AA 55 54 94 00 00 00 0A B8 0F A8 0D 68 0E D4 0F 54 90 04 90 00 00 00 0A 98 
[  118765] ch51 r1 a3: 15 60 00 00 00 00 0A 40 00 00 00 15 55 55 40 12 55 20 00 00 00 15 55 00 00 12 55 20 15 20 14 80 
[  118766] ch51 r1 a3: 00 00 14 40 0A 40 00 00 04 95 50 40 0A 40 00 2A 55 00 2A 80 00 00 2A 40 2D 00 2A 80 00 2A AA AA 
[  118769] ch51 r1 a3: 44 48 40 00 44 A1 44 10 48 44 41 05 01 55 60 44 55 AD 51 11 14 AB FF E8 A9 54 0D 94 41 4D 14 68 
[  118770] ch51 r1 a3: 18 01 40 14 55 37 4E EA 67 AD AA 75 9B BB 2A A9 AB F5 ED 3E AB A4 EA 68 6A EC 99 2C D6 EA AA 66 
[  118774] ch51 r1 a3: 82 1C 52 32 EA 88 AA 3C 7A D7 38 95 91 CC BB 5B 11 32 EE 2A 76 AD 45 89 6A AC 88 B2 AA 96 2A 83 
[  118778] ch51 r1 a3: 49 00 51 00 25 52 00 44 40 00 00 00 24 80 00 00 00 00 29 00 00 2A 2A AA 55 00 00 00 00 55 00 00 
[  118779] ch51 r1 a3: 59 54 80 00 00 00 45 54 80 00 29 24 A0 55 00 29 00 2A 55 55 00 00 00 14 80 45 00 00 00 05 55 54 
[  118779] ch51 r1 a3: 55 00 00 00 55 00 14 80 54 80 00 15 55 54 AA AA AA 40 00 00 00 50 80 00 00 00 12 8A AA 55 55 2A 
[  118784] ch51 r1 a3: 8C 14 B4 52 14 26 A9 78 96 54 28 59 24 65 5D 15 3A 49 34 25 55 1A A6 64 48 A9 56 85 84 22 A4 4C 
[  118800] ch51 r1 a3: 10 01 20 25 55 DF B5 6F FD 91 44 44 29 22 B7 D0 85 56 4A 28 EA 2E 68 8A 67 44 4B 57 AB 08 BF AB 
[  118816] ch51 r1 a3: 45 51 55 51 55 55 15 55 55 55 55 55 55 55 55 55 53 55 55 55 55 55 55 45 52 45 50 54 54 A5 4D 50 
[  118819] ch51 r1 a3: 8A 52 39 A2 F5 F2 4B 2E 5D C7 B5 76 B8 F1 AE CD FB BC 65 9A DB 79 95 55 A5 DD 49 CF 2A 45 BA 5D 
[  118823] ch51 r1 a3: 45 41 49 63 21 20 AA 22 62 A7 B8 A0 A9 A1 4D 06 C5 1F 2A 0A AA AA AA AA A7 85 A8 BB 16 D5 D6 A6 
[  118830] ch51 r1 a3: 10 01 40 14 55 5D D9 95 75 F5 A7 ED 54 AB AB AA BF CB 7A E9 D5 F4 F6 D5 BB 5F 77 EB B5 6B CB DB 
[  118833] ch51 r1 a3: 19 AA 3B 21 49 29 08 0A 0A D5 E1 2A 2E BF 60 AC 4D 49 CE AC F5 A6 55 8A 95 D6 B5 AB 78 FA 98 8B 
[  118834] ch51 r1 a3: 08 31 21 46 91 00 0A 01 12 25 58 28 09 52 41 A8 AA 54 99 50 86 89 52 A4 48 A5 14 AA 21 12 28 99 
[  118840] ch51 r1 a3: 92 AA AA 92 00 00 00 00 AA 00 89 00 A1 00 12 00 92 A9 00 AA 00 00 00 00 AA 00 00 00 00 00 8A 00 
[  118840] ch51 r1 a3: 00 00 00 00 00 55 54 A0 54 80 00 00 00 45 55 00 00 00 00 52 AA AA 88 DE FA 00 00 00 00 92 AA 80 
[  118841] ch51 r1 a3: B2 A9 00 94 00 52 00 A8 AA AA 00 00 00 92 00 2A 00 00 00 8A AA A4 00 29 00 00 00 AA AA AA 00 00 
[  118841] ch51 r1 a3: 00 00 00 D4 A4 80 00 00 00 49 55 00 00 49 00 55 55 00 00 00 00 00 4A 55 00 2A 00 55 4A AA BA B5 
[  118853] ch51 r1 a3: 0A 55 55 45 10 00 00 00 25 50 14 80 2A 00 2A 40 2A A9 40 28 80 00 00 00 22 80 00 00 00 00 22 20 
[  118853] ch51 r1 a3: 00 00 00 00 00 55 54 80 25 00 00 00 00 4A 94 00 00 00 00 55 55 29 00 55 55 00 00 00 00 52 AB 00 
[  118854] ch51 r1 a3: 55 55 55 00 00 00 55 00 55 00 00 00 25 4A B4 80 15 00 00 00 4A 55 54 00 00 00 AA 00 92 00 00 00 
[  118855] ch51 r1 a3: 00 00 00 0A 25 20 00 15 00 14 AA 80 00 00 00 00 14 AA 80 2A 80 2A AA AA 77 56 9F BF 7F DB 55 EB 
[  118857] ch51 r1 a3: A2 B5 00 44 64 51 00 01 45 01 54 41 11 59 00 01 15 45 10 41 41 11 00 58 05 41 04 44 55 04 10 CC 
[  118866] ch51 r1 a3: 15 55 6A AA A0 00 00 00 15 20 14 20 09 40 12 40 15 55 20 0A 40 00 00 00 0A A8 00 00 00 00 09 10 
[  118867] ch51 r1 a3: 00 00 00 00 00 55 55 00 49 00 00 00 00 4A 94 80 00 00 00 55 55 55 00 4A 54 80 00 00 00 55 55 00 
[  118867] ch51 r1 a3: 44 80 45 55 45 00 00 00 09 00 49 00 00 00 54 AA AA 01 A9 00 00 01 29 55 50 00 00 01 24 02 A8 00 
[  118868] ch51 r1 a3: 00 A2 00 54 94 80 00 00 00 00 94 A9 00 54 00 AA 15 4A AA 53 EB 8A B5 5A D9 D7 6E F5 F1 2D AF 3F 
[  118869] ch51 r1 a3: 50 AF 59 4D A9 AD 2A A4 A5 8B 26 D5 7D 56 95 ED 76 B4 F3 E7 74 D8 94 CD 49 A4 54 BE A8 B3 21 AA 
[  118871] ch51 r1 a3: 44 44 59 00 01 45 01 56 41 11 51 00 01 15 55 10 41 41 11 00 56 05 41 04 44 56 04 10 44 55 75 EF 
[  118874] ch51 r1 a3: B5 75 95 98 69 8B FC 56 15 56 0A 97 38 AA E5 35 93 33 51 79 2B 37 C5 9B E6 B5 B3 6A F5 6A 93 E8 
[  118879] ch51 r1 a3: 00 00 00 94 00 00 00 00 00 50 00 00 8A AA AA 29 00 00 00 00 AA 00 00 00 00 00 00 AA A8 80 55 00 
[  118880] ch51 r1 a3: 00 00 00 55 54 00 01 15 50 00 92 01 54 01 15 55 50 00 00 00 A4 01 50 00 00 01 4A AA A8 02 A4 00 
[  118880] ch51 r1 a3: 00 00 55 00 50 80 00 00 00 8A AA 00 00 00 00 4A AA 00 00 91 00 55 69 00 00 00 00 00 CA A9 00 29 
[  118881] ch51 r1 a3: 10 01 20 14 55 5B AA BD DD 9C BE D5 B3 AB DA AD 7B D7 BD 6D 5A A2 6A 15 42 AE AA 8A AD 17 D9 32 
[  118884] ch51 r1 a3: 44 44 51 00 01 45 01 55 41 11 51 00 01 55 45 10 41 41 11 00 55 55 55 55 55 57 55 55 55 5F F7 FF 
[  118892] ch51 r1 a3: 00 00 2A AA 50 80 4A AA 2A AA 00 00 00 00 A9 00 A9 00 AA 01 52 00 A2 A8 00 A8 00 00 00 00 A9 00 
[  118893] ch51 r1 a3: 00 00 00 51 00 00 00 00 00 00 4A 94 80 55 00 00 00 00 54 94 80 00 00 00 29 29 55 20 12 AA 80 00 
[  118893] ch51 r1 a3: 00 55 54 00 55 00 54 80 56 9A AA 00 00 00 89 00 14 80 00 00 8A AA AA 00 AA 00 00 00 AA AA AA 00 
[  118894] ch51 r1 a3: 49 00 00 00 00 55 51 00 00 00 00 55 AB 00 00 A9 00 AA AB 00 00 00 00 00 AA AA 00 AA 00 2A AA A5 
[  118905] ch51 r1 a3: 0A 94 2A 52 80 00 00 00 15 20 15 40 14 80 2A 40 12 AA 40 22 80 00 00 00 14 40 00 00 00 00 2A 80 
[  118906] ch51 r1 a3: 2A 8A A5 55 10 00 00 00 34 80 00 00 00 00 00 2D 55 00 55 00 00 00 00 49 54 00 00 00 00 42 92 AA 
[  118907] ch51 r1 a3: 00 00 0A B0 0A 80 00 00 0A 91 55 40 14 40 00 00 15 55 52 80 00 00 15 60 15 40 00 00 00 15 55 40 
[  118907] ch51 r1 a3: 00 01 55 56 00 01 22 01 55 54 00 00 00 00 01 25 56 00 92 00 55 55 52 FB DD 39 A6 CB 9A F7 71 51 
[  118908] ch51 r1 a3: 8B FE CA AA AA AA AA AA 5A 9C AA AA AA 88 AA AA AE AA 52 6A A9 2A 2A AE A3 2A CA AA 68 90 88 EA 
[  118911] ch51 r1 a3: A9 10 45 50 94 02 48 20 0A 2C 42 84 52 44 89 12 55 0A 93 EB 4E D6 55 25 8B 4B 22 C5 AA BA 8A 9A 
[  118919] ch51 r1 a3: 2A 95 55 54 80 00 00 00 54 80 5B 00 55 00 54 40 2A B6 20 5B 00 00 00 00 69 00 00 00 00 00 75 80 
[  118919] ch51 r1 a3: 29 2A 80 00 00 00 15 2A 40 00 28 AA 40 24 00 2A 80 25 2A A9 40 00 00 15 40 2A 80 00 00 0A AA AA 
[  118920] ch51 r1 a3: 00 00 2A D4 54 00 00 00 54 00 0A 00 00 00 00 8A AA 00 00 00 00 92 A9 00 00 89 00 55 29 00 00 00 
[  118920] ch51 r1 a3: 55 51 54 75 55 55 55 11 55 55 D5 55 55 11 03 55 55 D5 55 37 75 7D 55 55 75 75 55 15 55 55 55 55 
[  118932] ch51 r1 a3: 00 00 00 2A 80 6E 80 56 20 34 80 6D 54 80 28 80 00 00 00 51 00 00 00 00 00 48 00 00 52 AA A9 25 
[  118932] ch51 r1 a3: 00 00 00 00 00 55 55 00 51 40 00 00 00 55 A4 80 00 00 00 55 52 AA 01 25 52 00 00 00 00 AA A8 00 
[  118933] ch51 r1 a3: 55 55 54 80 00 00 54 80 54 80 00 00 4A 68 A8 00 54 00 00 00 AA AA 8A 00 00 01 24 00 AA 00 00 00 
[  118934] ch51 r1 a3: 55 55 55 DE FD FB FF F7 DE FF ED 77 7D F6 F7 9A 2E 59 29 29 4A 95 1C DA 4A AB 74 55 A8 43 26 50 
[  118945] ch51 r1 a3: 91 00 AA 00 89 00 4A A8 00 AA 00 00 00 00 AB 00 00 00 00 00 A1 00 00 AA 8A A9 54 80 00 00 00 54 
[  118946] ch51 r1 a3: 00 00 00 52 8C 00 00 00 00 AA AA AA 00 8A A2 00 00 00 01 55 56 00 00 A5 51 01 44 01 54 01 55 52 
[  118946] ch51 r1 a3: 55 00 00 00 4A 55 54 00 00 00 55 00 54 80 00 00 00 54 A1 00 00 00 00 55 6B 00 00 AA 00 B5 54 00 
[  118947] ch51 r1 a3: 29 00 2A AA AA AA D5 AB B4 52 AA A9 AF 58 FE CD 9E E6 5A DB BB 71 FF D5 36 EE FB 7E AD 55 B6 D6 
[  118956] ch51 r1 a3: 21 45 55 55 52 AA 92 A9 2A 14 29 46 80 C0 D1 03 10 0B EA 80 10 02 C0 2C 5B 55 55 75 BB 50 55 D0 
[  118958] ch51 r1 a3: 00 00 05 2A AD 80 19 55 51 55 00 00 00 00 0A 20 2A 20 0A 20 15 00 14 95 20 2A 40 00 00 00 2A 80 
[  118959] ch51 r1 a3: 00 00 00 2A 80 00 55 54 52 99 00 00 00 00 55 00 00 00 00 00 00 94 AB 00 55 00 00 00 00 F6 A8 40 
[  118959] ch51 r1 a3: 55 00 00 00 55 54 A8 80 00 00 2A 40 28 80 00 00 00 25 5A 40 00 00 00 2B 5C 80 00 54 80 2A 54 80 
[  118960] ch51 r1 a3: 29 00 55 55 52 BA DA 39 7A B5 7D 74 B2 AB 7F 67 BA 4D 7A AB 76 B7 ED 57 66 AF 6D AA 57 2D BD 6D 
[  118971] ch51 r1 a3: 00 00 00 2A 40 25 00 22 00 2A 40 29 54 00 2A 00 00 00 00 24 40 00 00 00 00 2A 80 00 69 6A D2 AA 
[  118972] ch51 r1 a3: 00 00 09 40 00 00 00 00 00 15 15 00 24 80 00 00 00 12 54 A0 00 00 00 24 AA AA 80 15 55 00 00 00 
[  118972] ch51 r1 a3: 45 00 55 00 55 55 54 00 00 00 24 40 29 00 00 00 55 75 55 00 55 00 00 00 55 51 54 00 00 00 55 00 
[  118973] ch51 r1 a3: 00 15 00 45 55 00 00 00 00 00 2A D5 00 56 00 55 54 AA 5B 55 BA DA 8A B2 ED AD 57 D5 76 A5 76 EB 
[  118988] ch51 r1 a3: 0B AA B9 4A 5D 07 68 BC 57 6A B2 B6 93 08 AB FB 6F BE 95 2F E5 B7 73 AB 9E AD BB AB 97 D7 7F 2A 
[  119002] ch51 r1 a3: 22 8A 34 B5 D1 4C AA 43 53 D0 C9 A6 8A CE 95 91 D4 BA DA AA AC 4B 14 DC 2B 82 AD 5E B6 BC D2 95 
[  119039] ch51 r1 a3: 95 74 95 74 95 94 55 55 A9 55 D2 CA A2 96 A7 17 52 CE C9 36 75 5A DA BA A4 A7 AA 37 46 AA 21 22 
[  119055] ch51 r1 a3: A7 4A CD 57 28 3A AC 16 C5 94 B4 B9 14 D6 AA AA AA AA AA EA AB AF EA AA A5 AA AA AA AA AA AA AA 
[  119056] ch51 r1 a3: 31 55 55 5A 55 55 57 55 55 55 65 5D 55 55 55 55 53 54 D5 55 55 55 55 55 D4 D5 4B 55 71 55 25 34 
[  119081] ch51 r1 a3: 8A D9 65 6A AD B2 B2 53 57 B3 14 F8 A9 32 A6 56 9C 32 D6 AA 33 6A 6B 36 26 8D 99 52 B6 8A 8C 69 
[  119089] ch51 r1 a3: 8A 40 08 84 22 A8 46 2C 41 04 50 10 80 05 56 41 24 96 A2 84 14 4D 12 24 8F B9 5D 4D 6A D2 9F 92 
[  119120] ch51 r1 a3: B2 60 A8 91 44 1A 32 55 12 49 2A E4 2D 49 B3 69 53 AA 52 2A F5 3F A5 5B 7B 65 5B AB 55 6A DA AA 
[  119126] ch51 r1 a3: 45 55 55 55 55 55 55 15 55 55 15 55 55 55 55 55 75 55 55 51 45 55 55 55 55 55 55 55 54 D5 55 45 
[  119143] ch51 r1 a3: 35 77 6C 1E A2 C5 58 50 A9 AD 1A AB 6E B5 35 D6 A8 B7 2B 37 A9 56 DA 8B 55 AD 4A B4 8E B5 EB 6A 
[  119154] ch51 r1 a3: A2 34 A4 A4 8B B5 E8 CD 27 BE E3 F5 A5 2C B9 76 6F B7 73 6B 72 5E C6 9F 65 5F DD 5A D5 92 AE BB 
[  119160] ch51 r1 a3: 04 45 54 20 00 02 40 04 50 50 00 00 03 02 AC 0C 80 3D 28 00 80 0A 00 A2 AB 72 F9 77 5C EF FB 45 
[  119182] ch51 r1 a3: 00 00 00 00 04 04 00 40 00 00 00 00 00 00 00 00 00 00 20 00 28 51 55 2A BB AB DB 6D F9 5D B6 BB 
[  119228] ch51 r1 a3: 54 44 55 55 45 54 15 55 55 55 55 15 55 55 55 55 55 75 55 55 4D 65 55 55 10 51 55 55 55 55 55 54 
[  119230] ch51 r1 a3: D5 55 55 54 51 55 55 55 55 55 55 55 05 55 55 55 55 D5 55 55 51 15 55 55 55 55 55 5D 55 55 55 75 
[  119235] ch51 r1 a3: 4A 08 8B 95 25 55 1E 2A 4E 93 02 24 B3 DA 62 C1 A5 2A 84 98 A5 50 0C A4 8D 62 CC 5B 78 42 A1 28 
[  119260] ch51 r1 a3: 10 01 40 14 55 7A B5 D6 BB B6 B4 D7 7E B6 5B DD FB DB 35 4A E9 D4 95 CF 7A CB 5C 95 A9 31 07 01 
[  119280] ch51 r1 a3: 54 D0 85 2A 70 D0 49 40 AD AB 31 35 04 80 22 11 28 00 24 00 00 A8 00 44 00 01 01 04 00 40 00 00 
[  119289] ch51 r1 a3: AB 21 50 A5 B2 17 02 D4 55 6D 6F 54 C6 D2 AD BA 8C CA B3 6A BF EB 4A ED 5A 95 0E 7D 93 A8 69 F8 
[  119295] ch51 r1 a3: 80 01 05 0A 04 A0 00 10 A8 44 00 14 28 88 80 21 04 28 12 20 11 00 54 C9 54 12 03 48 81 42 AD 6A 
[  119318] ch51 r1 a3: 51 40 15 55 55 55 4D 55 5B 55 55 DC 5B 29 53 12 C2 20 2A AA 08 A2 A1 22 A0 AA AA 2A A4 AA B9 0A 
[  119319] ch51 r1 a3: 04 45 40 49 45 59 51 05 23 41 04 10 11 40 54 54 45 55 74 D5 61 55 54 D5 55 77 75 97 55 7A 20 54 
[  119330] ch51 r1 a3: 4A 4A 25 02 15 12 A2 C1 68 29 43 9A 8D 55 44 08 02 A2 14 55 AF F5 7C 25 51 55 55 54 D5 55 54 54 
[  119361] ch51 r1 a3: 94 D0 46 4C 02 09 48 A9 42 40 55 00 C4 AA A1 4C 45 72 05 24 88 AA C4 40 A9 18 09 55 29 2D 4D 40 
[  119402] ch51 r1 a3: 14 01 50 15 55 44 CA A2 2F CD 5D 52 4D 5A A8 9A 57 15 4E 5E A2 77 7A 4C 8B 49 A4 9B 9B 4C CD 55 
[  119434] ch51 r1 a3: 00 00 15 54 92 00 2A AB 55 52 00 00 00 00 12 80 15 20 15 20 24 80 15 2A 00 2A A0 00 00 00 2A C0 
[  119434] ch51 r1 a3: 00 00 00 54 55 51 00 05 55 00 00 00 00 55 54 80 00 55 54 80 29 00 28 80 45 55 54 00 00 00 89 00 
[  119435] ch51 r1 a3: 00 49 54 80 00 00 00 00 45 00 15 00 00 00 00 55 55 52 AA AA 40 00 00 00 2A AE AA 00 00 00 2A C0 
[  119438] ch51 r1 a3: 44 44 51 00 01 45 01 68 01 11 51 00 01 15 55 10 41 41 11 04 04 05 41 01 01 44 55 84 44 55 B5 FF 
[  119447] ch51 r1 a3: 00 00 14 95 55 20 24 AA AA AA 00 00 00 00 28 00 55 00 54 80 2A 40 55 55 00 54 80 00 00 00 24 00 
[  119447] ch51 r1 a3: 00 55 55 52 A9 00 00 00 00 59 00 00 00 00 00 00 94 A9 00 52 00 00 00 00 00 A2 00 00 00 00 AA AA 
[  119448] ch51 r1 a3: AA A9 00 00 00 00 51 54 80 00 49 54 80 55 00 15 00 29 55 54 00 00 00 55 00 AA 00 00 00 8A AA A8 
[  119449] ch51 r1 a3: 00 00 00 00 2A 40 29 00 00 00 00 55 54 54 AA AA 00 00 00 00 0A AA A8 00 00 01 24 00 95 55 45 28 
[  119452] ch51 r1 a3: 52 0D 42 92 0F DA AB 53 5D 5B A5 69 D5 D6 B7 2F A8 8A A4 D5 FE AB A5 E9 A7 4C 55 AB 67 1C AD 1E 
[  119460] ch51 r1 a3: 00 00 2A AA A2 00 55 54 55 48 00 00 00 00 AA 00 92 00 A8 00 94 00 AA A8 80 AA 00 00 00 00 92 00 
[  119461] ch51 r1 a3: 00 00 00 D2 00 00 00 00 00 00 5A AB 00 AA 00 00 00 00 00 A8 00 00 00 00 AA AA AA 00 AA AA 00 00 
[  119461] ch51 r1 a3: 00 01 54 01 52 00 00 01 55 55 58 02 6C 00 01 6A A8 00 00 00 00 01 50 02 28 00 00 00 02 AA AA AD 
[  119462] ch51 r1 a3: 00 00 00 AA AA A4 C0 00 00 8A 00 2A A2 55 A8 03 48 02 5A AA AA ED B7 DD 55 A9 DF AD 8F 36 6E A7 
[  119465] ch51 r1 a3: 44 54 40 00 45 59 44 10 50 44 41 01 01 50 40 40 51 15 41 11 15 6B FD FE FD 7D FF 57 EF DF F7 E7 
[  119473] ch51 r1 a3: 50 40 44 00 55 00 49 54 00 48 40 00 00 00 55 00 00 00 00 00 54 80 00 49 55 45 48 00 00 00 00 51 
[  119474] ch51 r1 a3: 49 54 40 00 00 00 4A B4 80 00 5A D4 80 5D 00 5D 00 6A 55 52 00 00 00 59 00 5B 00 00 00 5A BA A8 
[  119474] ch51 r1 a3: 00 00 00 00 28 80 24 80 00 00 00 2A 55 55 55 29 00 00 00 00 52 AA AA 00 00 00 29 00 4A AA AA 54 
[  119486] ch51 r1 a3: 00 00 29 55 54 40 2A AA AD 52 00 00 00 01 21 00 A8 01 51 01 52 01 55 52 00 A8 80 00 00 00 A8 00 
[  119487] ch51 r1 a3: 00 00 00 48 00 00 00 00 00 00 2A 8A 01 50 00 00 00 00 01 54 00 00 00 01 55 55 08 01 55 50 00 00 
[  119488] ch51 r1 a3: 4D 55 55 00 00 00 AA 00 AA 00 00 00 AA AA AA 00 AA 00 00 AA AB 00 00 00 00 00 AA 00 AB 00 00 00 
[  119488] ch51 r1 a3: 00 00 00 95 55 54 00 00 00 A2 01 25 54 55 50 02 48 02 AA AA AB DD ED BD BF 5D 6F 6E 77 97 DB AF 
[  119491] ch51 r1 a3: 54 55 00 44 44 51 00 01 45 01 50 01 11 51 00 01 15 45 10 41 41 11 04 04 05 41 01 01 44 55 04 44 
[  119497] ch51 r1 a3: 20 54 10 80 10 10 40 20 48 00 40 10 88 00 88 09 04 82 50 42 00 00 05 60 20 02 80 10 02 12 A8 00 
[  119499] ch51 r1 a3: 15 55 55 55 00 00 00 00 2A 40 22 00 29 20 2A 80 2A AA 20 25 00 00 00 00 2A 00 00 00 00 00 28 80 
[  119500] ch51 r1 a3: 00 0A 55 20 15 20 15 20 14 AA AA 00 00 00 11 60 12 40 00 00 12 95 55 40 2A 80 00 2A AA 80 00 00 
[  119501] ch51 r1 a3: 00 00 00 55 6A A8 00 00 00 52 00 AA AA AA 54 40 A9 00 92 AA A8 D2 DD 5C AF BF 5B FB F7 EE AF B7 
[  119502] ch51 r1 a3: 45 5C 55 82 A8 20 0B 7E D7 2D 5B FF A2 0D 51 15 2E 15 0A 2B 5D 55 EB B4 A9 55 75 28 A9 4A 52 D4 
[  119504] ch51 r1 a3: 44 54 40 00 45 51 44 10 50 44 41 01 81 60 40 40 51 15 01 11 15 56 FA BD D6 FE F7 FF FF FD EF FB 
[  119505] ch51 r1 a3: 08 59 82 06 02 80 54 95 88 50 A4 50 F1 01 05 49 0A 85 59 DF 76 5E DE D7 AE B6 F7 F5 55 9E F7 AE 
[  119513] ch51 r1 a3: AA A2 AA 90 00 00 00 01 56 01 46 01 54 01 10 81 55 29 00 A4 00 00 00 01 54 00 00 00 00 00 A9 00 
[  119513] ch51 r1 a3: 15 40 00 00 00 00 12 20 00 00 00 15 55 55 40 12 55 60 00 00 00 15 55 20 00 0A 55 20 15 40 15 40 
[  119514] ch51 r1 a3: 55 00 00 00 55 55 69 00 55 00 00 56 A9 00 00 00 00 00 51 00 AA 00 00 00 00 4A AA AA 95 52 00 00 
[  119514] ch51 r1 a3: 92 AA AA ED 54 49 44 CD B6 6A D7 E4 57 EB DE B6 AB 54 E9 56 2C 0A 42 6B 47 A5 EC F5 AA 04 24 6A 
[  119517] ch51 r1 a3: 44 44 51 00 01 45 01 54 01 11 51 00 01 14 A6 98 41 61 19 84 06 05 61 81 01 66 5A 06 62 5A B3 FE 
[  119526] ch51 r1 a3: 00 00 2A A5 55 40 11 52 AA A2 A0 00 00 00 15 20 15 40 11 00 15 40 15 25 20 15 00 00 00 00 15 40 
[  119526] ch51 r1 a3: 00 00 00 92 00 00 AA AA AA AA 00 00 00 00 A0 00 00 00 00 00 01 7F 54 01 F4 00 00 00 00 01 B4 00 
[  119527] ch51 r1 a3: 16 95 20 00 00 00 05 4A 80 00 1B 55 60 05 40 05 40 0A AA AA 90 00 00 0A A0 0A 40 00 00 0A AA AA 
[  119528] ch51 r1 a3: 00 00 00 00 14 A0 15 20 00 00 00 15 55 69 5A AA A0 00 00 00 0A AA A8 80 00 00 15 40 15 51 55 55 
[  119533] ch51 r1 a3: 55 55 55 55 55 55 15 45 55 55 55 55 55 55 55 54 44 01 45 5D F5 55 55 4F 55 5D 7D 55 01 53 55 75 
[  119539] ch51 r1 a3: 00 00 00 2A 40 22 00 28 80 28 40 2A AA 40 2A 00 00 00 00 2A 40 00 00 00 00 2A 80 00 55 45 55 55 
[  119540] ch51 r1 a3: 00 00 A9 00 00 00 00 00 00 AA A9 00 4A 00 00 00 00 01 24 00 00 00 00 A5 55 48 01 49 52 00 00 00 
[  119540] ch51 r1 a3: 55 40 00 55 54 80 00 00 00 00 15 80 2A 40 00 00 00 2B 55 55 52 AA 00 00 00 00 55 2A AA 00 00 00 
[  119541] ch51 r1 a3: 29 AA A9 6D 77 D7 B6 DF F7 FD 6B B2 DA 29 64 A5 4C 2A 24 50 29 62 2A 88 94 44 2A B7 22 E4 D5 A6 
[  119543] ch51 r1 a3: AC AA 00 88 88 A2 00 02 8A 02 A8 02 22 A2 00 02 2A 8A 20 82 82 22 08 08 0A 82 02 02 88 AB 18 88 
[  119552] ch51 r1 a3: 00 00 00 2A 20 2A 80 22 00 2A 40 2A A5 00 14 40 00 00 00 15 00 00 00 00 00 12 80 00 24 AA 56 AD 
[  119553] ch51 r1 a3: 00 00 00 00 55 00 00 00 00 29 55 55 00 52 54 80 00 00 00 15 55 00 00 92 A9 00 AA 00 84 00 92 AA 
[  119553] ch51 r1 a3: 00 00 AA 00 AA 00 00 00 A4 AA A8 00 A2 00 00 A9 29 00 00 00 00 00 55 00 55 00 00 00 00 5A AA AA 
[  119554] ch51 r1 a3: 00 00 00 55 55 54 00 00 00 92 00 2A AA A4 94 00 A2 01 15 55 55 FA BF EB 75 7F ED B4 AD B9 EC BD 
[  119557] ch51 r1 a3: 44 42 25 00 01 45 01 52 01 19 59 00 01 15 45 90 41 41 11 04 04 05 41 01 01 64 55 04 44 55 57 EE 
[  119565] ch51 r1 a3: 00 00 2A AA 92 00 2A AA 95 55 00 00 00 00 15 20 15 00 24 40 2A 40 15 55 00 25 00 00 00 00 2A 80 
[  119566] ch51 r1 a3: 00 00 00 49 00 00 2A AA 55 52 60 00 00 00 24 80 00 00 00 00 00 2A AA 40 2A 80 00 00 00 00 2A 80 
[  119566] ch51 r1 a3: 00 01 25 57 50 01 55 52 00 00 00 01 25 52 00 01 29 52 01 54 01 54 01 55 54 A8 00 00 00 92 00 52 
[  119567] ch51 r1 a3: 00 00 52 00 AA AA 89 54 00 52 01 25 55 4A EB 5A AE BC B5 F5 5B EB 5D 5B 69 A3 56 6D 5A 9C 3D 6D 
[  119570] ch51 r1 a3: 44 44 51 00 01 45 01 AC 01 11 59 00 01 16 85 90 41 41 11 06 04 05 61 01 01 64 55 84 44 55 5F FF 
[  119573] ch51 r1 a3: EA D1 46 CC C3 73 3E B8 76 8B DE A4 B9 61 C9 2A 60 34 20 06 2A D2 CF 37 93 09 18 E1 B0 23 50 A1 
[  119594] ch51 r1 a3: D9 D5 4D 57 B5 79 E9 B7 6E BB 57 6B F4 AD 6E 64 F7 5B FB FD B9 63 6E AB 96 AB 5E B9 B7 55 4F 9E 
[  119602] ch51 r1 a3: 00 00 00 00 04 10 10 41 00 10 20 40 04 41 00 40 04 00 40 28 10 07 FF FE FE FF FF FF FF DF FF DE 
[  119625] ch51 r1 a3: 51 50 00 14 55 55 55 51 5C 53 5D 75 55 05 51 15 51 24 06 48 2A A8 A6 6D AA AA 2A 35 C2 DB 9A 88 
[  119627] ch51 r1 a3: 2A 8A AA B4 C0 00 00 00 55 00 55 00 2A 40 2A 40 2A 54 C0 55 00 00 00 00 45 40 00 00 00 00 44 80 
[  119627] ch51 r1 a3: 00 00 00 14 40 00 00 00 00 00 24 AA C0 14 10 00 00 00 3A AA 80 00 00 00 55 55 45 00 55 55 00 00 
[  119628] ch51 r1 a3: 55 00 4A D5 54 00 00 00 55 00 55 00 00 00 55 5A AA 80 92 00 00 00 54 A9 00 00 00 00 AA 00 AA 00 
[  119629] ch51 r1 a3: 00 00 2A 00 00 00 00 00 2A CA 80 00 55 50 00 92 80 AA 00 AA 00 AA AA AB FF FB FF E8 33 14 C8 32 
[  119640] ch51 r1 a3: 00 00 15 55 6A A0 0A 55 54 52 20 00 00 00 0A 40 12 40 0A 40 22 44 1D 54 80 15 20 00 00 00 12 50 
[  119641] ch51 r1 a3: 15 60 00 00 00 15 6B 40 00 00 00 2A A8 AA 00 55 4A 00 00 00 00 22 AA 40 00 25 29 00 2A 80 2A 80 
[  119641] ch51 r1 a3: A5 51 00 00 00 54 80 54 80 00 00 8A AA A4 00 AA 00 00 00 A2 A9 00 00 00 00 A8 00 92 00 92 AA AA 
[  119642] ch51 r1 a3: 14 80 55 00 4A 55 55 BA B7 AA F2 B4 55 75 49 74 B4 B2 4A CA BB 3A A6 97 59 54 7A 8B 72 A3 13 52 
[  119642] ch51 r1 a3: B0 55 2A A3 28 55 79 66 7F 6D 5A 95 71 B5 2C DD FD 17 A6 55 B5 B2 AE B5 2D 6D AB 6B EE 5A AA 84 
[  119645] ch51 r1 a3: 44 44 51 00 01 45 01 56 41 11 51 00 01 15 45 10 41 41 11 00 44 05 54 04 51 50 15 55 4C B5 67 EB 
[  119652] ch51 r1 a3: C5 5C DA 82 D4 20 05 FF 74 DD 6D AB BA B5 AC 8D 54 56 DA 88 AD B5 34 95 B4 6B 55 AA A2 AD 52 56 
[  119653] ch51 r1 a3: 0A AA AA AB 20 00 00 00 15 40 15 40 15 40 15 40 15 55 20 15 20 00 00 00 0A A0 00 00 00 00 15 68 
[  119654] ch51 r1 a3: 15 AA 40 00 00 00 2A 95 40 00 2A AA 20 15 00 2A 00 2A A5 55 20 00 00 15 40 15 40 00 00 15 54 54 
[  119654] ch51 r1 a3: 00 00 00 49 00 55 00 0A AA AA 55 54 40 00 00 AA 00 00 00 00 00 A5 54 00 00 A5 52 01 54 01 24 01 
[  119655] ch51 r1 a3: 94 56 64 C9 34 55 55 A3 68 DA 87 65 20 54 A4 9A 85 59 3B 55 6D AD 5F 2A A9 5B 06 D9 55 2A 4C BD 
[  119664] ch51 r1 a3: 35 FC 00 00 01 6B 6A D5 55 20 00 05 10 08 40 51 D7 FE DD 5B 6D C7 97 4E BB 74 AE AB AF B5 6F DE 
[  119666] ch51 r1 a3: 00 00 00 2A 00 0A 80 49 00 44 80 45 4B 00 54 80 00 00 00 4A 20 00 00 00 00 52 00 00 2A AA AA A9 
[  119667] ch51 r1 a3: 00 00 00 55 54 80 00 00 00 55 55 55 00 2A DA 00 00 00 00 55 54 80 00 A4 A8 00 A8 00 A9 01 55 55 
[  119668] ch51 r1 a3: 00 01 58 01 54 00 00 03 6A 95 48 01 54 00 00 00 AA A0 00 00 00 01 48 02 A8 02 D1 29 4A AD A8 00 
[  119673] ch51 r1 a3: 00 04 00 40 88 2A 09 40 20 10 2A 11 0A B6 D6 ED A8 EA 7F 25 8D D9 0B 9A D3 42 DE A7 72 DB 12 74 
[  119677] ch51 r1 a3: 99 B1 64 99 65 44 A1 B0 D2 C5 93 B8 C4 25 42 A5 62 AE AA 95 B7 32 35 35 A4 F6 6D 5E BA 4C 39 1B 
[  119680] ch51 r1 a3: 55 54 80 28 00 00 00 00 91 00 00 00 00 00 55 00 00 54 A2 2A A8 00 00 00 01 52 00 00 00 00 00 00 
[  119680] ch51 r1 a3: 15 54 88 00 00 00 15 55 20 00 15 55 00 0A A0 09 20 0B 49 55 40 00 00 04 88 09 20 00 00 05 55 55 
[  119681] ch51 r1 a3: 00 00 4A 8B 00 00 00 00 AA 00 92 00 AA AA AA D5 54 00 00 00 20 00 00 00 00 02 4A A4 00 01 56 91 
[  119691] ch51 r1 a3: 9C 26 08 AA 50 95 22 D5 D6 84 5A B5 46 AA AA 1C 8C 98 90 95 43 D5 55 53 15 05 B0 56 0C EE 31 D6 
[  119693] ch51 r1 a3: 00 00 00 0A 60 14 40 15 20 15 20 2A AA 50 2A 40 00 00 00 2A 40 00 00 00 00 25 10 00 2A A2 AA A8 
[  119693] ch51 r1 a3: 00 00 15 40 00 00 00 00 00 0A AD 40 12 40 00 00 00 1A 94 A0 00 00 00 0A AA AA A0 14 95 40 00 00 
[  119694] ch51 r1 a3: 00 00 00 2A 80 29 00 55 55 55 4A AA 10 00 00 24 A0 00 00 00 00 4A 54 80 00 54 95 00 12 80 05 00 
[  119697] ch51 r1 a3: 44 44 51 00 01 25 01 50 41 11 51 00 01 15 4A 10 41 41 11 00 44 05 68 04 51 60 14 AA 84 54 AF F5 
[  119702] ch51 r1 a3: 45 56 55 81 54 10 05 BA FF 7B FF BA DA EB F5 18 9D BD AB B1 65 69 5E BF DD 15 BC AF 76 AB 75 5C 
[  119706] ch51 r1 a3: 24 AA 2A 92 00 00 00 00 2A 00 42 00 54 00 55 00 2A 94 00 44 80 00 00 00 55 00 00 00 00 00 54 80 
[  119706] ch51 r1 a3: 00 00 00 A8 00 00 00 00 00 00 AB 5B 00 D2 00 00 00 00 AB FA 00 00 00 00 DA AA AA 01 B5 54 00 00 
[  119707] ch51 r1 a3: AB 00 54 00 AA AA AB 00 00 00 AA 00 AA 00 00 00 2B 55 51 00 A8 00 00 01 55 54 00 00 00 01 54 01 
[  119708] ch51 r1 a3: 00 00 AA 00 00 00 00 00 A5 54 00 00 AA AC 01 54 01 2A 00 54 01 55 55 51 FF F7 57 A5 35 44 09 45 
[  119712] ch51 r1 a3: 05 52 AD 56 CD D5 5E 9B 2D 50 BE B5 AF FF 6F 79 5D AB 75 DF 5F DD 57 DB BB 7F F5 3D EC AD 9C DD 
[  119719] ch51 r1 a3: 00 00 A8 EA A8 01 5D 54 A5 54 00 00 00 00 A9 00 D4 00 B2 01 94 00 B5 52 00 92 00 00 00 00 51 00 
[  119720] ch51 r1 a3: 00 00 00 4A AA 00 00 00 00 92 AA AA 20 92 A8 00 00 00 00 52 AA 00 00 4A AA 00 52 00 49 00 8A AA 
[  119720] ch51 r1 a3: 00 00 2A 40 2A 00 00 00 2A AA 2A 00 55 80 00 00 6A 55 00 00 00 00 49 00 49 00 25 55 55 AA AA 00 
[  119721] ch51 r1 a3: 55 00 25 00 51 00 2A B5 75 5F BE DD AE BA A8 A8 A2 04 8A 92 AA A9 6A 69 2A AA AA 2A AA A9 2A 8A 
[  119722] ch51 r1 a3: CD 54 55 21 6A 08 03 BF 7F EF FF FF FF FF BB ED F7 F7 BF DE FF 7F 7F FB FF F6 F7 FF FD DF 6F 7F 
[  119723] ch51 r1 a3: 44 44 51 00 01 45 01 54 41 11 51 00 01 14 45 10 41 41 11 00 44 05 14 04 51 50 15 55 42 2A AB FD 
[  119725] ch51 r1 a3: 45 45 25 4B 6A AA B7 96 B5 AA AA C8 AA A8 AA A9 4A A8 AB 15 57 6B 2A A9 63 20 AA AA AA AA EA A9 
[  119732] ch51 r1 a3: 4A 80 15 54 80 24 00 00 00 00 14 80 00 00 00 00 04 80 00 55 54 52 89 00 00 00 00 54 00 00 00 00 
[  119733] ch51 r1 a3: 00 00 02 2A AA A0 02 AA A8 00 00 00 02 AA A8 00 02 4A A4 02 88 02 A8 00 AA AA 90 00 00 02 A8 02 
[  119733] ch51 r1 a3: 14 40 00 00 12 AA 80 00 00 00 22 80 22 80 24 AA AA 15 52 80 00 00 2A 80 00 00 00 00 2A AA 00 00 
[  119734] ch51 r1 a3: 55 00 49 00 55 55 52 55 78 BD AE A6 D4 C5 55 72 A9 5B 5A 73 2A A9 AA 6C D9 DB 6A AA 2A AA AA A9 
[  119735] ch51 r1 a3: 54 55 C8 01 15 45 54 85 AC 0D 52 15 D4 55 15 74 05 55 52 95 55 55 51 15 44 55 55 48 52 D5 65 51 
[  119738] ch51 r1 a3: 55 55 55 55 55 55 52 D5 55 55 55 55 35 55 55 55 55 55 55 55 55 55 55 55 55 55 55 55 55 55 55 55 
[  119745] ch51 r1 a3: 00 00 00 05 50 05 00 08 90 08 90 05 49 40 0A 20 00 00 00 0A 20 00 00 00 00 0A 80 00 09 5A 55 15 
[  119746] ch51 r1 a3: 00 00 00 AA A9 00 00 00 00 A5 2A AA 00 54 A9 00 00 00 00 AA AA 00 00 AA A9 00 92 00 A9 00 AA AA 
[  119746] ch51 r1 a3: 00 00 8A 00 AA 00 00 00 AA AA AA 01 54 00 00 00 A5 52 00 00 00 01 52 01 14 01 55 54 AA AA A2 00 
[  119747] ch51 r1 a3: 28 80 25 80 2A 40 55 55 55 7A EB F5 2D 6D 9F F7 6E 75 B3 6F DD AA B6 52 FD 93 5F 55 B9 59 55 B5 
[  119758] ch51 r1 a3: 00 00 00 54 80 55 00 48 80 4A 00 55 55 00 54 80 00 00 00 2A 80 00 00 00 00 49 00 00 55 55 49 68 
[  119759] ch51 r1 a3: 00 00 00 00 00 15 55 00 2A 20 00 00 00 55 55 00 00 00 00 45 55 12 80 5A A9 00 00 00 00 52 A9 00 
[  119760] ch51 r1 a3: 15 20 24 80 2A AA AA 20 00 00 2A 80 6A 00 00 00 2A AA AA C0 55 00 00 00 5B 55 00 00 00 00 2A 00 
[  119760] ch51 r1 a3: 00 00 55 00 00 00 00 00 4A AA 00 00 55 2B 00 52 80 92 00 AA 00 AA AA A9 7D 7B AD 7F 57 D5 5E D5 
[  119763] ch51 r1 a3: A8 AA 00 88 88 A2 00 02 8A 02 A8 86 26 A2 00 02 2A 8A 61 86 86 62 01 88 12 A0 08 A2 A0 29 51 11 
[  119790] ch51 r1 a3: 4A 95 02 AD 74 AB 4A 4A 51 A4 69 D2 44 A1 69 AA 49 75 4C 0A AA 2E D2 64 94 AD 34 68 89 33 62 9C 
[  119807] ch51 r1 a3: 10 51 04 10 A0 20 44 90 10 22 10 44 84 10 28 10 12 08 48 85 40 48 00 92 60 40 08 00 40 09 58 00 
[  119812] ch51 r1 a3: 00 82 40 00 00 00 08 A5 6B AA AB 55 6C BA AE B2 B1 56 A4 EA 52 D5 F7 D6 B2 FF D5 56 29 48 AB A2 
[  119812] ch51 r1 a3: CD 5C 55 41 55 75 57 BF FF FF FF FF BF FF 7F FF FF 7F FD FD F7 F7 FB FF F7 7F FF FE FF DF FF EF 
[  119829] ch51 r1 a3: 11 55 45 40 12 55 15 54 40 15 15 41 45 41 55 55 44 95 55 B7 45 54 50 D4 44 45 55 3B 15 32 54 41 
[  119831] ch51 r1 a3: 51 55 40 54 55 55 55 94 55 55 55 D5 4A D1 51 4A 10 55 55 5B 77 ED BF 6B 4A 9D CF 7A E7 B6 A7 AB 
[  119834] ch51 r1 a3: 55 2A AE AA BB 72 AA D9 3F DA 9D D9 6E 5D D3 66 53 A5 6A DA 5A 95 4B 52 B3 35 35 2D 35 4D 55 52 
[  119840] ch51 r1 a3: 45 00 B5 48 54 45 0A 94 4D 57 FF FF FF FF FF FF FF FF FF F7 FD FF E7 FE 7F FF F7 FE 7F FD FF FF 
[  119843] ch51 r1 a3: 55 15 55 75 55 55 4D 55 55 57 55 55 55 55 55 55 55 55 55 55 55 59 51 55 14 55 55 55 44 55 05 51 
[  119849] ch51 r1 a3: A2 88 A1 12 A4 89 15 24 64 A9 22 55 54 BB 42 26 81 49 54 48 90 35 4A 90 4B 53 17 55 62 81 81 A2 
[  119852] ch51 r1 a3: A5 24 8D 41 A3 50 20 00 00 00 00 00 00 00 00 00 00 00 00 00 00 00 00 00 00 00 02 82 00 BF FF F5 
[  119857] ch51 r1 a3: 50 8A 98 84 5A 24 02 04 04 0C 98 2A 34 A4 0C 17 81 85 46 30 03 50 41 49 A3 0C 50 41 20 50 41 11 
[  119862] ch51 r1 a3: CD 68 D5 41 54 10 06 F7 DF FE 7D B5 FF BE FF F7 AF BF FF DD BF FF FF FF 7F DF BB B7 EF 9A FF EF 
[  119869] ch51 r1 a3: 10 CE 31 26 D0 59 10 34 C9 52 A2 01 45 16 45 4B 55 5A EC D1 B5 56 9D 5D 26 95 51 6A A5 AD A9 4B 
[  119872] ch51 r1 a3: 01 AB DF BD FB FB DF DF FE FF F9 FB DE DF FD 6F FF DF E7 7F FF FF 7A FF F7 FF EF FF FF ED 2C AC 
[  119892] ch51 r1 a3: 45 68 56 81 54 10 05 F7 FD FF F7 7E DB F7 F5 4E AD 53 7A BB 51 7A D5 AB 36 6D CA 49 3F AA 97 B9 
[  119893] ch51 r1 a3: 15 A9 5C A8 92 AD 13 52 99 52 A5 D2 99 26 65 39 55 77 CA AA 19 45 A9 59 65 06 93 33 A4 8A 74 ED 
[  119932] ch51 r1 a3: 00 00 00 00 00 00 00 80 00 2A 2A 08 A8 8A A0 08 AB 8A B4 2B 02 00 7D FF DB 7F C5 15 55 25 C9 75 
[  119942] ch51 r1 a3: C4 45 44 C3 C3 44 30 D5 15 04 54 45 50 04 55 45 54 15 41 00 73 ED B7 AB 8D 45 51 65 55 CA D4 C0 
[  119960] ch51 r1 a3: B2 95 A2 52 D2 2B 64 4C 55 01 72 6C A8 42 AD 2D 52 0B 5E A9 53 E6 55 52 26 89 58 AB 55 0A 39 55 
[  119982] ch51 r1 a3: 00 00 00 00 21 00 00 40 00 80 20 40 02 0A 80 62 B6 2A A0 AA 08 03 F5 55 A5 55 55 55 54 55 55 55 
[  119990] ch51 r1 a3: B7 F7 55 AB CD 42 DE DE D5 7D 5E E7 BF 52 0B 4D C5 DD 36 CB BB 77 F3 53 25 77 59 37 F6 EE 73 5A 
[  120012] ch51 r1 a3: 0A 59 6D 12 95 55 6D 35 55 24 56 AD AE B5 AB B7 56 4D 55 56 AA F4 A7 77 3D 6B DF 55 E6 F7 75 5A 
[  120022] ch51 r1 a3: 45 54 56 81 54 30 05 FD AD DE FF ED F7 7F CD F5 76 BD AF 77 FF F7 FB ED FF F9 BF AE FF 6F 57 AF 
[  120035] ch51 r1 a3: 35 41 55 55 46 42 51 51 5A CD 54 55 55 55 55 2D 55 4B 95 55 55 55 15 1D 51 59 55 85 95 52 54 55 
[  120036] ch51 r1 a3: A5 55 96 D1 52 DF 95 55 15 45 11 51 5A 56 A9 18 99 07 AA DE CF 9E D9 FD EE 55 4D 46 9B B4 DB 7D 
[  120055] ch51 r1 a3: B5 53 81 5B 7D 15 59 65 46 15 52 06 35 95 4C 91 65 AA D6 AA 4D 35 55 95 88 DD 14 BE 94 72 B5 B5 
[  120072] ch51 r1 a3: 45 54 55 81 55 10 07 FB 75 ED BE 65 45 54 51 15 54 57 35 55 75 55 45 51 55 56 55 56 55 57 14 B5 
[  120082] ch51 r1 a3: 00 00 00 00 08 00 02 01 08 40 40 85 15 55 00 C5 54 D5 41 5C 30 05 FF BF EF FF D7 FE DB B7 FE FD 
[  120091] ch51 r1 a3: 84 CA 92 B5 B4 CB 95 B2 D5 A5 52 4C AA AA 6A 45 AA 8D 29 A9 A5 4A DB 4B 24 DA 56 B5 56 DC EA AE 
[  120103] ch51 r1 a3: 5D 68 50 0B 2C 85 06 94 56 54 9B 4B 4A 01 4B 42 94 C0 10 65 49 90 26 18 BC 08 D4 C3 2B 44 CD 8D 
[  120126] ch51 r1 a3: 11 44 10 96 8B 18 20 4C 80 5A 4C 51 28 43 1B 55 77 F9 7F BD FD BB FF AB AA 9B 6B 56 35 56 44 D9 
[  120135] ch51 r1 a3: E4 C1 A4 8A 02 95 14 D1 01 1A 69 34 09 11 42 0A 10 A1 DE DE B7 DA DB A9 5A DC BD D9 56 F4 65 85 
[  120150] ch51 r1 a3: 90 B6 6F 60 A3 64 A6 A8 B1 6E 22 0C 22 AA 95 55 36 A9 2A 94 D5 54 EC 5A 64 87 50 54 4D 54 AB 56 
[  120161] ch51 r1 a3: AA F9 24 42 F5 11 AD 5C A6 D4 28 AF 5D 55 35 55 24 6B D4 4B D5 DC B6 AA B3 A5 D9 1B F9 56 89 33 
[  120162] ch51 r1 a3: 92 94 26 A0 55 0E A9 C9 58 B1 33 22 A1 3A A2 07 25 69 87 EE 45 15 22 2A 24 A6 29 1A 59 01 14 69 
[  120165] ch51 r1 a3: 23 28 B6 2A 41 24 5E 17 A2 21 10 31 24 B4 82 36 C8 57 19 A4 94 AA 2A 60 A3 52 8A 8A D0 21 52 D2 
[  120169] ch51 r1 a3: 54 A2 2A A2 00 00 00 00 AA 01 14 00 A8 00 A9 00 AA A8 00 92 00 00 00 00 90 00 00 00 00 00 A2 00 
[  120170] ch51 r1 a3: 00 00 00 00 00 5A AA 00 52 00 00 00 00 00 AA 00 00 00 00 55 6A AA 00 52 A1 00 00 00 00 8A AA 00 
[  120171] ch51 r1 a3: 45 00 49 00 2A 55 55 10 00 00 55 00 55 00 00 00 52 55 54 80 91 00 00 AA 44 00 A5 55 52 AA A8 01 
[  120171] ch51 r1 a3: 55 00 2A D5 55 6B DA F7 54 B6 D9 5B 55 61 55 50 18 11 25 54 A9 4A 94 52 5E 2A 21 A9 0D 1C B4 48 
[  120183] ch51 r1 a3: 00 00 00 54 80 00 00 00 00 92 00 00 95 2A A2 A8 00 00 00 00 A2 00 00 00 00 00 00 A8 A8 00 A4 00 
[  120183] ch51 r1 a3: 55 54 80 00 00 00 25 55 80 00 55 54 40 52 00 25 00 55 55 55 00 00 00 55 00 49 00 00 00 6A AA AA 
[  120184] ch51 r1 a3: 55 55 52 BD FB 5B 6A F5 6F A6 13 A6 48 64 08 B4 83 14 65 4A 02 96 94 01 D5 3C C9 53 D6 B5 65 6E 
[  120187] ch51 r1 a3: 54 55 00 44 44 59 00 01 45 01 58 01 11 51 00 01 15 85 10 41 41 11 04 11 45 5C 01 54 31 41 11 4C 
[  120189] ch51 r1 a3: 54 11 51 15 55 50 54 54 15 45 15 15 45 55 5B 75 DD 71 75 D5 6D B5 51 45 15 45 F9 55 55 55 55 55 
[  120189] ch51 r1 a3: 15 50 55 5D 55 55 52 95 2F 6A BF 55 40 51 05 45 55 45 55 7D 55 51 45 54 51 5D D9 54 D4 93 54 C5 
[  120192] ch51 r1 a3: 0C 34 35 35 10 01 05 55 45 40 55 55 55 B5 55 55 59 55 54 55 54 AA AA A2 AA 4A AA AA AA 80 AA 8A 
[  120192] ch51 r1 a3: 00 00 00 00 88 28 20 82 08 02 88 AA BB BE AA AA FA AF AA FA EA AF 77 D7 FF D5 55 55 55 5C D5 45 
[  120196] ch51 r1 a3: 00 00 2A AA AA 80 2A AA D5 25 00 00 00 00 15 40 12 50 0A 40 11 20 15 55 00 12 20 00 00 00 15 40 
[  120196] ch51 r1 a3: 00 00 00 51 00 00 55 45 55 49 00 00 00 00 51 00 00 00 00 00 00 94 A8 80 AA 00 00 00 00 00 15 00 
[  120197] ch51 r1 a3: 00 00 00 AA A9 00 00 AA A2 80 A8 00 A1 00 AA AA 92 00 00 01 14 00 A8 00 00 01 25 55 52 02 A8 00 
[  120197] ch51 r1 a3: 2A 80 2B 55 55 55 52 A9 55 00 15 51 52 AA 00 00 00 00 AA AA AA 40 00 00 00 55 00 54 00 52 55 55 
[  120200] ch51 r1 a3: 44 56 40 00 45 51 44 10 50 44 41 04 51 55 00 54 04 50 44 51 15 55 FE BB FA AE AE FE F7 6E FF FF 
[  120206] ch51 r1 a3: 41 11 86 5A CD 0F 25 40 22 D0 8A A1 3B 90 50 34 2A 54 05 99 49 00 AA 54 A1 10 B0 0A 6B 2C 99 82 
[  120209] ch51 r1 a3: 00 00 00 15 00 2A 80 28 80 02 10 02 55 00 2A 80 00 00 00 0A 40 00 00 00 00 24 80 00 14 95 2A 96 
[  120209] ch51 r1 a3: 00 00 2A 40 24 80 00 00 4A 95 54 80 29 40 00 51 55 00 54 9A AB 55 54 01 14 01 15 55 55 AA A6 A5 
[  120210] ch51 r1 a3: 52 00 AA AA 94 BB 6F 2A 6A 54 DB BB 2D 5F 95 7E DA B6 D3 5A AE EE 59 D6 28 95 79 22 21 55 92 29 
[  120213] ch51 r1 a3: 94 95 00 44 44 51 00 01 45 01 54 01 11 51 00 01 15 45 10 41 41 11 04 11 45 54 01 68 11 41 13 44 
[  120222] ch51 r1 a3: 00 00 92 AA 94 80 6A AA A5 75 00 00 00 00 2E 80 55 00 2A C0 69 00 2B 2A 80 2E C0 00 00 00 2C 80 
[  120223] ch51 r1 a3: 00 00 00 54 AA AA 80 52 AA 00 00 00 00 92 AA 00 00 54 89 00 AA 00 AA 00 AA 2A A8 00 00 00 A9 00 
[  120223] ch51 r1 a3: 00 2A 55 80 55 55 4A AA AA 80 55 00 55 AA AA A9 55 52 AA 00 55 55 52 A9 00 00 00 00 A9 55 55 80 
[  120224] ch51 r1 a3: 54 AA AA AD EC CD F7 ED 5C B1 5E D5 75 2A F9 AF 5E 7A B7 EE B3 09 75 D9 59 7D 7B B6 3F AD 75 75 
[  120226] ch51 r1 a3: 44 44 51 00 01 45 01 54 01 11 51 00 01 15 45 10 41 41 11 04 11 45 58 01 54 11 41 11 44 55 55 FD 
[  120235] ch51 r1 a3: 00 00 55 55 55 00 52 AA 95 24 00 00 00 01 54 01 24 01 24 00 A4 01 55 52 00 92 00 00 00 01 12 00 
[  120236] ch51 r1 a3: 00 55 51 55 69 00 00 00 00 52 00 00 00 00 00 00 4A A9 00 A9 00 00 00 00 00 55 00 00 00 00 AA AA 
[  120236] ch51 r1 a3: 25 15 00 00 00 00 AA AA 00 00 2A A9 00 54 80 AA 00 95 AA AA 00 00 00 AB 00 B5 00 00 00 B5 95 54 
[  120237] ch51 r1 a3: 2A 80 2A AA AA A5 55 54 A9 20 2A A9 55 5A 40 00 00 00 55 55 4A 40 00 00 00 2A 40 29 00 55 55 55 
[  120248] ch51 r1 a3: A9 00 DD 40 A8 80 DA A8 00 AA 00 00 00 00 A9 00 00 00 00 00 92 00 00 A8 AA 54 54 80 00 00 00 54 
[  120249] ch51 r1 a3: 00 00 00 00 51 00 00 00 00 AA AA A9 00 55 54 00 00 00 00 05 55 00 00 29 55 80 55 00 55 00 55 54 
[  120250] ch51 r1 a3: 00 00 1B 40 15 60 00 00 1A AA 54 80 15 00 00 15 55 40 0A A5 55 55 2A 80 15 00 12 AA A2 AA AA AB 
[  120250] ch51 r1 a3: 55 00 52 AA AA FC FC 6C CF AB B6 74 CD 09 7A B2 89 F9 91 BD 56 B6 B5 BB 44 B4 99 6C 7C AC DD 2B 
[  120253] ch51 r1 a3: 44 54 40 00 45 51 44 10 50 44 41 04 51 55 00 55 84 50 44 51 15 57 DF DA 97 5F FE FE FD 6F 76 DB 
[  120254] ch51 r1 a3: A9 31 AE A5 3B 02 AA AE 99 67 ED AF FB EE FC 7B BD F6 9B 3D 7B 59 5F 3F 7F A6 BD AE D4 BD EE EF 
[  120261] ch51 r1 a3: 00 00 00 2A 80 2A 40 24 40 24 40 29 54 80 15 00 00 00 00 28 90 00 00 00 00 24 80 00 29 55 55 29 
[  120262] ch51 r1 a3: 00 00 00 00 54 80 00 00 00 55 55 51 40 52 AB 00 00 00 00 54 54 80 00 54 AA 00 29 00 54 00 54 55 
[  120263] ch51 r1 a3: 00 00 2A 8A AA 00 AA 00 00 52 A9 00 AA AA A5 55 54 40 AA 00 AB 55 55 52 AA AB 51 01 4A AA AA 80 
[  120263] ch51 r1 a3: 00 00 0A AA AA A0 00 00 00 02 A0 05 10 04 AA AA 90 0B F5 AE D8 F2 DE F6 C7 A7 5A 75 AD 4E B2 AB 
[  120266] ch51 r1 a3: 44 54 60 00 45 71 64 10 50 44 41 04 51 55 00 55 04 60 44 51 15 59 EF FE BE FD FF DD 77 F7 4F BB 
[  120275] ch51 r1 a3: 00 00 15 45 55 2A BF 54 55 AA 00 00 00 00 2A 40 2A C0 28 80 2A 00 2A 51 00 24 00 00 00 00 75 A0 
[  120275] ch51 r1 a3: 00 00 00 00 00 52 A9 00 54 00 00 00 00 00 89 00 00 00 00 AA AB 54 00 55 40 00 00 00 02 AA A0 00 
[  120276] ch51 r1 a3: 28 80 2B 55 54 00 00 00 51 00 55 00 00 00 55 55 54 00 AA 00 00 8A AA 01 55 55 52 54 54 01 4A 01 
[  120276] ch51 r1 a3: 2A C0 5B 55 55 6F 5E F6 BD 53 F6 FE A7 C9 49 12 4E A6 F5 23 AA 9A 2F 6B 7A 2D 3A 15 4A 2A 29 2A 
[  120279] ch51 r1 a3: 55 84 50 44 51 15 59 FF FF D7 F5 3F FF 7E D5 5B BB 72 FB FB F6 67 6F F9 BB BF 7D FF DF 6F BF EA 
[  120282] ch51 r1 a3: 45 54 54 43 54 30 07 7E F7 DD FF 6B B6 A9 5E 55 BD FD B5 47 EA 7B BB FE FE FF 6B BE AF 56 DD F7 
[  120288] ch51 r1 a3: 55 00 A2 00 54 54 80 50 80 00 00 00 52 00 00 00 00 00 54 80 00 AA AA AA 92 00 00 00 00 AA 00 00 
[  120288] ch51 r1 a3: 00 00 00 00 55 00 00 00 00 49 55 55 00 AA A8 00 00 00 00 AA A9 00 00 52 AA 00 54 40 29 00 AA AA 
[  120289] ch51 r1 a3: 00 00 AA 01 52 00 00 00 AB 55 54 01 48 00 01 56 AC 02 AA AA AD 55 52 02 A8 04 95 55 54 AA A9 55 
[  120292] ch51 r1 a3: 04 8A AA 54 44 52 44 00 00 88 84 00 02 11 00 08 00 11 00 22 02 10 20 00 10 01 00 00 01 08 22 11 
[  120292] ch51 r1 a3: 44 44 51 00 01 45 01 54 01 11 51 00 01 15 45 10 41 41 11 04 11 45 5C 01 54 11 41 11 44 55 D7 FD 
[  120298] ch51 r1 a3: A4 A4 C8 A5 00 AA BF 0B 34 23 14 56 18 34 26 C9 53 8D D5 51 54 49 A9 28 09 D5 2E AE A8 85 4C 85 
[  120301] ch51 r1 a3: 12 95 54 94 80 00 00 00 24 20 2A 80 2A 80 22 40 14 AB 00 2A 40 00 00 00 32 40 00 00 00 00 2A 40 
[  120301] ch51 r1 a3: 00 00 00 00 54 80 00 00 00 45 54 AA 80 2A D4 80 00 00 00 65 55 00 00 29 2A 40 24 40 2A 40 2A AA 
[  120302] ch51 r1 a3: 00 4A AA 00 2A AA A5 55 54 01 54 01 25 55 52 AA AA 95 52 01 55 55 52 A8 00 00 00 01 55 54 50 00 
[  120315] ch51 r1 a3: B7 37 FE 0C 04 11 50 44 4A 04 48 8E B4 AB 7D 69 56 5C 51 7A AA 96 D1 58 AE CC 35 66 64 AE 35 6E 
[  120325] ch51 r1 a3: B5 25 54 51 19 4A 95 14 94 B5 AB 4A 52 52 14 A8 2A 8A B1 4A 8B 55 55 54 A2 95 D5 B5 75 64 AE F2 
[  120362] ch51 r1 a3: 2A 00 55 54 80 54 80 00 00 00 55 80 00 00 00 00 55 00 00 45 55 54 A4 80 00 00 00 51 00 00 00 00 
[  120363] ch51 r1 a3: 55 29 00 00 00 00 95 24 00 00 AA A9 40 25 00 8A 00 4A AA AA 00 00 00 29 00 29 00 00 00 AA AA A4 
[  120363] ch51 r1 a3: 15 40 00 15 2A AA A5 10 00 15 20 00 00 14 80 00 00 15 40 12 80 0A AA A9 00 2A 80 14 80 2A AA AA 
[  120366] ch51 r1 a3: 44 44 51 00 01 45 01 54 41 11 55 00 01 15 55 10 41 41 11 00 51 45 64 04 01 11 10 45 44 55 65 FB 
[  120375] ch51 r1 a3: 00 00 00 2A C0 2C 80 25 00 2C 80 29 54 80 29 00 00 00 00 2A 00 00 00 00 00 49 00 00 2D 54 55 54 
[  120376] ch51 r1 a3: 00 00 15 40 00 00 00 00 00 12 55 10 15 40 00 00 00 2A AA 40 00 00 00 15 55 55 40 2A AA 40 00 00 
[  120376] ch51 r1 a3: 00 49 54 80 51 00 52 40 25 15 29 00 00 00 55 00 25 00 00 00 55 55 55 00 AA 00 00 00 2A A8 A5 55 
[  120377] ch51 r1 a3: 00 00 55 00 00 00 55 00 49 00 2A D5 54 00 51 00 25 40 55 55 55 7D AE F5 FA FA B7 5A DA D7 6F BD 
[  120381] ch51 r1 a3: C8 48 52 34 AB 0A 55 57 4A 54 AA A6 DD 50 96 2B 58 01 84 4A AA D2 EB 27 64 B2 AE 11 86 A5 2A 97 
[  120382] ch51 r1 a3: 45 54 55 C1 54 30 07 FF 79 FF EF 7E BF 57 F7 8B 51 57 91 15 92 45 9A 53 C9 6B 6B 4D 9D E5 28 69 
[  120385] ch51 r1 a3: AC 45 2A 81 33 22 8B 0D 39 47 44 90 13 A3 20 80 55 25 A1 14 AA 44 20 10 91 A9 02 44 45 14 A7 55 
[  120387] ch51 r1 a3: 50 03 41 D5 36 55 54 52 33 15 51 54 45 D7 51 55 5A 6D 55 29 55 02 49 58 89 55 45 44 56 45 D5 34 
[  120388] ch51 r1 a3: 00 00 02 48 02 88 02 A4 02 A8 02 A2 A0 01 54 00 00 00 02 22 00 00 00 00 01 28 00 01 52 4A AA A8 
[  120389] ch51 r1 a3: 00 00 A4 00 00 00 00 00 01 55 59 00 B2 80 00 00 01 AB 52 00 00 00 00 AD 55 4A 00 A5 56 00 00 00 
[  120389] ch51 r1 a3: 00 AA AA 00 AA 00 8A 00 AA A2 AA 00 00 01 24 01 56 00 00 01 2D 55 2A 00 AA 00 00 00 AA AA AA 55 
[  120390] ch51 r1 a3: 00 00 54 00 00 00 55 00 55 00 54 AA AA 00 55 00 55 00 4A AA AA 7B DE EA FC BD 2B EA FF BD 97 9B 
[  120393] ch51 r1 a3: A8 AA 00 88 88 A2 00 02 8A 02 A8 82 22 A2 00 02 2A 0A 20 82 82 22 00 A2 4A 88 08 02 22 20 8A 88 
[  120400] ch51 r1 a3: A5 59 05 A5 11 05 22 00 41 5A 95 BA F7 56 FA BD BB EF 7B F4 5D 77 AD B7 AF 5E 57 6A D5 F5 77 5F 
[  120401] ch51 r1 a3: 00 00 2A AA AA 00 22 AA AA AA 00 00 00 00 51 00 48 80 55 00 29 00 2A AA 00 90 80 00 00 00 93 00 
[  120402] ch51 r1 a3: 00 00 00 00 00 55 52 40 4A 40 00 00 00 29 54 40 00 00 00 2A AA AA 00 55 54 80 00 00 00 49 54 00 
[  120403] ch51 r1 a3: 12 50 1E C4 17 D5 55 00 00 00 14 40 24 80 00 00 22 AB AA 00 12 10 00 00 15 54 55 6A A5 AA AA 01 
[  120403] ch51 r1 a3: 00 00 55 00 00 00 55 00 48 80 2A AA AA 40 2A 10 24 80 55 55 4A BF 5B EF D5 54 5E CA 22 15 03 B0 
[  120412] ch51 r1 a3: 45 48 54 81 48 10 05 F7 7B 6A 8C F6 8E 57 36 EA CA AD BD AA D5 AA D6 F3 6D 56 9D 4D B5 D5 EB DA 
[  120414] ch51 r1 a3: 00 00 0A AA AA 40 15 55 52 AA 00 00 00 00 15 40 15 20 15 60 15 20 12 55 20 15 40 00 00 00 15 40 
[  120415] ch51 r1 a3: 00 00 00 AA 00 00 92 AA AA A4 00 00 00 00 AA 00 00 00 00 00 00 AA A9 00 AA 00 00 00 00 AA A8 40 
[  120416] ch51 r1 a3: 55 55 15 00 00 00 51 00 4A 40 00 00 54 AA EA 00 94 00 00 00 B5 55 55 4A AA 95 48 02 A0 00 02 52 
[  120416] ch51 r1 a3: 00 49 00 00 00 55 00 00 00 55 00 55 00 54 AA AA 00 55 00 51 00 52 AA AA FF FE DF F7 F5 ED 76 F7 
[  120428] ch51 r1 a3: 00 00 2A A9 55 20 24 AA 2A AA 40 00 00 00 54 80 55 00 54 80 55 00 55 45 00 51 00 00 00 00 54 80 
[  120428] ch51 r1 a3: 00 00 00 55 54 00 00 00 00 55 55 54 80 55 54 80 00 00 00 55 54 80 00 55 55 00 29 00 29 00 49 55 
[  120429] ch51 r1 a3: 54 80 00 00 4A 55 54 00 45 00 00 00 55 55 54 55 55 4A A2 00 55 00 00 AA AA AA 52 00 00 AA 00 00 
[  120429] ch51 r1 a3: 49 00 55 55 55 00 2A 00 AA 00 55 56 AA D7 75 AF 3E B4 F7 DB 75 E7 BE F5 E9 E6 AA DE 76 DE 7A D5 
[  120433] ch51 r1 a3: DE B2 84 D0 CD DB 33 E4 4E 36 2A 44 83 4A 08 40 40 A1 44 95 10 40 08 90 25 40 09 20 24 48 13 6E 
[  120441] ch51 r1 a3: 8A 92 55 54 00 00 00 00 AA 01 54 00 48 01 12 01 54 AC 01 52 00 00 00 00 AA 00 00 00 00 01 52 00 
[  120441] ch51 r1 a3: 00 15 55 20 09 20 12 40 15 54 55 40 00 00 12 40 15 40 00 00 15 55 45 40 14 80 00 00 15 55 54 AA 
[  120442] ch51 r1 a3: 14 80 00 15 55 54 AA 40 00 22 80 00 00 0A 80 00 00 14 80 15 00 15 4A AA 80 12 40 2A 80 2A A2 AA 
[  120444] ch51 r1 a3: 85 C7 6A D2 7F 15 71 97 6A 25 C2 46 0D 29 53 C5 51 C1 75 7D 6D F2 92 B9 79 5B DD 2D 56 AD 76 57 
[  120445] ch51 r1 a3: 44 44 51 00 01 45 01 68 41 31 51 00 01 15 85 10 41 41 11 00 51 45 44 04 01 13 10 4D 44 D5 A7 F7 
[  120454] ch51 r1 a3: 00 00 2B 4A AA 00 2A A9 54 94 80 00 00 00 15 40 2A 80 0A 40 0A 40 15 15 00 15 20 00 00 00 0A 40 
[  120455] ch51 r1 a3: 00 00 00 00 00 55 54 80 55 00 00 00 00 4A 54 00 00 00 00 55 55 6D 00 96 AA 00 00 00 01 15 52 00 
[  120455] ch51 r1 a3: 00 00 54 80 49 00 00 00 55 55 4A 80 2A 40 00 00 09 28 AA AA 2A A5 54 00 55 00 00 52 95 29 54 80 
[  120456] ch51 r1 a3: 1A 80 0A 40 16 AA AA BB 5E DD E8 D7 5E BD D6 EF 2B 4E 5D DB EB BB DE FE EA 86 4A AA A0 A0 AB 8A 
[  120467] ch51 r1 a3: 55 55 54 00 00 00 55 00 55 00 00 00 69 54 AA 80 14 80 00 00 29 55 55 49 55 55 52 00 AA 00 00 8A 
[  120468] ch51 r1 a3: 00 00 54 80 00 00 4A 00 54 00 54 AA AA 00 8A 00 AA 00 AA AA AA FD EC B7 EB D7 EB 54 BE FF 7F D7 
[  120469] ch51 r1 a3: 54 88 A2 83 22 D9 31 58 92 54 B4 C4 2F 96 A5 53 32 C5 3A 90 B1 81 21 49 03 05 B7 62 32 04 4A 9E 
[  120472] ch51 r1 a3: 45 5C 55 C1 54 10 07 73 B7 6F AF F7 F3 EE DD 3A 82 21 42 AC 35 41 2B 40 5A AA 44 81 6C DB 4A 14 
[  120480] ch51 r1 a3: 00 00 00 48 00 54 00 88 80 54 00 55 54 00 50 80 00 00 00 24 00 00 00 00 00 41 40 00 55 55 15 54 
[  120481] ch51 r1 a3: 00 00 15 40 00 00 00 00 00 15 AA 40 2A 40 00 00 00 15 49 00 00 00 00 29 2A A2 00 45 54 00 00 00 
[  120482] ch51 r1 a3: 55 55 55 00 00 00 20 00 54 00 00 00 15 2A 24 80 45 00 00 00 12 AA 94 AA AA D5 54 40 AA 00 00 AA 
[  120482] ch51 r1 a3: 00 15 00 00 00 15 00 00 00 2A 00 25 00 55 55 55 10 2A 00 2A 40 2A 55 55 7E EA BE DA FF 36 AE DE 
[  120485] ch51 r1 a3: 44 44 51 00 01 45 01 54 C1 11 59 00 01 15 45 10 41 41 11 00 D3 45 4C 04 03 13 10 45 44 56 D7 F7 
[  120493] ch51 r1 a3: 00 00 52 95 44 00 55 55 6A AA 00 00 00 00 49 00 4A 00 54 00 A9 00 A5 59 00 55 80 00 00 00 29 00 
[  120494] ch51 r1 a3: 44 80 4A 55 54 00 00 00 55 00 51 00 00 00 55 55 55 00 52 00 00 00 49 55 15 55 AA AA AA 80 AA 00 
[  120495] ch51 r1 a3: 00 00 29 00 00 00 49 00 29 00 25 55 55 00 AA 00 AA 00 AA AA AD 7D BF BC BD F7 57 EF E9 D6 D5 B7 
[  120498] ch51 r1 a3: 44 44 51 00 02 45 02 56 41 11 61 00 01 15 45 10 41 61 11 00 51 45 44 04 01 11 10 45 54 56 D7 FB 
[  120522] ch51 r1 a3: C5 B4 56 91 54 30 06 CF FE FB 7D 7A EB A7 F7 5B EF 7F F7 6F F9 FE BD FF 6B FB EF FD 76 FE DF DB 
[  120524] ch51 r1 a3: 00 2A 54 02 06 82 84 8A 04 21 55 34 98 84 CA A8 B1 01 C7 12 49 6A D0 90 02 40 53 91 50 80 2C 91 
[  120528] ch51 r1 a3: 52 A5 52 42 0B 2A 44 91 36 A5 D4 7A 13 74 A5 2A D4 D2 48 AD 56 7C 5A D4 84 4E 2D 39 96 A9 49 51 
[  120532] ch51 r1 a3: 8B AB D5 A6 08 D5 44 F5 55 49 51 69 00 00 00 00 00 00 10 11 00 00 01 40 04 55 5D 55 55 F1 57 05 
[  120542] ch51 r1 a3: 82 55 55 69 65 B6 F9 2B 29 B6 9D 7C 5A CB 58 A3 D5 49 25 2B 55 49 22 14 A8 AA AF 55 26 6B D6 B7 
[  120547] ch51 r1 a3: 69 90 60 F4 5C F5 2A 65 38 95 EB 55 48 5C D0 A5 36 85 50 D2 05 4B F0 C2 9A EC 24 D8 DB 55 59 6A 
[  120552] ch51 r1 a3: 45 54 55 81 50 90 07 7D EA E5 EF A9 5E F5 DD 08 91 54 A9 2A AD B5 DB 5B 56 B5 8A D6 36 AA 29 2A 
[  120559] ch51 r1 a3: 57 45 51 14 49 59 E6 92 9B B3 6A 55 7A 52 B6 D4 BB 12 17 D6 DF B5 55 5D 35 95 B5 5B 55 7D 12 D5 
[  120560] ch51 r1 a3: 54 90 C8 8A 5C 55 08 08 84 E6 34 B6 A9 A8 24 D2 44 52 D5 57 ED 69 04 91 28 2B 34 C3 74 21 9A 62 
[  120575] ch51 r1 a3: A8 0A 55 A8 46 66 11 AD 2A AF 59 BA D2 4E EA 52 B5 4B 14 E6 5D 10 90 48 D2 AB 20 96 93 2C 9D A2 
[  120583] ch51 r1 a3: 89 24 46 6D 24 20 9E 31 46 B5 55 1D 3A CA 46 A9 AB A4 69 96 27 53 5D 43 15 35 10 8A D2 50 2C 92 
[  120585] ch51 r1 a3: 6A 2A 9A AD 74 EB 8B E6 6B BC B3 46 92 CF 57 BE DA 54 DB 55 F2 D6 AB 51 95 4D 4D DF 75 8A 4B 59 
[  120592] ch51 r1 a3: 00 00 00 00 22 0A 0A 00 82 10 A2 2A AA AB 80 66 AA 5A A1 24 10 07 EB ED 7F BF FF DF 6F AF D6 ED 
[  120593] ch51 r1 a3: 94 48 43 69 52 91 51 55 D5 6E E7 54 4D 50 36 2C A8 65 54 51 55 6D 4A 94 75 55 49 35 6D 2D 55 56 
[  120597] ch51 r1 a3: B1 12 22 C8 48 3E A4 20 91 26 45 29 26 A4 2C 33 45 05 CA 94 64 21 A5 62 28 B9 12 20 CA 8B 55 4C 
[  120607] ch51 r1 a3: 94 0A 60 35 18 49 40 C8 8B 55 2D 41 A0 51 0E 20 92 51 4A 1C 22 C8 51 53 24 81 70 50 00 89 95 01 
[  120612] ch51 r1 a3: 00 00 00 01 10 08 51 04 14 45 11 57 55 7C 01 57 D5 5F 05 60 40 1F ED 5E 7F 7B FF BE FB 6A FF FF 
[  120631] ch51 r1 a3: B5 4D 70 DD 27 24 92 71 D6 D6 53 66 AA 95 CE 95 46 B5 3E BB A5 EA 2E CA D2 69 50 55 B2 84 CA 8C 
[  120663] ch51 r1 a3: 87 AC AB 7E FD F2 DA B6 5B 7C 6A B6 DE ED 3F 54 FA CF AE 9D BB 6B EF BD BA F5 2F 5E F6 F5 AB AE 
[  120675] ch51 r1 a3: 14 2D 91 25 19 20 80 60 49 0A 53 23 46 19 96 95 48 90 30 A8 AC 12 10 52 98 A3 54 C8 45 59 11 21 
[  120675] ch51 r1 a3: 19 20 43 09 23 13 00 A8 AC 10 28 10 45 06 2A A8 04 91 04 88 82 40 05 66 C1 44 80 69 61 10 AB 90 
[  120683] ch51 r1 a3: AD BA 2C 2E A0 BD AF AE 06 03 52 63 6A 84 06 49 07 48 8D 20 95 02 82 D2 50 6A 48 20 F4 56 A9 DD 
[  120702] ch51 r1 a3: 00 80 20 02 20 A0 92 08 28 0A 16 AE AA FA AA BF B6 BD 0A A1 80 3B DA 76 FD F7 F6 F7 FF BB AF FC 
[  120732] ch51 r1 a3: 45 54 55 41 54 10 03 DB F7 D7 BB FB AF DB DF 7E FF AB 6B DB B7 57 5D ED 77 2D 7B FB AA FE F7 5A 
[  120754] ch51 r1 a3: 55 34 55 89 55 51 55 55 35 55 54 CD 75 55 55 55 55 5D 45 4C 65 52 29 A9 22 AA 92 AA A9 2A A9 AA 
[  120762] ch51 r1 a3: 55 7C D5 46 FA B2 AE FF FF FE 8C A8 46 E2 A0 A2 A4 94 AA 6A 82 28 94 1A B6 A2 B6 AE 9E AF 2A BE 
[  120774] ch51 r1 a3: 09 10 04 01 23 19 05 10 72 49 A2 42 40 11 34 16 40 01 41 2E 81 00 84 40 10 22 C2 52 88 0E 00 05 
[  120779] ch51 r1 a3: 64 C0 81 5E 45 9E 2C EC DA E7 6B D2 AB 5F AB AF BA B5 FE 7D 2A D5 55 D6 AE C6 73 CD 9C B7 DB 06 
[  120792] ch51 r1 a3: 45 6C 57 C1 54 10 07 BF FF E6 FD BF FB 7B 77 7A FE BF 7F FB 75 CD A2 56 B4 AD 57 1D 92 FD 6E 55 
[  120796] ch51 r1 a3: A8 85 31 35 21 85 41 44 65 2A A1 58 59 54 55 94 B4 41 55 50 23 C5 5D 55 56 B4 15 15 97 D5 59 14 
[  120814] ch51 r1 a3: 55 1D B2 52 94 35 D2 4C 55 55 52 56 B6 B2 24 55 A7 52 B5 56 AA AA D4 85 45 55 F4 D7 36 49 35 76 
[  120822] ch51 r1 a3: 00 00 00 00 44 10 10 41 05 01 50 45 55 55 40 65 EA 55 42 54 30 05 FE 5D BA F7 7F DF F7 F5 FE ED 
[  120832] ch51 r1 a3: 15 2C A1 23 82 45 22 49 52 C2 43 2E 80 95 12 14 92 A0 88 40 91 80 20 08 48 15 70 16 DB 2A C7 6F 
[  120847] ch51 r1 a3: A8 44 EA 55 EE 95 75 DE AD 74 36 AB 75 75 7D B5 4F BA BB 7B 66 92 93 23 2C A3 42 C4 95 8A 22 E9 
[  120854] ch51 r1 a3: 92 55 9C 57 53 55 F1 55 35 55 5B 5F AD 55 17 55 54 55 10 45 5A BB C8 CC CA AA ED 55 52 75 73 01 
[  120865] ch51 r1 a3: 41 21 15 02 05 15 40 50 54 04 95 46 55 55 54 05 85 55 52 50 B7 5B 35 56 51 53 2E 55 77 D5 55 55 
[  120872] ch51 r1 a3: 45 54 55 81 54 10 07 76 FE D7 74 DB EE BA F7 DB D6 D7 FF FD 7F 5D 7D EE D4 96 F4 F9 74 F4 AA CF 
[  120877] ch51 r1 a3: AB 91 51 53 29 4A 8B 09 BA B8 48 9E 96 59 57 56 97 45 11 85 97 45 57 64 BB 8F 5E B3 76 B7 9D 96 
[  120892] ch51 r1 a3: B9 52 52 84 A5 38 D1 54 93 44 A4 84 E1 53 50 91 D3 12 92 05 48 A8 D6 2C 6A 96 2A AA A1 36 B5 A9 
[  120896] ch51 r1 a3: 95 36 DA 2A D2 8B 15 34 14 DA 8D 55 47 4B 16 8B 44 4A B2 AB 2A 6F 42 42 A6 0F 13 94 15 3B 53 A5 
[  120921] ch51 r1 a3: A0 0A D0 43 65 23 52 B1 50 90 16 C9 A9 65 4A AD 56 A2 35 F2 7A 5D 43 35 55 67 DB 73 62 5A 5E A9 
[  120933] ch51 r1 a3: E9 00 DA 29 00 AA 00 00 00 00 AA 00 00 00 00 00 A9 00 00 AA AA AE A8 00 00 00 00 AA 00 00 00 00 
[  120933] ch51 r1 a3: 00 29 54 80 55 00 29 00 55 55 5D 00 00 00 54 80 A9 00 00 00 AA AA 94 40 92 00 00 52 A5 00 00 54 
[  120934] ch51 r1 a3: AA 00 00 54 AA A9 B5 55 54 80 00 A5 55 52 A8 00 A8 00 A9 75 55 54 00 00 01 52 01 A4 01 B5 52 AA 
[  120937] ch51 r1 a3: 44 54 40 00 45 51 24 10 50 64 41 00 59 51 00 51 00 10 56 59 95 59 FD 5F 7A DB DF AA FF 5B BE FE 
[  120945] ch51 r1 a3: 59 A9 65 65 95 DD D4 89 91 39 AA B3 33 32 22 00 10 00 00 10 00 00 00 00 00 00 00 00 00 00 00 00 
[  120946] ch51 r1 a3: 15 5B 22 AA 40 00 00 00 54 80 49 00 24 20 44 80 41 54 00 44 40 00 00 00 54 80 00 00 00 00 55 00 
[  120946] ch51 r1 a3: 00 00 00 00 00 55 54 80 15 00 00 00 00 00 51 00 00 00 00 55 54 55 00 6A 94 80 00 00 00 55 4A 00 
[  120947] ch51 r1 a3: 14 80 2A 80 49 55 D5 00 00 00 49 80 55 00 00 00 55 55 55 00 59 00 00 55 54 80 00 45 55 55 2A 40 
[  120950] ch51 r1 a3: 44 94 C0 00 45 51 44 30 D0 44 C1 00 53 51 00 D3 00 30 51 51 15 59 EF FF BE DF FF D7 D4 15 22 85 
[  120959] ch51 r1 a3: 00 00 2A AA A5 00 15 15 15 55 40 00 00 00 0A 40 15 40 12 40 15 40 15 2A 40 22 20 00 00 00 24 80 
[  120960] ch51 r1 a3: 29 46 40 00 00 00 55 55 40 00 25 55 00 2A 00 28 80 15 55 52 00 00 00 2A 00 2A 00 00 00 15 57 56 
[  120960] ch51 r1 a3: 00 29 55 55 55 40 55 00 00 14 D5 52 AA AA D4 80 00 55 AD AA A9 01 54 01 4D 55 54 A8 80 00 01 54 
[  120961] ch51 r1 a3: 4A AB AA AA B4 D5 26 9B 6A AA AD AA 66 AC AB BA AA DA AA 6A 8A 6A AA AA 2A AA AA B2 AA A6 AA 6A 
[  120962] ch51 r1 a3: 45 54 55 41 54 10 07 FF A9 DD 5D 14 55 55 54 A5 55 55 4D AA AA A9 91 86 6A A5 69 90 A4 A2 98 AA 
[  120963] ch51 r1 a3: A8 A8 80 89 88 A2 00 02 8A 02 AC 02 22 B2 00 02 2A AA 20 82 82 22 08 02 8A 88 02 88 00 82 A2 88 
[  120969] ch51 r1 a3: 55 55 15 55 15 55 55 55 55 54 54 15 55 55 55 45 55 55 6D 55 55 54 94 D5 55 55 55 55 54 55 15 4D 
[  120970] ch51 r1 a3: 54 51 51 55 54 95 CB 55 14 4E B6 D5 5D 5E AF 5B B2 D7 FC D7 B5 F5 16 AF A7 2D F7 4B 0A 8B AA 38 
[  120972] ch51 r1 a3: 80 04 02 00 00 00 00 00 00 00 00 00 00 00 00 00 00 00 00 00 00 00 00 00 00 00 00 00 00 00 00 00 
[  120972] ch51 r1 a3: 00 00 2A BA AA 00 56 AA AB 5C 00 00 00 00 B2 00 A9 00 A9 00 89 00 D2 A8 40 91 00 00 00 00 55 00 
[  120973] ch51 r1 a3: 00 00 00 00 AA 00 00 00 00 AA AA AA 00 AA A9 00 00 00 00 AA A9 00 00 55 51 00 AA 00 92 00 92 AA 
[  120973] ch51 r1 a3: 00 00 55 00 55 00 00 00 2A AA A4 00 AA 00 00 AA A9 00 00 8A AA 2A 54 01 54 00 01 55 55 55 28 AA 
[  120974] ch51 r1 a3: 02 AA 55 2A A0 05 50 04 A5 55 55 50 00 00 04 50 02 90 05 55 55 55 7D DD DF D5 55 55 55 45 01 55 
[  120977] ch51 r1 a3: 44 44 51 00 01 85 81 54 01 11 59 00 01 15 45 10 41 41 11 04 01 45 54 01 44 00 41 51 44 55 B7 FF 
[  120983] ch51 r1 a3: 6F F7 AE B6 CF FB 5D DF FE BA FF AB EA A0 AA 12 BA 46 A0 48 A1 2C AA 54 85 06 28 A2 85 B1 19 22 
[  120983] ch51 r1 a3: C9 15 B6 56 93 65 20 90 AB D5 35 35 9D 58 55 49 2D 4C 5D D5 52 6B 41 59 16 AA 42 55 54 AF 52 29 
[  120985] ch51 r1 a3: 45 54 00 48 80 00 00 00 54 80 00 00 00 00 55 00 00 51 55 55 54 80 00 00 00 52 00 00 00 00 00 00 
[  120986] ch51 r1 a3: 55 54 80 00 00 00 55 55 00 00 29 54 80 29 00 29 00 4A 55 55 00 00 00 45 00 44 80 00 00 2A 95 55 
[  120987] ch51 r1 a3: 55 55 55 AA 40 00 00 29 00 25 00 2A 55 55 5F B5 D7 91 51 55 21 55 55 55 65 4D 55 54 4C A7 33 45 
[  120991] ch51 r1 a3: 98 55 45 49 55 4D 3C DE DD 54 55 D5 75 55 95 55 A5 4D D4 4C 64 55 10 54 55 55 55 55 55 55 44 95 
[  120998] ch51 r1 a3: AA 29 00 AA 00 00 00 01 52 00 00 00 00 01 12 00 00 A5 55 55 54 00 00 00 01 54 00 00 00 00 00 02 
[  120999] ch51 r1 a3: 00 00 00 00 28 80 00 00 00 25 55 55 00 52 A8 00 00 00 00 AA AA 00 00 AA 52 01 52 01 55 01 55 54 
[  121000] ch51 r1 a3: 00 00 55 00 55 00 00 00 55 51 4A 00 52 00 00 55 54 80 00 55 55 16 AA 00 55 00 00 4A AA A9 55 55 
[  121000] ch51 r1 a3: 00 55 55 55 2A 00 A0 00 AA AA A9 54 80 00 00 54 00 55 00 4A AA AA BE FD 55 6D 92 D7 51 75 94 F5 
[  121002] ch51 r1 a3: 00 00 00 42 24 08 02 40 82 A0 AA EA AA AF AA AA BA AF EA AD 0C 01 BF 7F FC F6 DF 7E FF 7E ED B3 
[  121003] ch51 r1 a3: 44 56 40 00 45 51 44 10 50 44 41 00 51 51 00 51 00 10 59 51 15 55 EF BF 6F 5E DB 7E D7 FF F7 4B 
[  121006] ch51 r1 a3: 02 00 45 40 66 01 B9 5F 7E AA 6D CF 5A FD 6B 7C CB 6D 1F A6 DE CF 6D 59 CB 39 E5 A6 B6 F5 3F 72 
[  121012] ch51 r1 a3: 0A A9 00 54 80 00 00 00 55 00 00 00 00 00 55 00 00 AA AA 95 52 00 00 00 00 A8 00 00 00 00 00 01 
[  121012] ch51 r1 a3: 54 80 25 54 AA 00 00 00 24 80 29 00 00 00 2A 55 55 00 55 00 00 5A 49 00 00 AA 94 AA A8 00 AA 00 
[  121013] ch51 r1 a3: 29 00 49 55 55 49 00 00 00 55 00 55 00 4A 55 55 7D 15 6A 55 5B 52 6D 55 55 55 55 55 54 D5 55 55 
[  121016] ch51 r1 a3: A8 AA 00 88 88 A2 00 02 8A 02 A8 02 22 B2 00 06 2A 8C 60 82 82 22 08 02 8A 88 02 88 00 82 A2 89 
[  121025] ch51 r1 a3: 00 00 14 95 48 80 15 55 15 55 00 00 00 00 2A 80 2A 80 14 40 14 A0 24 A9 20 28 A0 00 00 00 2A 40 
[  121025] ch51 r1 a3: 00 4A 55 45 51 00 00 00 00 AA 00 00 00 00 00 00 A2 A8 00 AA 00 00 00 00 00 88 00 00 00 00 A9 55 
[  121026] ch51 r1 a3: 00 15 55 20 0A B0 0A A0 0A D5 55 40 00 00 15 00 2A 80 00 00 15 2A 8A 00 24 80 00 2A D5 00 00 49 
[  121027] ch51 r1 a3: 00 51 55 54 92 AA A4 00 00 AA AA AB 54 00 AA 00 A9 55 51 54 00 00 00 A4 00 92 00 55 55 5B 7B DF 
[  121029] ch51 r1 a3: A8 A8 01 11 11 24 00 04 94 02 50 02 42 A4 00 02 2A DA 61 86 86 22 08 02 8A 98 05 08 00 82 A6 99 
[  121038] ch51 r1 a3: 00 00 29 55 54 00 92 AA 55 48 00 00 00 00 91 00 AA 00 A9 00 AA 00 52 A8 01 51 00 00 00 00 AA 00 
[  121038] ch51 r1 a3: 00 00 00 34 A0 00 00 00 00 00 24 AA 40 25 40 00 00 00 00 3A 80 00 00 00 3A A2 AA 00 2A 2A 80 00 
[  121039] ch51 r1 a3: 00 00 5D 8A A8 00 A9 00 00 AA A9 00 00 AA A8 A4 A8 81 54 00 01 55 55 52 AA A9 28 00 02 AA AA AA 
[  121040] ch51 r1 a3: 00 00 45 00 28 80 4A 55 55 7D 6A FF BF FD 7B D7 AB D9 FB 7B BE D7 FF EE DB F9 FE FB FD FF 7F 7D 
[  121042] ch51 r1 a3: 44 44 51 00 01 45 01 50 01 11 51 00 01 15 65 10 41 51 55 45 01 55 65 01 55 00 51 55 44 57 A7 FF 
[  121051] ch51 r1 a3: 00 00 00 49 00 45 00 28 90 45 00 29 52 80 55 00 00 00 00 59 00 00 00 00 00 55 00 00 4A AA A9 22 
[  121052] ch51 r1 a3: 15 40 00 00 00 00 12 20 00 00 00 12 95 55 60 15 12 90 00 00 00 15 6A 40 00 16 AA 80 14 40 15 20 
[  121052] ch51 r1 a3: 00 00 88 00 AA 00 00 00 AB 55 54 01 54 00 01 55 54 00 00 AB 55 52 A8 00 AC 00 01 4A AA AA 55 55 
[  121053] ch51 r1 a3: 04 A5 55 54 A0 05 50 04 95 55 52 A4 00 00 04 90 02 A8 05 55 55 4B D7 AB 75 C9 CD 3B E9 5D A7 5E 
[  121056] ch51 r1 a3: 44 54 40 00 45 51 44 10 50 44 41 00 51 59 00 51 00 10 55 5B 55 AB FF FF FF FF FF FF FF F7 FF FF 
[  121058] ch51 r1 a3: BA A8 24 99 12 A5 52 A4 CA 48 75 2E A5 45 A1 45 4D 90 14 A0 D5 D3 2A 2D 0A BA 7A 8B 3A D7 47 A3 
[  121059] ch51 r1 a3: 34 82 C4 92 84 6A 24 10 55 41 59 AD 55 35 32 74 1A C5 A2 A5 61 A0 3D FB 6B DE 7B 6D C5 85 57 B5 
[  121062] ch51 r1 a3: 16 5B 55 6B 55 5F FE F5 BF CA F5 5A 6A DE EF DE DD BF 55 AD 74 DE 6F B6 A9 7A B5 AA F5 7E AA 96 
[  121064] ch51 r1 a3: 00 00 55 54 55 00 AA B2 AA C9 00 00 00 01 B6 01 56 00 A8 01 52 01 D5 54 02 D4 00 00 00 03 2C 00 
[  121065] ch51 r1 a3: 00 5A B5 4A AA 40 00 00 00 4A 00 00 00 00 00 00 15 55 00 95 00 00 00 00 00 AA 00 00 00 00 55 55 
[  121065] ch51 r1 a3: 29 00 55 55 14 80 00 00 52 00 8A 00 00 00 94 A5 54 00 49 40 00 7F 54 80 00 6A AD 2A AA 80 55 00 
[  121066] ch51 r1 a3: 15 00 15 55 55 49 00 00 00 2A 80 2A 40 2A AA 55 6F 5D 7F DE D7 45 F4 D4 5B 35 5C D5 11 55 35 49 
[  121068] ch51 r1 a3: 05 55 55 55 55 55 55 55 55 55 55 51 44 45 55 55 55 55 55 55 55 55 55 55 55 55 55 55 55 55 55 55 
[  121069] ch51 r1 a3: 66 2A 40 00 64 AC A2 0C 28 22 20 80 28 A8 80 28 80 08 2A 28 8A B4 BF ED F5 55 55 75 45 14 51 55 
[  121069] ch51 r1 a3: 91 5A 41 50 55 55 54 55 55 55 57 95 55 55 57 45 55 55 55 54 D5 55 50 54 55 41 55 50 15 D4 55 55 
[  121074] ch51 r1 a3: 4F AE 42 20 06 36 64 15 24 40 AA 54 1F E7 56 BB 73 5A DA AD 5E CB D5 D5 7F 6A D4 AB A5 CA D3 AA 
[  121081] ch51 r1 a3: 82 85 50 AA 94 15 4A B5 54 6D 35 6B 5B 29 2D 46 AA 55 5B 0A 35 DE FE DB F8 45 64 DF 1D FA 6D BD 
[  121101] ch51 r1 a3: 20 A1 12 92 24 02 01 A0 B7 46 87 C0 A4 91 95 1C ED 5B 9B 73 4A CE 94 57 2A 52 AD E5 5B CA 57 AA 
[  121102] ch51 r1 a3: 10 00 40 00 02 35 54 BA AD AB 5A AB AA A5 6C 95 9D 15 95 54 D6 77 5B F9 4A DB CE C9 FF 7F 65 0B 
[  121103] ch51 r1 a3: 80 21 04 00 00 00 01 02 80 00 10 40 48 98 50 A0 A4 80 A8 22 22 AA AA AA AA AA AA AA AA A8 8A 08 
[  121112] ch51 r1 a3: 45 54 55 21 54 10 03 BE FD FF FD EF D7 BF FB 76 EF F3 5F DE BF F7 7F BD DB EF EF EF FB 5F FE FA 
[  121126] ch51 r1 a3: 00 00 2A A5 54 00 2A AB 55 52 00 00 00 00 28 80 14 40 2A 40 28 80 14 D2 00 16 00 00 00 00 2A 40 
[  121127] ch51 r1 a3: 00 AA A9 55 49 40 00 00 00 51 00 00 00 00 00 00 94 A9 00 AA 00 00 00 00 AA A8 00 00 00 00 A2 AA 
[  121127] ch51 r1 a3: AA A9 40 00 00 00 92 AB 00 00 AA AA 00 55 80 A9 00 AA EA B5 00 00 00 E9 00 EB 00 00 00 BE AA A8 
[  121128] ch51 r1 a3: 55 00 55 55 55 00 00 55 55 45 00 A8 00 00 92 AA A9 00 00 00 AB 00 00 AA 00 55 00 AA AA 4A 6D 52 
[  121128] ch51 r1 a3: EB 08 66 CF AA AB 32 5B 4F 92 51 4A 7A E5 5E 32 C4 05 11 E6 45 19 0A A6 46 10 4A 74 06 95 2A E4 
[  121131] ch51 r1 a3: 41 51 00 40 14 45 55 AE F5 4B 55 26 6E 9A BA FE 95 55 5A AF 57 36 64 52 D5 35 CC 32 92 08 8D 32 
[  121131] ch51 r1 a3: 28 CB 44 0D 19 95 2A E9 B4 E7 54 DE 8B 45 35 58 3A 52 91 2A AA DD B5 23 6E A9 9A 21 18 97 6A A9 
[  121139] ch51 r1 a3: 00 00 4B 55 55 00 2A A9 6D 54 80 00 00 00 55 00 55 00 0A 00 50 00 2A 64 00 94 00 00 00 00 55 00 
[  121140] ch51 r1 a3: 00 55 6A AA AA 00 00 00 00 AA 00 00 00 00 00 00 AA A8 00 A8 00 00 00 00 A9 42 00 00 00 01 25 55 
[  121140] ch51 r1 a3: 00 00 00 55 55 00 00 55 49 00 54 00 51 00 52 AA AA 80 00 00 55 00 55 00 00 00 52 AA AA 80 55 00 
[  121141] ch51 r1 a3: 00 2A AA AA 80 2A 80 00 2A AA 55 00 00 00 2A 40 00 25 00 14 80 29 55 55 5D 56 B6 EA CB 7E DA 9A 
[  121144] ch51 r1 a3: C4 44 51 00 01 45 01 58 43 33 59 00 01 35 55 10 41 41 11 00 41 45 50 04 15 10 04 01 44 55 2D BE 
[  121152] ch51 r1 a3: 52 A6 A9 58 00 00 00 01 7C 03 74 01 B2 03 54 01 7B 58 02 A4 00 00 00 01 D0 00 00 00 00 01 B8 00 
[  121153] ch51 r1 a3: 15 6A 40 00 00 00 16 AD 90 00 15 55 20 09 40 0A 88 05 55 52 80 00 00 15 40 11 20 00 00 15 55 51 
[  121154] ch51 r1 a3: 00 00 55 BD 00 56 AA AA 92 00 AA 00 AA 00 AA 95 50 00 01 4A AA A8 02 A8 00 01 4A AA A8 00 00 02 
[  121154] ch51 r1 a3: 55 00 49 54 55 BA EB AD EE DD 6B 7E 6B B5 29 BD E9 B7 55 DF DB FC AB A7 75 5C D9 56 45 99 F2 FE 
[  121157] ch51 r1 a3: A8 AA 00 88 88 A2 00 02 8A 02 B0 82 22 A2 00 02 2A 8A 20 82 82 22 00 82 8A A0 08 2C 20 08 02 88 
[  121158] ch51 r1 a3: BA 5A 95 A9 69 45 46 81 49 16 CA 51 5A 59 2A 92 DA AA 6E A4 33 74 CD AA FB FF D9 F2 EE 2D B6 ED 
[  121162] ch51 r1 a3: 00 00 00 00 22 08 0A 20 82 A8 AA 2A AA EA AA EA AA 6A E0 AA 08 03 BF FD 7D 69 F9 4D 5F 77 5D 55 
[  121166] ch51 r1 a3: 00 00 16 95 14 90 24 AA A9 2A 80 00 00 00 2A 80 2A 80 2A 80 2A 20 2A AA 80 2A 80 00 00 00 14 80 
[  121166] ch51 r1 a3: 00 12 54 40 15 C0 17 40 0A CA AA A0 00 00 2A 80 2A 80 00 00 28 AA AA A0 24 80 00 00 12 AA 80 2A 
[  121167] ch51 r1 a3: 29 00 55 00 55 55 55 00 00 29 55 55 00 49 00 00 55 55 55 00 00 00 55 00 00 49 00 25 00 56 AA A9 
[  121170] ch51 r1 a3: 64 44 59 00 01 65 81 2A 61 11 51 00 01 9A C5 18 61 61 99 80 41 A5 A8 02 0A 88 02 00 A2 2A B2 FD 
[  121171] ch51 r1 a3: 95 5C 86 2D 5C 91 12 A5 45 51 52 55 48 D5 43 AA 53 55 55 61 42 D5 55 56 B6 D5 15 55 56 D5 D7 55 
[  121172] ch51 r1 a3: 00 00 80 02 44 14 14 41 05 52 D8 CD 48 D2 00 89 54 55 61 50 10 07 ED 7E 55 55 52 AA AA 8A AA AA 
[  121179] ch51 r1 a3: 00 00 00 0A 80 15 10 0A 90 15 10 11 54 88 02 00 00 00 00 15 20 00 00 00 00 12 50 00 0A 55 55 55 
[  121179] ch51 r1 a3: 00 00 14 40 00 00 00 00 00 14 94 88 15 20 00 00 00 0A AA 80 00 00 00 15 55 55 20 15 25 20 00 00 

Команды: b (фон), s (скан с нажатиями), c N (канал), r N (0=1M,1=2M,2=250k),
a N (адрес 0..3), f (фильтр), x (XN297 декод вкл/выкл), p (сниффинг старт/стоп), # метка, ? справка
Сейчас: канал 51, скорость 1, адрес 3, фильтр выкл, XN297 выкл, сниффинг выкл

Команды: b (фон), s (скан с нажатиями), c N (канал), r N (0=1M,1=2M,2=250k),
a N (адрес 0..3), f (фильтр), x (XN297 декод вкл/выкл), p (сниффинг старт/стоп), # метка, ? справка
Сейчас: канал 51, скорость 1, адрес 3, фильтр выкл, XN297 выкл, сниффинг выкл

Команды: b (фон), s (скан с нажатиями), c N (канал), r N (0=1M,1=2M,2=250k),
a N (адрес 0..3), f (фильтр), x (XN297 декод вкл/выкл), p (сниффинг старт/стоп), # метка, ? справка
Сейчас: канал 52, скорость 1, адрес 3, фильтр выкл, XN297 выкл, сниффинг выкл
------------------------------
# ON r1 c52

Команды: b (фон), s (скан с нажатиями), c N (канал), r N (0=1M,1=2M,2=250k),
a N (адрес 0..3), f (фильтр), x (XN297 декод вкл/выкл), p (сниффинг старт/стоп), # метка, ? справка
Сейчас: канал 52, скорость 1, адрес 3, фильтр выкл, XN297 выкл, сниффинг вкл
[  122490] ch52 r1 a3: 0C A4 9A 93 22 49 B4 1A A5 05 40 88 95 55 D5 4A B2 AD 45 65 29 56 5A AB 5E E9 75 5B D4 D4 81 05 
[  122490] ch52 r1 a3: 8D B2 AA D4 DA BA A0 52 9A A9 95 FA B9 55 5A 57 6B 6A 92 56 B2 D8 35 54 55 12 25 9D CA B7 62 88 
[  122496] ch52 r1 a3: 0A 54 A4 2A 50 AA 42 B4 2A 42 A1 49 8C 46 20 40 95 4A 40 A9 56 A4 91 30 A9 00 83 42 A5 08 B2 2A 
[  122497] ch52 r1 a3: 55 AD 0D 54 20 AB 54 11 55 0A AD 54 00 AF 54 51 41 15 5D 40 03 5A 54 B5 40 0A FA A0 AA 2A AD 42 
[  122498] ch52 r1 a3: 14 4C 94 65 55 36 6A B3 6A A8 00 02 AA 6F FA AA A8 D5 54 55 54 54 D5 54 AA 80 57 E8 01 A0 05 7D 
[  122498] ch52 r1 a3: 08 00 2B 00 AF FD 00 0A AA A8 95 45 44 FF 40 00 AA AA A6 55 7E A0 05 53 66 AB 15 A9 52 B7 FF D0 
[  122524] ch52 r1 a3: 0A FF EA 55 40 26 AA B3 55 88 AF FE A0 55 35 55 00 5F FE A0 0E AD 2A AA BF E8 00 0A FF FA 3D 40 
[  122525] ch52 r1 a3: 02 A8 C9 95 4A AA D7 FE AE AB 3D 55 00 AD B4 64 EA AA EA AA 95 54 69 C6 CA AC D4 01 7F F5 59 72 
[  122544] ch52 r1 a3: A5 4A A5 15 55 21 D5 30 57 AD 01 38 12 CF E5 CF 7D 52 B5 4D A4 95 C4 B2 B6 AB 71 A5 4A CB 5B 34 
[  122549] ch52 r1 a3: 28 20 00 22 A0 0A 01 00 00 01 00 00 00 44 14 3D DC A0 5D 62 1E F9 9A FB 3D 02 A1 AE FD C4 42 00 
[  122568] ch52 r1 a3: 2A B5 1D 68 1B 54 1A 02 AA DD 52 8D 54 A3 1A B5 76 AF F4 1D FE BF 55 59 4B 55 BF DB DB DD 57 6D 
[  122576] ch52 r1 a3: 00 40 20 94 00 01 42 00 08 00 05 04 00 21 50 00 04 00 A2 80 00 28 41 01 00 00 2A 80 00 11 40 80 
[  122577] ch52 r1 a3: 00 40 01 14 00 02 A2 00 00 04 00 28 80 00 28 00 02 00 21 50 00 0A 20 40 40 00 05 50 00 00 10 09 
[  122577] ch52 r1 a3: 00 01 40 84 22 09 10 28 00 00 00 24 48 20 AA 05 12 40 10 00 00 0A A0 80 00 42 15 20 00 80 00 41 
[  122578] ch52 r1 a3: 00 00 22 44 12 20 15 00 00 01 10 00 00 A0 00 01 55 14 44 04 20 00 15 54 00 00 50 01 55 00 00 44 
[  122607] ch52 r1 a3: BA B3 7B 65 75 E9 5B F5 55 77 FF EE D7 5A 55 7F D5 FE CD B5 D5 55 FF D5 47 54 19 F5 54 DC A8 8A 
[  122620] ch52 r1 a3: 95 54 40 12 AA A0 50 04 4A AA 08 AA A9 02 49 24 88 55 44 95 05 45 00 4A 80 45 20 82 00 2A A8 00 
[  122620] ch52 r1 a3: 05 55 50 02 8A 15 55 40 0A 55 45 14 00 AA AA 00 15 51 42 AA 00 2A A0 02 28 50 AA A4 01 55 44 0A 
[  122621] ch52 r1 a3: 42 AA 14 A8 80 15 54 00 02 84 AA A8 00 0A AA 10 A0 02 15 50 01 2A A0 55 00 02 AA 80 04 14 22 AA 
[  122622] ch52 r1 a3: 2A A2 85 50 00 AA 8A 00 A1 4A A8 00 55 50 25 04 4A AB 05 48 04 2A 84 10 02 A8 4A A9 10 08 A8 95 
[  122644] ch52 r1 a3: 02 22 6C 49 25 02 04 0A 22 84 95 56 12 49 58 A9 46 ED 12 84 6D 4A 8A 5A B4 96 B5 6B 04 B5 32 53 
[  122647] ch52 r1 a3: 49 6C 4B 19 25 58 83 6B 6A AA 8B AE 96 89 29 A8 19 2C 2A A8 BB 54 A5 88 54 D7 DA B5 B6 AD 6B 76 
[  122651] ch52 r1 a3: 52 91 5A 88 A9 42 82 89 08 29 5A 62 92 AA 8A 82 3C 25 49 16 45 14 97 52 20 8A A8 50 44 C5 6A E5 
[  122674] ch52 r1 a3: 80 AA D2 E5 D2 DD A2 5F 69 A3 26 C4 B5 6D AF EB 7D 55 D8 AB A9 72 52 3E B3 4B 2A CC F2 5C B6 56 
[  122691] ch52 r1 a3: 00 00 02 20 00 00 00 80 0A 00 00 00 00 90 00 00 00 22 00 00 01 00 11 00 05 00 00 20 00 80 00 80 
[  122744] ch52 r1 a3: 57 AB 4E DD 55 D5 D6 DF FF EA 00 AD 36 AA FF ED CB DF CD FF AD D5 5D BA A9 FF 55 55 75 55 7A A8 
[  122771] ch52 r1 a3: AF D7 6E BB 7F F6 7D 56 AA AF 36 7F FA 2E B6 6E A8 0E C0 0D 9B 2A 57 AA DF D0 00 A7 55 57 66 EF 
[  122795] ch52 r1 a3: 24 47 0E B4 49 29 22 5A CA 04 A5 24 F1 9E C2 8D 85 53 28 4B 56 25 2D 29 45 0A 14 4A 40 2B 22 98 
[  122810] ch52 r1 a3: 15 55 19 81 1A 80 0D 7F AA AA 9D 56 41 0F 2B FE A0 02 AA A0 80 AB D4 00 1E 81 7B D5 B3 36 B9 40 
[  122810] ch52 r1 a3: 0F FF 40 0A 9A 4E 09 75 00 5F E8 00 AC BA 82 A8 00 57 8B 2E 9D 41 49 AA BF A0 00 AA A6 E9 50 00 
[  122811] ch52 r1 a3: 55 F5 59 B2 CD 95 7F AB 14 9F AD D5 05 59 A6 9E EB BA 6A EF 4E BB 7B EF AE AF EA FA AA AA E3 22 
[  122812] ch52 r1 a3: 00 00 00 15 5F 18 C5 EB 03 9C BB 5A 5C 07 FF 76 76 E7 FE ED 7F EE E0 D5 78 E9 94 DA AA 15 2A 1A 
[  122842] ch52 r1 a3: 48 80 A2 A2 A1 15 02 88 25 24 08 B0 51 B4 54 94 5A 50 2E AF 8B F7 FD FA FD B5 BD F5 AB EF DB F7 
[  122844] ch52 r1 a3: 99 21 14 43 54 0A 40 A8 54 A0 35 5A 12 32 66 A8 C6 AA BF BC 96 91 09 B2 A5 45 96 66 C5 95 22 8A 
[  122845] ch52 r1 a3: 54 AA 58 AA 92 AA AB 52 2E 28 AA AA AA A9 AA 8A AA AA 56 64 A8 AA 24 A9 56 52 A5 55 4D 65 53 55 
[  122846] ch52 r1 a3: CE AA A4 49 2A 00 9A 35 49 44 55 B1 24 40 9D 52 AA B6 50 66 D5 B7 B6 A9 F5 9D EA 75 95 77 7D 6D 
[  122885] ch52 r1 a3: 14 02 9A A5 0B 4A 4A 90 24 4A B1 24 4C AB 11 24 D9 55 B2 A2 51 0A 50 49 B2 02 94 BB 12 8A 12 A9 
[  122927] ch52 r1 a3: 23 42 82 2D 28 CA 15 14 C4 45 A2 28 C9 A1 74 05 2A 12 A7 49 22 52 AB 47 29 34 29 15 03 01 4B 30 
[  122928] ch52 r1 a3: 6A 92 49 21 28 44 D2 A6 84 9C B1 65 44 EB 4A 20 2B 4D 42 20 C9 05 32 F5 11 14 48 0D B0 25 29 11 
[  122931] ch52 r1 a3: A8 A8 D1 49 2A 95 14 A5 D9 AF 32 D2 B6 5D A9 55 D1 2A CA AA 8A A5 45 1C A2 94 95 D5 57 11 56 2E 
[  122952] ch52 r1 a3: 35 56 C9 5B 22 AA D5 A2 AF 7A 8B 6A D4 A9 56 55 1A D3 65 2D 59 77 6A DD 85 69 D4 96 A5 66 58 CA 
[  122958] ch52 r1 a3: 8E 09 11 55 25 42 A0 B5 49 AB 54 5A EA A9 33 5D 11 55 A9 54 D1 5C 6A D9 75 EA B4 B5 68 CB 4F 52 
[  122962] ch52 r1 a3: 4A 98 B0 95 18 92 21 9A 91 3A 64 AA 81 92 A8 8D 62 55 A5 55 36 D4 E6 D5 5E 2A BB 54 39 95 70 99 
[  122971] ch52 r1 a3: 81 41 04 54 53 3B D4 4C B7 3E ED 94 FD D8 ED 17 52 94 A2 AF A5 7D 31 4B 3B 55 3A 6A B5 53 6B 68 
[  122989] ch52 r1 a3: 80 44 56 9B 55 76 5B 6B 68 6D 69 75 36 DA 91 72 55 51 EA DA 6A AB 4C CD 6B 8A AB 49 70 2A D5 41 
[  122990] ch52 r1 a3: BA A0 8A 42 C4 4A 95 04 2A 51 49 25 49 92 22 80 6A 24 4D 0D 25 42 A6 89 5D 48 61 5B 0E A0 81 04 
[  123020] ch52 r1 a3: 68 B1 6D 45 75 54 9B 78 31 33 8D 5C D2 12 5A 56 B4 5A 7E 56 EC AE D5 76 BD 75 EA F7 8A 3A AB 16 
[  123030] ch52 r1 a3: A8 54 88 65 2A A4 9A 42 A8 41 70 2B 25 51 53 64 AA 9A 46 3A 89 8E A8 88 92 B2 A4 9B 2D E4 49 64 
[  123036] ch52 r1 a3: 02 AA 44 51 4A CD 4A 16 A2 D4 8B 95 2D C2 49 52 E4 A5 AA A2 45 45 50 5A A9 85 55 54 99 5E A4 2A 
[  123052] ch52 r1 a3: 8B 5B A8 D1 62 25 42 95 A0 C2 19 10 46 48 8A AA 44 05 30 0A 4D 5B 54 55 00 00 00 0A AA AF 8C 62 
[  123096] ch52 r1 a3: D5 45 46 42 3C 67 D5 18 CC AA 94 91 4D A5 32 B2 C5 26 89 46 2A 19 6A 0B 1D 5C B0 9C 62 45 A2 54 
[  123104] ch52 r1 a3: 2A 45 49 02 2A 00 80 88 20 82 53 21 42 50 54 A9 04 11 4A 92 00 03 D2 82 81 02 EA 10 12 51 21 0C 
[  123107] ch52 r1 a3: 55 15 45 DD 7B 56 5D DD 56 51 55 A7 7D 73 55 55 55 D4 5C 8C 70 55 55 47 2A D5 F7 64 13 55 55 77 
[  123115] ch52 r1 a3: F2 EB AE AA BA BA EB 7B BB BB AE EA EA EA AA AA AA AA AB BA EE B7 AE BB AA BE ED EE EE AA EB AA 
[  123130] ch52 r1 a3: 17 40 90 D1 2C A5 A9 55 CA E4 90 E2 98 A9 20 4D 21 89 0A B1 59 55 28 75 88 56 24 91 14 6D 2D 92 
[  123133] ch52 r1 a3: 25 46 04 B5 26 24 CA 35 00 40 A1 A2 5A AA 33 2D 44 A9 15 08 CB 92 A5 55 B5 55 57 C7 2C 7E D4 14 
[  123157] ch52 r1 a3: A6 0A 37 A8 A4 10 22 85 75 BB 7A D1 5D 7F 6D DD BA 93 6B 55 A8 6D DB B5 5D D7 55 4A 7D 99 A8 DB 
[  123167] ch52 r1 a3: 95 5D 55 20 58 A4 56 91 55 44 D4 EA F2 BD 4F 65 5D D5 6B 42 7A B6 D2 49 99 75 D5 53 56 88 69 AB 
[  123223] ch52 r1 a3: 1A 81 4D 4A 11 54 40 29 CE 94 C8 15 05 42 2A B6 05 42 A8 4C 8A 51 40 A0 AE 15 48 C4 93 AA 48 A9 
[  123231] ch52 r1 a3: AF F5 59 52 AA AA AA B5 5D 55 5D 56 AA A3 5F A8 02 BF D5 6A AA AA AA AA AB AA AA F5 53 66 AA AA 
[  123231] ch52 r1 a3: AB 56 AC DA AA DD 57 CA FF CA FD 6A D9 AA EF 77 ED 79 7E 76 EF BD BE EB BF 57 B6 AA F6 B3 F4 A0 
[  123233] ch52 r1 a3: 94 91 4A 9D 56 0B 58 09 35 A0 50 42 2D 15 56 AA C6 0A AB E6 3A 4E A2 DD F5 CB DA F7 51 EA 95 AA 
[  123246] ch52 r1 a3: 95 C2 24 25 16 06 05 12 2D 44 55 55 6C A1 BB 69 D1 4A 02 A5 4A 99 51 B9 8B 68 57 A9 49 06 40 94 
[  123261] ch52 r1 a3: 15 F5 40 0A 15 55 F5 40 0A BC 85 04 10 3D EA 02 55 51 75 24 05 77 E0 02 14 12 EB D4 00 3E A2 A3 
[  123281] ch52 r1 a3: 10 51 10 28 02 38 08 40 81 94 89 84 12 21 42 55 40 50 81 0A 02 20 28 48 92 01 80 95 48 10 04 2A 
[  123283] ch52 r1 a3: AA AA AD 4D 54 16 AD 56 54 AA AA AA AA A9 55 54 EF D4 55 56 B5 72 A5 AA F5 55 55 55 51 55 C5 57 
[  123284] ch52 r1 a3: 56 AA B5 55 56 55 42 AF EA 01 55 66 55 55 CA 96 AB 95 AA AA A9 5D 55 49 AA AA AA AA B5 6A AA AA 
[  123297] ch52 r1 a3: 95 01 55 FA AB 37 FF 95 A8 05 55 54 05 5A 55 EA 00 01 73 6D 67 55 5B 32 01 FF F5 03 6A 98 8A BF 
[  123300] ch52 r1 a3: F2 AE 55 66 C8 A9 42 2A 6C 56 AC CA 96 A6 AC D3 25 4A A5 97 AB A5 AD 15 62 49 59 F2 68 8A A9 6B 
[  123307] ch52 r1 a3: A2 52 74 A1 AA 95 DD 67 AA DB D3 76 BE 8B 73 6E FA FF FC B7 B9 FD 1E DD DE 9E EF FE FF F5 FD BB 
[  123323] ch52 r1 a3: 19 96 9D AA BD 8D FF FB 75 FF E6 6A AF 4F 9B 3F F6 6D D6 4F 10 01 46 EF 36 EB 36 76 EB FA EA A9 
[  123340] ch52 r1 a3: 55 4A A2 92 92 AA 22 14 28 A5 54 0A A8 81 28 2A AA 00 15 52 80 28 4A AA 84 00 55 55 0A 88 01 55 
[  123341] ch52 r1 a3: 28 A0 AA A8 00 85 54 54 50 05 2A A8 00 55 0A 2A A0 01 2A A8 02 85 0A AA A0 05 55 29 51 20 15 55 
[  123341] ch52 r1 a3: 01 40 55 54 00 01 55 0A 15 20 A5 54 00 2A A5 55 54 00 05 55 00 50 A0 4A AA 00 55 55 15 50 01 55 
[  123342] ch52 r1 a3: A4 10 15 20 A1 45 55 55 49 55 55 42 A4 55 50 0A 2A A0 A8 AA 92 2A AA 55 45 49 12 84 8A 55 2B 56 
[  123354] ch52 r1 a3: 30 C5 49 20 09 44 8A A4 29 68 89 22 98 14 2A CA 51 51 7A 49 8B 15 D4 88 93 32 B6 52 94 4D 44 A9 
[  123356] ch52 r1 a3: B4 01 01 0D 55 50 04 55 55 53 BB 27 55 55 5B 6F 24 5B 1D 6A 99 54 D1 55 59 2D 5B 52 9B 56 BB 6A 
[  123362] ch52 r1 a3: 00 AA D0 02 08 01 6B 40 00 6A 85 04 00 45 AA 00 00 41 42 A8 00 01 55 40 00 28 02 D5 00 11 52 00 
[  123362] ch52 r1 a3: 40 00 1E 20 00 42 90 14 20 00 95 50 00 95 0A 52 80 01 2D 28 00 80 09 2D 20 01 4A 40 A0 00 0A A9 
[  123363] ch52 r1 a3: 11 24 8A 00 09 14 A0 2A AA 00 04 89 00 00 01 28 82 A8 AA 54 45 54 91 28 00 00 55 51 2A A2 14 00 
[  123382] ch52 r1 a3: 12 94 B3 18 A1 51 59 B6 DD 29 54 21 D5 0A 2A 91 41 19 15 4A 8B 4B 2D 2B 4E 7D 0A 59 69 29 B9 EA 
[  123428] ch52 r1 a3: EA 32 55 92 2A 4C 91 2C 4A 01 B0 95 49 A3 56 D9 23 F7 2C FB 59 6D D5 DF B7 6A 9F D7 F2 56 C9 52 
[  123441] ch52 r1 a3: 09 75 55 2A 21 55 D5 00 2A AA A5 54 28 AA AA 84 52 A2 AA A8 02 AB D5 2A 54 29 57 44 00 B5 55 15 
[  123441] ch52 r1 a3: 55 E9 4A 54 55 56 80 2A B5 55 4A A8 15 6F 45 15 52 AA A8 13 46 AA 96 6A AA C2 15 54 15 55 4D 55 
[  123446] ch52 r1 a3: 00 00 00 00 00 00 00 00 00 00 00 00 00 54 A6 75 33 55 61 BF 3A 5E 4F FF FF FF D5 3E FE EF BF 7F 
[  123454] ch52 r1 a3: AA AA 04 A8 55 52 84 A8 95 55 50 8A 89 55 55 54 AA AA A5 55 4A 55 55 54 09 52 8A 54 AA AA 00 AA 
[  123454] ch52 r1 a3: 01 55 55 2A 00 42 AA 90 04 AA A9 55 10 15 55 40 14 28 02 AA A0 2A AA 8A 14 00 A5 55 08 2A A5 55 
[  123455] ch52 r1 a3: 2A AA 80 2A 2A 55 55 00 55 55 4A 8A 20 AA AA 82 15 51 55 54 00 55 52 80 14 00 AA AA 00 2A A9 4A 
[  123455] ch52 r1 a3: 22 AA AA 2A 05 2A A8 40 55 45 15 50 81 55 54 12 91 20 55 4A AA A9 45 29 50 01 2A 2A 95 4A 22 A1 
[  123462] ch52 r1 a3: 15 52 AA A8 01 55 45 00 54 52 AA A8 00 55 55 45 54 21 55 54 04 2A A2 AA 10 09 55 52 8A 28 55 55 
[  123463] ch52 r1 a3: 05 54 AA AA A8 09 55 40 15 14 55 55 00 55 55 45 45 48 2A AA 80 15 51 55 54 00 2A A5 02 55 2A AA 
[  123464] ch52 r1 a3: 55 55 4A 08 41 55 54 08 55 4A AA A0 02 AA 84 21 41 0A AA 00 45 55 54 A9 05 55 40 02 AA 92 A5 42 
[  123464] ch52 r1 a3: 05 45 55 48 AA A4 A0 15 20 0A AC 80 88 AA AA 80 00 49 45 55 54 2A AA 15 20 00 11 25 49 14 A0 55 
[  123502] ch52 r1 a3: 2F 37 D0 02 F1 93 B6 AC 97 FF A0 02 FA 17 FD 40 01 7F 82 B3 60 02 E0 17 FF AA AC CD 76 AF FD 00 
[  123503] ch52 r1 a3: 52 EE C0 00 5F F2 6D E6 6A FE 8F 04 00 0A DE AE AF A7 2E 99 33 EF 7D B7 EB 52 B4 94 25 52 94 AA 
[  123512] ch52 r1 a3: 95 62 89 8A 44 B4 4C 4A 55 28 44 01 2A 22 92 12 28 48 11 12 52 A0 11 2D 97 6D B7 DA 97 9B A5 B5 
[  123515] ch52 r1 a3: 15 95 4D 80 13 54 C9 A5 51 5F 40 0A AA AA A5 4A EA 7A AA AA AA 6A BF F6 35 00 2A D5 56 55 5F E8 
[  123516] ch52 r1 a3: AA AB 50 05 FF 40 02 AA A6 CA 90 0D 40 02 BA A0 AC AA B5 FF 50 01 55 6C AA B5 FA 32 7A A8 0A AA 
[  123544] ch52 r1 a3: 37 2A 48 6D 08 12 65 92 0D 0A 33 44 A1 4A 03 91 10 28 60 D6 89 8C B1 28 0A 22 25 2D 10 29 48 2C 
[  123546] ch52 r1 a3: 05 50 02 01 06 53 35 50 E9 B5 69 65 5B 10 25 C8 B1 6E DD 56 A6 CA 9C 41 5D 64 9F 72 7E D5 FD 76 
[  123550] ch52 r1 a3: FE A9 34 14 A0 51 02 D7 EC D4 EA AE AB 7B D9 5B 5F EF DE A6 FB DF F5 F4 A9 AB BF FF FE 6F FB FE 
[  123553] ch52 r1 a3: 4A 32 3F 59 92 4C B1 42 C7 4F 41 7A 1C 51 B1 35 29 14 D5 04 48 85 21 4D 2E B9 DA 32 10 54 92 FF 
[  123557] ch52 r1 a3: 04 04 90 C8 66 32 08 90 45 21 10 2B C6 A6 D5 3A 5C 55 76 F5 EE DE FF BB FF 7E F3 AF FF BD B7 ED 
[  123559] ch52 r1 a3: 55 75 4A 14 01 55 D4 01 6A AA AA A8 00 AF 54 09 45 4A BD 28 02 AB A8 50 A1 5E AA 00 20 AA 95 55 
[  123564] ch52 r1 a3: AF DB FD FB AF E7 5A B6 A7 FE EE FE AB 7F B5 4A B5 BE D4 AA 66 4A 9A 9C B4 AB A3 15 2D 4A D7 55 
[  123577] ch52 r1 a3: 20 B5 5B 6C AD 32 97 25 55 9B F4 D2 84 D6 85 9F 55 6E D5 5F ED D7 6A 5B 6B 7D D6 AA AC CA 72 B5 
[  123609] ch52 r1 a3: 14 44 59 B2 11 10 1A 92 44 42 17 6A 68 51 2D 64 D3 15 2A D4 8D AD 5C A4 4A 51 52 3B 2A E4 4B 55 
[  123640] ch52 r1 a3: 2A A3 29 16 A2 89 92 A4 58 29 52 0D 47 75 B6 AD 69 1B 6E D5 55 EB D7 B8 B5 5A 24 BD 5A A4 B7 B5 
[  123657] ch52 r1 a3: 8E 72 34 E5 11 2A A4 1B 20 A4 57 50 A1 16 5B 4D 4B CC 89 B5 15 54 AC EA E6 D1 B6 D4 AF 55 F5 64 
[  123663] ch52 r1 a3: D0 B9 22 55 21 45 56 95 1B 25 49 8A A3 A9 64 A4 20 01 21 8A A4 A4 AB 09 25 4A 85 0D 7B 04 B2 C4 
[  123674] ch52 r1 a3: A5 55 3B 2D 6C AD 32 B2 BA EB A1 A2 94 6A B9 45 AA 22 CA A4 C9 55 59 95 1A 00 10 80 20 0A AA 99 
[  123683] ch52 r1 a3: 89 54 A4 DA 94 A6 09 45 44 44 75 53 50 48 93 22 A4 CA 94 AE 8B B7 22 54 4B 85 62 A4 92 90 C0 AC 
[  123721] ch52 r1 a3: D5 54 B4 55 54 D7 2A 54 A5 52 52 85 15 55 5D 55 50 53 55 49 C9 25 55 57 55 D5 55 37 55 DA 75 D7 
[  123739] ch52 r1 a3: 51 20 08 24 A5 42 CA 91 71 5A A9 46 A9 88 90 04 92 DA 57 52 59 B0 AD BA 7D 6D 7B AA 09 6A DA 14 
[  123747] ch52 r1 a3: E4 48 79 50 95 22 82 A0 AE CD D2 B1 92 5A E5 25 4C AA 11 05 54 21 7B 5F B7 37 5A 97 B6 E6 EE EA 
[  123777] ch52 r1 a3: AA 12 C5 5A F7 20 24 95 61 4F 45 A4 AE 42 29 62 49 54 99 10 2A C8 28 6E 50 C9 5E 65 6B 82 AC 51 
[  123786] ch52 r1 a3: 19 C0 B2 5A 69 15 88 B1 A2 44 93 52 54 AA D0 A5 80 61 11 25 8B 6B 29 04 2B 3A 08 17 14 0B 5A 89 
[  123791] ch52 r1 a3: AC D2 64 0A AF A2 13 5A 53 65 2A 94 26 D4 98 D5 75 41 2B 01 4C 95 5B 57 A2 B4 4C AC C8 A9 5B 46 
[  123793] ch52 r1 a3: 8A 23 1C 74 93 62 D0 94 27 65 49 A2 E8 8B 14 AB 49 58 21 22 50 81 51 52 AA 51 96 0A 35 A2 86 88 
[  123812] ch52 r1 a3: 29 68 F5 75 29 55 5D 5A 82 5F 57 4D CE AA AC 49 4A 76 D5 32 DA D4 93 6A A6 D3 9D 65 2B 4A FC 27 
[  123870] ch52 r1 a3: 28 29 45 99 64 8A 90 52 29 69 21 00 88 80 44 6D 51 51 08 85 1A 52 AA 1A 55 6D 52 BE EB F3 81 6B 
[  123958] ch52 r1 a3: 45 50 E9 25 55 2A 6A 24 29 EB 55 49 50 8A E8 4A E6 56 24 A2 D3 56 57 25 25 24 96 AC 50 53 6A 4A 
[  123961] ch52 r1 a3: 44 9D 70 30 2A A1 21 4A A0 32 62 50 D9 22 A8 A8 06 5C CB 4A CA BB BA 2A 6D 72 E5 7B DD ED 32 4A 
[  123975] ch52 r1 a3: 54 51 05 50 24 98 15 3B AE B7 5C AF AB DE DD B5 DE FF 4D 56 AA B5 69 D8 AA AA D4 E5 2A EE DF 7E 
[  123997] ch52 r1 a3: 00 35 55 15 35 55 BD 2A EA A6 B5 5D 22 B8 9B D7 AD 2A EB D6 DC BD F9 AF 7E D9 15 DF 7E BE 95 A9 
[  124005] ch52 r1 a3: AA D5 5E AA AA AA AD AA AA A9 97 55 9A AA AA AA AA AA D5 6A 81 57 FE AA AD BA AA AA AF 75 40 2A 
[  124031] ch52 r1 a3: 12 8A AA 04 80 A9 2A 00 A1 54 08 0A A9 54 14 51 26 A0 84 A8 28 82 AA 4A A2 82 21 02 A5 02 AA 04 
[  124031] ch52 r1 a3: 05 6A A0 0A 00 41 55 00 0A A9 42 A8 00 05 55 00 28 80 95 54 00 94 0A 2A A0 00 15 54 02 85 00 55 
[  124032] ch52 r1 a3: 05 50 2A AA 00 22 A9 40 14 00 52 AA 00 15 42 8A 50 00 AA 94 00 A1 40 AA 20 01 55 10 50 40 0A AA 
[  124032] ch52 r1 a3: 2A 85 0A 00 11 55 40 00 A0 A5 55 00 02 AA 8A 04 00 88 91 49 40 00 01 52 50 A9 11 54 88 95 14 45 
[  124047] ch52 r1 a3: 81 30 AA B5 A4 4A A8 AA 14 95 11 32 67 34 16 D5 6E 93 AA 93 25 8A 09 65 6B 56 A5 E0 92 A1 11 4D 
[  124057] ch52 r1 a3: 55 ED 1D 55 41 57 D0 21 56 65 B3 27 40 2F FE AD B4 EC D0 06 CE AA 76 6A 0A AA A5 53 7F E9 7F F6 
[  124058] ch52 r1 a3: 05 FF 80 02 BB 68 AA 67 5F A8 05 FF FE C5 75 02 BF AA B3 67 97 FA 95 25 54 00 0B FF 4F 37 15 55 
[  124076] ch52 r1 a3: 3D 32 3C 29 02 49 1D 48 54 25 AA 9E AA AB 63 1D F7 F5 75 DD 7A D9 A9 4B A8 AB 45 9A 86 AA F5 9B 
[  124090] ch52 r1 a3: AA AA 99 28 AC AA 89 A5 6A 36 63 53 62 AA 5D D9 AD 95 6B 35 4B DB A5 B6 B2 AD EA A6 DB 67 B7 AB 
[  124096] ch52 r1 a3: 47 18 01 1D 21 01 24 AA D1 35 C5 45 B0 02 80 0B C8 05 08 9E 64 53 47 DA B2 43 23 14 44 31 04 35 
[  124097] ch52 r1 a3: 00 F5 E8 02 04 00 F5 E0 02 15 41 A2 00 00 7F C0 00 18 02 EB 80 00 F5 00 0C 00 43 EA 00 08 A9 82 
[  124097] ch52 r1 a3: 00 02 30 00 05 FD 00 00 FC 48 90 50 C8 00 5F F4 00 00 90 55 40 00 0C 48 64 80 00 C9 80 00 A0 00 
[  124098] ch52 r1 a3: 18 00 0D 12 00 19 40 01 0D 0A C0 C1 33 60 91 D5 73 00 11 28 02 19 AF FF 33 50 A0 00 8A 80 8E 82 
[  124101] ch52 r1 a3: 02 FA 50 05 14 55 E8 80 05 5E 41 43 00 3A F5 01 0D 61 42 80 00 2D E1 02 50 51 57 00 00 BB 28 06 
[  124140] ch52 r1 a3: 05 4A 96 62 6A 29 16 B1 45 62 33 75 B6 F3 2A FD 59 64 53 90 65 56 12 AC 40 A4 90 42 44 96 B5 45 
[  124147] ch52 r1 a3: 8C 9A 76 64 40 A3 4F 54 6A 90 69 44 85 19 C7 D4 C8 A8 60 84 76 48 92 15 4C 03 EA AA D4 B2 46 A8 
[  124150] ch52 r1 a3: 51 44 41 0B 4B 1A 22 A8 40 AA 80 21 54 D0 00 48 4A 90 54 E2 35 49 48 2E 8A 94 88 50 B1 13 02 A1 
[  124159] ch52 r1 a3: 11 15 54 0A 21 02 00 08 22 20 00 42 00 88 80 20 20 00 04 20 00 00 02 82 08 00 00 08 01 14 00 10 
[  124159] ch52 r1 a3: 68 00 00 00 10 00 00 00 05 00 00 10 48 00 48 80 00 00 00 00 20 00 80 00 12 20 00 04 00 04 00 02 
[  124160] ch52 r1 a3: 00 00 04 02 00 22 01 00 00 02 00 14 00 00 00 90 00 80 00 80 00 00 00 40 02 0B 94 A2 B0 D9 38 A2 
[  124173] ch52 r1 a3: A5 9B 35 55 6A B5 AE 8A AD 15 56 AA AA AB F9 7F FF EA BA DD B6 E9 B5 7F D5 76 6B D5 00 15 9A AB 
[  124189] ch52 r1 a3: 54 AC D1 29 DA DD 5B 53 AB 51 69 4A D5 18 55 5B 5A E4 B5 96 1C 5D 4C A9 45 BB 2C 8F 1B 56 BE A6 
[  124232] ch52 r1 a3: 54 88 C9 11 45 10 81 15 4B 01 A0 11 14 A2 50 45 2D 32 80 2A 83 54 95 54 95 25 C2 09 25 46 14 3A 
[  124233] ch52 r1 a3: 6B 22 20 26 4A 45 49 0B 2C 6A 24 29 28 A8 A2 2A 05 50 01 16 C0 01 01 55 29 09 48 ED 59 C7 40 41 
[  124238] ch52 r1 a3: 55 A9 6A AD 55 4A D5 B4 AA FD 94 5A 7B EA EB F5 40 54 6E FF A9 55 55 6D 55 B6 DA A9 55 0A 55 50 
[  124294] ch52 r1 a3: 12 A4 45 09 08 48 02 09 2C B5 B3 52 08 1D 52 59 42 C5 42 08 22 48 65 53 52 54 55 6D 4D 52 B5 55 
[  124303] ch52 r1 a3: 80 0C 00 10 04 0A 86 01 40 92 24 D0 12 86 C2 DD 29 92 A5 55 1B 7B BA BC DD 33 9F 5A F2 EB EE ED 
[  124311] ch52 r1 a3: C0 4B 10 22 A0 44 42 28 85 45 55 52 09 59 0A 45 CA D1 52 C9 21 28 AB 29 04 49 5D 2A 25 59 68 D6 
[  124321] ch52 r1 a3: 44 84 14 20 10 02 42 5A A2 BC 67 6D 25 55 5D 49 BA D7 53 B4 76 D4 A2 82 A8 C5 CB AA EA CB 55 2D 
[  124347] ch52 r1 a3: 90 C4 08 91 08 15 01 00 48 84 28 11 44 41 06 15 05 04 44 01 01 44 45 14 5C CB 5A E5 4C 57 5D 61 
[  124389] ch52 r1 a3: 24 B2 94 AC 4E A5 9A 1D 53 AB 7D FB 1D 5A FF AB 52 56 BE D7 D6 35 02 51 4A 10 46 94 6A 4C ED EB 
[  124396] ch52 r1 a3: F2 90 14 10 A1 28 AA D2 56 61 05 49 29 A2 F0 0A 85 98 6A 08 B2 29 49 28 0A 4B 10 44 C4 21 40 C4 
[  124442] ch52 r1 a3: B5 B5 BA B7 B7 6A BE BA EA EB AE AA BA EA AA AE AE AA BF AB EB EA AB AB 7B 2C D0 B5 5D DF D5 77 
[  124450] ch52 r1 a3: 45 A5 65 55 34 F5 2A 41 1B 14 2D 55 B2 85 12 99 55 11 4E 80 8E E4 86 8D 11 29 AB 45 5A A2 88 CD 
[  124496] ch52 r1 a3: 08 46 A9 69 46 14 83 3A 64 46 91 84 68 59 54 26 D0 98 94 91 29 12 4C 48 85 16 65 6B 15 7D 58 BA 
[  124532] ch52 r1 a3: A2 4B 42 71 0C 93 11 0A 56 62 CA A1 54 D1 26 20 26 00 A9 4D 27 9A 54 94 4A 94 02 48 80 59 5E D5 
[  124550] ch52 r1 a3: 6A 10 AA C9 88 55 52 65 29 0D 48 55 54 F5 42 CA 69 54 B1 A3 56 9B 2B 51 32 22 5A A4 BD 52 A3 5D 
[  124551] ch52 r1 a3: 09 51 D5 5A D1 11 64 02 A7 56 A1 10 50 85 33 14 2A 58 71 81 56 08 B8 61 4C F4 40 2C 95 6B D7 FB 
[  124557] ch52 r1 a3: A5 18 90 2B 0D 00 C1 89 0B 23 4C 60 84 85 93 CA AB DB C6 BE 76 54 56 D6 D5 6B 56 B5 B8 DB F5 AF 
[  124610] ch52 r1 a3: 62 90 17 AC 96 AA 6A 9B 4B 66 AE DE 5C BE D4 BE D5 D5 2D A3 95 96 95 7D FD 57 CA BA BD 56 F3 57 
[  124644] ch52 r1 a3: 19 AA 8A 91 14 92 AA AA AA AA D9 2B 58 AD E1 AA C3 56 B3 69 F2 FD 05 52 ED D6 E5 D6 E5 AB 56 AD 
[  124687] ch52 r1 a3: 00 00 00 00 00 00 00 00 00 00 00 00 00 00 00 00 04 00 00 00 00 00 00 00 00 05 55 45 44 4C 54 94 
[  124757] ch52 r1 a3: A6 40 02 64 68 C0 12 05 65 04 52 14 A0 12 A1 55 0A 7B 94 96 45 08 15 55 53 7A 9E A6 D5 5F 35 94 
[  124761] ch52 r1 a3: AE BB 55 57 BF D7 BF D7 B6 ED FF FF D5 5B BA BB AA FF EA B6 ED F6 FF EB D5 55 5D 3D 6F ED 5F FF 
[  124768] ch52 r1 a3: 89 68 11 90 8C 44 55 09 41 6F A2 E6 45 46 CA 0B A2 D5 A4 04 A5 0A D3 45 19 55 85 0C 70 B3 2A 97 
[  124772] ch52 r1 a3: 19 19 A6 88 49 28 68 28 51 1A 9B 86 D1 36 5C 6C 92 D4 D2 12 B2 2A 46 A2 A5 05 11 52 A2 21 42 54 
[  124776] ch52 r1 a3: 42 88 01 24 28 8A 5D 16 9A B7 5A 2A 90 66 9B 55 A5 54 6E 9A B4 E2 A5 28 A5 A6 54 F1 75 6A CA AB 
[  124778] ch52 r1 a3: 28 A2 AA 00 2B A8 00 11 42 AA A8 02 AF 10 28 50 0A AE A0 01 55 28 54 00 02 BD 20 02 82 8A AC 20 
[  124778] ch52 r1 a3: 00 F5 40 0A 00 22 EA 80 05 54 C2 A8 00 17 D5 00 28 20 05 AA 00 65 AA 0A 10 00 2A AA 00 11 51 4A 
[  124779] ch52 r1 a3: 0D 74 80 05 0A 2A E0 00 3A A0 04 00 4C 5F A8 24 40 21 21 50 80 0A A0 AA B2 00 0A 60 20 02 82 B0 
[  124779] ch52 r1 a3: 10 55 A9 2A 23 25 27 22 48 28 2E 59 A1 94 12 94 D0 11 64 1A 0A 12 0A C3 41 02 86 28 46 44 91 0B 
[  124792] ch52 r1 a3: 95 65 AA 4A AB D6 AE 59 E9 8A 52 A9 02 22 E9 D2 CD D4 B5 D4 BB 51 AA 85 B9 C2 8D CD 75 7D A8 58 
[  124799] ch52 r1 a3: 02 00 02 04 80 00 00 00 00 00 00 00 00 02 00 00 00 00 00 01 00 00 00 00 20 95 FF 57 75 5F FF EC 
[  124805] ch52 r1 a3: 0B 54 81 22 45 89 55 40 49 2A D2 22 54 AB 4A 54 4A 92 A4 44 8D 1B 4A 68 56 92 A4 95 25 2A 46 14 
[  124826] ch52 r1 a3: 5F FF 5C DA EE EA AE DD 7E 80 2A FF FD B7 7A A9 4E DF 50 1F 6A AD DF F9 B5 DB 55 55 40 1D A0 1D 
[  124839] ch52 r1 a3: 00 41 00 94 00 00 42 A0 00 00 02 A2 80 00 14 00 02 00 00 55 00 00 00 00 2A 80 00 51 40 08 00 01 
[  124839] ch52 r1 a3: 00 10 20 82 00 00 A4 00 02 00 85 A0 00 10 82 01 00 00 2A 84 00 00 00 14 08 00 42 80 00 00 01 55 
[  124840] ch52 r1 a3: 01 01 04 20 00 4E 00 01 00 0A 50 01 28 00 22 28 11 2A 00 00 04 01 22 04 29 20 81 12 00 00 00 00 
[  124841] ch52 r1 a3: 00 01 89 10 80 40 93 00 05 54 00 12 01 45 54 19 28 80 02 00 02 80 02 04 91 00 55 00 09 00 08 80 
[  124866] ch52 r1 a3: 2A B5 55 56 AA A8 05 57 FD 55 95 52 AA AA AA AD 57 65 55 66 AA AA AB 55 4A D5 65 55 55 55 AB FA 
[  124892] ch52 r1 a3: 76 8F FE E7 AB 36 AB FA 00 BF FF E7 D0 0A FE AA FF AA 75 B3 D5 D5 5F FA A0 5F FF D7 FD 00 05 7D 
[  124903] ch52 r1 a3: 82 2A 55 5A 57 AD DD 55 6D 59 ED B7 BB F4 55 6A 75 2A AB 6B 59 35 6B 4F 7D B2 6F CB B5 6A EF B7 
[  124910] ch52 r1 a3: 47 D5 9B 2A 2C 58 93 21 24 D9 29 58 85 1B 5B 52 CB 42 C5 40 94 46 51 0B 55 D5 5B 35 EE 5F AD 6D 
[  124935] ch52 r1 a3: 44 9A 12 18 8C 42 28 09 40 A8 A8 49 52 A4 A4 A2 01 64 C5 A4 4A 20 A9 59 45 00 55 44 44 B2 E0 0C 
[  124952] ch52 r1 a3: 22 4C 49 2B 24 0A 51 34 84 49 52 AA E8 D5 5A 4D 4A 39 6A 31 9A B2 2C 82 B1 6A 09 95 55 52 DE D5 
[  124957] ch52 r1 a3: 04 50 40 82 00 0A A0 00 08 08 12 A0 00 14 28 01 00 00 55 50 00 05 50 50 40 00 15 40 00 02 00 52 
[  124958] ch52 r1 a3: 08 21 02 04 00 01 55 00 00 80 25 14 00 02 A0 00 10 00 85 50 00 02 81 14 A0 00 AA 00 00 40 04 2A 
[  124959] ch52 r1 a3: 00 AA 0A 08 00 00 55 00 00 21 41 54 00 05 54 00 20 80 05 2A 00 00 A9 04 04 00 00 55 24 00 08 44 
[  124959] ch52 r1 a3: 21 10 81 51 50 01 15 04 80 90 28 04 51 10 01 22 84 49 56 A5 5C AD 4E D1 55 69 52 A2 4A 49 55 11 
[  125002] ch52 r1 a3: 04 50 A5 40 28 82 8A 82 15 20 41 01 02 82 D7 6D 5E 95 DC AE 2F 3A ED 5B 55 B3 2C DD DA FE EA B0 
[  125005] ch52 r1 a3: A2 24 02 02 04 00 00 81 00 00 00 00 00 00 00 40 00 00 81 00 00 08 00 00 00 01 14 5F FF FF E2 BF 
[  125022] ch52 r1 a3: 8A 35 49 29 90 91 06 13 45 9A B5 76 FD EA E6 F6 7F 7E AA 1B 6D B5 F4 EB 9E EF E2 D6 A5 4C DA D6 
[  125045] ch52 r1 a3: 08 A2 00 00 04 00 00 00 00 00 00 00 00 00 00 02 00 00 00 00 00 00 48 00 00 00 00 20 00 02 00 00 
[  125049] ch52 r1 a3: AA 00 A8 AA A8 02 AA 00 01 41 55 54 00 02 D5 00 50 02 95 55 00 10 AA 95 50 81 55 54 00 95 42 95 
[  125050] ch52 r1 a3: 0A A1 4A AA 00 15 61 02 28 51 55 40 00 B5 50 0A 10 A5 D5 44 02 55 45 54 20 2A AB 40 28 A0 AA AA 
[  125051] ch52 r1 a3: 05 6A 80 04 14 2A D5 00 2A A9 05 0A 00 AA D0 48 A1 50 A8 49 54 20 AA AA 05 48 04 4A 28 25 40 00 
[  125051] ch52 r1 a3: A3 15 41 6A A9 64 5B 5A BA 9F 4D C9 FA AA 65 D6 35 26 4D AB 6D 35 EA AA B3 6B 2A B6 71 56 AF A6 
[  125072] ch52 r1 a3: 00 00 00 08 00 40 00 02 00 00 00 00 20 00 0A 00 00 40 00 00 00 00 00 20 00 A8 00 00 20 00 40 00 
[  125072] ch52 r1 a3: 00 08 00 40 00 01 01 00 02 00 00 00 00 50 08 00 00 00 00 08 90 00 00 04 00 00 00 80 2A 00 00 00 
[  125098] ch52 r1 a3: 97 B9 3F 5B 47 A5 EC 5E 7F D2 AB 1B 20 ED BC FF FE 9A 88 A6 90 A6 91 A2 A9 D2 3E A1 97 52 8C AE 
[  125122] ch52 r1 a3: 00 00 00 2A AF 8C 62 F5 80 57 29 F0 28 C4 38 48 2A 69 2E 30 39 10 DC 19 08 C0 4B 20 7E 6F 7B F6 
[  125127] ch52 r1 a3: B4 09 D2 59 24 52 11 52 BB D4 9B 6D 5A 97 6B 56 6F 2D 55 6A 55 FA B7 47 BA 59 6B 55 B7 F5 EB D1 
[  125142] ch52 r1 a3: 59 11 4E 48 94 54 22 51 4A 07 A8 04 02 84 55 10 04 52 A9 12 24 42 82 D2 C1 87 08 23 4C AB 42 41 
[  125156] ch52 r1 a3: 25 59 15 4A 9A 54 5A 46 54 95 55 5D 55 E5 55 45 55 55 5C AD 5D 65 95 D5 D7 D5 27 35 55 55 51 4D 
[  125212] ch52 r1 a3: 35 A5 D1 08 21 A9 21 00 8A 62 02 12 07 4A 2A 89 4C 44 08 B5 57 66 EF EE ED BD EE EB 6F C9 A6 47 
[  125223] ch52 r1 a3: 19 54 2C 91 C9 52 AA E5 35 D7 24 AD B9 55 A2 9A 5C F5 32 CD D5 53 46 D0 BB 35 49 AD 56 A5 68 E5 
[  125265] ch52 r1 a3: 5A 11 4D 51 50 45 54 A5 56 54 05 55 44 F2 52 D5 56 D7 31 55 56 D5 3A 94 B5 36 65 34 BE DD B5 49 
[  125284] ch52 r1 a3: 05 15 A5 2A BD 7D 35 97 E9 2D 4A 9D 42 D7 58 95 5A AA A9 15 46 54 B5 65 21 59 12 F1 4C B2 12 EA 
[  125313] ch52 r1 a3: A0 03 25 08 20 A2 4C A4 97 45 10 00 11 00 40 04 85 00 09 00 28 48 80 24 05 52 53 22 88 2A BF 5E 
[  125415] ch52 r1 a3: 00 00 2A AA 83 9C E8 53 E2 D0 0B 86 AB 7C BF 7F 6F FA DE FD BB FD AF 55 BE EE 52 45 E9 20 49 15 
[  125415] ch52 r1 a3: 09 AB 4C 49 ED 08 45 92 88 24 84 8A 2A 2E AA 49 A5 69 64 96 EC A9 CF 25 55 6A E1 5E 99 7B A4 C9 
[  125425] ch52 r1 a3: A8 A2 2A 4D A6 30 00 2A B7 8B B3 EA D9 CA 89 1B DF F5 FE B5 5D F7 FF DE AB DF EE DF FE FF E7 BB 
[  125441] ch52 r1 a3: EB 56 AB 22 44 C9 2B A9 D2 AA 32 C5 55 04 89 4D 2A A3 71 34 16 87 54 3D 98 2A DA BE 6D 8C AD 6F 
[  125451] ch52 r1 a3: 25 81 A2 10 00 09 20 8A 9A 2A AA AA A6 AA AA BA AA AA CA A6 22 21 5D 7F F5 A5 5D 36 9F 54 F5 55 
[  125459] ch52 r1 a3: 22 ED AA AA 94 B2 AA 59 46 55 D3 93 5A B0 A7 AA BB BD 4E 59 BD 55 59 BB 2D D5 5E 57 6D A5 A7 6A 
[  125490] ch52 r1 a3: 80 00 00 00 00 00 00 00 00 00 04 00 00 00 00 51 12 55 1B 11 27 55 10 42 21 9A 9A A4 E5 05 1A A2 
[  125517] ch52 r1 a3: 14 52 11 28 F8 6D DE B5 9F 29 3A D5 B0 9B 86 EF B4 55 2A 8A 34 64 C5 DB 56 AA 54 95 54 55 31 66 

Команды: b (фон), s (скан с нажатиями), c N (канал), r N (0=1M,1=2M,2=250k),
a N (адрес 0..3), f (фильтр), x (XN297 декод вкл/выкл), p (сниффинг старт/стоп), # метка, ? справка
Сейчас: канал 52, скорость 1, адрес 3, фильтр выкл, XN297 выкл, сниффинг выкл

Команды: b (фон), s (скан с нажатиями), c N (канал), r N (0=1M,1=2M,2=250k),
a N (адрес 0..3), f (фильтр), x (XN297 декод вкл/выкл), p (сниффинг старт/стоп), # метка, ? справка
Сейчас: канал 52, скорость 2, адрес 3, фильтр выкл, XN297 выкл, сниффинг выкл

Команды: b (фон), s (скан с нажатиями), c N (канал), r N (0=1M,1=2M,2=250k),
a N (адрес 0..3), f (фильтр), x (XN297 декод вкл/выкл), p (сниффинг старт/стоп), # метка, ? справка
Сейчас: канал 48, скорость 2, адрес 3, фильтр выкл, XN297 выкл, сниффинг выкл
------------------------------
# ON r2 c48

Команды: b (фон), s (скан с нажатиями), c N (канал), r N (0=1M,1=2M,2=250k),
a N (адрес 0..3), f (фильтр), x (XN297 декод вкл/выкл), p (сниффинг старт/стоп), # метка, ? справка
Сейчас: канал 48, скорость 2, адрес 3, фильтр выкл, XN297 выкл, сниффинг вкл
[  126870] ch48 r2 a3: 11 85 04 6A CA A4 A4 A8 95 53 9A 4B 50 40 54 8A 49 18 CA 02 55 44 92 24 88 2A A4 02 08 0A 52 B8 
[  126888] ch48 r2 a3: 34 12 40 B4 A8 AD 45 22 0A 44 47 30 88 A9 24 C5 77 66 A9 A2 4B 12 91 6C 39 4A 4B 14 90 2B 65 7D 
[  127040] ch48 r2 a3: 00 40 00 20 20 00 00 40 00 00 04 00 01 44 50 03 7E FF AF 7E DF 7D FE DE DF 7B 55 5D 49 E9 B3 53 
[  127075] ch48 r2 a3: 92 82 9D 54 B2 92 86 3A 50 9E 2B 31 52 D3 14 9A 89 6A 39 8D A4 57 75 AB EA 68 64 62 96 D6 6B AD 
[  127239] ch48 r2 a3: 1A A9 22 8A 48 4F 48 A2 3C C0 82 29 12 33 52 22 56 4C 25 25 8A 31 81 42 A8 40 19 4E A4 4E 95 50 
[  127241] ch48 r2 a3: 4A 41 01 22 14 71 82 00 42 68 A4 61 68 94 D5 2B 50 4A A5 44 9C AE 5C AA 47 6A AD AD 31 3A 95 A3 
[  127299] ch48 r2 a3: 00 40 00 00 20 40 00 00 00 40 00 00 0A 10 AA 02 11 05 25 20 A2 84 42 80 29 23 24 41 4A 10 00 2B 
[  127307] ch48 r2 a3: 04 A8 94 00 50 21 45 A0 50 D5 15 11 16 82 51 22 20 8A 91 00 25 4A 08 14 20 00 00 D2 4A 11 A4 01 
[  127344] ch48 r2 a3: 54 21 84 99 49 4A 81 40 6A 31 44 9D 14 54 A8 AA 90 6A 05 4A AC 50 42 21 86 25 A2 B2 EA AB 34 99 
[  127656] ch48 r2 a3: 61 52 A3 11 65 AC 48 AB 19 77 2B CD 68 40 93 28 4A 31 86 C2 11 04 40 54 15 E8 63 50 12 51 AD 55 
[  127806] ch48 r2 a3: 52 25 9A 65 15 8A 20 35 0C 85 62 34 AA 2A 5A E8 37 1B 28 52 21 31 AC D4 25 BF AE B6 A9 EE AE 51 
[  127836] ch48 r2 a3: 8A 0A 26 81 14 89 56 96 B5 54 C6 E4 6A 66 56 A8 9D B0 AD D4 B2 93 59 E5 A2 8B 2A C9 6B 92 AA 98 
[  127956] ch48 r2 a3: 0B DB BF FE EE BE FF 7B BF FD EF FB 7F EF FF 7B 7D EF 76 BE FB 5F F7 7A FF FB FF FF 7D DF EB 7D 
[  128094] ch48 r2 a3: 04 00 41 01 FF 6B 58 AA 6A 7A 77 2E AD E6 94 3A D2 AA D1 77 FF FF FF B8 29 45 55 29 A6 B7 39 59 
[  128146] ch48 r2 a3: 40 00 01 40 A8 22 B8 10 05 22 D6 CA 10 D3 42 C0 94 45 C5 25 35 29 52 1D 91 6A 95 59 AD 50 85 54 
[  128151] ch48 r2 a3: 82 CA 2A EA AB 32 B2 4A AB A4 28 11 40 00 50 2C 09 52 40 20 48 08 BA 52 ED 4B 5C DB 8A D5 1A A8 
[  128184] ch48 r2 a3: A1 28 D3 B9 50 93 AA 35 53 D7 6C 8F DB 5D AA F1 6B 3D 7D E7 5C EA AD 54 AA BC C1 2E B6 AD C5 6C 
[  128287] ch48 r2 a3: A5 09 25 B2 79 6A B5 75 16 55 6A BA B5 14 AB A9 55 6B 48 7A AC E5 49 D5 AF A6 95 AB A9 57 DA D4 
[  128316] ch48 r2 a3: 09 13 49 16 22 83 4B A4 89 55 B5 2A 56 94 C2 D5 2D 95 3D 46 F5 5B B5 6B 55 BA A2 E7 E4 5D 67 5A 
[  128337] ch48 r2 a3: 96 29 20 70 40 56 44 4A 91 2A 0F AD 15 52 20 CE 29 37 2A 9B 35 14 A5 15 3D 29 D2 35 52 52 A4 FD 
[  128354] ch48 r2 a3: 51 56 6B 6D 0A AB 2A 45 6A 94 34 4E 12 99 73 AA 83 D5 B6 AA 15 15 2D 5B 58 B1 A8 52 A9 52 92 51 
[  128527] ch48 r2 a3: A0 A0 55 7F 6E AF 77 AD AD 55 51 AA 1B B5 56 CA 97 75 4A A4 A6 DD AD A7 6A EE E7 5D 54 AA BD 29 
[  128622] ch48 r2 a3: B1 06 AA 81 80 24 94 00 BA A1 04 43 2A B5 55 2A F6 B2 6C 56 6B 6B 22 0D 3A CD 24 AD 2B 35 4B 25 
[  128735] ch48 r2 a3: 4A 88 AA 4A A0 B6 F1 48 A5 4D 04 A5 59 20 88 6A 88 55 24 88 A1 8A D2 95 29 45 5A 5B 73 0B 49 9A 
[  128849] ch48 r2 a3: 26 53 05 A2 A3 45 54 88 32 F5 59 48 B2 2A 92 4E 21 D4 8A 12 1D 58 96 6A A2 AD AD 96 F6 C5 22 D9 
[  128909] ch48 r2 a3: 2A 05 B1 2C A2 49 66 8A A2 10 20 51 05 92 26 40 AA 54 82 A1 A2 29 BD CA 55 AB 56 EA E4 AA AB 76 
[  128916] ch48 r2 a3: 90 60 A8 20 42 08 4A 4A 02 92 08 D2 91 42 2C 10 53 45 56 29 20 22 89 31 14 10 40 17 48 CA 14 45 
[  128938] ch48 r2 a3: 87 17 89 25 12 D0 50 4B 5A 85 40 D2 D4 1D 25 4A 74 E5 AC 91 98 C5 35 42 D4 B6 A8 BE EE DA AF 5F 
[  129230] ch48 r2 a3: A0 A4 7A 4C 2E 20 80 95 82 42 8B 52 42 52 A4 04 CA A0 52 34 1A 84 75 15 AA AA 28 84 50 0B AA 4B 
[  129292] ch48 r2 a3: 3A C6 92 4B 34 89 58 CB AA 2B 7B F6 AF FF B7 6F B5 59 6B FF FF FF DF 7F FE FF FE EF BF 7F FD FE 
[  129463] ch48 r2 a3: 80 00 00 00 00 00 00 00 00 00 00 00 00 00 00 10 00 00 0A 4A 14 29 08 82 94 8A A9 32 B0 AA AB D0 
[  129490] ch48 r2 a3: 08 A4 14 20 40 28 95 10 C4 B4 08 4A 00 85 45 05 5A 6B 61 81 AA AA B6 FD 52 46 AA 25 0F FF F5 11 
[  129581] ch48 r2 a3: B5 0A 5A 11 15 EA 11 6A D5 8A 86 C0 69 4D 00 54 BB 58 A2 D1 50 24 1B A8 AD 4A A6 18 D4 A9 4A 89 
[  129688] ch48 r2 a3: AA 11 72 AA 20 CA B9 4A 91 55 8A A6 0A 65 AB 4A 52 80 28 2E 2B 49 00 68 8A A1 65 25 5A 4F 59 14 
[  129719] ch48 r2 a3: 84 84 A1 14 AA 2A 82 03 10 51 A1 08 54 24 4D 09 0D 03 05 49 00 4A A9 40 22 29 12 43 20 B2 89 65 

Команды: b (фон), s (скан с нажатиями), c N (канал), r N (0=1M,1=2M,2=250k),
a N (адрес 0..3), f (фильтр), x (XN297 декод вкл/выкл), p (сниффинг старт/стоп), # метка, ? справка
Сейчас: канал 48, скорость 2, адрес 3, фильтр выкл, XN297 выкл, сниффинг выкл

Команды: b (фон), s (скан с нажатиями), c N (канал), r N (0=1M,1=2M,2=250k),
a N (адрес 0..3), f (фильтр), x (XN297 декод вкл/выкл), p (сниффинг старт/стоп), # метка, ? справка
Сейчас: канал 48, скорость 2, адрес 3, фильтр выкл, XN297 выкл, сниффинг выкл

Команды: b (фон), s (скан с нажатиями), c N (канал), r N (0=1M,1=2M,2=250k),
a N (адрес 0..3), f (фильтр), x (XN297 декод вкл/выкл), p (сниффинг старт/стоп), # метка, ? справка
Сейчас: канал 49, скорость 2, адрес 3, фильтр выкл, XN297 выкл, сниффинг выкл
------------------------------
# ON r2 c49

Команды: b (фон), s (скан с нажатиями), c N (канал), r N (0=1M,1=2M,2=250k),
a N (адрес 0..3), f (фильтр), x (XN297 декод вкл/выкл), p (сниффинг старт/стоп), # метка, ? справка
Сейчас: канал 49, скорость 2, адрес 3, фильтр выкл, XN297 выкл, сниффинг вкл
[  131713] ch49 r2 a3: 00 00 00 00 00 00 00 00 00 00 00 00 00 00 00 00 00 00 00 00 00 00 00 00 00 00 00 00 00 00 00 00 
[  131765] ch49 r2 a3: D2 A9 0A 94 AD 5E AA AE 51 54 E6 F5 2A AA D2 C5 D9 6D 55 6E 4D 96 4D 55 55 8A BB CA A5 AF EC 55 
[  131917] ch49 r2 a3: 32 5E A1 11 24 A4 D5 11 6A E6 6A AF EB AD DD AA 56 02 D6 E7 B5 E2 B5 3D 6A D5 B5 EA 8B 75 B5 F2 
[  131922] ch49 r2 a3: 09 49 55 DD 49 26 CE AD 75 6A AB D5 6A 17 D3 95 BC BB EF DE FB 7B B1 D7 F7 FB BD A5 55 0E AE A5 
[  132273] ch49 r2 a3: 02 10 40 80 00 08 02 00 0A 00 00 80 00 00 84 11 26 A2 D5 74 6A D2 D2 A6 95 5A 91 A6 AA AD 65 2A 
[  132317] ch49 r2 a3: 00 00 08 00 00 00 00 00 00 00 00 00 00 02 5B 35 AE FF FF FF FF FF FF FF FF FF FF FF FF FF FF FF 
[  132347] ch49 r2 a3: 10 82 02 A9 55 56 A6 56 55 D5 24 AA 57 52 2A 4A FA 9A 37 7A D4 29 4A A9 4A BC 9E C5 44 AA B5 46 
[  132363] ch49 r2 a3: 24 82 20 80 28 51 52 5B 41 0A AF DB 69 75 AB F6 4B BE 46 CB D3 D1 4F ED 66 47 6B AC C4 6A 92 4F 
[  132707] ch49 r2 a3: 96 16 A7 32 AA 05 55 44 95 55 25 56 52 A1 99 55 52 84 52 A1 29 A4 29 4A AA 85 49 A4 85 2D 5B 55 
[  132735] ch49 r2 a3: D2 AA EA 8D C2 8B 2D 4A A5 CA AA 52 A9 2E B2 A9 55 4D CB 0C 9B 6E 5B 45 68 FA B4 AA B6 EE 8B 29 
[  133146] ch49 r2 a3: 00 80 10 00 00 00 00 00 20 08 00 00 80 08 00 02 00 08 00 00 80 D5 7E E9 55 D4 A3 E9 10 B0 97 AA 
[  133200] ch49 r2 a3: AD 32 38 4D 2A 54 C3 A9 66 54 4A 9B B4 BA 55 6D 55 A9 50 B2 61 2A 49 4A 52 AD 4C BE 6D 66 C3 10 
[  133251] ch49 r2 a3: 00 00 00 00 00 00 00 00 01 D5 A9 22 A5 17 2A 29 CD C9 60 95 52 55 EB 45 A4 94 AF FB BF FF FF FF 
[  133366] ch49 r2 a3: 20 91 24 0A 36 20 01 0A 22 28 0A 30 4A 28 A9 08 09 12 29 0B 55 0C 50 84 5A A5 24 62 29 34 8A 45 
[  133367] ch49 r2 a3: 85 96 AE 57 BF FF 72 2A BA 5B AA BC AA 5B 5A A6 95 92 D5 56 8E CF 5A B4 C5 69 AA 8B 54 AB 55 4F 
[  133452] ch49 r2 a3: 41 2D 55 4B 12 CA 8D FC A6 81 C1 5B 64 94 17 BA D7 5D F4 9A F5 C5 AA B5 4D 51 85 55 55 A2 5B 95 
[  133518] ch49 r2 a3: 2E 91 6B AA 90 BA 1A B5 53 5A 95 28 CA 35 02 A2 A4 A6 6A D7 5F 4C ED 95 A7 1F BD B5 DB 55 50 B1 
[  133523] ch49 r2 a3: B8 AE 4C 19 68 22 CF C9 5E A9 34 0C 02 C1 0B 3A 57 12 87 69 45 62 95 4A A4 C4 AD 55 25 61 45 6F 
[  133573] ch49 r2 a3: 24 22 A4 15 08 81 55 A4 25 35 2A 94 9A 8A 22 B1 48 C9 53 51 4A A1 45 88 02 AD 45 86 58 4A 54 8A 
[  133620] ch49 r2 a3: 52 95 45 52 60 34 A2 AA A5 06 55 AA AC A4 A5 0C A8 64 54 85 48 05 93 5A 52 BC A9 4A 96 52 AA C0 
[  133864] ch49 r2 a3: 9B 24 12 92 46 90 10 00 01 00 00 00 00 00 00 00 00 00 00 00 00 00 09 08 00 08 00 00 00 00 20 00 
[  133872] ch49 r2 a3: 10 02 22 40 02 12 02 A0 80 45 14 20 A1 41 10 20 A8 22 C0 00 04 14 10 14 21 22 60 44 14 EF FF FF 
[  133917] ch49 r2 a3: 2A 50 10 EE D6 A5 EF DE A9 AA DA A3 0B 52 CD 06 A5 2B 12 DA 31 6A A4 51 DE 96 0A AC 92 63 33 2A 
[  134170] ch49 r2 a3: 01 08 20 40 00 00 00 10 44 10 08 00 50 04 80 82 00 80 22 10 28 90 01 00 84 02 01 00 12 41 00 00 

Команды: b (фон), s (скан с нажатиями), c N (канал), r N (0=1M,1=2M,2=250k),
a N (адрес 0..3), f (фильтр), x (XN297 декод вкл/выкл), p (сниффинг старт/стоп), # метка, ? справка
Сейчас: канал 49, скорость 2, адрес 3, фильтр выкл, XN297 выкл, сниффинг выкл

Команды: b (фон), s (скан с нажатиями), c N (канал), r N (0=1M,1=2M,2=250k),
a N (адрес 0..3), f (фильтр), x (XN297 декод вкл/выкл), p (сниффинг старт/стоп), # метка, ? справка
Сейчас: канал 49, скорость 2, адрес 3, фильтр выкл, XN297 выкл, сниффинг выкл

Команды: b (фон), s (скан с нажатиями), c N (канал), r N (0=1M,1=2M,2=250k),
a N (адрес 0..3), f (фильтр), x (XN297 декод вкл/выкл), p (сниффинг старт/стоп), # метка, ? справка
Сейчас: канал 50, скорость 2, адрес 3, фильтр выкл, XN297 выкл, сниффинг выкл
------------------------------
# ON r2 c50

Команды: b (фон), s (скан с нажатиями), c N (канал), r N (0=1M,1=2M,2=250k),
a N (адрес 0..3), f (фильтр), x (XN297 декод вкл/выкл), p (сниффинг старт/стоп), # метка, ? справка
Сейчас: канал 50, скорость 2, адрес 3, фильтр выкл, XN297 выкл, сниффинг вкл
[  135628] ch50 r2 a3: 00 00 00 00 00 00 00 04 00 00 00 00 00 04 40 40 42 89 55 AD 69 72 A6 BA 00 B6 AB 0B CA 97 AA D2 
[  135659] ch50 r2 a3: 44 74 57 B3 59 11 25 B2 D4 65 A4 11 12 25 44 6A 57 5B 5F BA D5 BB D7 B5 55 9B 4D 4D 66 B4 98 95 
[  135691] ch50 r2 a3: 00 10 38 00 00 00 00 00 00 00 80 00 00 00 00 00 00 00 51 0A 55 2F 7D 87 BF 2F 3C 4F 32 A3 AE 2E 
[  135704] ch50 r2 a3: 00 00 00 00 60 00 00 00 00 00 00 00 00 00 00 00 00 00 00 00 80 14 04 BD F6 1E FC BC F1 3C CA 8E 
[  135709] ch50 r2 a3: 01 68 05 02 00 00 00 00 00 00 00 00 00 00 00 00 00 00 00 00 00 00 00 09 B1 45 5A A9 6D 6C AA 95 
[  135996] ch50 r2 a3: 91 84 78 81 22 A4 0A BA AA D1 96 AA 54 A8 A0 98 80 65 5B C9 A6 6B A4 95 3A A4 AA 4E 53 92 C3 82 
[  136016] ch50 r2 a3: 10 52 CE BB 5B A6 5E DA AD 36 D6 EA C2 BD 36 BB BA B5 75 D5 59 B6 B7 6A AA 4B 77 FB 42 B5 68 AC 
[  136025] ch50 r2 a3: 95 50 2D 4A 95 AA 92 1A 49 55 2B 4A E1 A0 A9 2B 93 0D 2A 91 AD 59 15 65 28 DD CC F2 53 2A D5 08 
[  136121] ch50 r2 a3: 00 00 00 00 00 00 00 00 00 40 00 00 00 00 00 00 00 00 28 54 24 21 08 45 4B 52 51 22 90 00 04 A1 
[  136170] ch50 r2 a3: 93 64 51 5A C2 2B D1 18 29 B6 AB 52 55 35 2B 74 55 4B 68 D5 2A 2B 5A 9A 35 75 95 5A DD A5 BB 35 
[  136322] ch50 r2 a3: 95 40 54 25 35 A0 AD 1A 92 C5 10 C2 80 00 00 00 00 00 00 00 00 00 00 00 00 00 00 00 00 5A 10 4F 
[  136419] ch50 r2 a3: 40 00 00 01 40 10 01 00 00 8A 4D A5 54 C5 8D 58 C8 29 73 9A D9 BD D7 6D DF D9 55 DB 5B 2B A7 EA 
[  136443] ch50 r2 a3: 00 00 07 00 00 01 00 00 00 00 00 00 00 00 00 00 00 00 0A 21 4A A5 EF B0 F7 E5 E7 89 E6 54 75 C5 
[  136617] ch50 r2 a3: A2 25 11 6D 56 88 55 45 54 B6 44 B2 C4 A9 69 A5 5D 2A EA 8A 91 B4 29 48 A9 15 48 D5 AB AA A8 00 
[  136630] ch50 r2 a3: D6 5A 36 89 57 64 DB FA EB 97 63 94 D9 E1 B9 4E AA DB A7 2B 2D 34 C9 7A AE B5 A2 B7 D7 35 AE F1 
[  136864] ch50 r2 a3: 00 00 01 80 00 00 00 00 00 00 00 00 00 00 00 00 00 00 02 88 52 A9 7B EC 3D F9 7D E2 79 95 1D 71 
[  136903] ch50 r2 a3: 00 00 00 00 40 00 00 00 00 00 00 00 00 00 00 00 00 00 00 00 00 00 04 BD F6 1E FC BE F1 3C CA 8E 
[  136908] ch50 r2 a3: 00 00 00 C0 00 00 00 00 00 00 00 00 00 00 00 00 00 00 00 10 90 08 01 AB AE BE AB D6 69 3D 6B B6 
[  136946] ch50 r2 a3: 00 22 00 84 00 80 00 00 00 00 00 80 00 02 25 20 00 00 9D 2A 86 F5 65 FA 94 A6 92 82 AB 4B D5 6A 
[  136987] ch50 r2 a3: 90 00 01 80 00 00 00 00 00 00 00 00 00 00 00 00 08 00 12 25 21 20 41 9B 56 99 35 F6 91 42 B3 49 
[  137040] ch50 r2 a3: CA 52 B7 B1 AA B6 12 DB 4A BA AA EE 45 DA 41 66 B6 81 84 92 B8 ED 41 54 83 42 89 45 DA 09 2A B6 
[  137075] ch50 r2 a3: 00 00 00 00 C0 00 00 00 00 00 00 00 00 00 00 00 00 00 00 00 00 00 00 81 5A A5 51 28 AA 89 6D 14 
[  137088] ch50 r2 a3: 00 00 00 00 30 00 00 00 00 00 00 00 00 00 00 00 00 00 00 00 00 00 00 20 54 A3 46 94 84 82 34 94 
[  137163] ch50 r2 a3: 00 00 00 03 00 00 00 00 00 00 00 00 00 00 00 00 00 00 00 05 10 A5 52 F7 D8 7B F2 F3 C4 F3 2A 3A 
[  137269] ch50 r2 a3: B2 0D F7 2A 9A A5 9E AA D7 AB AD 7B 72 F5 5B 4B 3F D5 7A AD AA EA 7D AB D5 AF 75 7A AD D3 56 B5 
[  137308] ch50 r2 a3: 6B 55 2A 9A 25 49 02 56 B6 92 A5 B4 59 11 D3 59 4A 4C AE D6 67 15 BE CB 57 F3 AA BA AA 39 0A A4 
[  137394] ch50 r2 a3: 52 C9 5B 6D C9 35 D6 F2 15 95 36 E7 95 26 AA B4 AE D5 D9 F5 B2 52 AA DC FB AB 5A AD 6B D5 4A B2 
[  137460] ch50 r2 a3: AA 86 83 2E BA AA 7D 7F 64 68 2B 52 B6 B2 AA 53 6E A5 41 4B 71 59 AE EB 49 2B 69 B1 56 FD 6F 76 
[  137478] ch50 r2 a3: A8 2A 92 0A D0 A2 12 8A 81 4C 94 4A 62 52 51 0A A5 2A 61 55 02 91 95 28 AC 25 42 A9 4D 49 40 8D 
[  137499] ch50 r2 a3: 2E 56 BB 5F 9F EB ED 7B 5F AF AE DD A6 D5 5F 2C AB 9D A9 AF 2C C2 A9 2D 53 E0 BA A8 94 A6 75 69 
[  137574] ch50 r2 a3: 05 AA 81 A9 94 CA D6 48 55 56 32 8D 85 47 16 9A D2 59 66 B5 42 A8 95 6D 29 A6 9E A5 56 D6 54 CA 
[  137598] ch50 r2 a3: 50 A5 2A A0 51 01 92 2A D2 F8 D2 A1 04 28 49 69 69 61 44 AC 51 54 A2 54 1A 80 C2 A1 12 28 4A 56 
[  137651] ch50 r2 a3: 00 00 03 00 00 00 00 00 00 00 00 00 00 00 00 00 00 00 04 4A 40 40 84 AA 96 D5 5D 2B ED 4B 2A 8D 
[  137669] ch50 r2 a3: 92 52 9A B8 DA B7 A5 CA 55 1B 91 E4 B9 57 5D 16 94 B2 B7 29 49 33 41 A3 91 9C 5A AF CD 57 5C D1 
[  137680] ch50 r2 a3: 64 A5 5B 34 A8 D6 AA B5 AB 2A 8C 0C 65 54 B2 59 2B A9 AD 52 95 B2 CC 30 AA 6D B5 D6 AB 75 B7 2A 
[  137747] ch50 r2 a3: 02 12 12 09 41 21 02 09 40 04 04 A2 95 48 E7 AA 2E 55 53 2A EE CA 62 45 CA 93 5A AB 2D 52 A0 A2 
[  137841] ch50 r2 a3: 00 00 00 00 00 C0 00 00 00 00 00 00 00 00 00 00 00 00 00 00 01 04 29 14 BD F6 1E FC BC F1 3C CA 
[  137894] ch50 r2 a3: 00 00 03 00 00 00 00 00 00 00 01 00 00 00 00 00 00 00 04 10 A5 52 F7 D8 7B F2 F3 C4 F3 2A 3A E2 
[  138166] ch50 r2 a3: D6 5A 3A 89 5F 64 5B FA EB 97 21 94 D8 00 00 00 00 16 86 12 AD 34 D0 40 CE B5 A2 B6 D5 A6 AD B5 
[  138167] ch50 r2 a3: D5 45 32 B9 19 52 22 95 4A 54 91 5B 4C 2A 89 2A C9 55 2A 51 0A 8B AA 96 20 95 3A E9 2A 8A AA 14 
[  138379] ch50 r2 a3: 43 44 26 8A 86 EA 12 E4 AB 2C AC 2A 96 AD 0C 51 65 6A AB 21 04 B6 41 14 A5 A2 D1 24 52 00 41 54 
[  138386] ch50 r2 a3: 05 4A AD 2A 52 94 8D A1 62 DD 5A 6C 8B 79 55 4B 5D D2 55 51 56 34 A6 AA 2D 4A 2D 59 D9 55 76 C5 
[  138460] ch50 r2 a3: 30 8A CF A6 58 E5 04 AC 36 B7 0C D2 5A 90 90 D4 2D 4A 5E 46 4B 08 8A A0 A6 D6 06 09 59 3A 8A C3 
[  138492] ch50 r2 a3: 00 00 00 00 40 00 00 00 00 00 00 00 00 00 00 00 00 00 00 00 80 14 04 BD F6 1E FC BE F1 3C CA 8E 
[  138505] ch50 r2 a3: 00 00 00 00 00 C0 00 00 00 00 00 00 00 00 00 00 00 00 00 00 01 00 28 09 7B EC 3D F9 7D E2 79 95 
[  138509] ch50 r2 a3: 40 00 86 00 00 40 00 00 00 80 00 00 00 00 00 00 00 00 48 94 8A A2 8D 46 AD 49 D1 15 EE BA 65 B5 
[  138531] ch50 r2 a3: 00 00 00 60 00 00 00 00 00 00 00 00 00 00 00 00 00 00 00 80 14 02 5E FB 0F 7E 5F 78 9E 65 47 5C 
[  138621] ch50 r2 a3: 55 D5 C8 83 4C 94 AA 85 21 07 25 11 11 52 CA 92 6D 45 2E A4 A7 2D 66 AA 35 1A 0A B6 AD AA 00 00 

Команды: b (фон), s (скан с нажатиями), c N (канал), r N (0=1M,1=2M,2=250k),
a N (адрес 0..3), f (фильтр), x (XN297 декод вкл/выкл), p (сниффинг старт/стоп), # метка, ? справка
Сейчас: канал 50, скорость 2, адрес 3, фильтр выкл, XN297 выкл, сниффинг выкл

Команды: b (фон), s (скан с нажатиями), c N (канал), r N (0=1M,1=2M,2=250k),
a N (адрес 0..3), f (фильтр), x (XN297 декод вкл/выкл), p (сниффинг старт/стоп), # метка, ? справка
Сейчас: канал 50, скорость 2, адрес 3, фильтр выкл, XN297 выкл, сниффинг выкл

Команды: b (фон), s (скан с нажатиями), c N (канал), r N (0=1M,1=2M,2=250k),
a N (адрес 0..3), f (фильтр), x (XN297 декод вкл/выкл), p (сниффинг старт/стоп), # метка, ? справка
Сейчас: канал 51, скорость 2, адрес 3, фильтр выкл, XN297 выкл, сниффинг выкл
------------------------------
# ON r2 c51

Команды: b (фон), s (скан с нажатиями), c N (канал), r N (0=1M,1=2M,2=250k),
a N (адрес 0..3), f (фильтр), x (XN297 декод вкл/выкл), p (сниффинг старт/стоп), # метка, ? справка
Сейчас: канал 51, скорость 2, адрес 3, фильтр выкл, XN297 выкл, сниффинг вкл
[  139964] ch51 r2 a3: 00 00 00 00 00 00 00 00 00 00 00 00 00 00 00 00 00 00 00 00 00 00 00 0B 42 09 E1 03 41 0E C3 35 
[  139969] ch51 r2 a3: 00 00 00 00 00 00 00 00 00 00 00 00 00 00 00 00 00 00 00 00 00 00 00 00 00 2E E7 B7 EA E1 D2 DC 
[  140016] ch51 r2 a3: 22 00 74 42 44 10 85 50 B4 41 2A 02 DD 18 27 DE D2 D4 92 D4 80 00 00 00 00 00 00 00 00 00 00 00 
[  140064] ch51 r2 a3: 55 22 C3 52 4A B3 10 5A 58 8A A1 EB 75 54 85 53 94 34 B4 D3 DA 6A 2A DB 41 6B D6 96 BA ED 54 AD 
[  140175] ch51 r2 a3: 00 00 00 00 00 00 00 00 00 00 00 00 00 35 CA CE D6 BF FF FF FF FF FF FF FF FF EF FF FF FF FF FF 
[  140281] ch51 r2 a3: 00 00 00 00 00 00 00 00 00 00 00 00 00 28 42 48 12 DF FF FF FF FF FF FF FF FF FF FF FF FF FF FF 
[  140302] ch51 r2 a3: 4A 54 AB 40 A2 54 42 15 B1 A5 29 55 EB 94 78 F2 30 4D E8 AD 49 75 4A 6A A4 56 8D A9 95 2B 09 56 
[  140566] ch51 r2 a3: 69 64 A2 05 4A 02 C4 25 2A 98 A8 22 6D 24 09 29 28 A2 2B 49 45 51 0A 2B 04 48 95 4A AC 4A D2 A6 
[  140599] ch51 r2 a3: 2D C0 29 36 B4 B5 35 58 16 AB A8 82 8A A8 51 BA 95 54 AA AD 55 D1 5A 48 D2 55 94 A3 27 64 15 AD 
[  140798] ch51 r2 a3: 14 04 54 03 74 D3 82 A9 F2 AA 49 72 50 D8 5B 9C 64 07 5A 85 20 8A 42 49 B0 6A 74 B5 AD 6A B5 49 
[  140832] ch51 r2 a3: 00 00 00 00 00 00 00 00 00 00 00 00 00 00 00 00 00 00 00 00 00 00 00 00 02 A9 6B DA 95 65 4F 64 
[  140845] ch51 r2 a3: 00 00 00 00 00 00 00 00 00 00 00 00 00 00 00 00 00 00 00 00 00 65 65 23 55 BF FF FF 7D FF F7 FF 
[  140911] ch51 r2 a3: 01 88 82 14 AD 42 F6 FA 56 52 2B 52 F7 AB 15 5A BA 49 45 52 A9 29 26 68 A4 E5 4B 7C 52 21 A9 48 
[  140982] ch51 r2 a3: 00 00 00 00 00 00 00 00 00 00 00 00 00 00 00 00 00 00 00 00 00 00 00 16 84 13 C2 06 86 1D 86 6A 
[  141127] ch51 r2 a3: A7 60 6E BA 41 6E ED B3 56 BB 5B 6B A9 AB 56 85 63 2D 6B A6 E5 CA AD 6D 15 4A F6 AF B4 AD 53 5D 
[  141231] ch51 r2 a3: 2A 92 2B 48 81 4B 71 18 15 2A 94 82 32 8A 36 5A 0B 55 4A AD 02 A5 31 49 16 95 53 0A B4 4A D7 BE 
[  141265] ch51 r2 a3: AA AA 5A 44 D9 8B DA DA D5 3D 6A AB 68 BF EB AC AE BA 9A D5 55 A9 AD AD E5 EB E9 B2 BA E9 6D 6D 
[  141443] ch51 r2 a3: CA 54 D5 56 DB BD FA BE EB 5F 7B 54 D3 9E BE F7 B7 7F CA 80 04 00 00 00 08 00 41 51 00 00 04 80 
[  141478] ch51 r2 a3: 0A 8A AA 50 91 2D AD 01 51 55 24 94 A2 54 56 B4 C7 95 36 A5 0A AB 5E 4A B7 8A 79 34 E5 0A 55 46 
[  141510] ch51 r2 a3: 00 00 00 00 00 00 00 00 00 00 00 00 00 B5 2B 2A 12 BF FF FF B7 7F FF FF FF F7 FF DC D2 1A B7 21 
[  141518] ch51 r2 a3: 00 00 00 00 00 00 00 00 00 00 00 00 00 00 00 00 00 00 00 00 00 00 00 0B 42 09 E1 03 41 0E C3 35 
[  141638] ch51 r2 a3: 49 A6 C4 16 D4 A7 CA 6A B5 2A 28 C1 48 D1 55 5F F3 F6 69 5A F7 F5 54 F5 56 6A 96 8D 4D 4B FB 33 
[  141685] ch51 r2 a3: 00 00 00 00 00 00 00 00 00 00 00 00 00 00 00 00 00 00 00 00 00 00 00 16 84 13 C2 06 86 1D 86 6A 
[  141747] ch51 r2 a3: DA 6D C6 95 45 76 75 A2 94 75 A5 B5 93 26 D8 67 DF 6C BB 36 BE AC 60 20 51 00 68 24 08 22 11 48 
[  142055] ch51 r2 a3: A8 A0 48 51 24 21 08 20 48 20 81 28 10 95 05 00 20 20 09 10 08 48 A8 90 42 90 51 21 25 01 28 82 
[  142488] ch51 r2 a3: 00 00 00 0D 1A 5E A8 00 00 00 00 00 00 00 00 00 00 00 00 00 0B 72 B2 11 1B FF FF FF FB CD 6D D4 
[  142523] ch51 r2 a3: 48 00 00 00 14 2A B5 EA 00 00 00 00 00 00 00 00 00 00 00 00 00 03 C7 78 55 68 41 3C 20 68 61 D8 
[  142580] ch51 r2 a3: 00 00 00 00 00 00 00 00 00 00 00 00 00 00 00 00 00 00 00 00 00 65 45 6A B7 FF FF FF FF FF FF 7F 
[  143008] ch51 r2 a3: 00 00 00 00 00 00 00 00 00 00 00 00 00 00 00 00 00 00 00 00 00 65 45 2A B7 FF FF FF FF FF FF FF 

Команды: b (фон), s (скан с нажатиями), c N (канал), r N (0=1M,1=2M,2=250k),
a N (адрес 0..3), f (фильтр), x (XN297 декод вкл/выкл), p (сниффинг старт/стоп), # метка, ? справка
Сейчас: канал 51, скорость 2, адрес 3, фильтр выкл, XN297 выкл, сниффинг выкл

Команды: b (фон), s (скан с нажатиями), c N (канал), r N (0=1M,1=2M,2=250k),
a N (адрес 0..3), f (фильтр), x (XN297 декод вкл/выкл), p (сниффинг старт/стоп), # метка, ? справка
Сейчас: канал 51, скорость 2, адрес 3, фильтр выкл, XN297 выкл, сниффинг выкл

Команды: b (фон), s (скан с нажатиями), c N (канал), r N (0=1M,1=2M,2=250k),
a N (адрес 0..3), f (фильтр), x (XN297 декод вкл/выкл), p (сниффинг старт/стоп), # метка, ? справка
Сейчас: канал 52, скорость 2, адрес 3, фильтр выкл, XN297 выкл, сниффинг выкл
------------------------------
# ON r2 c52

Команды: b (фон), s (скан с нажатиями), c N (канал), r N (0=1M,1=2M,2=250k),
a N (адрес 0..3), f (фильтр), x (XN297 декод вкл/выкл), p (сниффинг старт/стоп), # метка, ? справка
Сейчас: канал 52, скорость 2, адрес 3, фильтр выкл, XN297 выкл, сниффинг вкл
[  144357] ch52 r2 a3: 4A 23 51 12 75 54 95 2A 4C 2A 95 28 45 65 4D 55 CA D5 D5 B3 5A D9 B4 BA 60 49 54 96 CD 4A 2A AA 
[  144600] ch52 r2 a3: A8 49 04 B0 80 50 8A 01 02 08 10 20 0A 05 00 20 A0 82 02 44 08 00 82 88 51 00 00 B4 BB AD 7E 9D 
[  144640] ch52 r2 a3: C0 02 2A 10 A4 88 02 94 C8 90 24 0C C2 0A 8A 92 99 4A 89 44 A9 22 A8 98 91 51 6A 55 52 0B 52 00 
[  144677] ch52 r2 a3: D5 45 71 6A 46 8E EA B1 AB 6C 36 B7 AD A8 F5 AD A5 AD 6B 16 BD 0B B6 A3 2B 55 AD 6A D5 55 E5 6C 
[  144695] ch52 r2 a3: D9 DF F7 BF EE AD 57 93 A9 BC AF 76 4B D7 54 FD DD FB 2C EA ED B4 DA AA BD 77 BD DB 74 B5 D5 DE 
[  144748] ch52 r2 a3: 02 54 17 DA D6 CD 7D D4 D5 5D 6D 25 B9 E5 AD 7D EA F7 DD 9B C5 FB AA CB 75 6D A9 C5 D2 9B AF 47 
[  144876] ch52 r2 a3: 14 0A A2 21 20 82 22 28 28 04 80 48 20 29 09 48 A9 69 28 B4 48 20 15 28 8A 55 4A 29 40 44 08 48 
[  144920] ch52 r2 a3: 00 10 14 C4 94 29 02 52 05 9E D5 52 D5 75 57 48 4E AB 5B 4B 52 4D AD 5A AB F6 FF FF 5F 6D EF D7 
[  144923] ch52 r2 a3: 02 48 00 00 00 00 04 8A 80 02 20 20 48 08 00 04 24 10 04 04 11 01 21 00 04 20 40 20 82 08 82 40 
[  144962] ch52 r2 a3: 00 11 22 A9 A9 DA D5 45 69 B5 68 AB 34 DD 89 55 54 A9 53 53 6B 8C 55 5A B2 94 B5 2A 4B 52 95 59 
[  145631] ch52 r2 a3: 42 21 08 80 10 50 00 00 00 00 00 00 00 00 00 00 00 00 00 00 00 00 00 00 00 00 00 00 00 00 00 00 
[  145639] ch52 r2 a3: 05 10 28 00 59 48 55 4A 26 4A 85 2A D0 52 A4 15 9A 93 45 2A 5D A5 6C BA 95 57 D5 72 A0 A9 58 8D 
[  145728] ch52 r2 a3: 90 8A D2 50 2A AA 85 64 A8 AA 9A AA ED 50 4B 14 C2 49 85 95 59 5A 35 71 50 92 2A 36 BD B5 62 49 
[  145943] ch52 r2 a3: 42 28 88 8A A5 10 44 21 22 01 49 40 49 42 48 A0 82 83 50 AA EB 10 4A 55 44 90 50 AA 35 D4 61 0D 
[  146000] ch52 r2 a3: A1 86 A2 4A 88 8A 51 55 15 21 24 10 90 2A C2 56 41 42 91 00 24 09 20 AA 50 93 11 04 00 04 1C 84 
[  146049] ch52 r2 a3: 28 02 48 48 08 00 04 C7 DA 80 00 00 00 00 01 00 20 84 04 90 00 00 48 00 02 20 0A 10 00 10 00 02 
[  146101] ch52 r2 a3: 51 5D AB 74 B4 92 A4 B4 45 6B 35 55 31 2C 62 DB 55 65 A8 D5 76 5E 56 A2 A9 C5 D4 AD 2C B3 4D 6D 
[  146358] ch52 r2 a3: 4A D2 C0 89 08 00 04 08 12 84 50 42 10 20 C0 42 22 20 A0 04 01 00 40 48 A8 21 05 94 82 B5 45 22 
[  146380] ch52 r2 a3: 90 00 20 0A 54 84 40 00 00 00 00 00 00 00 00 00 00 00 00 00 00 00 00 00 00 55 35 7E B9 B4 C5 CB 
[  146552] ch52 r2 a3: A3 56 56 A2 9D 15 29 45 32 CB 55 6E 2A 25 25 2A 96 2B 0D 16 82 55 AB 4D 55 2A 85 56 95 31 51 55 
[  146563] ch52 r2 a3: 04 00 00 00 00 00 00 48 01 00 00 00 14 C5 4B A4 AC AF AB F5 FF 96 AA DA E7 6B FD 7C DD D7 5B 5D 
[  146587] ch52 r2 a3: 26 B5 B3 EA 5B AB B5 6E AE AB 9D 75 CB 4A AE 9D 8C E8 5B 7B 7A F1 34 BD 3F B8 AA AA E5 1D 6A B3 
[  146605] ch52 r2 a3: 8A 24 A3 55 8B 48 DB 8F 51 3E B5 6B 6B E4 A7 6E B6 EB 58 BC 44 CB 15 4B D5 BA EE AA 69 54 D0 8A 
[  146762] ch52 r2 a3: 24 02 54 D3 15 69 46 35 52 80 09 69 50 C3 3A 05 5A BA A9 74 B4 18 CC B2 AA D4 46 99 AE A2 51 B4 
[  146964] ch52 r2 a3: 9D 55 AA 92 91 42 AA AB 20 82 50 9A 24 96 20 A9 51 00 54 88 8A D0 C8 14 88 30 D2 88 88 82 84 94 
[  146994] ch52 r2 a3: 50 08 44 8A 88 42 00 00 00 00 00 00 00 00 00 00 00 00 00 00 00 00 00 00 00 00 00 00 00 00 00 00 
[  147050] ch52 r2 a3: A4 52 24 D1 16 D1 0B 65 BF E9 5D 76 E5 D5 56 7B ED 2B EA 1A AA 4A AA AA E4 62 5A 92 97 52 4B 54 

Команды: b (фон), s (скан с нажатиями), c N (канал), r N (0=1M,1=2M,2=250k),
a N (адрес 0..3), f (фильтр), x (XN297 декод вкл/выкл), p (сниффинг старт/стоп), # метка, ? справка
Сейчас: канал 52, скорость 2, адрес 3, фильтр выкл, XN297 выкл, сниффинг выкл
